filename	class	prompt
A0039223_00093.jpg	LINE_HW	En arkivsida med handskriven text organiserad i tabell- eller formulärstruktur från arkiv: Register till riksregistraturet, från serie: Adressatregister till Riksregistraturet, daterat: 1547-1548..
A0039223_00028.jpg	LINE_HW	En arkivsida med handskriven text organiserad i tabell- eller formulärstruktur från arkiv: Register till riksregistraturet, från serie: Adressatregister till Riksregistraturet, daterat: 1547-1548..
A0039223_00086.jpg	LINE_HW	En arkivsida med handskriven text organiserad i tabell- eller formulärstruktur från arkiv: Register till riksregistraturet, från serie: Adressatregister till Riksregistraturet, daterat: 1547-1548..
A0039223_00094.jpg	LINE_HW	En arkivsida med handskriven text organiserad i tabell- eller formulärstruktur från arkiv: Register till riksregistraturet, från serie: Adressatregister till Riksregistraturet, daterat: 1547-1548..
A0039223_00076.jpg	LINE_HW	En arkivsida med handskriven text organiserad i tabell- eller formulärstruktur från arkiv: Register till riksregistraturet, från serie: Adressatregister till Riksregistraturet, daterat: 1547-1548..
A0039223_00112.jpg	LINE_HW	En arkivsida med handskriven text organiserad i tabell- eller formulärstruktur från arkiv: Register till riksregistraturet, från serie: Adressatregister till Riksregistraturet, daterat: 1547-1548..
71000556_00147.jpg	LINE_HW	En arkivsida med handskriven text organiserad i tabell- eller formulärstruktur från arkiv: Register till riksregistraturet, från serie: Adressatregister till Riksregistraturet, daterat: 1549-1551..
71000556_00024.jpg	LINE_HW	En arkivsida med handskriven text organiserad i tabell- eller formulärstruktur från arkiv: Register till riksregistraturet, från serie: Adressatregister till Riksregistraturet, daterat: 1549-1551..
71000556_00003.jpg	MISC	En arkivsida med paratextuellt eller blandat innehåll, såsom omslag, titelblad eller annat material utanför huvudtexten från arkiv: Register till riksregistraturet, från serie: Adressatregister till Riksregistraturet, daterat: 1549-1551..
71000556_00018.jpg	LINE_HW	En arkivsida med handskriven text organiserad i tabell- eller formulärstruktur från arkiv: Register till riksregistraturet, från serie: Adressatregister till Riksregistraturet, daterat: 1549-1551..
71000556_00149.jpg	LINE_HW	En arkivsida med handskriven text organiserad i tabell- eller formulärstruktur från arkiv: Register till riksregistraturet, från serie: Adressatregister till Riksregistraturet, daterat: 1549-1551..
71000556_00027.jpg	LINE_HW	En arkivsida med handskriven text organiserad i tabell- eller formulärstruktur från arkiv: Register till riksregistraturet, från serie: Adressatregister till Riksregistraturet, daterat: 1549-1551..
A0039224_00020.jpg	LINE_HW	En arkivsida med handskriven text organiserad i tabell- eller formulärstruktur från arkiv: Register till riksregistraturet, från serie: Adressatregister till Riksregistraturet, daterat: 1549-1551..
A0039224_00087.jpg	LINE_HW	En arkivsida med handskriven text organiserad i tabell- eller formulärstruktur från arkiv: Register till riksregistraturet, från serie: Adressatregister till Riksregistraturet, daterat: 1549-1551..
A0039224_00039.jpg	LINE_HW	En arkivsida med handskriven text organiserad i tabell- eller formulärstruktur från arkiv: Register till riksregistraturet, från serie: Adressatregister till Riksregistraturet, daterat: 1549-1551..
A0039224_00019.jpg	LINE_HW	En arkivsida med handskriven text organiserad i tabell- eller formulärstruktur från arkiv: Register till riksregistraturet, från serie: Adressatregister till Riksregistraturet, daterat: 1549-1551..
A0039224_00023.jpg	LINE_HW	En arkivsida med handskriven text organiserad i tabell- eller formulärstruktur från arkiv: Register till riksregistraturet, från serie: Adressatregister till Riksregistraturet, daterat: 1549-1551..
A0039224_00134.jpg	LINE_HW	En arkivsida med handskriven text organiserad i tabell- eller formulärstruktur från arkiv: Register till riksregistraturet, från serie: Adressatregister till Riksregistraturet, daterat: 1549-1551..
A0039232_00269.jpg	LINE_HW	En arkivsida med handskriven text organiserad i tabell- eller formulärstruktur från arkiv: Register till riksregistraturet, från serie: Adressatregister till Riksregistraturet, daterat: 1581-1584..
A0039232_00029.jpg	LINE_HW	En arkivsida med handskriven text organiserad i tabell- eller formulärstruktur från arkiv: Register till riksregistraturet, från serie: Adressatregister till Riksregistraturet, daterat: 1581-1584..
A0039232_00143.jpg	LINE_HW	En arkivsida med handskriven text organiserad i tabell- eller formulärstruktur från arkiv: Register till riksregistraturet, från serie: Adressatregister till Riksregistraturet, daterat: 1581-1584..
A0039232_00064.jpg	LINE_HW	En arkivsida med handskriven text organiserad i tabell- eller formulärstruktur från arkiv: Register till riksregistraturet, från serie: Adressatregister till Riksregistraturet, daterat: 1581-1584..
A0039232_00245.jpg	LINE_HW	En arkivsida med handskriven text organiserad i tabell- eller formulärstruktur från arkiv: Register till riksregistraturet, från serie: Adressatregister till Riksregistraturet, daterat: 1581-1584..
A0039232_00069.jpg	LINE_HW	En arkivsida med handskriven text organiserad i tabell- eller formulärstruktur från arkiv: Register till riksregistraturet, från serie: Adressatregister till Riksregistraturet, daterat: 1581-1584..
A0039225_00098.jpg	LINE_HW	En arkivsida med handskriven text organiserad i tabell- eller formulärstruktur från arkiv: Register till riksregistraturet, från serie: Adressatregister till Riksregistraturet, daterat: 1552-1554..
A0039225_00093.jpg	LINE_HW	En arkivsida med handskriven text organiserad i tabell- eller formulärstruktur från arkiv: Register till riksregistraturet, från serie: Adressatregister till Riksregistraturet, daterat: 1552-1554..
A0039225_00162.jpg	LINE_HW	En arkivsida med handskriven text organiserad i tabell- eller formulärstruktur från arkiv: Register till riksregistraturet, från serie: Adressatregister till Riksregistraturet, daterat: 1552-1554..
A0039225_00069.jpg	LINE_HW	En arkivsida med handskriven text organiserad i tabell- eller formulärstruktur från arkiv: Register till riksregistraturet, från serie: Adressatregister till Riksregistraturet, daterat: 1552-1554..
A0039225_00115.jpg	LINE_HW	En arkivsida med handskriven text organiserad i tabell- eller formulärstruktur från arkiv: Register till riksregistraturet, från serie: Adressatregister till Riksregistraturet, daterat: 1552-1554..
A0039225_00147.jpg	LINE_HW	En arkivsida med handskriven text organiserad i tabell- eller formulärstruktur från arkiv: Register till riksregistraturet, från serie: Adressatregister till Riksregistraturet, daterat: 1552-1554..
A0039227_00012.jpg	LINE_HW	En arkivsida med handskriven text organiserad i tabell- eller formulärstruktur från arkiv: Register till riksregistraturet, från serie: Adressatregister till Riksregistraturet, daterat: 1561-1564..
A0039227_00123.jpg	LINE_HW	En arkivsida med handskriven text organiserad i tabell- eller formulärstruktur från arkiv: Register till riksregistraturet, från serie: Adressatregister till Riksregistraturet, daterat: 1561-1564..
A0039227_00437.jpg	LINE_HW	En arkivsida med handskriven text organiserad i tabell- eller formulärstruktur från arkiv: Register till riksregistraturet, från serie: Adressatregister till Riksregistraturet, daterat: 1561-1564..
A0039227_00384.jpg	LINE_HW	En arkivsida med handskriven text organiserad i tabell- eller formulärstruktur från arkiv: Register till riksregistraturet, från serie: Adressatregister till Riksregistraturet, daterat: 1561-1564..
A0039227_00279.jpg	LINE_HW	En arkivsida med handskriven text organiserad i tabell- eller formulärstruktur från arkiv: Register till riksregistraturet, från serie: Adressatregister till Riksregistraturet, daterat: 1561-1564..
A0039227_00281.jpg	LINE_HW	En arkivsida med handskriven text organiserad i tabell- eller formulärstruktur från arkiv: Register till riksregistraturet, från serie: Adressatregister till Riksregistraturet, daterat: 1561-1564..
A0039236_00397.jpg	LINE_HW	En arkivsida med handskriven text organiserad i tabell- eller formulärstruktur från arkiv: Register till riksregistraturet, från serie: Adressatregister till Riksregistraturet, daterat: 1595-1596..
A0039236_00448.jpg	MISC	En arkivsida med paratextuellt eller blandat innehåll, såsom omslag, titelblad eller annat material utanför huvudtexten från arkiv: Register till riksregistraturet, från serie: Adressatregister till Riksregistraturet, daterat: 1595-1596..
A0039236_00182.jpg	LINE_HW	En arkivsida med handskriven text organiserad i tabell- eller formulärstruktur från arkiv: Register till riksregistraturet, från serie: Adressatregister till Riksregistraturet, daterat: 1595-1596..
A0039236_00233.jpg	LINE_HW	En arkivsida med handskriven text organiserad i tabell- eller formulärstruktur från arkiv: Register till riksregistraturet, från serie: Adressatregister till Riksregistraturet, daterat: 1595-1596..
A0039236_00366.jpg	LINE_HW	En arkivsida med handskriven text organiserad i tabell- eller formulärstruktur från arkiv: Register till riksregistraturet, från serie: Adressatregister till Riksregistraturet, daterat: 1595-1596..
A0039236_00285.jpg	LINE_HW	En arkivsida med handskriven text organiserad i tabell- eller formulärstruktur från arkiv: Register till riksregistraturet, från serie: Adressatregister till Riksregistraturet, daterat: 1595-1596..
A0039228_00331.jpg	LINE_HW	En arkivsida med handskriven text organiserad i tabell- eller formulärstruktur från arkiv: Register till riksregistraturet, från serie: Adressatregister till Riksregistraturet, daterat: 1565-1568..
A0039228_00034.jpg	LINE_HW	En arkivsida med handskriven text organiserad i tabell- eller formulärstruktur från arkiv: Register till riksregistraturet, från serie: Adressatregister till Riksregistraturet, daterat: 1565-1568..
A0039228_00010.jpg	LINE_HW	En arkivsida med handskriven text organiserad i tabell- eller formulärstruktur från arkiv: Register till riksregistraturet, från serie: Adressatregister till Riksregistraturet, daterat: 1565-1568..
A0039228_00321.jpg	LINE_HW	En arkivsida med handskriven text organiserad i tabell- eller formulärstruktur från arkiv: Register till riksregistraturet, från serie: Adressatregister till Riksregistraturet, daterat: 1565-1568..
A0039228_00114.jpg	LINE_HW	En arkivsida med handskriven text organiserad i tabell- eller formulärstruktur från arkiv: Register till riksregistraturet, från serie: Adressatregister till Riksregistraturet, daterat: 1565-1568..
A0039228_00167.jpg	LINE_HW	En arkivsida med handskriven text organiserad i tabell- eller formulärstruktur från arkiv: Register till riksregistraturet, från serie: Adressatregister till Riksregistraturet, daterat: 1565-1568..
R0001856_00001.jpg	DRAW	En arkivsida som innehåller en ritning, karta, skiss eller schematisk illustration, ibland placerad i tabell- eller formulärlayout från arkiv: Kommerskollegium, från serie: Tomter och situationer, daterat: 1600..
R0001857_00001.jpg	DRAW	En arkivsida som innehåller en ritning, karta, skiss eller schematisk illustration, ibland placerad i tabell- eller formulärlayout från arkiv: Kommerskollegium, från serie: Markområden, daterat: 1600-tal..
A0039192_00175.jpg	LINE_HW	En arkivsida med handskriven text organiserad i tabell- eller formulärstruktur från arkiv: Titularregister till riksregistraturet, från serie: Titularregister till riksregistraturet, daterat: 1522-1592..
A0039192_00166.jpg	LINE_HW	En arkivsida med handskriven text organiserad i tabell- eller formulärstruktur från arkiv: Titularregister till riksregistraturet, från serie: Titularregister till riksregistraturet, daterat: 1522-1592..
A0039192_00126.jpg	LINE_HW	En arkivsida med handskriven text organiserad i tabell- eller formulärstruktur från arkiv: Titularregister till riksregistraturet, från serie: Titularregister till riksregistraturet, daterat: 1522-1592..
A0039192_00024.jpg	LINE_HW	En arkivsida med handskriven text organiserad i tabell- eller formulärstruktur från arkiv: Titularregister till riksregistraturet, från serie: Titularregister till riksregistraturet, daterat: 1522-1592..
A0039192_00017.jpg	LINE_HW	En arkivsida med handskriven text organiserad i tabell- eller formulärstruktur från arkiv: Titularregister till riksregistraturet, från serie: Titularregister till riksregistraturet, daterat: 1522-1592..
A0039192_00095.jpg	LINE_HW	En arkivsida med handskriven text organiserad i tabell- eller formulärstruktur från arkiv: Titularregister till riksregistraturet, från serie: Titularregister till riksregistraturet, daterat: 1522-1592..
A0039229_00144.jpg	LINE_HW	En arkivsida med handskriven text organiserad i tabell- eller formulärstruktur från arkiv: Register till riksregistraturet, från serie: Adressatregister till Riksregistraturet, daterat: 1569-1572..
A0039229_00310.jpg	LINE_HW	En arkivsida med handskriven text organiserad i tabell- eller formulärstruktur från arkiv: Register till riksregistraturet, från serie: Adressatregister till Riksregistraturet, daterat: 1569-1572..
A0039229_00264.jpg	LINE_HW	En arkivsida med handskriven text organiserad i tabell- eller formulärstruktur från arkiv: Register till riksregistraturet, från serie: Adressatregister till Riksregistraturet, daterat: 1569-1572..
A0039229_00365.jpg	LINE_HW	En arkivsida med handskriven text organiserad i tabell- eller formulärstruktur från arkiv: Register till riksregistraturet, från serie: Adressatregister till Riksregistraturet, daterat: 1569-1572..
A0039229_00335.jpg	LINE_HW	En arkivsida med handskriven text organiserad i tabell- eller formulärstruktur från arkiv: Register till riksregistraturet, från serie: Adressatregister till Riksregistraturet, daterat: 1569-1572..
A0039229_00150.jpg	LINE_HW	En arkivsida med handskriven text organiserad i tabell- eller formulärstruktur från arkiv: Register till riksregistraturet, från serie: Adressatregister till Riksregistraturet, daterat: 1569-1572..
A0039233_00379.jpg	LINE_HW	En arkivsida med handskriven text organiserad i tabell- eller formulärstruktur från arkiv: Register till riksregistraturet, från serie: Adressatregister till Riksregistraturet, daterat: 1585-1587..
A0039233_00393.jpg	LINE_HW	En arkivsida med handskriven text organiserad i tabell- eller formulärstruktur från arkiv: Register till riksregistraturet, från serie: Adressatregister till Riksregistraturet, daterat: 1585-1587..
A0039233_00095.jpg	LINE_HW	En arkivsida med handskriven text organiserad i tabell- eller formulärstruktur från arkiv: Register till riksregistraturet, från serie: Adressatregister till Riksregistraturet, daterat: 1585-1587..
A0039233_00136.jpg	LINE_HW	En arkivsida med handskriven text organiserad i tabell- eller formulärstruktur från arkiv: Register till riksregistraturet, från serie: Adressatregister till Riksregistraturet, daterat: 1585-1587..
A0039233_00361.jpg	LINE_HW	En arkivsida med handskriven text organiserad i tabell- eller formulärstruktur från arkiv: Register till riksregistraturet, från serie: Adressatregister till Riksregistraturet, daterat: 1585-1587..
A0039233_00225.jpg	LINE_HW	En arkivsida med handskriven text organiserad i tabell- eller formulärstruktur från arkiv: Register till riksregistraturet, från serie: Adressatregister till Riksregistraturet, daterat: 1585-1587..
A0039231_00292.jpg	LINE_HW	En arkivsida med handskriven text organiserad i tabell- eller formulärstruktur från arkiv: Register till riksregistraturet, från serie: Adressatregister till Riksregistraturet, daterat: 1577-1580..
A0039231_00231.jpg	LINE_HW	En arkivsida med handskriven text organiserad i tabell- eller formulärstruktur från arkiv: Register till riksregistraturet, från serie: Adressatregister till Riksregistraturet, daterat: 1577-1580..
A0039231_00301.jpg	LINE_HW	En arkivsida med handskriven text organiserad i tabell- eller formulärstruktur från arkiv: Register till riksregistraturet, från serie: Adressatregister till Riksregistraturet, daterat: 1577-1580..
A0039231_00341.jpg	LINE_HW	En arkivsida med handskriven text organiserad i tabell- eller formulärstruktur från arkiv: Register till riksregistraturet, från serie: Adressatregister till Riksregistraturet, daterat: 1577-1580..
A0039231_00309.jpg	LINE_HW	En arkivsida med handskriven text organiserad i tabell- eller formulärstruktur från arkiv: Register till riksregistraturet, från serie: Adressatregister till Riksregistraturet, daterat: 1577-1580..
A0039231_00333.jpg	LINE_HW	En arkivsida med handskriven text organiserad i tabell- eller formulärstruktur från arkiv: Register till riksregistraturet, från serie: Adressatregister till Riksregistraturet, daterat: 1577-1580..
A0039193_00036.jpg	LINE_HW	En arkivsida med handskriven text organiserad i tabell- eller formulärstruktur från arkiv: Titularregister till riksregistraturet, från serie: Titularregister till riksregistraturet, daterat: 1568-1611..
A0039193_00063.jpg	LINE_HW	En arkivsida med handskriven text organiserad i tabell- eller formulärstruktur från arkiv: Titularregister till riksregistraturet, från serie: Titularregister till riksregistraturet, daterat: 1568-1611..
A0039193_00117.jpg	LINE_HW	En arkivsida med handskriven text organiserad i tabell- eller formulärstruktur från arkiv: Titularregister till riksregistraturet, från serie: Titularregister till riksregistraturet, daterat: 1568-1611..
A0039193_00004.jpg	MISC	En arkivsida med paratextuellt eller blandat innehåll, såsom omslag, titelblad eller annat material utanför huvudtexten från arkiv: Titularregister till riksregistraturet, från serie: Titularregister till riksregistraturet, daterat: 1568-1611..
A0039193_00133.jpg	LINE_HW	En arkivsida med handskriven text organiserad i tabell- eller formulärstruktur från arkiv: Titularregister till riksregistraturet, från serie: Titularregister till riksregistraturet, daterat: 1568-1611..
A0039193_00080.jpg	LINE_HW	En arkivsida med handskriven text organiserad i tabell- eller formulärstruktur från arkiv: Titularregister till riksregistraturet, från serie: Titularregister till riksregistraturet, daterat: 1568-1611..
A0039230_00143.jpg	LINE_HW	En arkivsida med handskriven text organiserad i tabell- eller formulärstruktur från arkiv: Register till riksregistraturet, från serie: Adressatregister till Riksregistraturet, daterat: 1573-1576..
A0039230_00001.jpg	MISC	En arkivsida med paratextuellt eller blandat innehåll, såsom omslag, titelblad eller annat material utanför huvudtexten från arkiv: Register till riksregistraturet, från serie: Adressatregister till Riksregistraturet, daterat: 1573-1576..
A0039230_00350.jpg	LINE_HW	En arkivsida med handskriven text organiserad i tabell- eller formulärstruktur från arkiv: Register till riksregistraturet, från serie: Adressatregister till Riksregistraturet, daterat: 1573-1576..
A0039230_00395.jpg	MISC	En arkivsida med paratextuellt eller blandat innehåll, såsom omslag, titelblad eller annat material utanför huvudtexten från arkiv: Register till riksregistraturet, från serie: Adressatregister till Riksregistraturet, daterat: 1573-1576..
A0039230_00075.jpg	LINE_HW	En arkivsida med handskriven text organiserad i tabell- eller formulärstruktur från arkiv: Register till riksregistraturet, från serie: Adressatregister till Riksregistraturet, daterat: 1573-1576..
A0039230_00304.jpg	LINE_HW	En arkivsida med handskriven text organiserad i tabell- eller formulärstruktur från arkiv: Register till riksregistraturet, från serie: Adressatregister till Riksregistraturet, daterat: 1573-1576..
R0001533_00001.jpg	DRAW	En arkivsida som innehåller en ritning, karta, skiss eller schematisk illustration, ibland placerad i tabell- eller formulärlayout från arkiv: Kommerskollegium, från serie: Tomter och situationer, daterat: 1600-tal...
A0039234_00326.jpg	LINE_HW	En arkivsida med handskriven text organiserad i tabell- eller formulärstruktur från arkiv: Register till riksregistraturet, från serie: Adressatregister till Riksregistraturet, daterat: 1588-1592..
A0039234_00318.jpg	LINE_HW	En arkivsida med handskriven text organiserad i tabell- eller formulärstruktur från arkiv: Register till riksregistraturet, från serie: Adressatregister till Riksregistraturet, daterat: 1588-1592..
A0039234_00461.jpg	LINE_HW	En arkivsida med handskriven text organiserad i tabell- eller formulärstruktur från arkiv: Register till riksregistraturet, från serie: Adressatregister till Riksregistraturet, daterat: 1588-1592..
A0039234_00078.jpg	LINE_HW	En arkivsida med handskriven text organiserad i tabell- eller formulärstruktur från arkiv: Register till riksregistraturet, från serie: Adressatregister till Riksregistraturet, daterat: 1588-1592..
A0039234_00402.jpg	LINE_HW	En arkivsida med handskriven text organiserad i tabell- eller formulärstruktur från arkiv: Register till riksregistraturet, från serie: Adressatregister till Riksregistraturet, daterat: 1588-1592..
A0039234_00558.jpg	LINE_HW	En arkivsida med handskriven text organiserad i tabell- eller formulärstruktur från arkiv: Register till riksregistraturet, från serie: Adressatregister till Riksregistraturet, daterat: 1588-1592..
A0039235_00090.jpg	LINE_HW	En arkivsida med handskriven text organiserad i tabell- eller formulärstruktur från arkiv: Register till riksregistraturet, från serie: Adressatregister till Riksregistraturet, daterat: 1593-1594..
A0039235_00181.jpg	LINE_HW	En arkivsida med handskriven text organiserad i tabell- eller formulärstruktur från arkiv: Register till riksregistraturet, från serie: Adressatregister till Riksregistraturet, daterat: 1593-1594..
A0039235_00368.jpg	LINE_HW	En arkivsida med handskriven text organiserad i tabell- eller formulärstruktur från arkiv: Register till riksregistraturet, från serie: Adressatregister till Riksregistraturet, daterat: 1593-1594..
A0039235_00166.jpg	LINE_HW	En arkivsida med handskriven text organiserad i tabell- eller formulärstruktur från arkiv: Register till riksregistraturet, från serie: Adressatregister till Riksregistraturet, daterat: 1593-1594..
A0039235_00227.jpg	LINE_HW	En arkivsida med handskriven text organiserad i tabell- eller formulärstruktur från arkiv: Register till riksregistraturet, från serie: Adressatregister till Riksregistraturet, daterat: 1593-1594..
A0039235_00106.jpg	LINE_HW	En arkivsida med handskriven text organiserad i tabell- eller formulärstruktur från arkiv: Register till riksregistraturet, från serie: Adressatregister till Riksregistraturet, daterat: 1593-1594..
A0039237_00286.jpg	LINE_HW	En arkivsida med handskriven text organiserad i tabell- eller formulärstruktur från arkiv: Register till riksregistraturet, från serie: Adressatregister till Riksregistraturet, daterat: 1597-1598..
A0039237_00371.jpg	LINE_HW	En arkivsida med handskriven text organiserad i tabell- eller formulärstruktur från arkiv: Register till riksregistraturet, från serie: Adressatregister till Riksregistraturet, daterat: 1597-1598..
A0039237_00317.jpg	LINE_HW	En arkivsida med handskriven text organiserad i tabell- eller formulärstruktur från arkiv: Register till riksregistraturet, från serie: Adressatregister till Riksregistraturet, daterat: 1597-1598..
A0039237_00393.jpg	LINE_HW	En arkivsida med handskriven text organiserad i tabell- eller formulärstruktur från arkiv: Register till riksregistraturet, från serie: Adressatregister till Riksregistraturet, daterat: 1597-1598..
A0039237_00407.jpg	LINE_HW	En arkivsida med handskriven text organiserad i tabell- eller formulärstruktur från arkiv: Register till riksregistraturet, från serie: Adressatregister till Riksregistraturet, daterat: 1597-1598..
A0039237_00153.jpg	LINE_HW	En arkivsida med handskriven text organiserad i tabell- eller formulärstruktur från arkiv: Register till riksregistraturet, från serie: Adressatregister till Riksregistraturet, daterat: 1597-1598..
A0039238_00337.jpg	LINE_HW	En arkivsida med handskriven text organiserad i tabell- eller formulärstruktur från arkiv: Register till riksregistraturet, från serie: Adressatregister till Riksregistraturet, daterat: 1599-1602..
A0039238_00316.jpg	LINE_HW	En arkivsida med handskriven text organiserad i tabell- eller formulärstruktur från arkiv: Register till riksregistraturet, från serie: Adressatregister till Riksregistraturet, daterat: 1599-1602..
A0039238_00137.jpg	LINE_HW	En arkivsida med handskriven text organiserad i tabell- eller formulärstruktur från arkiv: Register till riksregistraturet, från serie: Adressatregister till Riksregistraturet, daterat: 1599-1602..
A0039238_00111.jpg	LINE_HW	En arkivsida med handskriven text organiserad i tabell- eller formulärstruktur från arkiv: Register till riksregistraturet, från serie: Adressatregister till Riksregistraturet, daterat: 1599-1602..
A0039238_00373.jpg	LINE_HW	En arkivsida med handskriven text organiserad i tabell- eller formulärstruktur från arkiv: Register till riksregistraturet, från serie: Adressatregister till Riksregistraturet, daterat: 1599-1602..
A0039238_00229.jpg	LINE_HW	En arkivsida med handskriven text organiserad i tabell- eller formulärstruktur från arkiv: Register till riksregistraturet, från serie: Adressatregister till Riksregistraturet, daterat: 1599-1602..
A0039226_00435.jpg	LINE_HW	En arkivsida med handskriven text organiserad i tabell- eller formulärstruktur från arkiv: Register till riksregistraturet, från serie: Adressatregister till Riksregistraturet, daterat: 1555-1560..
A0039226_00284.jpg	LINE_HW	En arkivsida med handskriven text organiserad i tabell- eller formulärstruktur från arkiv: Register till riksregistraturet, från serie: Adressatregister till Riksregistraturet, daterat: 1555-1560..
A0039226_00335.jpg	LINE_HW	En arkivsida med handskriven text organiserad i tabell- eller formulärstruktur från arkiv: Register till riksregistraturet, från serie: Adressatregister till Riksregistraturet, daterat: 1555-1560..
A0039226_00323.jpg	LINE_HW	En arkivsida med handskriven text organiserad i tabell- eller formulärstruktur från arkiv: Register till riksregistraturet, från serie: Adressatregister till Riksregistraturet, daterat: 1555-1560..
A0039226_00393.jpg	LINE_HW	En arkivsida med handskriven text organiserad i tabell- eller formulärstruktur från arkiv: Register till riksregistraturet, från serie: Adressatregister till Riksregistraturet, daterat: 1555-1560..
A0039226_00160.jpg	LINE_HW	En arkivsida med handskriven text organiserad i tabell- eller formulärstruktur från arkiv: Register till riksregistraturet, från serie: Adressatregister till Riksregistraturet, daterat: 1555-1560..
30004005_01509.jpg	LINE_TP	En arkivsida med tryckt eller maskinskriven text organiserad i tabell- eller formulärstruktur från arkiv: Kommerskollegium, från serie: Uppgifter om arbetskraft och drivkraft, daterat: 1906..
30004005_01067.jpg	LINE_MIX	En arkivsida i tabell- eller formulärlayout med blandade textstilar, inklusive handskriven, tryckt och maskinskriven text från arkiv: Kommerskollegium, från serie: Uppgifter om arbetskraft och drivkraft, daterat: 1906..
30004005_00037.jpg	LINE_MIX	En arkivsida i tabell- eller formulärlayout med blandade textstilar, inklusive handskriven, tryckt och maskinskriven text från arkiv: Kommerskollegium, från serie: Uppgifter om arbetskraft och drivkraft, daterat: 1906..
30004005_00131.jpg	LINE_MIX	En arkivsida i tabell- eller formulärlayout med blandade textstilar, inklusive handskriven, tryckt och maskinskriven text från arkiv: Kommerskollegium, från serie: Uppgifter om arbetskraft och drivkraft, daterat: 1906..
30004005_01522.jpg	LINE_MIX	En arkivsida i tabell- eller formulärlayout med blandade textstilar, inklusive handskriven, tryckt och maskinskriven text från arkiv: Kommerskollegium, från serie: Uppgifter om arbetskraft och drivkraft, daterat: 1906..
30004005_01445.jpg	LINE_TP	En arkivsida med tryckt eller maskinskriven text organiserad i tabell- eller formulärstruktur från arkiv: Kommerskollegium, från serie: Uppgifter om arbetskraft och drivkraft, daterat: 1906..
A0039201_00178.jpg	LINE_HW	En arkivsida med handskriven text organiserad i tabell- eller formulärstruktur från arkiv: Titularregister till riksregistraturet, från serie: Titularregister till riksregistraturet, daterat: 1660-1665..
A0039201_00252.jpg	LINE_HW	En arkivsida med handskriven text organiserad i tabell- eller formulärstruktur från arkiv: Titularregister till riksregistraturet, från serie: Titularregister till riksregistraturet, daterat: 1660-1665..
A0039201_00152.jpg	MISC	En arkivsida med paratextuellt eller blandat innehåll, såsom omslag, titelblad eller annat material utanför huvudtexten från arkiv: Titularregister till riksregistraturet, från serie: Titularregister till riksregistraturet, daterat: 1660-1665..
A0039201_00227.jpg	LINE_MIX	En arkivsida i tabell- eller formulärlayout med blandade textstilar, inklusive handskriven, tryckt och maskinskriven text från arkiv: Titularregister till riksregistraturet, från serie: Titularregister till riksregistraturet, daterat: 1660-1665..
A0039201_00094.jpg	LINE_HW	En arkivsida med handskriven text organiserad i tabell- eller formulärstruktur från arkiv: Titularregister till riksregistraturet, från serie: Titularregister till riksregistraturet, daterat: 1660-1665..
A0039201_00030.jpg	LINE_HW	En arkivsida med handskriven text organiserad i tabell- eller formulärstruktur från arkiv: Titularregister till riksregistraturet, från serie: Titularregister till riksregistraturet, daterat: 1660-1665..
A0075999_00032.jpg	TEXT	En arkivsida med löpande text bestående av blandade stilar, såsom handskriven, tryckt och maskinskriven text från arkiv: Kommerskollegium, från serie: Serie 1, daterat: 1839..
A0075999_00247.jpg	TEXT	En arkivsida med löpande text bestående av blandade stilar, såsom handskriven, tryckt och maskinskriven text från arkiv: Kommerskollegium, från serie: Serie 1, daterat: 1839..
A0075999_00086.jpg	TEXT	En arkivsida med löpande text bestående av blandade stilar, såsom handskriven, tryckt och maskinskriven text från arkiv: Kommerskollegium, från serie: Serie 1, daterat: 1839..
A0075999_00112.jpg	TEXT	En arkivsida med löpande text bestående av blandade stilar, såsom handskriven, tryckt och maskinskriven text från arkiv: Kommerskollegium, från serie: Serie 1, daterat: 1839..
A0075999_00238.jpg	TEXT	En arkivsida med löpande text bestående av blandade stilar, såsom handskriven, tryckt och maskinskriven text från arkiv: Kommerskollegium, från serie: Serie 1, daterat: 1839..
A0075999_00251.jpg	TEXT	En arkivsida med löpande text bestående av blandade stilar, såsom handskriven, tryckt och maskinskriven text från arkiv: Kommerskollegium, från serie: Serie 1, daterat: 1839..
A0075813_00256.jpg	TEXT	En arkivsida med löpande text bestående av blandade stilar, såsom handskriven, tryckt och maskinskriven text från arkiv: Kommerskollegium, från serie: Fribrevshandlingar, daterat: 1779..
A0075813_00159.jpg	TEXT	En arkivsida med löpande text bestående av blandade stilar, såsom handskriven, tryckt och maskinskriven text från arkiv: Kommerskollegium, från serie: Fribrevshandlingar, daterat: 1779..
A0075813_00175.jpg	TEXT	En arkivsida med löpande text bestående av blandade stilar, såsom handskriven, tryckt och maskinskriven text från arkiv: Kommerskollegium, från serie: Fribrevshandlingar, daterat: 1779..
A0075813_00295.jpg	TEXT	En arkivsida med löpande text bestående av blandade stilar, såsom handskriven, tryckt och maskinskriven text från arkiv: Kommerskollegium, från serie: Fribrevshandlingar, daterat: 1779..
A0075813_00217.jpg	TEXT	En arkivsida med löpande text bestående av blandade stilar, såsom handskriven, tryckt och maskinskriven text från arkiv: Kommerskollegium, från serie: Fribrevshandlingar, daterat: 1779..
A0075813_00334.jpg	TEXT	En arkivsida med löpande text bestående av blandade stilar, såsom handskriven, tryckt och maskinskriven text från arkiv: Kommerskollegium, från serie: Fribrevshandlingar, daterat: 1779..
A0039235_00004.jpg	MISC	En arkivsida med paratextuellt eller blandat innehåll, såsom omslag, titelblad eller annat material utanför huvudtexten från arkiv: Register till riksregistraturet, från serie: Adressatregister till Riksregistraturet, daterat: 1593-1594..
A0039235_00238.jpg	MISC	En arkivsida med paratextuellt eller blandat innehåll, såsom omslag, titelblad eller annat material utanför huvudtexten från arkiv: Register till riksregistraturet, från serie: Adressatregister till Riksregistraturet, daterat: 1593-1594..
A0039235_00126.jpg	LINE_HW	En arkivsida med handskriven text organiserad i tabell- eller formulärstruktur från arkiv: Register till riksregistraturet, från serie: Adressatregister till Riksregistraturet, daterat: 1593-1594..
A0039235_00450.jpg	MISC	En arkivsida med paratextuellt eller blandat innehåll, såsom omslag, titelblad eller annat material utanför huvudtexten från arkiv: Register till riksregistraturet, från serie: Adressatregister till Riksregistraturet, daterat: 1593-1594..
A0039235_00315.jpg	LINE_HW	En arkivsida med handskriven text organiserad i tabell- eller formulärstruktur från arkiv: Register till riksregistraturet, från serie: Adressatregister till Riksregistraturet, daterat: 1593-1594..
A0039235_00371.jpg	LINE_HW	En arkivsida med handskriven text organiserad i tabell- eller formulärstruktur från arkiv: Register till riksregistraturet, från serie: Adressatregister till Riksregistraturet, daterat: 1593-1594..
A0039304_00086.jpg	LINE_HW	En arkivsida med handskriven text organiserad i tabell- eller formulärstruktur från arkiv: Register till riksregistraturet, från serie: Adressatregister till Riksregistraturet, daterat: 1699..
A0039304_00168.jpg	LINE_HW	En arkivsida med handskriven text organiserad i tabell- eller formulärstruktur från arkiv: Register till riksregistraturet, från serie: Adressatregister till Riksregistraturet, daterat: 1699..
A0039304_00148.jpg	LINE_HW	En arkivsida med handskriven text organiserad i tabell- eller formulärstruktur från arkiv: Register till riksregistraturet, från serie: Adressatregister till Riksregistraturet, daterat: 1699..
A0039304_00179.jpg	LINE_HW	En arkivsida med handskriven text organiserad i tabell- eller formulärstruktur från arkiv: Register till riksregistraturet, från serie: Adressatregister till Riksregistraturet, daterat: 1699..
A0039304_00119.jpg	LINE_HW	En arkivsida med handskriven text organiserad i tabell- eller formulärstruktur från arkiv: Register till riksregistraturet, från serie: Adressatregister till Riksregistraturet, daterat: 1699..
A0039304_00035.jpg	MISC	En arkivsida med paratextuellt eller blandat innehåll, såsom omslag, titelblad eller annat material utanför huvudtexten från arkiv: Register till riksregistraturet, från serie: Adressatregister till Riksregistraturet, daterat: 1699..
A0039315_00056.jpg	LINE_HW	En arkivsida med handskriven text organiserad i tabell- eller formulärstruktur från arkiv: Register till riksregistraturet, från serie: Adressatregister till Riksregistraturet, daterat: 1712..
A0039315_00017.jpg	LINE_HW	En arkivsida med handskriven text organiserad i tabell- eller formulärstruktur från arkiv: Register till riksregistraturet, från serie: Adressatregister till Riksregistraturet, daterat: 1712..
A0039315_00118.jpg	MISC	En arkivsida med paratextuellt eller blandat innehåll, såsom omslag, titelblad eller annat material utanför huvudtexten från arkiv: Register till riksregistraturet, från serie: Adressatregister till Riksregistraturet, daterat: 1712..
A0039315_00001.jpg	MISC	En arkivsida med paratextuellt eller blandat innehåll, såsom omslag, titelblad eller annat material utanför huvudtexten från arkiv: Register till riksregistraturet, från serie: Adressatregister till Riksregistraturet, daterat: 1712..
A0039315_00081.jpg	LINE_HW	En arkivsida med handskriven text organiserad i tabell- eller formulärstruktur från arkiv: Register till riksregistraturet, från serie: Adressatregister till Riksregistraturet, daterat: 1712..
A0039315_00053.jpg	LINE_HW	En arkivsida med handskriven text organiserad i tabell- eller formulärstruktur från arkiv: Register till riksregistraturet, från serie: Adressatregister till Riksregistraturet, daterat: 1712..
A0039239_00200.jpg	LINE_TP	En arkivsida med tryckt eller maskinskriven text organiserad i tabell- eller formulärstruktur från arkiv: Register till riksregistraturet, från serie: Adressatregister till Riksregistraturet, daterat: 1602-1604..
A0039239_00191.jpg	MISC	En arkivsida med paratextuellt eller blandat innehåll, såsom omslag, titelblad eller annat material utanför huvudtexten från arkiv: Register till riksregistraturet, från serie: Adressatregister till Riksregistraturet, daterat: 1602-1604..
A0039239_00081.jpg	LINE_TP	En arkivsida med tryckt eller maskinskriven text organiserad i tabell- eller formulärstruktur från arkiv: Register till riksregistraturet, från serie: Adressatregister till Riksregistraturet, daterat: 1602-1604..
A0039239_00278.jpg	LINE_TP	En arkivsida med tryckt eller maskinskriven text organiserad i tabell- eller formulärstruktur från arkiv: Register till riksregistraturet, från serie: Adressatregister till Riksregistraturet, daterat: 1602-1604..
A0039239_00284.jpg	LINE_TP	En arkivsida med tryckt eller maskinskriven text organiserad i tabell- eller formulärstruktur från arkiv: Register till riksregistraturet, från serie: Adressatregister till Riksregistraturet, daterat: 1602-1604..
A0039239_00260.jpg	LINE_TP	En arkivsida med tryckt eller maskinskriven text organiserad i tabell- eller formulärstruktur från arkiv: Register till riksregistraturet, från serie: Adressatregister till Riksregistraturet, daterat: 1602-1604..
A0039242_00064.jpg	LINE_TP	En arkivsida med tryckt eller maskinskriven text organiserad i tabell- eller formulärstruktur från arkiv: Register till riksregistraturet, från serie: Adressatregister till Riksregistraturet, daterat: 1608..
A0039242_00151.jpg	LINE_TP	En arkivsida med tryckt eller maskinskriven text organiserad i tabell- eller formulärstruktur från arkiv: Register till riksregistraturet, från serie: Adressatregister till Riksregistraturet, daterat: 1608..
A0039242_00011.jpg	LINE_TP	En arkivsida med tryckt eller maskinskriven text organiserad i tabell- eller formulärstruktur från arkiv: Register till riksregistraturet, från serie: Adressatregister till Riksregistraturet, daterat: 1608..
A0039242_00117.jpg	LINE_TP	En arkivsida med tryckt eller maskinskriven text organiserad i tabell- eller formulärstruktur från arkiv: Register till riksregistraturet, från serie: Adressatregister till Riksregistraturet, daterat: 1608..
A0039242_00144.jpg	LINE_TP	En arkivsida med tryckt eller maskinskriven text organiserad i tabell- eller formulärstruktur från arkiv: Register till riksregistraturet, från serie: Adressatregister till Riksregistraturet, daterat: 1608..
A0039242_00175.jpg	LINE_TP	En arkivsida med tryckt eller maskinskriven text organiserad i tabell- eller formulärstruktur från arkiv: Register till riksregistraturet, från serie: Adressatregister till Riksregistraturet, daterat: 1608..
30004027_00433.jpg	LINE_MIX	En arkivsida i tabell- eller formulärlayout med blandade textstilar, inklusive handskriven, tryckt och maskinskriven text från arkiv: Kommerskollegium, från serie: Uppgifter om arbetskraft och drivkraft, daterat: 1914..
30004027_04088.jpg	LINE_MIX	En arkivsida i tabell- eller formulärlayout med blandade textstilar, inklusive handskriven, tryckt och maskinskriven text från arkiv: Kommerskollegium, från serie: Uppgifter om arbetskraft och drivkraft, daterat: 1914..
30004027_01595.jpg	LINE_MIX	En arkivsida i tabell- eller formulärlayout med blandade textstilar, inklusive handskriven, tryckt och maskinskriven text från arkiv: Kommerskollegium, från serie: Uppgifter om arbetskraft och drivkraft, daterat: 1914..
30004027_01392.jpg	LINE_MIX	En arkivsida i tabell- eller formulärlayout med blandade textstilar, inklusive handskriven, tryckt och maskinskriven text från arkiv: Kommerskollegium, från serie: Uppgifter om arbetskraft och drivkraft, daterat: 1914..
30004027_04594.jpg	LINE_MIX	En arkivsida i tabell- eller formulärlayout med blandade textstilar, inklusive handskriven, tryckt och maskinskriven text från arkiv: Kommerskollegium, från serie: Uppgifter om arbetskraft och drivkraft, daterat: 1914..
30004027_01100.jpg	LINE_MIX	En arkivsida i tabell- eller formulärlayout med blandade textstilar, inklusive handskriven, tryckt och maskinskriven text från arkiv: Kommerskollegium, från serie: Uppgifter om arbetskraft och drivkraft, daterat: 1914..
A0039277_00170.jpg	LINE_HW	En arkivsida med handskriven text organiserad i tabell- eller formulärstruktur från arkiv: Register till riksregistraturet, från serie: Adressatregister till Riksregistraturet, daterat: 1669-1670..
A0039277_00011.jpg	LINE_HW	En arkivsida med handskriven text organiserad i tabell- eller formulärstruktur från arkiv: Register till riksregistraturet, från serie: Adressatregister till Riksregistraturet, daterat: 1669-1670..
A0039277_00169.jpg	LINE_HW	En arkivsida med handskriven text organiserad i tabell- eller formulärstruktur från arkiv: Register till riksregistraturet, från serie: Adressatregister till Riksregistraturet, daterat: 1669-1670..
A0039277_00137.jpg	LINE_HW	En arkivsida med handskriven text organiserad i tabell- eller formulärstruktur från arkiv: Register till riksregistraturet, från serie: Adressatregister till Riksregistraturet, daterat: 1669-1670..
A0039277_00178.jpg	LINE_HW	En arkivsida med handskriven text organiserad i tabell- eller formulärstruktur från arkiv: Register till riksregistraturet, från serie: Adressatregister till Riksregistraturet, daterat: 1669-1670..
A0039277_00165.jpg	LINE_HW	En arkivsida med handskriven text organiserad i tabell- eller formulärstruktur från arkiv: Register till riksregistraturet, från serie: Adressatregister till Riksregistraturet, daterat: 1669-1670..
30004014_00022.jpg	LINE_MIX	En arkivsida i tabell- eller formulärlayout med blandade textstilar, inklusive handskriven, tryckt och maskinskriven text från arkiv: Kommerskollegium, från serie: Uppgifter om arbetskraft och drivkraft, daterat: 1909..
30004014_01274.jpg	LINE_MIX	En arkivsida i tabell- eller formulärlayout med blandade textstilar, inklusive handskriven, tryckt och maskinskriven text från arkiv: Kommerskollegium, från serie: Uppgifter om arbetskraft och drivkraft, daterat: 1909..
30004014_00564.jpg	LINE_MIX	En arkivsida i tabell- eller formulärlayout med blandade textstilar, inklusive handskriven, tryckt och maskinskriven text från arkiv: Kommerskollegium, från serie: Uppgifter om arbetskraft och drivkraft, daterat: 1909..
30004014_00583.jpg	LINE_TP	En arkivsida med tryckt eller maskinskriven text organiserad i tabell- eller formulärstruktur från arkiv: Kommerskollegium, från serie: Uppgifter om arbetskraft och drivkraft, daterat: 1909..
30004014_01068.jpg	LINE_MIX	En arkivsida i tabell- eller formulärlayout med blandade textstilar, inklusive handskriven, tryckt och maskinskriven text från arkiv: Kommerskollegium, från serie: Uppgifter om arbetskraft och drivkraft, daterat: 1909..
30004014_00868.jpg	LINE_MIX	En arkivsida i tabell- eller formulärlayout med blandade textstilar, inklusive handskriven, tryckt och maskinskriven text från arkiv: Kommerskollegium, från serie: Uppgifter om arbetskraft och drivkraft, daterat: 1909..
30004268_00034.jpg	TEXT_TP	En arkivsida. Metadata: från arkiv: Kommerskollegium, från serie: Patentbrev kungjorda i Post- och inrikes tidningar, daterat: 1856-1859..
30004268_00143.jpg	TEXT_TP	En arkivsida. Metadata: från arkiv: Kommerskollegium, från serie: Patentbrev kungjorda i Post- och inrikes tidningar, daterat: 1856-1859..
30004268_00021.jpg	TEXT_TP	En arkivsida. Metadata: från arkiv: Kommerskollegium, från serie: Patentbrev kungjorda i Post- och inrikes tidningar, daterat: 1856-1859..
30004268_00144.jpg	TEXT_TP	En arkivsida. Metadata: från arkiv: Kommerskollegium, från serie: Patentbrev kungjorda i Post- och inrikes tidningar, daterat: 1856-1859..
30004268_00161.jpg	TEXT_TP	En arkivsida. Metadata: från arkiv: Kommerskollegium, från serie: Patentbrev kungjorda i Post- och inrikes tidningar, daterat: 1856-1859..
30004268_00211.jpg	TEXT_TP	En arkivsida. Metadata: från arkiv: Kommerskollegium, från serie: Patentbrev kungjorda i Post- och inrikes tidningar, daterat: 1856-1859..
R0002257_00044.jpg	LINE_MIX	En arkivsida i tabell- eller formulärlayout med blandade textstilar, inklusive handskriven, tryckt och maskinskriven text från arkiv: Kommerskollegium, från serie: Ostindiska kompaniet, daterat: 1743..
R0002257_00036.jpg	LINE_MIX	En arkivsida i tabell- eller formulärlayout med blandade textstilar, inklusive handskriven, tryckt och maskinskriven text från arkiv: Kommerskollegium, från serie: Ostindiska kompaniet, daterat: 1743..
R0002257_00015.jpg	LINE_MIX	En arkivsida i tabell- eller formulärlayout med blandade textstilar, inklusive handskriven, tryckt och maskinskriven text från arkiv: Kommerskollegium, från serie: Ostindiska kompaniet, daterat: 1743..
R0002257_00030.jpg	LINE_MIX	En arkivsida i tabell- eller formulärlayout med blandade textstilar, inklusive handskriven, tryckt och maskinskriven text från arkiv: Kommerskollegium, från serie: Ostindiska kompaniet, daterat: 1743..
R0002257_00018.jpg	LINE_MIX	En arkivsida i tabell- eller formulärlayout med blandade textstilar, inklusive handskriven, tryckt och maskinskriven text från arkiv: Kommerskollegium, från serie: Ostindiska kompaniet, daterat: 1743..
R0002257_00029.jpg	LINE_MIX	En arkivsida i tabell- eller formulärlayout med blandade textstilar, inklusive handskriven, tryckt och maskinskriven text från arkiv: Kommerskollegium, från serie: Ostindiska kompaniet, daterat: 1743..
A0039194_00080.jpg	LINE_HW	En arkivsida med handskriven text organiserad i tabell- eller formulärstruktur från arkiv: Titularregister till riksregistraturet, från serie: Titularregister till riksregistraturet, daterat: 1611-1632..
A0039194_00149.jpg	LINE_HW	En arkivsida med handskriven text organiserad i tabell- eller formulärstruktur från arkiv: Titularregister till riksregistraturet, från serie: Titularregister till riksregistraturet, daterat: 1611-1632..
A0039194_00099.jpg	LINE_HW	En arkivsida med handskriven text organiserad i tabell- eller formulärstruktur från arkiv: Titularregister till riksregistraturet, från serie: Titularregister till riksregistraturet, daterat: 1611-1632..
A0039194_00002.jpg	MISC	En arkivsida med paratextuellt eller blandat innehåll, såsom omslag, titelblad eller annat material utanför huvudtexten från arkiv: Titularregister till riksregistraturet, från serie: Titularregister till riksregistraturet, daterat: 1611-1632..
A0039194_00069.jpg	LINE_HW	En arkivsida med handskriven text organiserad i tabell- eller formulärstruktur från arkiv: Titularregister till riksregistraturet, från serie: Titularregister till riksregistraturet, daterat: 1611-1632..
A0039194_00076.jpg	LINE_HW	En arkivsida med handskriven text organiserad i tabell- eller formulärstruktur från arkiv: Titularregister till riksregistraturet, från serie: Titularregister till riksregistraturet, daterat: 1611-1632..
71000586_00324.jpg	LINE_HW	En arkivsida med handskriven text organiserad i tabell- eller formulärstruktur från arkiv: Register till riksregistraturet, från serie: Adressatregister till Riksregistraturet, daterat: 1630-1631..
71000586_00151.jpg	LINE_HW	En arkivsida med handskriven text organiserad i tabell- eller formulärstruktur från arkiv: Register till riksregistraturet, från serie: Adressatregister till Riksregistraturet, daterat: 1630-1631..
71000586_00016.jpg	LINE_HW	En arkivsida med handskriven text organiserad i tabell- eller formulärstruktur från arkiv: Register till riksregistraturet, från serie: Adressatregister till Riksregistraturet, daterat: 1630-1631..
71000586_00057.jpg	LINE_HW	En arkivsida med handskriven text organiserad i tabell- eller formulärstruktur från arkiv: Register till riksregistraturet, från serie: Adressatregister till Riksregistraturet, daterat: 1630-1631..
71000586_00126.jpg	LINE_HW	En arkivsida med handskriven text organiserad i tabell- eller formulärstruktur från arkiv: Register till riksregistraturet, från serie: Adressatregister till Riksregistraturet, daterat: 1630-1631..
71000586_00243.jpg	LINE_HW	En arkivsida med handskriven text organiserad i tabell- eller formulärstruktur från arkiv: Register till riksregistraturet, från serie: Adressatregister till Riksregistraturet, daterat: 1630-1631..
A0039259_00135.jpg	LINE_HW	En arkivsida med handskriven text organiserad i tabell- eller formulärstruktur från arkiv: Register till riksregistraturet, från serie: Adressatregister till Riksregistraturet, daterat: 1630-1631..
A0039259_00234.jpg	LINE_HW	En arkivsida med handskriven text organiserad i tabell- eller formulärstruktur från arkiv: Register till riksregistraturet, från serie: Adressatregister till Riksregistraturet, daterat: 1630-1631..
A0039259_00257.jpg	LINE_HW	En arkivsida med handskriven text organiserad i tabell- eller formulärstruktur från arkiv: Register till riksregistraturet, från serie: Adressatregister till Riksregistraturet, daterat: 1630-1631..
A0039259_00323.jpg	LINE_HW	En arkivsida med handskriven text organiserad i tabell- eller formulärstruktur från arkiv: Register till riksregistraturet, från serie: Adressatregister till Riksregistraturet, daterat: 1630-1631..
A0039259_00101.jpg	LINE_HW	En arkivsida med handskriven text organiserad i tabell- eller formulärstruktur från arkiv: Register till riksregistraturet, från serie: Adressatregister till Riksregistraturet, daterat: 1630-1631..
A0039259_00289.jpg	LINE_HW	En arkivsida med handskriven text organiserad i tabell- eller formulärstruktur från arkiv: Register till riksregistraturet, från serie: Adressatregister till Riksregistraturet, daterat: 1630-1631..
A0039278_00168.jpg	LINE_HW	En arkivsida med handskriven text organiserad i tabell- eller formulärstruktur från arkiv: Register till riksregistraturet, från serie: Adressatregister till Riksregistraturet, daterat: 1671-1672..
A0039278_00031.jpg	LINE_HW	En arkivsida med handskriven text organiserad i tabell- eller formulärstruktur från arkiv: Register till riksregistraturet, från serie: Adressatregister till Riksregistraturet, daterat: 1671-1672..
A0039278_00159.jpg	LINE_HW	En arkivsida med handskriven text organiserad i tabell- eller formulärstruktur från arkiv: Register till riksregistraturet, från serie: Adressatregister till Riksregistraturet, daterat: 1671-1672..
A0039278_00160.jpg	LINE_HW	En arkivsida med handskriven text organiserad i tabell- eller formulärstruktur från arkiv: Register till riksregistraturet, från serie: Adressatregister till Riksregistraturet, daterat: 1671-1672..
A0039278_00152.jpg	LINE_HW	En arkivsida med handskriven text organiserad i tabell- eller formulärstruktur från arkiv: Register till riksregistraturet, från serie: Adressatregister till Riksregistraturet, daterat: 1671-1672..
A0039278_00142.jpg	LINE_HW	En arkivsida med handskriven text organiserad i tabell- eller formulärstruktur från arkiv: Register till riksregistraturet, från serie: Adressatregister till Riksregistraturet, daterat: 1671-1672..
A0076000_00030.jpg	TEXT	En arkivsida med löpande text bestående av blandade stilar, såsom handskriven, tryckt och maskinskriven text från arkiv: Kommerskollegium, från serie: Serie 1, daterat: 1839..
A0076000_00280.jpg	TEXT	En arkivsida med löpande text bestående av blandade stilar, såsom handskriven, tryckt och maskinskriven text från arkiv: Kommerskollegium, från serie: Serie 1, daterat: 1839..
A0076000_00311.jpg	TEXT	En arkivsida med löpande text bestående av blandade stilar, såsom handskriven, tryckt och maskinskriven text från arkiv: Kommerskollegium, från serie: Serie 1, daterat: 1839..
A0076000_00120.jpg	TEXT	En arkivsida med löpande text bestående av blandade stilar, såsom handskriven, tryckt och maskinskriven text från arkiv: Kommerskollegium, från serie: Serie 1, daterat: 1839..
A0076000_00375.jpg	TEXT	En arkivsida med löpande text bestående av blandade stilar, såsom handskriven, tryckt och maskinskriven text från arkiv: Kommerskollegium, från serie: Serie 1, daterat: 1839..
A0076000_00395.jpg	TEXT	En arkivsida med löpande text bestående av blandade stilar, såsom handskriven, tryckt och maskinskriven text från arkiv: Kommerskollegium, från serie: Serie 1, daterat: 1839..
71000589_00025.jpg	LINE_HW	En arkivsida med handskriven text organiserad i tabell- eller formulärstruktur från arkiv: Register till riksregistraturet, från serie: Adressatregister till Riksregistraturet, daterat: 1676..
71000589_00095.jpg	LINE_HW	En arkivsida med handskriven text organiserad i tabell- eller formulärstruktur från arkiv: Register till riksregistraturet, från serie: Adressatregister till Riksregistraturet, daterat: 1676..
71000589_00130.jpg	LINE_HW	En arkivsida med handskriven text organiserad i tabell- eller formulärstruktur från arkiv: Register till riksregistraturet, från serie: Adressatregister till Riksregistraturet, daterat: 1676..
71000589_00057.jpg	LINE_HW	En arkivsida med handskriven text organiserad i tabell- eller formulärstruktur från arkiv: Register till riksregistraturet, från serie: Adressatregister till Riksregistraturet, daterat: 1676..
71000589_00058.jpg	LINE_HW	En arkivsida med handskriven text organiserad i tabell- eller formulärstruktur från arkiv: Register till riksregistraturet, från serie: Adressatregister till Riksregistraturet, daterat: 1676..
71000589_00015.jpg	LINE_HW	En arkivsida med handskriven text organiserad i tabell- eller formulärstruktur från arkiv: Register till riksregistraturet, från serie: Adressatregister till Riksregistraturet, daterat: 1676..
A0039281_00022.jpg	LINE_HW	En arkivsida med handskriven text organiserad i tabell- eller formulärstruktur från arkiv: Register till riksregistraturet, från serie: Adressatregister till Riksregistraturet, daterat: 1676..
A0039281_00138.jpg	LINE_HW	En arkivsida med handskriven text organiserad i tabell- eller formulärstruktur från arkiv: Register till riksregistraturet, från serie: Adressatregister till Riksregistraturet, daterat: 1676..
A0039281_00144.jpg	MISC	En arkivsida med paratextuellt eller blandat innehåll, såsom omslag, titelblad eller annat material utanför huvudtexten från arkiv: Register till riksregistraturet, från serie: Adressatregister till Riksregistraturet, daterat: 1676..
A0039281_00122.jpg	LINE_HW	En arkivsida med handskriven text organiserad i tabell- eller formulärstruktur från arkiv: Register till riksregistraturet, från serie: Adressatregister till Riksregistraturet, daterat: 1676..
A0039281_00143.jpg	MISC	En arkivsida med paratextuellt eller blandat innehåll, såsom omslag, titelblad eller annat material utanför huvudtexten från arkiv: Register till riksregistraturet, från serie: Adressatregister till Riksregistraturet, daterat: 1676..
A0039281_00079.jpg	LINE_HW	En arkivsida med handskriven text organiserad i tabell- eller formulärstruktur från arkiv: Register till riksregistraturet, från serie: Adressatregister till Riksregistraturet, daterat: 1676..
A0039193_00023.jpg	LINE_HW	En arkivsida med handskriven text organiserad i tabell- eller formulärstruktur från arkiv: Titularregister till riksregistraturet, från serie: Titularregister till riksregistraturet, daterat: 1568-1611..
A0039193_00017.jpg	LINE_HW	En arkivsida med handskriven text organiserad i tabell- eller formulärstruktur från arkiv: Titularregister till riksregistraturet, från serie: Titularregister till riksregistraturet, daterat: 1568-1611..
A0039193_00079.jpg	LINE_HW	En arkivsida med handskriven text organiserad i tabell- eller formulärstruktur från arkiv: Titularregister till riksregistraturet, från serie: Titularregister till riksregistraturet, daterat: 1568-1611..
A0039193_00088.jpg	LINE_HW	En arkivsida med handskriven text organiserad i tabell- eller formulärstruktur från arkiv: Titularregister till riksregistraturet, från serie: Titularregister till riksregistraturet, daterat: 1568-1611..
A0039193_00126.jpg	LINE_HW	En arkivsida med handskriven text organiserad i tabell- eller formulärstruktur från arkiv: Titularregister till riksregistraturet, från serie: Titularregister till riksregistraturet, daterat: 1568-1611..
A0039193_00068.jpg	LINE_HW	En arkivsida med handskriven text organiserad i tabell- eller formulärstruktur från arkiv: Titularregister till riksregistraturet, från serie: Titularregister till riksregistraturet, daterat: 1568-1611..
A0039314_00209.jpg	LINE_HW	En arkivsida med handskriven text organiserad i tabell- eller formulärstruktur från arkiv: Register till riksregistraturet, från serie: Adressatregister till Riksregistraturet, daterat: 1711..
A0039314_00128.jpg	LINE_HW	En arkivsida med handskriven text organiserad i tabell- eller formulärstruktur från arkiv: Register till riksregistraturet, från serie: Adressatregister till Riksregistraturet, daterat: 1711..
A0039314_00050.jpg	LINE_HW	En arkivsida med handskriven text organiserad i tabell- eller formulärstruktur från arkiv: Register till riksregistraturet, från serie: Adressatregister till Riksregistraturet, daterat: 1711..
A0039314_00068.jpg	LINE_HW	En arkivsida med handskriven text organiserad i tabell- eller formulärstruktur från arkiv: Register till riksregistraturet, från serie: Adressatregister till Riksregistraturet, daterat: 1711..
A0039314_00219.jpg	LINE_HW	En arkivsida med handskriven text organiserad i tabell- eller formulärstruktur från arkiv: Register till riksregistraturet, från serie: Adressatregister till Riksregistraturet, daterat: 1711..
A0039314_00116.jpg	LINE_HW	En arkivsida med handskriven text organiserad i tabell- eller formulärstruktur från arkiv: Register till riksregistraturet, från serie: Adressatregister till Riksregistraturet, daterat: 1711..
R0002484_00001.jpg	MISC	En arkivsida med paratextuellt eller blandat innehåll, såsom omslag, titelblad eller annat material utanför huvudtexten från arkiv: Kommerskollegium, från serie: Östergötlands län, daterat: 1793..
R0002484_00016.jpg	DRAW	En arkivsida som innehåller en ritning, karta, skiss eller schematisk illustration, ibland placerad i tabell- eller formulärlayout från arkiv: Kommerskollegium, från serie: Östergötlands län, daterat: 1793..
R0002484_00012.jpg	DRAW	En arkivsida som innehåller en ritning, karta, skiss eller schematisk illustration, ibland placerad i tabell- eller formulärlayout från arkiv: Kommerskollegium, från serie: Östergötlands län, daterat: 1793..
R0002484_00014.jpg	DRAW	En arkivsida som innehåller en ritning, karta, skiss eller schematisk illustration, ibland placerad i tabell- eller formulärlayout från arkiv: Kommerskollegium, från serie: Östergötlands län, daterat: 1793..
R0002484_00024.jpg	DRAW	En arkivsida som innehåller en ritning, karta, skiss eller schematisk illustration, ibland placerad i tabell- eller formulärlayout från arkiv: Kommerskollegium, från serie: Östergötlands län, daterat: 1793..
R0002484_00022.jpg	DRAW	En arkivsida som innehåller en ritning, karta, skiss eller schematisk illustration, ibland placerad i tabell- eller formulärlayout från arkiv: Kommerskollegium, från serie: Östergötlands län, daterat: 1793..
A0075788_00149.jpg	TEXT_HW	En arkivsida med löpande handskriven text i stycken från arkiv: Kommerskollegium, från serie: Sjöpasshandlingar, daterat: 1826..
A0075788_00223.jpg	TEXT_HW	En arkivsida med löpande handskriven text i stycken från arkiv: Kommerskollegium, från serie: Sjöpasshandlingar, daterat: 1826..
A0075788_00349.jpg	TEXT_HW	En arkivsida med löpande handskriven text i stycken från arkiv: Kommerskollegium, från serie: Sjöpasshandlingar, daterat: 1826..
A0075788_00434.jpg	TEXT_HW	En arkivsida med löpande handskriven text i stycken från arkiv: Kommerskollegium, från serie: Sjöpasshandlingar, daterat: 1826..
A0075788_00113.jpg	TEXT	En arkivsida med löpande text bestående av blandade stilar, såsom handskriven, tryckt och maskinskriven text från arkiv: Kommerskollegium, från serie: Sjöpasshandlingar, daterat: 1826..
A0075788_00527.jpg	TEXT	En arkivsida med löpande text bestående av blandade stilar, såsom handskriven, tryckt och maskinskriven text från arkiv: Kommerskollegium, från serie: Sjöpasshandlingar, daterat: 1826..
30004024_01414.jpg	LINE_MIX	En arkivsida i tabell- eller formulärlayout med blandade textstilar, inklusive handskriven, tryckt och maskinskriven text från arkiv: Kommerskollegium, från serie: Uppgifter om arbetskraft och drivkraft, daterat: 1912..
30004024_01680.jpg	LINE_MIX	En arkivsida i tabell- eller formulärlayout med blandade textstilar, inklusive handskriven, tryckt och maskinskriven text från arkiv: Kommerskollegium, från serie: Uppgifter om arbetskraft och drivkraft, daterat: 1912..
30004024_00015.jpg	LINE_TP	En arkivsida med tryckt eller maskinskriven text organiserad i tabell- eller formulärstruktur från arkiv: Kommerskollegium, från serie: Uppgifter om arbetskraft och drivkraft, daterat: 1912..
30004024_01295.jpg	LINE_TP	En arkivsida med tryckt eller maskinskriven text organiserad i tabell- eller formulärstruktur från arkiv: Kommerskollegium, från serie: Uppgifter om arbetskraft och drivkraft, daterat: 1912..
30004024_01652.jpg	LINE_MIX	En arkivsida i tabell- eller formulärlayout med blandade textstilar, inklusive handskriven, tryckt och maskinskriven text från arkiv: Kommerskollegium, från serie: Uppgifter om arbetskraft och drivkraft, daterat: 1912..
30004024_01211.jpg	LINE_TP	En arkivsida med tryckt eller maskinskriven text organiserad i tabell- eller formulärstruktur från arkiv: Kommerskollegium, från serie: Uppgifter om arbetskraft och drivkraft, daterat: 1912..
A0076006_00174.jpg	TEXT	En arkivsida med löpande text bestående av blandade stilar, såsom handskriven, tryckt och maskinskriven text från arkiv: Kommerskollegium, från serie: Serie 1, daterat: 1840..
A0076006_00316.jpg	TEXT	En arkivsida med löpande text bestående av blandade stilar, såsom handskriven, tryckt och maskinskriven text från arkiv: Kommerskollegium, från serie: Serie 1, daterat: 1840..
A0076006_00247.jpg	TEXT	En arkivsida med löpande text bestående av blandade stilar, såsom handskriven, tryckt och maskinskriven text från arkiv: Kommerskollegium, från serie: Serie 1, daterat: 1840..
A0076006_00229.jpg	TEXT	En arkivsida med löpande text bestående av blandade stilar, såsom handskriven, tryckt och maskinskriven text från arkiv: Kommerskollegium, från serie: Serie 1, daterat: 1840..
A0076006_00331.jpg	TEXT	En arkivsida med löpande text bestående av blandade stilar, såsom handskriven, tryckt och maskinskriven text från arkiv: Kommerskollegium, från serie: Serie 1, daterat: 1840..
A0076006_00362.jpg	TEXT	En arkivsida med löpande text bestående av blandade stilar, såsom handskriven, tryckt och maskinskriven text från arkiv: Kommerskollegium, från serie: Serie 1, daterat: 1840..
A0039192_00112.jpg	MISC	En arkivsida med paratextuellt eller blandat innehåll, såsom omslag, titelblad eller annat material utanför huvudtexten från arkiv: Titularregister till riksregistraturet, från serie: Titularregister till riksregistraturet, daterat: 1522-1592..
A0039192_00117.jpg	LINE_HW	En arkivsida med handskriven text organiserad i tabell- eller formulärstruktur från arkiv: Titularregister till riksregistraturet, från serie: Titularregister till riksregistraturet, daterat: 1522-1592..
A0039192_00176.jpg	LINE_HW	En arkivsida med handskriven text organiserad i tabell- eller formulärstruktur från arkiv: Titularregister till riksregistraturet, från serie: Titularregister till riksregistraturet, daterat: 1522-1592..
A0039192_00170.jpg	LINE_HW	En arkivsida med handskriven text organiserad i tabell- eller formulärstruktur från arkiv: Titularregister till riksregistraturet, från serie: Titularregister till riksregistraturet, daterat: 1522-1592..
A0039192_00191.jpg	LINE_HW	En arkivsida med handskriven text organiserad i tabell- eller formulärstruktur från arkiv: Titularregister till riksregistraturet, från serie: Titularregister till riksregistraturet, daterat: 1522-1592..
A0039192_00197.jpg	LINE_HW	En arkivsida med handskriven text organiserad i tabell- eller formulärstruktur från arkiv: Titularregister till riksregistraturet, från serie: Titularregister till riksregistraturet, daterat: 1522-1592..
R0002485_00008.jpg	DRAW	En arkivsida som innehåller en ritning, karta, skiss eller schematisk illustration, ibland placerad i tabell- eller formulärlayout från arkiv: Kommerskollegium, från serie: Östergötlands län, daterat: 1775-1789..
R0002485_00001.jpg	TEXT_HW	En arkivsida med löpande handskriven text i stycken från arkiv: Kommerskollegium, från serie: Östergötlands län, daterat: 1775-1789..
R0002485_00004.jpg	TEXT_HW	En arkivsida med löpande handskriven text i stycken från arkiv: Kommerskollegium, från serie: Östergötlands län, daterat: 1775-1789..
R0002485_00003.jpg	TEXT_HW	En arkivsida med löpande handskriven text i stycken från arkiv: Kommerskollegium, från serie: Östergötlands län, daterat: 1775-1789..
R0002485_00002.jpg	TEXT_HW	En arkivsida med löpande handskriven text i stycken från arkiv: Kommerskollegium, från serie: Östergötlands län, daterat: 1775-1789..
R0002485_00007.jpg	DRAW	En arkivsida som innehåller en ritning, karta, skiss eller schematisk illustration, ibland placerad i tabell- eller formulärlayout från arkiv: Kommerskollegium, från serie: Östergötlands län, daterat: 1775-1789..
30004316_05222.jpg	LINE_MIX	En arkivsida i tabell- eller formulärlayout med blandade textstilar, inklusive handskriven, tryckt och maskinskriven text från arkiv: Kommerskollegium, från serie: Uppgifter om arbetskraft och drivkraft, daterat: 1903..
30004316_02447.jpg	LINE_MIX	En arkivsida i tabell- eller formulärlayout med blandade textstilar, inklusive handskriven, tryckt och maskinskriven text från arkiv: Kommerskollegium, från serie: Uppgifter om arbetskraft och drivkraft, daterat: 1903..
30004316_01515.jpg	LINE_TP	En arkivsida med tryckt eller maskinskriven text organiserad i tabell- eller formulärstruktur från arkiv: Kommerskollegium, från serie: Uppgifter om arbetskraft och drivkraft, daterat: 1903..
30004316_01641.jpg	LINE_TP	En arkivsida med tryckt eller maskinskriven text organiserad i tabell- eller formulärstruktur från arkiv: Kommerskollegium, från serie: Uppgifter om arbetskraft och drivkraft, daterat: 1903..
30004316_02010.jpg	LINE_MIX	En arkivsida i tabell- eller formulärlayout med blandade textstilar, inklusive handskriven, tryckt och maskinskriven text från arkiv: Kommerskollegium, från serie: Uppgifter om arbetskraft och drivkraft, daterat: 1903..
30004316_05888.jpg	LINE_MIX	En arkivsida i tabell- eller formulärlayout med blandade textstilar, inklusive handskriven, tryckt och maskinskriven text från arkiv: Kommerskollegium, från serie: Uppgifter om arbetskraft och drivkraft, daterat: 1903..
A0039255_00213.jpg	LINE_HW	En arkivsida med handskriven text organiserad i tabell- eller formulärstruktur från arkiv: Register till riksregistraturet, från serie: Adressatregister till Riksregistraturet, daterat: 1624-1626..
A0039255_00093.jpg	LINE_HW	En arkivsida med handskriven text organiserad i tabell- eller formulärstruktur från arkiv: Register till riksregistraturet, från serie: Adressatregister till Riksregistraturet, daterat: 1624-1626..
A0039255_00015.jpg	LINE_HW	En arkivsida med handskriven text organiserad i tabell- eller formulärstruktur från arkiv: Register till riksregistraturet, från serie: Adressatregister till Riksregistraturet, daterat: 1624-1626..
A0039255_00262.jpg	LINE_HW	En arkivsida med handskriven text organiserad i tabell- eller formulärstruktur från arkiv: Register till riksregistraturet, från serie: Adressatregister till Riksregistraturet, daterat: 1624-1626..
A0039255_00107.jpg	LINE_HW	En arkivsida med handskriven text organiserad i tabell- eller formulärstruktur från arkiv: Register till riksregistraturet, från serie: Adressatregister till Riksregistraturet, daterat: 1624-1626..
A0039255_00085.jpg	LINE_HW	En arkivsida med handskriven text organiserad i tabell- eller formulärstruktur från arkiv: Register till riksregistraturet, från serie: Adressatregister till Riksregistraturet, daterat: 1624-1626..
30004320_00421.jpg	LINE_MIX	En arkivsida i tabell- eller formulärlayout med blandade textstilar, inklusive handskriven, tryckt och maskinskriven text från arkiv: Kommerskollegium, från serie: Uppgifter om arbetskraft och drivkraft, daterat: 1905..
30004320_00564.jpg	LINE_MIX	En arkivsida i tabell- eller formulärlayout med blandade textstilar, inklusive handskriven, tryckt och maskinskriven text från arkiv: Kommerskollegium, från serie: Uppgifter om arbetskraft och drivkraft, daterat: 1905..
30004320_00945.jpg	LINE_MIX	En arkivsida i tabell- eller formulärlayout med blandade textstilar, inklusive handskriven, tryckt och maskinskriven text från arkiv: Kommerskollegium, från serie: Uppgifter om arbetskraft och drivkraft, daterat: 1905..
30004320_00732.jpg	LINE_MIX	En arkivsida i tabell- eller formulärlayout med blandade textstilar, inklusive handskriven, tryckt och maskinskriven text från arkiv: Kommerskollegium, från serie: Uppgifter om arbetskraft och drivkraft, daterat: 1905..
30004320_01227.jpg	LINE_MIX	En arkivsida i tabell- eller formulärlayout med blandade textstilar, inklusive handskriven, tryckt och maskinskriven text från arkiv: Kommerskollegium, från serie: Uppgifter om arbetskraft och drivkraft, daterat: 1905..
30004320_01328.jpg	LINE_MIX	En arkivsida i tabell- eller formulärlayout med blandade textstilar, inklusive handskriven, tryckt och maskinskriven text från arkiv: Kommerskollegium, från serie: Uppgifter om arbetskraft och drivkraft, daterat: 1905..
A0039238_00215.jpg	LINE_HW	En arkivsida med handskriven text organiserad i tabell- eller formulärstruktur från arkiv: Register till riksregistraturet, från serie: Adressatregister till Riksregistraturet, daterat: 1599-1602..
A0039238_00353.jpg	LINE_HW	En arkivsida med handskriven text organiserad i tabell- eller formulärstruktur från arkiv: Register till riksregistraturet, från serie: Adressatregister till Riksregistraturet, daterat: 1599-1602..
A0039238_00449.jpg	LINE_HW	En arkivsida med handskriven text organiserad i tabell- eller formulärstruktur från arkiv: Register till riksregistraturet, från serie: Adressatregister till Riksregistraturet, daterat: 1599-1602..
A0039238_00034.jpg	LINE_HW	En arkivsida med handskriven text organiserad i tabell- eller formulärstruktur från arkiv: Register till riksregistraturet, från serie: Adressatregister till Riksregistraturet, daterat: 1599-1602..
A0039238_00083.jpg	LINE_HW	En arkivsida med handskriven text organiserad i tabell- eller formulärstruktur från arkiv: Register till riksregistraturet, från serie: Adressatregister till Riksregistraturet, daterat: 1599-1602..
A0039238_00059.jpg	LINE_HW	En arkivsida med handskriven text organiserad i tabell- eller formulärstruktur från arkiv: Register till riksregistraturet, från serie: Adressatregister till Riksregistraturet, daterat: 1599-1602..
30004018_00407.jpg	LINE_TP	En arkivsida med tryckt eller maskinskriven text organiserad i tabell- eller formulärstruktur från arkiv: Kommerskollegium, från serie: Uppgifter om arbetskraft och drivkraft, daterat: 1910..
30004018_01577.jpg	LINE_MIX	En arkivsida i tabell- eller formulärlayout med blandade textstilar, inklusive handskriven, tryckt och maskinskriven text från arkiv: Kommerskollegium, från serie: Uppgifter om arbetskraft och drivkraft, daterat: 1910..
30004018_01311.jpg	LINE_TP	En arkivsida med tryckt eller maskinskriven text organiserad i tabell- eller formulärstruktur från arkiv: Kommerskollegium, från serie: Uppgifter om arbetskraft och drivkraft, daterat: 1910..
30004018_00997.jpg	LINE_TP	En arkivsida med tryckt eller maskinskriven text organiserad i tabell- eller formulärstruktur från arkiv: Kommerskollegium, från serie: Uppgifter om arbetskraft och drivkraft, daterat: 1910..
30004018_00576.jpg	LINE_MIX	En arkivsida i tabell- eller formulärlayout med blandade textstilar, inklusive handskriven, tryckt och maskinskriven text från arkiv: Kommerskollegium, från serie: Uppgifter om arbetskraft och drivkraft, daterat: 1910..
30004018_00033.jpg	LINE_TP	En arkivsida med tryckt eller maskinskriven text organiserad i tabell- eller formulärstruktur från arkiv: Kommerskollegium, från serie: Uppgifter om arbetskraft och drivkraft, daterat: 1910..
30004317_02242.jpg	LINE_MIX	En arkivsida i tabell- eller formulärlayout med blandade textstilar, inklusive handskriven, tryckt och maskinskriven text från arkiv: Kommerskollegium, från serie: Uppgifter om arbetskraft och drivkraft, daterat: 1904..
30004317_03030.jpg	LINE_MIX	En arkivsida i tabell- eller formulärlayout med blandade textstilar, inklusive handskriven, tryckt och maskinskriven text från arkiv: Kommerskollegium, från serie: Uppgifter om arbetskraft och drivkraft, daterat: 1904..
30004317_00081.jpg	LINE_TP	En arkivsida med tryckt eller maskinskriven text organiserad i tabell- eller formulärstruktur från arkiv: Kommerskollegium, från serie: Uppgifter om arbetskraft och drivkraft, daterat: 1904..
30004317_00688.jpg	LINE_MIX	En arkivsida i tabell- eller formulärlayout med blandade textstilar, inklusive handskriven, tryckt och maskinskriven text från arkiv: Kommerskollegium, från serie: Uppgifter om arbetskraft och drivkraft, daterat: 1904..
30004317_00271.jpg	LINE_TP	En arkivsida med tryckt eller maskinskriven text organiserad i tabell- eller formulärstruktur från arkiv: Kommerskollegium, från serie: Uppgifter om arbetskraft och drivkraft, daterat: 1904..
30004317_05531.jpg	LINE_MIX	En arkivsida i tabell- eller formulärlayout med blandade textstilar, inklusive handskriven, tryckt och maskinskriven text från arkiv: Kommerskollegium, från serie: Uppgifter om arbetskraft och drivkraft, daterat: 1904..
A0076551_00018.jpg	LINE_HW	En arkivsida med handskriven text organiserad i tabell- eller formulärstruktur från arkiv: Kommerskollegium, från serie: Första serien, daterat: 1776-1776..
A0076551_00025.jpg	LINE_HW	En arkivsida med handskriven text organiserad i tabell- eller formulärstruktur från arkiv: Kommerskollegium, från serie: Första serien, daterat: 1776-1776..
A0076551_00286.jpg	LINE_HW	En arkivsida med handskriven text organiserad i tabell- eller formulärstruktur från arkiv: Kommerskollegium, från serie: Första serien, daterat: 1776-1776..
A0076551_00418.jpg	TEXT_HW	En arkivsida med löpande handskriven text i stycken från arkiv: Kommerskollegium, från serie: Första serien, daterat: 1776-1776..
A0076551_00598.jpg	LINE_HW	En arkivsida med handskriven text organiserad i tabell- eller formulärstruktur från arkiv: Kommerskollegium, från serie: Första serien, daterat: 1776-1776..
A0076551_00430.jpg	TEXT_HW	En arkivsida med löpande handskriven text i stycken från arkiv: Kommerskollegium, från serie: Första serien, daterat: 1776-1776..
A0075985_00038.jpg	TEXT	En arkivsida med löpande text bestående av blandade stilar, såsom handskriven, tryckt och maskinskriven text från arkiv: Kommerskollegium, från serie: Serie 1, daterat: 1837..
A0075985_00119.jpg	TEXT	En arkivsida med löpande text bestående av blandade stilar, såsom handskriven, tryckt och maskinskriven text från arkiv: Kommerskollegium, från serie: Serie 1, daterat: 1837..
A0075985_00212.jpg	TEXT	En arkivsida med löpande text bestående av blandade stilar, såsom handskriven, tryckt och maskinskriven text från arkiv: Kommerskollegium, från serie: Serie 1, daterat: 1837..
A0075985_00092.jpg	TEXT_HW	En arkivsida med löpande handskriven text i stycken från arkiv: Kommerskollegium, från serie: Serie 1, daterat: 1837..
A0075985_00354.jpg	TEXT	En arkivsida med löpande text bestående av blandade stilar, såsom handskriven, tryckt och maskinskriven text från arkiv: Kommerskollegium, från serie: Serie 1, daterat: 1837..
A0075985_00106.jpg	TEXT	En arkivsida med löpande text bestående av blandade stilar, såsom handskriven, tryckt och maskinskriven text från arkiv: Kommerskollegium, från serie: Serie 1, daterat: 1837..
R0002335_00357.jpg	TEXT_HW	En arkivsida med löpande handskriven text i stycken från arkiv: Kommerskollegium, från serie: Skrivelser från svenska (svensk-norska) konsuler, daterat: 1877-1889..
R0002335_00176.jpg	TEXT	En arkivsida med löpande text bestående av blandade stilar, såsom handskriven, tryckt och maskinskriven text från arkiv: Kommerskollegium, från serie: Skrivelser från svenska (svensk-norska) konsuler, daterat: 1877-1889..
R0002335_00360.jpg	TEXT_HW	En arkivsida med löpande handskriven text i stycken från arkiv: Kommerskollegium, från serie: Skrivelser från svenska (svensk-norska) konsuler, daterat: 1877-1889..
R0002335_00290.jpg	TEXT	En arkivsida med löpande text bestående av blandade stilar, såsom handskriven, tryckt och maskinskriven text från arkiv: Kommerskollegium, från serie: Skrivelser från svenska (svensk-norska) konsuler, daterat: 1877-1889..
R0002335_00449.jpg	TEXT_HW	En arkivsida med löpande handskriven text i stycken från arkiv: Kommerskollegium, från serie: Skrivelser från svenska (svensk-norska) konsuler, daterat: 1877-1889..
R0002335_00432.jpg	TEXT	En arkivsida med löpande text bestående av blandade stilar, såsom handskriven, tryckt och maskinskriven text från arkiv: Kommerskollegium, från serie: Skrivelser från svenska (svensk-norska) konsuler, daterat: 1877-1889..
A0039234_00268.jpg	LINE_HW	En arkivsida med handskriven text organiserad i tabell- eller formulärstruktur från arkiv: Register till riksregistraturet, från serie: Adressatregister till Riksregistraturet, daterat: 1588-1592..
A0039234_00585.jpg	LINE_HW	En arkivsida med handskriven text organiserad i tabell- eller formulärstruktur från arkiv: Register till riksregistraturet, från serie: Adressatregister till Riksregistraturet, daterat: 1588-1592..
A0039234_00372.jpg	LINE_HW	En arkivsida med handskriven text organiserad i tabell- eller formulärstruktur från arkiv: Register till riksregistraturet, från serie: Adressatregister till Riksregistraturet, daterat: 1588-1592..
A0039234_00359.jpg	LINE_HW	En arkivsida med handskriven text organiserad i tabell- eller formulärstruktur från arkiv: Register till riksregistraturet, från serie: Adressatregister till Riksregistraturet, daterat: 1588-1592..
A0039234_00027.jpg	LINE_HW	En arkivsida med handskriven text organiserad i tabell- eller formulärstruktur från arkiv: Register till riksregistraturet, från serie: Adressatregister till Riksregistraturet, daterat: 1588-1592..
A0039234_00539.jpg	LINE_HW	En arkivsida med handskriven text organiserad i tabell- eller formulärstruktur från arkiv: Register till riksregistraturet, från serie: Adressatregister till Riksregistraturet, daterat: 1588-1592..
71000719_00004.jpg	MISC	En arkivsida med paratextuellt eller blandat innehåll, såsom omslag, titelblad eller annat material utanför huvudtexten från arkiv: Kommerskollegium, från serie: Fjärde serien, daterat: 1873-1873..
71000719_00281.jpg	LINE_MIX	En arkivsida i tabell- eller formulärlayout med blandade textstilar, inklusive handskriven, tryckt och maskinskriven text från arkiv: Kommerskollegium, från serie: Fjärde serien, daterat: 1873-1873..
71000719_00685.jpg	LINE_MIX	En arkivsida i tabell- eller formulärlayout med blandade textstilar, inklusive handskriven, tryckt och maskinskriven text från arkiv: Kommerskollegium, från serie: Fjärde serien, daterat: 1873-1873..
71000719_00319.jpg	LINE_TP	En arkivsida med tryckt eller maskinskriven text organiserad i tabell- eller formulärstruktur från arkiv: Kommerskollegium, från serie: Fjärde serien, daterat: 1873-1873..
71000719_00444.jpg	LINE_MIX	En arkivsida i tabell- eller formulärlayout med blandade textstilar, inklusive handskriven, tryckt och maskinskriven text från arkiv: Kommerskollegium, från serie: Fjärde serien, daterat: 1873-1873..
71000719_00242.jpg	LINE_MIX	En arkivsida i tabell- eller formulärlayout med blandade textstilar, inklusive handskriven, tryckt och maskinskriven text från arkiv: Kommerskollegium, från serie: Fjärde serien, daterat: 1873-1873..
A0039266_00169.jpg	LINE_HW	En arkivsida med handskriven text organiserad i tabell- eller formulärstruktur från arkiv: Register till riksregistraturet, från serie: Adressatregister till Riksregistraturet, daterat: 1643-1645..
A0039266_00198.jpg	LINE_HW	En arkivsida med handskriven text organiserad i tabell- eller formulärstruktur från arkiv: Register till riksregistraturet, från serie: Adressatregister till Riksregistraturet, daterat: 1643-1645..
A0039266_00172.jpg	LINE_HW	En arkivsida med handskriven text organiserad i tabell- eller formulärstruktur från arkiv: Register till riksregistraturet, från serie: Adressatregister till Riksregistraturet, daterat: 1643-1645..
A0039266_00081.jpg	LINE_HW	En arkivsida med handskriven text organiserad i tabell- eller formulärstruktur från arkiv: Register till riksregistraturet, från serie: Adressatregister till Riksregistraturet, daterat: 1643-1645..
A0039266_00148.jpg	LINE_HW	En arkivsida med handskriven text organiserad i tabell- eller formulärstruktur från arkiv: Register till riksregistraturet, från serie: Adressatregister till Riksregistraturet, daterat: 1643-1645..
A0039266_00112.jpg	LINE_HW	En arkivsida med handskriven text organiserad i tabell- eller formulärstruktur från arkiv: Register till riksregistraturet, från serie: Adressatregister till Riksregistraturet, daterat: 1643-1645..
30004028_05374.jpg	LINE_MIX	En arkivsida i tabell- eller formulärlayout med blandade textstilar, inklusive handskriven, tryckt och maskinskriven text från arkiv: Kommerskollegium, från serie: Uppgifter om arbetskraft och drivkraft, daterat: 1915..
30004028_03855.jpg	LINE_MIX	En arkivsida i tabell- eller formulärlayout med blandade textstilar, inklusive handskriven, tryckt och maskinskriven text från arkiv: Kommerskollegium, från serie: Uppgifter om arbetskraft och drivkraft, daterat: 1915..
30004028_00022.jpg	LINE_MIX	En arkivsida i tabell- eller formulärlayout med blandade textstilar, inklusive handskriven, tryckt och maskinskriven text från arkiv: Kommerskollegium, från serie: Uppgifter om arbetskraft och drivkraft, daterat: 1915..
30004028_03041.jpg	LINE_MIX	En arkivsida i tabell- eller formulärlayout med blandade textstilar, inklusive handskriven, tryckt och maskinskriven text från arkiv: Kommerskollegium, från serie: Uppgifter om arbetskraft och drivkraft, daterat: 1915..
30004028_04163.jpg	LINE_MIX	En arkivsida i tabell- eller formulärlayout med blandade textstilar, inklusive handskriven, tryckt och maskinskriven text från arkiv: Kommerskollegium, från serie: Uppgifter om arbetskraft och drivkraft, daterat: 1915..
30004028_01989.jpg	LINE_MIX	En arkivsida i tabell- eller formulärlayout med blandade textstilar, inklusive handskriven, tryckt och maskinskriven text från arkiv: Kommerskollegium, från serie: Uppgifter om arbetskraft och drivkraft, daterat: 1915..
30003994_05536.jpg	LINE_MIX	En arkivsida i tabell- eller formulärlayout med blandade textstilar, inklusive handskriven, tryckt och maskinskriven text från arkiv: Kommerskollegium, från serie: Uppgifter om arbetskraft och drivkraft, daterat: 1902..
30003994_04997.jpg	LINE_TP	En arkivsida med tryckt eller maskinskriven text organiserad i tabell- eller formulärstruktur från arkiv: Kommerskollegium, från serie: Uppgifter om arbetskraft och drivkraft, daterat: 1902..
30003994_00977.jpg	LINE_TP	En arkivsida med tryckt eller maskinskriven text organiserad i tabell- eller formulärstruktur från arkiv: Kommerskollegium, från serie: Uppgifter om arbetskraft och drivkraft, daterat: 1902..
30003994_05589.jpg	LINE_MIX	En arkivsida i tabell- eller formulärlayout med blandade textstilar, inklusive handskriven, tryckt och maskinskriven text från arkiv: Kommerskollegium, från serie: Uppgifter om arbetskraft och drivkraft, daterat: 1902..
30003994_05516.jpg	LINE_MIX	En arkivsida i tabell- eller formulärlayout med blandade textstilar, inklusive handskriven, tryckt och maskinskriven text från arkiv: Kommerskollegium, från serie: Uppgifter om arbetskraft och drivkraft, daterat: 1902..
30003994_00779.jpg	LINE_TP	En arkivsida med tryckt eller maskinskriven text organiserad i tabell- eller formulärstruktur från arkiv: Kommerskollegium, från serie: Uppgifter om arbetskraft och drivkraft, daterat: 1902..
A0039257_00023.jpg	LINE_HW	En arkivsida med handskriven text organiserad i tabell- eller formulärstruktur från arkiv: Register till riksregistraturet, från serie: Adressatregister till Riksregistraturet, daterat: 1628..
A0039257_00061.jpg	LINE_HW	En arkivsida med handskriven text organiserad i tabell- eller formulärstruktur från arkiv: Register till riksregistraturet, från serie: Adressatregister till Riksregistraturet, daterat: 1628..
A0039257_00074.jpg	LINE_HW	En arkivsida med handskriven text organiserad i tabell- eller formulärstruktur från arkiv: Register till riksregistraturet, från serie: Adressatregister till Riksregistraturet, daterat: 1628..
A0039257_00053.jpg	LINE_HW	En arkivsida med handskriven text organiserad i tabell- eller formulärstruktur från arkiv: Register till riksregistraturet, från serie: Adressatregister till Riksregistraturet, daterat: 1628..
A0039257_00094.jpg	LINE_HW	En arkivsida med handskriven text organiserad i tabell- eller formulärstruktur från arkiv: Register till riksregistraturet, från serie: Adressatregister till Riksregistraturet, daterat: 1628..
A0039257_00088.jpg	LINE_HW	En arkivsida med handskriven text organiserad i tabell- eller formulärstruktur från arkiv: Register till riksregistraturet, från serie: Adressatregister till Riksregistraturet, daterat: 1628..
A0039269_00268.jpg	LINE_HW	En arkivsida med handskriven text organiserad i tabell- eller formulärstruktur från arkiv: Register till riksregistraturet, från serie: Adressatregister till Riksregistraturet, daterat: 1650-1654..
A0039269_00022.jpg	LINE_HW	En arkivsida med handskriven text organiserad i tabell- eller formulärstruktur från arkiv: Register till riksregistraturet, från serie: Adressatregister till Riksregistraturet, daterat: 1650-1654..
A0039269_00080.jpg	LINE_HW	En arkivsida med handskriven text organiserad i tabell- eller formulärstruktur från arkiv: Register till riksregistraturet, från serie: Adressatregister till Riksregistraturet, daterat: 1650-1654..
A0039269_00213.jpg	LINE_HW	En arkivsida med handskriven text organiserad i tabell- eller formulärstruktur från arkiv: Register till riksregistraturet, från serie: Adressatregister till Riksregistraturet, daterat: 1650-1654..
A0039269_00242.jpg	LINE_HW	En arkivsida med handskriven text organiserad i tabell- eller formulärstruktur från arkiv: Register till riksregistraturet, från serie: Adressatregister till Riksregistraturet, daterat: 1650-1654..
A0039269_00232.jpg	LINE_HW	En arkivsida med handskriven text organiserad i tabell- eller formulärstruktur från arkiv: Register till riksregistraturet, från serie: Adressatregister till Riksregistraturet, daterat: 1650-1654..
A0076018_00174.jpg	TEXT	En arkivsida med löpande text bestående av blandade stilar, såsom handskriven, tryckt och maskinskriven text från arkiv: Kommerskollegium, från serie: Fribrevshandlingar, daterat: 1794..
A0076018_00275.jpg	TEXT	En arkivsida med löpande text bestående av blandade stilar, såsom handskriven, tryckt och maskinskriven text från arkiv: Kommerskollegium, från serie: Fribrevshandlingar, daterat: 1794..
A0076018_00185.jpg	TEXT	En arkivsida med löpande text bestående av blandade stilar, såsom handskriven, tryckt och maskinskriven text från arkiv: Kommerskollegium, från serie: Fribrevshandlingar, daterat: 1794..
A0076018_00252.jpg	TEXT	En arkivsida med löpande text bestående av blandade stilar, såsom handskriven, tryckt och maskinskriven text från arkiv: Kommerskollegium, från serie: Fribrevshandlingar, daterat: 1794..
A0076018_00093.jpg	TEXT	En arkivsida med löpande text bestående av blandade stilar, såsom handskriven, tryckt och maskinskriven text från arkiv: Kommerskollegium, från serie: Fribrevshandlingar, daterat: 1794..
A0076018_00291.jpg	TEXT	En arkivsida med löpande text bestående av blandade stilar, såsom handskriven, tryckt och maskinskriven text från arkiv: Kommerskollegium, från serie: Fribrevshandlingar, daterat: 1794..
40008952_00336.jpg	LINE_HW	En arkivsida med handskriven text organiserad i tabell- eller formulärstruktur från arkiv: Kommerskollegium, från serie: Andra serien, daterat: 1843-1843..
40008952_00165.jpg	LINE_HW	En arkivsida med handskriven text organiserad i tabell- eller formulärstruktur från arkiv: Kommerskollegium, från serie: Andra serien, daterat: 1843-1843..
40008952_00357.jpg	LINE_HW	En arkivsida med handskriven text organiserad i tabell- eller formulärstruktur från arkiv: Kommerskollegium, från serie: Andra serien, daterat: 1843-1843..
40008952_00075.jpg	LINE_HW	En arkivsida med handskriven text organiserad i tabell- eller formulärstruktur från arkiv: Kommerskollegium, från serie: Andra serien, daterat: 1843-1843..
40008952_00215.jpg	LINE_HW	En arkivsida med handskriven text organiserad i tabell- eller formulärstruktur från arkiv: Kommerskollegium, från serie: Andra serien, daterat: 1843-1843..
40008952_00137.jpg	LINE_HW	En arkivsida med handskriven text organiserad i tabell- eller formulärstruktur från arkiv: Kommerskollegium, från serie: Andra serien, daterat: 1843-1843..
A0076647_00333.jpg	LINE_HW	En arkivsida med handskriven text organiserad i tabell- eller formulärstruktur från arkiv: Kommerskollegium, från serie: Andra serien, daterat: 1843-1843..
A0076647_00326.jpg	LINE_HW	En arkivsida med handskriven text organiserad i tabell- eller formulärstruktur från arkiv: Kommerskollegium, från serie: Andra serien, daterat: 1843-1843..
A0076647_00751.jpg	TEXT_HW	En arkivsida med löpande handskriven text i stycken från arkiv: Kommerskollegium, från serie: Andra serien, daterat: 1843-1843..
A0076647_00743.jpg	LINE_HW	En arkivsida med handskriven text organiserad i tabell- eller formulärstruktur från arkiv: Kommerskollegium, från serie: Andra serien, daterat: 1843-1843..
A0076647_00491.jpg	LINE_HW	En arkivsida med handskriven text organiserad i tabell- eller formulärstruktur från arkiv: Kommerskollegium, från serie: Andra serien, daterat: 1843-1843..
A0076647_00370.jpg	LINE_HW	En arkivsida med handskriven text organiserad i tabell- eller formulärstruktur från arkiv: Kommerskollegium, från serie: Andra serien, daterat: 1843-1843..
A0039280_00009.jpg	LINE_HW	En arkivsida med handskriven text organiserad i tabell- eller formulärstruktur från arkiv: Register till riksregistraturet, från serie: Adressatregister till Riksregistraturet, daterat: 1675..
A0039280_00065.jpg	LINE_HW	En arkivsida med handskriven text organiserad i tabell- eller formulärstruktur från arkiv: Register till riksregistraturet, från serie: Adressatregister till Riksregistraturet, daterat: 1675..
A0039280_00001.jpg	MISC	En arkivsida med paratextuellt eller blandat innehåll, såsom omslag, titelblad eller annat material utanför huvudtexten från arkiv: Register till riksregistraturet, från serie: Adressatregister till Riksregistraturet, daterat: 1675..
A0039280_00131.jpg	LINE_HW	En arkivsida med handskriven text organiserad i tabell- eller formulärstruktur från arkiv: Register till riksregistraturet, från serie: Adressatregister till Riksregistraturet, daterat: 1675..
A0039280_00032.jpg	LINE_HW	En arkivsida med handskriven text organiserad i tabell- eller formulärstruktur från arkiv: Register till riksregistraturet, från serie: Adressatregister till Riksregistraturet, daterat: 1675..
A0039280_00012.jpg	LINE_HW	En arkivsida med handskriven text organiserad i tabell- eller formulärstruktur från arkiv: Register till riksregistraturet, från serie: Adressatregister till Riksregistraturet, daterat: 1675..
30004318_00281.jpg	LINE_TP	En arkivsida med tryckt eller maskinskriven text organiserad i tabell- eller formulärstruktur från arkiv: Kommerskollegium, från serie: Uppgifter om arbetskraft och drivkraft, daterat: 1904..
30004318_03596.jpg	LINE_MIX	En arkivsida i tabell- eller formulärlayout med blandade textstilar, inklusive handskriven, tryckt och maskinskriven text från arkiv: Kommerskollegium, från serie: Uppgifter om arbetskraft och drivkraft, daterat: 1904..
30004318_04746.jpg	LINE_MIX	En arkivsida i tabell- eller formulärlayout med blandade textstilar, inklusive handskriven, tryckt och maskinskriven text från arkiv: Kommerskollegium, från serie: Uppgifter om arbetskraft och drivkraft, daterat: 1904..
30004318_00464.jpg	LINE_MIX	En arkivsida i tabell- eller formulärlayout med blandade textstilar, inklusive handskriven, tryckt och maskinskriven text från arkiv: Kommerskollegium, från serie: Uppgifter om arbetskraft och drivkraft, daterat: 1904..
30004318_04249.jpg	LINE_TP	En arkivsida med tryckt eller maskinskriven text organiserad i tabell- eller formulärstruktur från arkiv: Kommerskollegium, från serie: Uppgifter om arbetskraft och drivkraft, daterat: 1904..
30004318_05393.jpg	LINE_TP	En arkivsida med tryckt eller maskinskriven text organiserad i tabell- eller formulärstruktur från arkiv: Kommerskollegium, från serie: Uppgifter om arbetskraft och drivkraft, daterat: 1904..
A0039198_00032.jpg	LINE_HW	En arkivsida med handskriven text organiserad i tabell- eller formulärstruktur från arkiv: Titularregister till riksregistraturet, från serie: Titularregister till riksregistraturet, daterat: 1644-1654..
A0039198_00183.jpg	LINE_HW	En arkivsida med handskriven text organiserad i tabell- eller formulärstruktur från arkiv: Titularregister till riksregistraturet, från serie: Titularregister till riksregistraturet, daterat: 1644-1654..
A0039198_00204.jpg	TEXT_HW	En arkivsida med löpande handskriven text i stycken från arkiv: Titularregister till riksregistraturet, från serie: Titularregister till riksregistraturet, daterat: 1644-1654..
A0039198_00176.jpg	LINE_HW	En arkivsida med handskriven text organiserad i tabell- eller formulärstruktur från arkiv: Titularregister till riksregistraturet, från serie: Titularregister till riksregistraturet, daterat: 1644-1654..
A0039198_00073.jpg	LINE_HW	En arkivsida med handskriven text organiserad i tabell- eller formulärstruktur från arkiv: Titularregister till riksregistraturet, från serie: Titularregister till riksregistraturet, daterat: 1644-1654..
A0039198_00024.jpg	LINE_HW	En arkivsida med handskriven text organiserad i tabell- eller formulärstruktur från arkiv: Titularregister till riksregistraturet, från serie: Titularregister till riksregistraturet, daterat: 1644-1654..
A0076004_00252.jpg	TEXT	En arkivsida med löpande text bestående av blandade stilar, såsom handskriven, tryckt och maskinskriven text från arkiv: Kommerskollegium, från serie: Serie 1, daterat: 1840..
A0076004_00003.jpg	MISC	En arkivsida med paratextuellt eller blandat innehåll, såsom omslag, titelblad eller annat material utanför huvudtexten från arkiv: Kommerskollegium, från serie: Serie 1, daterat: 1840..
A0076004_00024.jpg	TEXT	En arkivsida med löpande text bestående av blandade stilar, såsom handskriven, tryckt och maskinskriven text från arkiv: Kommerskollegium, från serie: Serie 1, daterat: 1840..
A0076004_00051.jpg	TEXT	En arkivsida med löpande text bestående av blandade stilar, såsom handskriven, tryckt och maskinskriven text från arkiv: Kommerskollegium, från serie: Serie 1, daterat: 1840..
A0076004_00018.jpg	TEXT	En arkivsida med löpande text bestående av blandade stilar, såsom handskriven, tryckt och maskinskriven text från arkiv: Kommerskollegium, från serie: Serie 1, daterat: 1840..
A0076004_00093.jpg	TEXT	En arkivsida med löpande text bestående av blandade stilar, såsom handskriven, tryckt och maskinskriven text från arkiv: Kommerskollegium, från serie: Serie 1, daterat: 1840..
30004269_00043.jpg	TEXT_TP	En arkivsida. Metadata: från arkiv: Kommerskollegium, från serie: Patentbrev kungjorda i Post- och inrikes tidningar, daterat: 1860-1861..
30004269_00019.jpg	TEXT_TP	En arkivsida. Metadata: från arkiv: Kommerskollegium, från serie: Patentbrev kungjorda i Post- och inrikes tidningar, daterat: 1860-1861..
30004269_00116.jpg	TEXT_TP	En arkivsida. Metadata: från arkiv: Kommerskollegium, från serie: Patentbrev kungjorda i Post- och inrikes tidningar, daterat: 1860-1861..
30004269_00079.jpg	TEXT_TP	En arkivsida. Metadata: från arkiv: Kommerskollegium, från serie: Patentbrev kungjorda i Post- och inrikes tidningar, daterat: 1860-1861..
30004269_00127.jpg	TEXT_TP	En arkivsida. Metadata: från arkiv: Kommerskollegium, från serie: Patentbrev kungjorda i Post- och inrikes tidningar, daterat: 1860-1861..
30004269_00008.jpg	TEXT_TP	En arkivsida. Metadata: från arkiv: Kommerskollegium, från serie: Patentbrev kungjorda i Post- och inrikes tidningar, daterat: 1860-1861..
A0039241_00135.jpg	LINE_TP	En arkivsida med tryckt eller maskinskriven text organiserad i tabell- eller formulärstruktur från arkiv: Register till riksregistraturet, från serie: Adressatregister till Riksregistraturet, daterat: 1607..
A0039241_00060.jpg	LINE_TP	En arkivsida med tryckt eller maskinskriven text organiserad i tabell- eller formulärstruktur från arkiv: Register till riksregistraturet, från serie: Adressatregister till Riksregistraturet, daterat: 1607..
A0039241_00123.jpg	LINE_TP	En arkivsida med tryckt eller maskinskriven text organiserad i tabell- eller formulärstruktur från arkiv: Register till riksregistraturet, från serie: Adressatregister till Riksregistraturet, daterat: 1607..
A0039241_00116.jpg	LINE_TP	En arkivsida med tryckt eller maskinskriven text organiserad i tabell- eller formulärstruktur från arkiv: Register till riksregistraturet, från serie: Adressatregister till Riksregistraturet, daterat: 1607..
A0039241_00053.jpg	LINE_TP	En arkivsida med tryckt eller maskinskriven text organiserad i tabell- eller formulärstruktur från arkiv: Register till riksregistraturet, från serie: Adressatregister till Riksregistraturet, daterat: 1607..
A0039241_00002.jpg	MISC	En arkivsida med paratextuellt eller blandat innehåll, såsom omslag, titelblad eller annat material utanför huvudtexten från arkiv: Register till riksregistraturet, från serie: Adressatregister till Riksregistraturet, daterat: 1607..
30004312_02072.jpg	LINE_MIX	En arkivsida i tabell- eller formulärlayout med blandade textstilar, inklusive handskriven, tryckt och maskinskriven text från arkiv: Kommerskollegium, från serie: Uppgifter om arbetskraft och drivkraft, daterat: 1902..
30004312_00047.jpg	LINE_TP	En arkivsida med tryckt eller maskinskriven text organiserad i tabell- eller formulärstruktur från arkiv: Kommerskollegium, från serie: Uppgifter om arbetskraft och drivkraft, daterat: 1902..
30004312_00782.jpg	LINE_MIX	En arkivsida i tabell- eller formulärlayout med blandade textstilar, inklusive handskriven, tryckt och maskinskriven text från arkiv: Kommerskollegium, från serie: Uppgifter om arbetskraft och drivkraft, daterat: 1902..
30004312_03611.jpg	LINE_MIX	En arkivsida i tabell- eller formulärlayout med blandade textstilar, inklusive handskriven, tryckt och maskinskriven text från arkiv: Kommerskollegium, från serie: Uppgifter om arbetskraft och drivkraft, daterat: 1902..
30004312_05143.jpg	LINE_TP	En arkivsida med tryckt eller maskinskriven text organiserad i tabell- eller formulärstruktur från arkiv: Kommerskollegium, från serie: Uppgifter om arbetskraft och drivkraft, daterat: 1902..
30004312_02238.jpg	LINE_MIX	En arkivsida i tabell- eller formulärlayout med blandade textstilar, inklusive handskriven, tryckt och maskinskriven text från arkiv: Kommerskollegium, från serie: Uppgifter om arbetskraft och drivkraft, daterat: 1902..
A0039249_00122.jpg	LINE_HW	En arkivsida med handskriven text organiserad i tabell- eller formulärstruktur från arkiv: Register till riksregistraturet, från serie: Adressatregister till Riksregistraturet, daterat: 1616..
A0039249_00048.jpg	LINE_HW	En arkivsida med handskriven text organiserad i tabell- eller formulärstruktur från arkiv: Register till riksregistraturet, från serie: Adressatregister till Riksregistraturet, daterat: 1616..
A0039249_00022.jpg	LINE_HW	En arkivsida med handskriven text organiserad i tabell- eller formulärstruktur från arkiv: Register till riksregistraturet, från serie: Adressatregister till Riksregistraturet, daterat: 1616..
A0039249_00179.jpg	LINE_HW	En arkivsida med handskriven text organiserad i tabell- eller formulärstruktur från arkiv: Register till riksregistraturet, från serie: Adressatregister till Riksregistraturet, daterat: 1616..
A0039249_00061.jpg	LINE_HW	En arkivsida med handskriven text organiserad i tabell- eller formulärstruktur från arkiv: Register till riksregistraturet, från serie: Adressatregister till Riksregistraturet, daterat: 1616..
A0039249_00023.jpg	LINE_HW	En arkivsida med handskriven text organiserad i tabell- eller formulärstruktur från arkiv: Register till riksregistraturet, från serie: Adressatregister till Riksregistraturet, daterat: 1616..
A0039264_00175.jpg	LINE_HW	En arkivsida med handskriven text organiserad i tabell- eller formulärstruktur från arkiv: Register till riksregistraturet, från serie: Adressatregister till Riksregistraturet, daterat: 1639-1642..
A0039264_00223.jpg	LINE_HW	En arkivsida med handskriven text organiserad i tabell- eller formulärstruktur från arkiv: Register till riksregistraturet, från serie: Adressatregister till Riksregistraturet, daterat: 1639-1642..
A0039264_00176.jpg	LINE_HW	En arkivsida med handskriven text organiserad i tabell- eller formulärstruktur från arkiv: Register till riksregistraturet, från serie: Adressatregister till Riksregistraturet, daterat: 1639-1642..
A0039264_00053.jpg	LINE_HW	En arkivsida med handskriven text organiserad i tabell- eller formulärstruktur från arkiv: Register till riksregistraturet, från serie: Adressatregister till Riksregistraturet, daterat: 1639-1642..
A0039264_00211.jpg	LINE_HW	En arkivsida med handskriven text organiserad i tabell- eller formulärstruktur från arkiv: Register till riksregistraturet, från serie: Adressatregister till Riksregistraturet, daterat: 1639-1642..
A0039264_00130.jpg	LINE_HW	En arkivsida med handskriven text organiserad i tabell- eller formulärstruktur från arkiv: Register till riksregistraturet, från serie: Adressatregister till Riksregistraturet, daterat: 1639-1642..
30004023_01122.jpg	LINE_MIX	En arkivsida i tabell- eller formulärlayout med blandade textstilar, inklusive handskriven, tryckt och maskinskriven text från arkiv: Kommerskollegium, från serie: Uppgifter om arbetskraft och drivkraft, daterat: 1912..
30004023_01276.jpg	LINE_MIX	En arkivsida i tabell- eller formulärlayout med blandade textstilar, inklusive handskriven, tryckt och maskinskriven text från arkiv: Kommerskollegium, från serie: Uppgifter om arbetskraft och drivkraft, daterat: 1912..
30004023_00617.jpg	LINE_TP	En arkivsida med tryckt eller maskinskriven text organiserad i tabell- eller formulärstruktur från arkiv: Kommerskollegium, från serie: Uppgifter om arbetskraft och drivkraft, daterat: 1912..
30004023_01467.jpg	LINE_TP	En arkivsida med tryckt eller maskinskriven text organiserad i tabell- eller formulärstruktur från arkiv: Kommerskollegium, från serie: Uppgifter om arbetskraft och drivkraft, daterat: 1912..
30004023_00117.jpg	LINE_MIX	En arkivsida i tabell- eller formulärlayout med blandade textstilar, inklusive handskriven, tryckt och maskinskriven text från arkiv: Kommerskollegium, från serie: Uppgifter om arbetskraft och drivkraft, daterat: 1912..
30004023_01156.jpg	LINE_MIX	En arkivsida i tabell- eller formulärlayout med blandade textstilar, inklusive handskriven, tryckt och maskinskriven text från arkiv: Kommerskollegium, från serie: Uppgifter om arbetskraft och drivkraft, daterat: 1912..
A0039296_00054.jpg	LINE_HW	En arkivsida med handskriven text organiserad i tabell- eller formulärstruktur från arkiv: Register till riksregistraturet, från serie: Adressatregister till Riksregistraturet, daterat: 1689..
A0039296_00134.jpg	LINE_HW	En arkivsida med handskriven text organiserad i tabell- eller formulärstruktur från arkiv: Register till riksregistraturet, från serie: Adressatregister till Riksregistraturet, daterat: 1689..
A0039296_00087.jpg	LINE_HW	En arkivsida med handskriven text organiserad i tabell- eller formulärstruktur från arkiv: Register till riksregistraturet, från serie: Adressatregister till Riksregistraturet, daterat: 1689..
A0039296_00196.jpg	LINE_HW	En arkivsida med handskriven text organiserad i tabell- eller formulärstruktur från arkiv: Register till riksregistraturet, från serie: Adressatregister till Riksregistraturet, daterat: 1689..
A0039296_00095.jpg	LINE_HW	En arkivsida med handskriven text organiserad i tabell- eller formulärstruktur från arkiv: Register till riksregistraturet, från serie: Adressatregister till Riksregistraturet, daterat: 1689..
A0039296_00051.jpg	LINE_HW	En arkivsida med handskriven text organiserad i tabell- eller formulärstruktur från arkiv: Register till riksregistraturet, från serie: Adressatregister till Riksregistraturet, daterat: 1689..
A0039256_00099.jpg	LINE_HW	En arkivsida med handskriven text organiserad i tabell- eller formulärstruktur från arkiv: Register till riksregistraturet, från serie: Adressatregister till Riksregistraturet, daterat: 1627..
A0039256_00037.jpg	LINE_HW	En arkivsida med handskriven text organiserad i tabell- eller formulärstruktur från arkiv: Register till riksregistraturet, från serie: Adressatregister till Riksregistraturet, daterat: 1627..
A0039256_00042.jpg	LINE_HW	En arkivsida med handskriven text organiserad i tabell- eller formulärstruktur från arkiv: Register till riksregistraturet, från serie: Adressatregister till Riksregistraturet, daterat: 1627..
A0039256_00012.jpg	MISC	En arkivsida med paratextuellt eller blandat innehåll, såsom omslag, titelblad eller annat material utanför huvudtexten från arkiv: Register till riksregistraturet, från serie: Adressatregister till Riksregistraturet, daterat: 1627..
A0039256_00057.jpg	LINE_HW	En arkivsida med handskriven text organiserad i tabell- eller formulärstruktur från arkiv: Register till riksregistraturet, från serie: Adressatregister till Riksregistraturet, daterat: 1627..
A0039256_00097.jpg	LINE_HW	En arkivsida med handskriven text organiserad i tabell- eller formulärstruktur från arkiv: Register till riksregistraturet, från serie: Adressatregister till Riksregistraturet, daterat: 1627..
A0075695_00013.jpg	LINE_HW	En arkivsida med handskriven text organiserad i tabell- eller formulärstruktur från arkiv: Kommerskollegium, från serie: Fribrevsdiarier, daterat: 1831..
A0075695_00015.jpg	LINE_HW	En arkivsida med handskriven text organiserad i tabell- eller formulärstruktur från arkiv: Kommerskollegium, från serie: Fribrevsdiarier, daterat: 1831..
A0075695_00029.jpg	LINE_HW	En arkivsida med handskriven text organiserad i tabell- eller formulärstruktur från arkiv: Kommerskollegium, från serie: Fribrevsdiarier, daterat: 1831..
A0075695_00123.jpg	LINE_HW	En arkivsida med handskriven text organiserad i tabell- eller formulärstruktur från arkiv: Kommerskollegium, från serie: Fribrevsdiarier, daterat: 1831..
A0075695_00147.jpg	LINE_HW	En arkivsida med handskriven text organiserad i tabell- eller formulärstruktur från arkiv: Kommerskollegium, från serie: Fribrevsdiarier, daterat: 1831..
A0075695_00127.jpg	LINE_HW	En arkivsida med handskriven text organiserad i tabell- eller formulärstruktur från arkiv: Kommerskollegium, från serie: Fribrevsdiarier, daterat: 1831..
A0039301_00254.jpg	MISC	En arkivsida med paratextuellt eller blandat innehåll, såsom omslag, titelblad eller annat material utanför huvudtexten från arkiv: Register till riksregistraturet, från serie: Adressatregister till Riksregistraturet, daterat: 1696..
A0039301_00019.jpg	LINE_HW	En arkivsida med handskriven text organiserad i tabell- eller formulärstruktur från arkiv: Register till riksregistraturet, från serie: Adressatregister till Riksregistraturet, daterat: 1696..
A0039301_00076.jpg	LINE_HW	En arkivsida med handskriven text organiserad i tabell- eller formulärstruktur från arkiv: Register till riksregistraturet, från serie: Adressatregister till Riksregistraturet, daterat: 1696..
A0039301_00142.jpg	LINE_HW	En arkivsida med handskriven text organiserad i tabell- eller formulärstruktur från arkiv: Register till riksregistraturet, från serie: Adressatregister till Riksregistraturet, daterat: 1696..
A0039301_00069.jpg	LINE_HW	En arkivsida med handskriven text organiserad i tabell- eller formulärstruktur från arkiv: Register till riksregistraturet, från serie: Adressatregister till Riksregistraturet, daterat: 1696..
A0039301_00229.jpg	LINE_HW	En arkivsida med handskriven text organiserad i tabell- eller formulärstruktur från arkiv: Register till riksregistraturet, från serie: Adressatregister till Riksregistraturet, daterat: 1696..
A0039226_00270.jpg	LINE_HW	En arkivsida med handskriven text organiserad i tabell- eller formulärstruktur från arkiv: Register till riksregistraturet, från serie: Adressatregister till Riksregistraturet, daterat: 1555-1560..
A0039226_00138.jpg	LINE_HW	En arkivsida med handskriven text organiserad i tabell- eller formulärstruktur från arkiv: Register till riksregistraturet, från serie: Adressatregister till Riksregistraturet, daterat: 1555-1560..
A0039226_00071.jpg	LINE_HW	En arkivsida med handskriven text organiserad i tabell- eller formulärstruktur från arkiv: Register till riksregistraturet, från serie: Adressatregister till Riksregistraturet, daterat: 1555-1560..
A0039226_00404.jpg	LINE_HW	En arkivsida med handskriven text organiserad i tabell- eller formulärstruktur från arkiv: Register till riksregistraturet, från serie: Adressatregister till Riksregistraturet, daterat: 1555-1560..
A0039226_00025.jpg	LINE_HW	En arkivsida med handskriven text organiserad i tabell- eller formulärstruktur från arkiv: Register till riksregistraturet, från serie: Adressatregister till Riksregistraturet, daterat: 1555-1560..
A0039226_00332.jpg	LINE_HW	En arkivsida med handskriven text organiserad i tabell- eller formulärstruktur från arkiv: Register till riksregistraturet, från serie: Adressatregister till Riksregistraturet, daterat: 1555-1560..
A0075778_00035.jpg	TEXT	En arkivsida med löpande text bestående av blandade stilar, såsom handskriven, tryckt och maskinskriven text från arkiv: Kommerskollegium, från serie: Sjöpasshandlingar, daterat: 1822..
A0075778_00110.jpg	TEXT	En arkivsida med löpande text bestående av blandade stilar, såsom handskriven, tryckt och maskinskriven text från arkiv: Kommerskollegium, från serie: Sjöpasshandlingar, daterat: 1822..
A0075778_00112.jpg	TEXT	En arkivsida med löpande text bestående av blandade stilar, såsom handskriven, tryckt och maskinskriven text från arkiv: Kommerskollegium, från serie: Sjöpasshandlingar, daterat: 1822..
A0075778_00009.jpg	TEXT_HW	En arkivsida med löpande handskriven text i stycken från arkiv: Kommerskollegium, från serie: Sjöpasshandlingar, daterat: 1822..
A0075778_00493.jpg	TEXT	En arkivsida med löpande text bestående av blandade stilar, såsom handskriven, tryckt och maskinskriven text från arkiv: Kommerskollegium, från serie: Sjöpasshandlingar, daterat: 1822..
A0075778_00310.jpg	TEXT_HW	En arkivsida med löpande handskriven text i stycken från arkiv: Kommerskollegium, från serie: Sjöpasshandlingar, daterat: 1822..
71000556_00107.jpg	LINE_HW	En arkivsida med handskriven text organiserad i tabell- eller formulärstruktur från arkiv: Register till riksregistraturet, från serie: Adressatregister till Riksregistraturet, daterat: 1549-1551..
71000556_00131.jpg	LINE_HW	En arkivsida med handskriven text organiserad i tabell- eller formulärstruktur från arkiv: Register till riksregistraturet, från serie: Adressatregister till Riksregistraturet, daterat: 1549-1551..
71000556_00122.jpg	LINE_HW	En arkivsida med handskriven text organiserad i tabell- eller formulärstruktur från arkiv: Register till riksregistraturet, från serie: Adressatregister till Riksregistraturet, daterat: 1549-1551..
71000556_00219.jpg	MISC	En arkivsida med paratextuellt eller blandat innehåll, såsom omslag, titelblad eller annat material utanför huvudtexten från arkiv: Register till riksregistraturet, från serie: Adressatregister till Riksregistraturet, daterat: 1549-1551..
71000556_00151.jpg	LINE_HW	En arkivsida med handskriven text organiserad i tabell- eller formulärstruktur från arkiv: Register till riksregistraturet, från serie: Adressatregister till Riksregistraturet, daterat: 1549-1551..
71000556_00210.jpg	LINE_HW	En arkivsida med handskriven text organiserad i tabell- eller formulärstruktur från arkiv: Register till riksregistraturet, från serie: Adressatregister till Riksregistraturet, daterat: 1549-1551..
A0039224_00075.jpg	LINE_HW	En arkivsida med handskriven text organiserad i tabell- eller formulärstruktur från arkiv: Register till riksregistraturet, från serie: Adressatregister till Riksregistraturet, daterat: 1549-1551..
A0039224_00196.jpg	LINE_HW	En arkivsida med handskriven text organiserad i tabell- eller formulärstruktur från arkiv: Register till riksregistraturet, från serie: Adressatregister till Riksregistraturet, daterat: 1549-1551..
A0039224_00205.jpg	LINE_HW	En arkivsida med handskriven text organiserad i tabell- eller formulärstruktur från arkiv: Register till riksregistraturet, från serie: Adressatregister till Riksregistraturet, daterat: 1549-1551..
A0039224_00006.jpg	TEXT_HW	En arkivsida med löpande handskriven text i stycken från arkiv: Register till riksregistraturet, från serie: Adressatregister till Riksregistraturet, daterat: 1549-1551..
A0039224_00185.jpg	LINE_HW	En arkivsida med handskriven text organiserad i tabell- eller formulärstruktur från arkiv: Register till riksregistraturet, från serie: Adressatregister till Riksregistraturet, daterat: 1549-1551..
A0039224_00005.jpg	MISC	En arkivsida med paratextuellt eller blandat innehåll, såsom omslag, titelblad eller annat material utanför huvudtexten från arkiv: Register till riksregistraturet, från serie: Adressatregister till Riksregistraturet, daterat: 1549-1551..
A0039274_00155.jpg	LINE_HW	En arkivsida med handskriven text organiserad i tabell- eller formulärstruktur från arkiv: Register till riksregistraturet, från serie: Adressatregister till Riksregistraturet, daterat: 1662-1663..
A0039274_00208.jpg	LINE_HW	En arkivsida med handskriven text organiserad i tabell- eller formulärstruktur från arkiv: Register till riksregistraturet, från serie: Adressatregister till Riksregistraturet, daterat: 1662-1663..
A0039274_00004.jpg	MISC	En arkivsida med paratextuellt eller blandat innehåll, såsom omslag, titelblad eller annat material utanför huvudtexten från arkiv: Register till riksregistraturet, från serie: Adressatregister till Riksregistraturet, daterat: 1662-1663..
A0039274_00125.jpg	LINE_HW	En arkivsida med handskriven text organiserad i tabell- eller formulärstruktur från arkiv: Register till riksregistraturet, från serie: Adressatregister till Riksregistraturet, daterat: 1662-1663..
A0039274_00104.jpg	LINE_HW	En arkivsida med handskriven text organiserad i tabell- eller formulärstruktur från arkiv: Register till riksregistraturet, från serie: Adressatregister till Riksregistraturet, daterat: 1662-1663..
A0039274_00123.jpg	LINE_HW	En arkivsida med handskriven text organiserad i tabell- eller formulärstruktur från arkiv: Register till riksregistraturet, från serie: Adressatregister till Riksregistraturet, daterat: 1662-1663..
A0075798_00062.jpg	TEXT	En arkivsida med löpande text bestående av blandade stilar, såsom handskriven, tryckt och maskinskriven text från arkiv: Kommerskollegium, från serie: Sjöpasshandlingar, daterat: 1831..
A0075798_00069.jpg	TEXT	En arkivsida med löpande text bestående av blandade stilar, såsom handskriven, tryckt och maskinskriven text från arkiv: Kommerskollegium, från serie: Sjöpasshandlingar, daterat: 1831..
A0075798_00100.jpg	TEXT	En arkivsida med löpande text bestående av blandade stilar, såsom handskriven, tryckt och maskinskriven text från arkiv: Kommerskollegium, från serie: Sjöpasshandlingar, daterat: 1831..
A0075798_00081.jpg	TEXT	En arkivsida med löpande text bestående av blandade stilar, såsom handskriven, tryckt och maskinskriven text från arkiv: Kommerskollegium, från serie: Sjöpasshandlingar, daterat: 1831..
A0075798_00295.jpg	MISC	En arkivsida med paratextuellt eller blandat innehåll, såsom omslag, titelblad eller annat material utanför huvudtexten från arkiv: Kommerskollegium, från serie: Sjöpasshandlingar, daterat: 1831..
A0075798_00156.jpg	TEXT	En arkivsida med löpande text bestående av blandade stilar, såsom handskriven, tryckt och maskinskriven text från arkiv: Kommerskollegium, från serie: Sjöpasshandlingar, daterat: 1831..
A0039316_00167.jpg	LINE_HW	En arkivsida med handskriven text organiserad i tabell- eller formulärstruktur från arkiv: Register till riksregistraturet, från serie: Adressatregister till Riksregistraturet, daterat: 1712..
A0039316_00061.jpg	LINE_HW	En arkivsida med handskriven text organiserad i tabell- eller formulärstruktur från arkiv: Register till riksregistraturet, från serie: Adressatregister till Riksregistraturet, daterat: 1712..
A0039316_00135.jpg	LINE_HW	En arkivsida med handskriven text organiserad i tabell- eller formulärstruktur från arkiv: Register till riksregistraturet, från serie: Adressatregister till Riksregistraturet, daterat: 1712..
A0039316_00015.jpg	LINE_HW	En arkivsida med handskriven text organiserad i tabell- eller formulärstruktur från arkiv: Register till riksregistraturet, från serie: Adressatregister till Riksregistraturet, daterat: 1712..
A0039316_00079.jpg	MISC	En arkivsida med paratextuellt eller blandat innehåll, såsom omslag, titelblad eller annat material utanför huvudtexten från arkiv: Register till riksregistraturet, från serie: Adressatregister till Riksregistraturet, daterat: 1712..
A0039316_00111.jpg	LINE_HW	En arkivsida med handskriven text organiserad i tabell- eller formulärstruktur från arkiv: Register till riksregistraturet, från serie: Adressatregister till Riksregistraturet, daterat: 1712..
A0039206_00087.jpg	TEXT_HW	En arkivsida med löpande handskriven text i stycken från arkiv: Titularregister till riksregistraturet, från serie: Titularregister till riksregistraturet, daterat: 1686..
A0039206_00168.jpg	TEXT_HW	En arkivsida med löpande handskriven text i stycken från arkiv: Titularregister till riksregistraturet, från serie: Titularregister till riksregistraturet, daterat: 1686..
A0039206_00015.jpg	TEXT_HW	En arkivsida med löpande handskriven text i stycken från arkiv: Titularregister till riksregistraturet, från serie: Titularregister till riksregistraturet, daterat: 1686..
A0039206_00035.jpg	TEXT_HW	En arkivsida med löpande handskriven text i stycken från arkiv: Titularregister till riksregistraturet, från serie: Titularregister till riksregistraturet, daterat: 1686..
A0039206_00189.jpg	TEXT_HW	En arkivsida med löpande handskriven text i stycken från arkiv: Titularregister till riksregistraturet, från serie: Titularregister till riksregistraturet, daterat: 1686..
A0039206_00101.jpg	TEXT_HW	En arkivsida med löpande handskriven text i stycken från arkiv: Titularregister till riksregistraturet, från serie: Titularregister till riksregistraturet, daterat: 1686..
40008950_00106.jpg	LINE_HW	En arkivsida med handskriven text organiserad i tabell- eller formulärstruktur från arkiv: Kommerskollegium, från serie: Andra serien, daterat: 1841-1841..
40008950_00168.jpg	LINE_HW	En arkivsida med handskriven text organiserad i tabell- eller formulärstruktur från arkiv: Kommerskollegium, från serie: Andra serien, daterat: 1841-1841..
40008950_00688.jpg	LINE_HW	En arkivsida med handskriven text organiserad i tabell- eller formulärstruktur från arkiv: Kommerskollegium, från serie: Andra serien, daterat: 1841-1841..
40008950_00531.jpg	LINE_HW	En arkivsida med handskriven text organiserad i tabell- eller formulärstruktur från arkiv: Kommerskollegium, från serie: Andra serien, daterat: 1841-1841..
40008950_00147.jpg	LINE_HW	En arkivsida med handskriven text organiserad i tabell- eller formulärstruktur från arkiv: Kommerskollegium, från serie: Andra serien, daterat: 1841-1841..
40008950_00329.jpg	LINE_HW	En arkivsida med handskriven text organiserad i tabell- eller formulärstruktur från arkiv: Kommerskollegium, från serie: Andra serien, daterat: 1841-1841..
A0076643_00602.jpg	LINE_HW	En arkivsida med handskriven text organiserad i tabell- eller formulärstruktur från arkiv: Kommerskollegium, från serie: Andra serien, daterat: 1841-1841..
A0076643_00259.jpg	LINE_HW	En arkivsida med handskriven text organiserad i tabell- eller formulärstruktur från arkiv: Kommerskollegium, från serie: Andra serien, daterat: 1841-1841..
A0076643_00701.jpg	LINE_HW	En arkivsida med handskriven text organiserad i tabell- eller formulärstruktur från arkiv: Kommerskollegium, från serie: Andra serien, daterat: 1841-1841..
A0076643_00350.jpg	LINE_HW	En arkivsida med handskriven text organiserad i tabell- eller formulärstruktur från arkiv: Kommerskollegium, från serie: Andra serien, daterat: 1841-1841..
A0076643_00367.jpg	LINE_HW	En arkivsida med handskriven text organiserad i tabell- eller formulärstruktur från arkiv: Kommerskollegium, från serie: Andra serien, daterat: 1841-1841..
A0076643_00312.jpg	LINE_HW	En arkivsida med handskriven text organiserad i tabell- eller formulärstruktur från arkiv: Kommerskollegium, från serie: Andra serien, daterat: 1841-1841..
A0075922_00178.jpg	TEXT	En arkivsida med löpande text bestående av blandade stilar, såsom handskriven, tryckt och maskinskriven text från arkiv: Kommerskollegium, från serie: Fribrevshandlingar, daterat: 1793..
A0075922_00270.jpg	TEXT	En arkivsida med löpande text bestående av blandade stilar, såsom handskriven, tryckt och maskinskriven text från arkiv: Kommerskollegium, från serie: Fribrevshandlingar, daterat: 1793..
A0075922_00035.jpg	TEXT	En arkivsida med löpande text bestående av blandade stilar, såsom handskriven, tryckt och maskinskriven text från arkiv: Kommerskollegium, från serie: Fribrevshandlingar, daterat: 1793..
A0075922_00233.jpg	TEXT_HW	En arkivsida med löpande handskriven text i stycken från arkiv: Kommerskollegium, från serie: Fribrevshandlingar, daterat: 1793..
A0075922_00129.jpg	TEXT	En arkivsida med löpande text bestående av blandade stilar, såsom handskriven, tryckt och maskinskriven text från arkiv: Kommerskollegium, från serie: Fribrevshandlingar, daterat: 1793..
A0075922_00072.jpg	TEXT_HW	En arkivsida med löpande handskriven text i stycken från arkiv: Kommerskollegium, från serie: Fribrevshandlingar, daterat: 1793..
30004012_01474.jpg	LINE_MIX	En arkivsida i tabell- eller formulärlayout med blandade textstilar, inklusive handskriven, tryckt och maskinskriven text från arkiv: Kommerskollegium, från serie: Uppgifter om arbetskraft och drivkraft, daterat: 1908..
30004012_00416.jpg	LINE_TP	En arkivsida med tryckt eller maskinskriven text organiserad i tabell- eller formulärstruktur från arkiv: Kommerskollegium, från serie: Uppgifter om arbetskraft och drivkraft, daterat: 1908..
30004012_01852.jpg	LINE_TP	En arkivsida med tryckt eller maskinskriven text organiserad i tabell- eller formulärstruktur från arkiv: Kommerskollegium, från serie: Uppgifter om arbetskraft och drivkraft, daterat: 1908..
30004012_01271.jpg	LINE_MIX	En arkivsida i tabell- eller formulärlayout med blandade textstilar, inklusive handskriven, tryckt och maskinskriven text från arkiv: Kommerskollegium, från serie: Uppgifter om arbetskraft och drivkraft, daterat: 1908..
30004012_00410.jpg	LINE_TP	En arkivsida med tryckt eller maskinskriven text organiserad i tabell- eller formulärstruktur från arkiv: Kommerskollegium, från serie: Uppgifter om arbetskraft och drivkraft, daterat: 1908..
30004012_00795.jpg	LINE_MIX	En arkivsida i tabell- eller formulärlayout med blandade textstilar, inklusive handskriven, tryckt och maskinskriven text från arkiv: Kommerskollegium, från serie: Uppgifter om arbetskraft och drivkraft, daterat: 1908..
A0075644_00024.jpg	LINE_HW	En arkivsida med handskriven text organiserad i tabell- eller formulärstruktur från arkiv: Kommerskollegium, från serie: Fribrevsdiarier, daterat: 1779..
A0075644_00084.jpg	LINE_HW	En arkivsida med handskriven text organiserad i tabell- eller formulärstruktur från arkiv: Kommerskollegium, från serie: Fribrevsdiarier, daterat: 1779..
A0075644_00053.jpg	LINE_HW	En arkivsida med handskriven text organiserad i tabell- eller formulärstruktur från arkiv: Kommerskollegium, från serie: Fribrevsdiarier, daterat: 1779..
A0075644_00163.jpg	LINE_HW	En arkivsida med handskriven text organiserad i tabell- eller formulärstruktur från arkiv: Kommerskollegium, från serie: Fribrevsdiarier, daterat: 1779..
A0075644_00099.jpg	LINE_HW	En arkivsida med handskriven text organiserad i tabell- eller formulärstruktur från arkiv: Kommerskollegium, från serie: Fribrevsdiarier, daterat: 1779..
A0075644_00059.jpg	LINE_HW	En arkivsida med handskriven text organiserad i tabell- eller formulärstruktur från arkiv: Kommerskollegium, från serie: Fribrevsdiarier, daterat: 1779..
40008940_00411.jpg	LINE_HW	En arkivsida med handskriven text organiserad i tabell- eller formulärstruktur från arkiv: Kommerskollegium, från serie: Första serien, daterat: 1770-1770..
40008940_00800.jpg	LINE_HW	En arkivsida med handskriven text organiserad i tabell- eller formulärstruktur från arkiv: Kommerskollegium, från serie: Första serien, daterat: 1770-1770..
40008940_00443.jpg	LINE_HW	En arkivsida med handskriven text organiserad i tabell- eller formulärstruktur från arkiv: Kommerskollegium, från serie: Första serien, daterat: 1770-1770..
40008940_00870.jpg	LINE_HW	En arkivsida med handskriven text organiserad i tabell- eller formulärstruktur från arkiv: Kommerskollegium, från serie: Första serien, daterat: 1770-1770..
40008940_00479.jpg	LINE_HW	En arkivsida med handskriven text organiserad i tabell- eller formulärstruktur från arkiv: Kommerskollegium, från serie: Första serien, daterat: 1770-1770..
40008940_00375.jpg	LINE_HW	En arkivsida med handskriven text organiserad i tabell- eller formulärstruktur från arkiv: Kommerskollegium, från serie: Första serien, daterat: 1770-1770..
A0076545_00408.jpg	LINE_HW	En arkivsida med handskriven text organiserad i tabell- eller formulärstruktur från arkiv: Kommerskollegium, från serie: Första serien, daterat: 1770-1770..
A0076545_00504.jpg	LINE_HW	En arkivsida med handskriven text organiserad i tabell- eller formulärstruktur från arkiv: Kommerskollegium, från serie: Första serien, daterat: 1770-1770..
A0076545_00582.jpg	TEXT_HW	En arkivsida med löpande handskriven text i stycken från arkiv: Kommerskollegium, från serie: Första serien, daterat: 1770-1770..
A0076545_00413.jpg	LINE_HW	En arkivsida med handskriven text organiserad i tabell- eller formulärstruktur från arkiv: Kommerskollegium, från serie: Första serien, daterat: 1770-1770..
A0076545_00745.jpg	LINE_HW	En arkivsida med handskriven text organiserad i tabell- eller formulärstruktur från arkiv: Kommerskollegium, från serie: Första serien, daterat: 1770-1770..
A0076545_00575.jpg	LINE_HW	En arkivsida med handskriven text organiserad i tabell- eller formulärstruktur från arkiv: Kommerskollegium, från serie: Första serien, daterat: 1770-1770..
30004020_01564.jpg	LINE_MIX	En arkivsida i tabell- eller formulärlayout med blandade textstilar, inklusive handskriven, tryckt och maskinskriven text från arkiv: Kommerskollegium, från serie: Uppgifter om arbetskraft och drivkraft, daterat: 1911..
30004020_01099.jpg	LINE_MIX	En arkivsida i tabell- eller formulärlayout med blandade textstilar, inklusive handskriven, tryckt och maskinskriven text från arkiv: Kommerskollegium, från serie: Uppgifter om arbetskraft och drivkraft, daterat: 1911..
30004020_00408.jpg	LINE_MIX	En arkivsida i tabell- eller formulärlayout med blandade textstilar, inklusive handskriven, tryckt och maskinskriven text från arkiv: Kommerskollegium, från serie: Uppgifter om arbetskraft och drivkraft, daterat: 1911..
30004020_01377.jpg	LINE_MIX	En arkivsida i tabell- eller formulärlayout med blandade textstilar, inklusive handskriven, tryckt och maskinskriven text från arkiv: Kommerskollegium, från serie: Uppgifter om arbetskraft och drivkraft, daterat: 1911..
30004020_01468.jpg	LINE_MIX	En arkivsida i tabell- eller formulärlayout med blandade textstilar, inklusive handskriven, tryckt och maskinskriven text från arkiv: Kommerskollegium, från serie: Uppgifter om arbetskraft och drivkraft, daterat: 1911..
30004020_00687.jpg	LINE_MIX	En arkivsida i tabell- eller formulärlayout med blandade textstilar, inklusive handskriven, tryckt och maskinskriven text från arkiv: Kommerskollegium, från serie: Uppgifter om arbetskraft och drivkraft, daterat: 1911..
30004021_01339.jpg	LINE_TP	En arkivsida med tryckt eller maskinskriven text organiserad i tabell- eller formulärstruktur från arkiv: Kommerskollegium, från serie: Uppgifter om arbetskraft och drivkraft, daterat: 1911..
30004021_01570.jpg	LINE_MIX	En arkivsida i tabell- eller formulärlayout med blandade textstilar, inklusive handskriven, tryckt och maskinskriven text från arkiv: Kommerskollegium, från serie: Uppgifter om arbetskraft och drivkraft, daterat: 1911..
30004021_01448.jpg	LINE_MIX	En arkivsida i tabell- eller formulärlayout med blandade textstilar, inklusive handskriven, tryckt och maskinskriven text från arkiv: Kommerskollegium, från serie: Uppgifter om arbetskraft och drivkraft, daterat: 1911..
30004021_01656.jpg	LINE_MIX	En arkivsida i tabell- eller formulärlayout med blandade textstilar, inklusive handskriven, tryckt och maskinskriven text från arkiv: Kommerskollegium, från serie: Uppgifter om arbetskraft och drivkraft, daterat: 1911..
30004021_00239.jpg	LINE_TP	En arkivsida med tryckt eller maskinskriven text organiserad i tabell- eller formulärstruktur från arkiv: Kommerskollegium, från serie: Uppgifter om arbetskraft och drivkraft, daterat: 1911..
30004021_00262.jpg	LINE_MIX	En arkivsida i tabell- eller formulärlayout med blandade textstilar, inklusive handskriven, tryckt och maskinskriven text från arkiv: Kommerskollegium, från serie: Uppgifter om arbetskraft och drivkraft, daterat: 1911..
A0076019_00202.jpg	TEXT	En arkivsida med löpande text bestående av blandade stilar, såsom handskriven, tryckt och maskinskriven text från arkiv: Kommerskollegium, från serie: Fribrevshandlingar, daterat: 1794..
A0076019_00213.jpg	TEXT	En arkivsida med löpande text bestående av blandade stilar, såsom handskriven, tryckt och maskinskriven text från arkiv: Kommerskollegium, från serie: Fribrevshandlingar, daterat: 1794..
A0076019_00177.jpg	TEXT	En arkivsida med löpande text bestående av blandade stilar, såsom handskriven, tryckt och maskinskriven text från arkiv: Kommerskollegium, från serie: Fribrevshandlingar, daterat: 1794..
A0076019_00128.jpg	TEXT	En arkivsida med löpande text bestående av blandade stilar, såsom handskriven, tryckt och maskinskriven text från arkiv: Kommerskollegium, från serie: Fribrevshandlingar, daterat: 1794..
A0076019_00287.jpg	TEXT	En arkivsida med löpande text bestående av blandade stilar, såsom handskriven, tryckt och maskinskriven text från arkiv: Kommerskollegium, från serie: Fribrevshandlingar, daterat: 1794..
A0076019_00121.jpg	TEXT	En arkivsida med löpande text bestående av blandade stilar, såsom handskriven, tryckt och maskinskriven text från arkiv: Kommerskollegium, från serie: Fribrevshandlingar, daterat: 1794..
A0075784_00322.jpg	TEXT	En arkivsida med löpande text bestående av blandade stilar, såsom handskriven, tryckt och maskinskriven text från arkiv: Kommerskollegium, från serie: Sjöpasshandlingar, daterat: 1824..
A0075784_00337.jpg	TEXT	En arkivsida med löpande text bestående av blandade stilar, såsom handskriven, tryckt och maskinskriven text från arkiv: Kommerskollegium, från serie: Sjöpasshandlingar, daterat: 1824..
A0075784_00175.jpg	TEXT	En arkivsida med löpande text bestående av blandade stilar, såsom handskriven, tryckt och maskinskriven text från arkiv: Kommerskollegium, från serie: Sjöpasshandlingar, daterat: 1824..
A0075784_00033.jpg	TEXT_HW	En arkivsida med löpande handskriven text i stycken från arkiv: Kommerskollegium, från serie: Sjöpasshandlingar, daterat: 1824..
A0075784_00254.jpg	TEXT	En arkivsida med löpande text bestående av blandade stilar, såsom handskriven, tryckt och maskinskriven text från arkiv: Kommerskollegium, från serie: Sjöpasshandlingar, daterat: 1824..
A0075784_00008.jpg	TEXT	En arkivsida med löpande text bestående av blandade stilar, såsom handskriven, tryckt och maskinskriven text från arkiv: Kommerskollegium, från serie: Sjöpasshandlingar, daterat: 1824..
A0039228_00276.jpg	LINE_HW	En arkivsida med handskriven text organiserad i tabell- eller formulärstruktur från arkiv: Register till riksregistraturet, från serie: Adressatregister till Riksregistraturet, daterat: 1565-1568..
A0039228_00135.jpg	LINE_HW	En arkivsida med handskriven text organiserad i tabell- eller formulärstruktur från arkiv: Register till riksregistraturet, från serie: Adressatregister till Riksregistraturet, daterat: 1565-1568..
A0039228_00281.jpg	LINE_HW	En arkivsida med handskriven text organiserad i tabell- eller formulärstruktur från arkiv: Register till riksregistraturet, från serie: Adressatregister till Riksregistraturet, daterat: 1565-1568..
A0039228_00444.jpg	LINE_HW	En arkivsida med handskriven text organiserad i tabell- eller formulärstruktur från arkiv: Register till riksregistraturet, från serie: Adressatregister till Riksregistraturet, daterat: 1565-1568..
A0039228_00289.jpg	LINE_HW	En arkivsida med handskriven text organiserad i tabell- eller formulärstruktur från arkiv: Register till riksregistraturet, från serie: Adressatregister till Riksregistraturet, daterat: 1565-1568..
A0039228_00006.jpg	LINE_HW	En arkivsida med handskriven text organiserad i tabell- eller formulärstruktur från arkiv: Register till riksregistraturet, från serie: Adressatregister till Riksregistraturet, daterat: 1565-1568..
A0075828_00344.jpg	TEXT	En arkivsida med löpande text bestående av blandade stilar, såsom handskriven, tryckt och maskinskriven text från arkiv: Kommerskollegium, från serie: Fribrevshandlingar, daterat: 1781..
A0075828_00358.jpg	TEXT	En arkivsida med löpande text bestående av blandade stilar, såsom handskriven, tryckt och maskinskriven text från arkiv: Kommerskollegium, från serie: Fribrevshandlingar, daterat: 1781..
A0075828_00160.jpg	TEXT	En arkivsida med löpande text bestående av blandade stilar, såsom handskriven, tryckt och maskinskriven text från arkiv: Kommerskollegium, från serie: Fribrevshandlingar, daterat: 1781..
A0075828_00152.jpg	TEXT	En arkivsida med löpande text bestående av blandade stilar, såsom handskriven, tryckt och maskinskriven text från arkiv: Kommerskollegium, från serie: Fribrevshandlingar, daterat: 1781..
A0075828_00067.jpg	TEXT_HW	En arkivsida med löpande handskriven text i stycken från arkiv: Kommerskollegium, från serie: Fribrevshandlingar, daterat: 1781..
A0075828_00298.jpg	TEXT_HW	En arkivsida med löpande handskriven text i stycken från arkiv: Kommerskollegium, från serie: Fribrevshandlingar, daterat: 1781..
R0001859_00001.jpg	DRAW	En arkivsida som innehåller en ritning, karta, skiss eller schematisk illustration, ibland placerad i tabell- eller formulärlayout från arkiv: Kommerskollegium, från serie: Sala Silvergruva, daterat: 1695..
30004017_00683.jpg	LINE_MIX	En arkivsida i tabell- eller formulärlayout med blandade textstilar, inklusive handskriven, tryckt och maskinskriven text från arkiv: Kommerskollegium, från serie: Uppgifter om arbetskraft och drivkraft, daterat: 1910..
30004017_00299.jpg	LINE_TP	En arkivsida med tryckt eller maskinskriven text organiserad i tabell- eller formulärstruktur från arkiv: Kommerskollegium, från serie: Uppgifter om arbetskraft och drivkraft, daterat: 1910..
30004017_00884.jpg	LINE_MIX	En arkivsida i tabell- eller formulärlayout med blandade textstilar, inklusive handskriven, tryckt och maskinskriven text från arkiv: Kommerskollegium, från serie: Uppgifter om arbetskraft och drivkraft, daterat: 1910..
30004017_01019.jpg	LINE_MIX	En arkivsida i tabell- eller formulärlayout med blandade textstilar, inklusive handskriven, tryckt och maskinskriven text från arkiv: Kommerskollegium, från serie: Uppgifter om arbetskraft och drivkraft, daterat: 1910..
30004017_00970.jpg	LINE_MIX	En arkivsida i tabell- eller formulärlayout med blandade textstilar, inklusive handskriven, tryckt och maskinskriven text från arkiv: Kommerskollegium, från serie: Uppgifter om arbetskraft och drivkraft, daterat: 1910..
30004017_00692.jpg	LINE_MIX	En arkivsida i tabell- eller formulärlayout med blandade textstilar, inklusive handskriven, tryckt och maskinskriven text från arkiv: Kommerskollegium, från serie: Uppgifter om arbetskraft och drivkraft, daterat: 1910..
A0039207_00138.jpg	LINE_HW	En arkivsida med handskriven text organiserad i tabell- eller formulärstruktur från arkiv: Titularregister till riksregistraturet, från serie: Titularregister till riksregistraturet, daterat: 1687-1690..
A0039207_00040.jpg	LINE_HW	En arkivsida med handskriven text organiserad i tabell- eller formulärstruktur från arkiv: Titularregister till riksregistraturet, från serie: Titularregister till riksregistraturet, daterat: 1687-1690..
A0039207_00083.jpg	LINE_HW	En arkivsida med handskriven text organiserad i tabell- eller formulärstruktur från arkiv: Titularregister till riksregistraturet, från serie: Titularregister till riksregistraturet, daterat: 1687-1690..
A0039207_00166.jpg	LINE_HW	En arkivsida med handskriven text organiserad i tabell- eller formulärstruktur från arkiv: Titularregister till riksregistraturet, från serie: Titularregister till riksregistraturet, daterat: 1687-1690..
A0039207_00005.jpg	MISC	En arkivsida med paratextuellt eller blandat innehåll, såsom omslag, titelblad eller annat material utanför huvudtexten från arkiv: Titularregister till riksregistraturet, från serie: Titularregister till riksregistraturet, daterat: 1687-1690..
A0039207_00056.jpg	LINE_HW	En arkivsida med handskriven text organiserad i tabell- eller formulärstruktur från arkiv: Titularregister till riksregistraturet, från serie: Titularregister till riksregistraturet, daterat: 1687-1690..
A0039248_00064.jpg	LINE_HW	En arkivsida med handskriven text organiserad i tabell- eller formulärstruktur från arkiv: Register till riksregistraturet, från serie: Adressatregister till Riksregistraturet, daterat: 1615..
A0039248_00042.jpg	LINE_HW	En arkivsida med handskriven text organiserad i tabell- eller formulärstruktur från arkiv: Register till riksregistraturet, från serie: Adressatregister till Riksregistraturet, daterat: 1615..
A0039248_00006.jpg	LINE_HW	En arkivsida med handskriven text organiserad i tabell- eller formulärstruktur från arkiv: Register till riksregistraturet, från serie: Adressatregister till Riksregistraturet, daterat: 1615..
A0039248_00080.jpg	MISC	En arkivsida med paratextuellt eller blandat innehåll, såsom omslag, titelblad eller annat material utanför huvudtexten från arkiv: Register till riksregistraturet, från serie: Adressatregister till Riksregistraturet, daterat: 1615..
A0039248_00063.jpg	LINE_HW	En arkivsida med handskriven text organiserad i tabell- eller formulärstruktur från arkiv: Register till riksregistraturet, från serie: Adressatregister till Riksregistraturet, daterat: 1615..
A0039248_00021.jpg	LINE_HW	En arkivsida med handskriven text organiserad i tabell- eller formulärstruktur från arkiv: Register till riksregistraturet, från serie: Adressatregister till Riksregistraturet, daterat: 1615..
A0039231_00241.jpg	LINE_HW	En arkivsida med handskriven text organiserad i tabell- eller formulärstruktur från arkiv: Register till riksregistraturet, från serie: Adressatregister till Riksregistraturet, daterat: 1577-1580..
A0039231_00207.jpg	LINE_HW	En arkivsida med handskriven text organiserad i tabell- eller formulärstruktur från arkiv: Register till riksregistraturet, från serie: Adressatregister till Riksregistraturet, daterat: 1577-1580..
A0039231_00334.jpg	LINE_HW	En arkivsida med handskriven text organiserad i tabell- eller formulärstruktur från arkiv: Register till riksregistraturet, från serie: Adressatregister till Riksregistraturet, daterat: 1577-1580..
A0039231_00050.jpg	LINE_HW	En arkivsida med handskriven text organiserad i tabell- eller formulärstruktur från arkiv: Register till riksregistraturet, från serie: Adressatregister till Riksregistraturet, daterat: 1577-1580..
A0039231_00117.jpg	LINE_HW	En arkivsida med handskriven text organiserad i tabell- eller formulärstruktur från arkiv: Register till riksregistraturet, från serie: Adressatregister till Riksregistraturet, daterat: 1577-1580..
A0039231_00153.jpg	LINE_HW	En arkivsida med handskriven text organiserad i tabell- eller formulärstruktur från arkiv: Register till riksregistraturet, från serie: Adressatregister till Riksregistraturet, daterat: 1577-1580..
A0075776_00171.jpg	TEXT	En arkivsida med löpande text bestående av blandade stilar, såsom handskriven, tryckt och maskinskriven text från arkiv: Kommerskollegium, från serie: Sjöpasshandlingar, daterat: 1821..
A0075776_00158.jpg	TEXT	En arkivsida med löpande text bestående av blandade stilar, såsom handskriven, tryckt och maskinskriven text från arkiv: Kommerskollegium, från serie: Sjöpasshandlingar, daterat: 1821..
A0075776_00003.jpg	MISC	En arkivsida med paratextuellt eller blandat innehåll, såsom omslag, titelblad eller annat material utanför huvudtexten från arkiv: Kommerskollegium, från serie: Sjöpasshandlingar, daterat: 1821..
A0075776_00024.jpg	TEXT	En arkivsida med löpande text bestående av blandade stilar, såsom handskriven, tryckt och maskinskriven text från arkiv: Kommerskollegium, från serie: Sjöpasshandlingar, daterat: 1821..
A0075776_00122.jpg	TEXT	En arkivsida med löpande text bestående av blandade stilar, såsom handskriven, tryckt och maskinskriven text från arkiv: Kommerskollegium, från serie: Sjöpasshandlingar, daterat: 1821..
A0075776_00121.jpg	TEXT	En arkivsida med löpande text bestående av blandade stilar, såsom handskriven, tryckt och maskinskriven text från arkiv: Kommerskollegium, från serie: Sjöpasshandlingar, daterat: 1821..
A0039289_00027.jpg	LINE_HW	En arkivsida med handskriven text organiserad i tabell- eller formulärstruktur från arkiv: Register till riksregistraturet, från serie: Adressatregister till Riksregistraturet, daterat: 1682..
A0039289_00042.jpg	LINE_HW	En arkivsida med handskriven text organiserad i tabell- eller formulärstruktur från arkiv: Register till riksregistraturet, från serie: Adressatregister till Riksregistraturet, daterat: 1682..
A0039289_00007.jpg	LINE_HW	En arkivsida med handskriven text organiserad i tabell- eller formulärstruktur från arkiv: Register till riksregistraturet, från serie: Adressatregister till Riksregistraturet, daterat: 1682..
A0039289_00090.jpg	LINE_HW	En arkivsida med handskriven text organiserad i tabell- eller formulärstruktur från arkiv: Register till riksregistraturet, från serie: Adressatregister till Riksregistraturet, daterat: 1682..
A0039289_00166.jpg	LINE_HW	En arkivsida med handskriven text organiserad i tabell- eller formulärstruktur från arkiv: Register till riksregistraturet, från serie: Adressatregister till Riksregistraturet, daterat: 1682..
A0039289_00025.jpg	LINE_HW	En arkivsida med handskriven text organiserad i tabell- eller formulärstruktur från arkiv: Register till riksregistraturet, från serie: Adressatregister till Riksregistraturet, daterat: 1682..
30004314_00411.jpg	LINE_TP	En arkivsida med tryckt eller maskinskriven text organiserad i tabell- eller formulärstruktur från arkiv: Kommerskollegium, från serie: Uppgifter om arbetskraft och drivkraft, daterat: 1903..
30004314_05554.jpg	LINE_MIX	En arkivsida i tabell- eller formulärlayout med blandade textstilar, inklusive handskriven, tryckt och maskinskriven text från arkiv: Kommerskollegium, från serie: Uppgifter om arbetskraft och drivkraft, daterat: 1903..
30004314_02800.jpg	LINE_MIX	En arkivsida i tabell- eller formulärlayout med blandade textstilar, inklusive handskriven, tryckt och maskinskriven text från arkiv: Kommerskollegium, från serie: Uppgifter om arbetskraft och drivkraft, daterat: 1903..
30004314_03643.jpg	LINE_MIX	En arkivsida i tabell- eller formulärlayout med blandade textstilar, inklusive handskriven, tryckt och maskinskriven text från arkiv: Kommerskollegium, från serie: Uppgifter om arbetskraft och drivkraft, daterat: 1903..
30004314_03964.jpg	LINE_MIX	En arkivsida i tabell- eller formulärlayout med blandade textstilar, inklusive handskriven, tryckt och maskinskriven text från arkiv: Kommerskollegium, från serie: Uppgifter om arbetskraft och drivkraft, daterat: 1903..
30004314_04656.jpg	LINE_MIX	En arkivsida i tabell- eller formulärlayout med blandade textstilar, inklusive handskriven, tryckt och maskinskriven text från arkiv: Kommerskollegium, från serie: Uppgifter om arbetskraft och drivkraft, daterat: 1903..
A0039323_00078.jpg	LINE_HW	En arkivsida med handskriven text organiserad i tabell- eller formulärstruktur från arkiv: Register till riksregistraturet, från serie: Adressatregister till Riksregistraturet, daterat: 1718..
A0039323_00090.jpg	LINE_HW	En arkivsida med handskriven text organiserad i tabell- eller formulärstruktur från arkiv: Register till riksregistraturet, från serie: Adressatregister till Riksregistraturet, daterat: 1718..
A0039323_00110.jpg	LINE_HW	En arkivsida med handskriven text organiserad i tabell- eller formulärstruktur från arkiv: Register till riksregistraturet, från serie: Adressatregister till Riksregistraturet, daterat: 1718..
A0039323_00150.jpg	LINE_HW	En arkivsida med handskriven text organiserad i tabell- eller formulärstruktur från arkiv: Register till riksregistraturet, från serie: Adressatregister till Riksregistraturet, daterat: 1718..
A0039323_00005.jpg	MISC	En arkivsida med paratextuellt eller blandat innehåll, såsom omslag, titelblad eller annat material utanför huvudtexten från arkiv: Register till riksregistraturet, från serie: Adressatregister till Riksregistraturet, daterat: 1718..
A0039323_00123.jpg	LINE_HW	En arkivsida med handskriven text organiserad i tabell- eller formulärstruktur från arkiv: Register till riksregistraturet, från serie: Adressatregister till Riksregistraturet, daterat: 1718..
A0075699_00230.jpg	TEXT	En arkivsida med löpande text bestående av blandade stilar, såsom handskriven, tryckt och maskinskriven text från arkiv: Kommerskollegium, från serie: Sjöpasshandlingar, daterat: 1800..
A0075699_00260.jpg	TEXT_HW	En arkivsida med löpande handskriven text i stycken från arkiv: Kommerskollegium, från serie: Sjöpasshandlingar, daterat: 1800..
A0075699_00073.jpg	TEXT	En arkivsida med löpande text bestående av blandade stilar, såsom handskriven, tryckt och maskinskriven text från arkiv: Kommerskollegium, från serie: Sjöpasshandlingar, daterat: 1800..
A0075699_00112.jpg	TEXT	En arkivsida med löpande text bestående av blandade stilar, såsom handskriven, tryckt och maskinskriven text från arkiv: Kommerskollegium, från serie: Sjöpasshandlingar, daterat: 1800..
A0075699_00355.jpg	TEXT	En arkivsida med löpande text bestående av blandade stilar, såsom handskriven, tryckt och maskinskriven text från arkiv: Kommerskollegium, från serie: Sjöpasshandlingar, daterat: 1800..
A0075699_00116.jpg	TEXT_HW	En arkivsida med löpande handskriven text i stycken från arkiv: Kommerskollegium, från serie: Sjöpasshandlingar, daterat: 1800..
A0075780_00304.jpg	TEXT	En arkivsida med löpande text bestående av blandade stilar, såsom handskriven, tryckt och maskinskriven text från arkiv: Kommerskollegium, från serie: Sjöpasshandlingar, daterat: 1823..
A0075780_00162.jpg	TEXT	En arkivsida med löpande text bestående av blandade stilar, såsom handskriven, tryckt och maskinskriven text från arkiv: Kommerskollegium, från serie: Sjöpasshandlingar, daterat: 1823..
A0075780_00277.jpg	MISC	En arkivsida med paratextuellt eller blandat innehåll, såsom omslag, titelblad eller annat material utanför huvudtexten från arkiv: Kommerskollegium, från serie: Sjöpasshandlingar, daterat: 1823..
A0075780_00044.jpg	TEXT	En arkivsida med löpande text bestående av blandade stilar, såsom handskriven, tryckt och maskinskriven text från arkiv: Kommerskollegium, från serie: Sjöpasshandlingar, daterat: 1823..
A0075780_00331.jpg	TEXT	En arkivsida med löpande text bestående av blandade stilar, såsom handskriven, tryckt och maskinskriven text från arkiv: Kommerskollegium, från serie: Sjöpasshandlingar, daterat: 1823..
A0075780_00119.jpg	TEXT	En arkivsida med löpande text bestående av blandade stilar, såsom handskriven, tryckt och maskinskriven text från arkiv: Kommerskollegium, från serie: Sjöpasshandlingar, daterat: 1823..
30004280_00047.jpg	TEXT_TP	En arkivsida. Metadata: från arkiv: Kommerskollegium, från serie: Patentbrev kungjorda i Post- och inrikes tidningar, daterat: 1877..
30004280_00020.jpg	TEXT_TP	En arkivsida. Metadata: från arkiv: Kommerskollegium, från serie: Patentbrev kungjorda i Post- och inrikes tidningar, daterat: 1877..
30004280_00001.jpg	MISC	En arkivsida med paratextuellt eller blandat innehåll, såsom omslag, titelblad eller annat material utanför huvudtexten från arkiv: Kommerskollegium, från serie: Patentbrev kungjorda i Post- och inrikes tidningar, daterat: 1877..
30004280_00095.jpg	TEXT_TP	En arkivsida. Metadata: från arkiv: Kommerskollegium, från serie: Patentbrev kungjorda i Post- och inrikes tidningar, daterat: 1877..
30004280_00035.jpg	TEXT_TP	En arkivsida. Metadata: från arkiv: Kommerskollegium, från serie: Patentbrev kungjorda i Post- och inrikes tidningar, daterat: 1877..
30004280_00141.jpg	TEXT_TP	En arkivsida. Metadata: från arkiv: Kommerskollegium, från serie: Patentbrev kungjorda i Post- och inrikes tidningar, daterat: 1877..
A0039290_00027.jpg	LINE_HW	En arkivsida med handskriven text organiserad i tabell- eller formulärstruktur från arkiv: Register till riksregistraturet, från serie: Adressatregister till Riksregistraturet, daterat: 1683..
A0039290_00145.jpg	LINE_HW	En arkivsida med handskriven text organiserad i tabell- eller formulärstruktur från arkiv: Register till riksregistraturet, från serie: Adressatregister till Riksregistraturet, daterat: 1683..
A0039290_00078.jpg	LINE_HW	En arkivsida med handskriven text organiserad i tabell- eller formulärstruktur från arkiv: Register till riksregistraturet, från serie: Adressatregister till Riksregistraturet, daterat: 1683..
A0039290_00146.jpg	LINE_HW	En arkivsida med handskriven text organiserad i tabell- eller formulärstruktur från arkiv: Register till riksregistraturet, från serie: Adressatregister till Riksregistraturet, daterat: 1683..
A0039290_00158.jpg	LINE_HW	En arkivsida med handskriven text organiserad i tabell- eller formulärstruktur från arkiv: Register till riksregistraturet, från serie: Adressatregister till Riksregistraturet, daterat: 1683..
A0039290_00055.jpg	LINE_HW	En arkivsida med handskriven text organiserad i tabell- eller formulärstruktur från arkiv: Register till riksregistraturet, från serie: Adressatregister till Riksregistraturet, daterat: 1683..
A0075981_00360.jpg	TEXT	En arkivsida med löpande text bestående av blandade stilar, såsom handskriven, tryckt och maskinskriven text från arkiv: Kommerskollegium, från serie: Serie 1, daterat: 1836..
A0075981_00058.jpg	TEXT	En arkivsida med löpande text bestående av blandade stilar, såsom handskriven, tryckt och maskinskriven text från arkiv: Kommerskollegium, från serie: Serie 1, daterat: 1836..
A0075981_00274.jpg	TEXT	En arkivsida med löpande text bestående av blandade stilar, såsom handskriven, tryckt och maskinskriven text från arkiv: Kommerskollegium, från serie: Serie 1, daterat: 1836..
A0075981_00378.jpg	TEXT	En arkivsida med löpande text bestående av blandade stilar, såsom handskriven, tryckt och maskinskriven text från arkiv: Kommerskollegium, från serie: Serie 1, daterat: 1836..
A0075981_00063.jpg	TEXT	En arkivsida med löpande text bestående av blandade stilar, såsom handskriven, tryckt och maskinskriven text från arkiv: Kommerskollegium, från serie: Serie 1, daterat: 1836..
A0075981_00376.jpg	TEXT	En arkivsida med löpande text bestående av blandade stilar, såsom handskriven, tryckt och maskinskriven text från arkiv: Kommerskollegium, från serie: Serie 1, daterat: 1836..
A0075663_00198.jpg	LINE_HW	En arkivsida med handskriven text organiserad i tabell- eller formulärstruktur från arkiv: Kommerskollegium, från serie: Fribrevsdiarier, daterat: 1799..
A0075663_00015.jpg	LINE_HW	En arkivsida med handskriven text organiserad i tabell- eller formulärstruktur från arkiv: Kommerskollegium, från serie: Fribrevsdiarier, daterat: 1799..
A0075663_00073.jpg	LINE_HW	En arkivsida med handskriven text organiserad i tabell- eller formulärstruktur från arkiv: Kommerskollegium, från serie: Fribrevsdiarier, daterat: 1799..
A0075663_00161.jpg	LINE_HW	En arkivsida med handskriven text organiserad i tabell- eller formulärstruktur från arkiv: Kommerskollegium, från serie: Fribrevsdiarier, daterat: 1799..
A0075663_00083.jpg	LINE_HW	En arkivsida med handskriven text organiserad i tabell- eller formulärstruktur från arkiv: Kommerskollegium, från serie: Fribrevsdiarier, daterat: 1799..
A0075663_00183.jpg	LINE_HW	En arkivsida med handskriven text organiserad i tabell- eller formulärstruktur från arkiv: Kommerskollegium, från serie: Fribrevsdiarier, daterat: 1799..
A0075858_00243.jpg	TEXT	En arkivsida med löpande text bestående av blandade stilar, såsom handskriven, tryckt och maskinskriven text från arkiv: Kommerskollegium, från serie: Fribrevshandlingar, daterat: 1784..
A0075858_00321.jpg	TEXT	En arkivsida med löpande text bestående av blandade stilar, såsom handskriven, tryckt och maskinskriven text från arkiv: Kommerskollegium, från serie: Fribrevshandlingar, daterat: 1784..
A0075858_00282.jpg	TEXT	En arkivsida med löpande text bestående av blandade stilar, såsom handskriven, tryckt och maskinskriven text från arkiv: Kommerskollegium, från serie: Fribrevshandlingar, daterat: 1784..
A0075858_00288.jpg	TEXT	En arkivsida med löpande text bestående av blandade stilar, såsom handskriven, tryckt och maskinskriven text från arkiv: Kommerskollegium, från serie: Fribrevshandlingar, daterat: 1784..
A0075858_00154.jpg	TEXT	En arkivsida med löpande text bestående av blandade stilar, såsom handskriven, tryckt och maskinskriven text från arkiv: Kommerskollegium, från serie: Fribrevshandlingar, daterat: 1784..
A0075858_00339.jpg	TEXT	En arkivsida med löpande text bestående av blandade stilar, såsom handskriven, tryckt och maskinskriven text från arkiv: Kommerskollegium, från serie: Fribrevshandlingar, daterat: 1784..
A0075839_00035.jpg	TEXT	En arkivsida med löpande text bestående av blandade stilar, såsom handskriven, tryckt och maskinskriven text från arkiv: Kommerskollegium, från serie: Fribrevshandlingar, daterat: 1782..
A0075839_00294.jpg	TEXT	En arkivsida med löpande text bestående av blandade stilar, såsom handskriven, tryckt och maskinskriven text från arkiv: Kommerskollegium, från serie: Fribrevshandlingar, daterat: 1782..
A0075839_00089.jpg	TEXT	En arkivsida med löpande text bestående av blandade stilar, såsom handskriven, tryckt och maskinskriven text från arkiv: Kommerskollegium, från serie: Fribrevshandlingar, daterat: 1782..
A0075839_00022.jpg	TEXT_HW	En arkivsida med löpande handskriven text i stycken från arkiv: Kommerskollegium, från serie: Fribrevshandlingar, daterat: 1782..
A0075839_00090.jpg	TEXT	En arkivsida med löpande text bestående av blandade stilar, såsom handskriven, tryckt och maskinskriven text från arkiv: Kommerskollegium, från serie: Fribrevshandlingar, daterat: 1782..
A0075839_00147.jpg	TEXT	En arkivsida med löpande text bestående av blandade stilar, såsom handskriven, tryckt och maskinskriven text från arkiv: Kommerskollegium, från serie: Fribrevshandlingar, daterat: 1782..
A0075791_00281.jpg	TEXT	En arkivsida med löpande text bestående av blandade stilar, såsom handskriven, tryckt och maskinskriven text från arkiv: Kommerskollegium, från serie: Sjöpasshandlingar, daterat: 1828..
A0075791_00351.jpg	TEXT	En arkivsida med löpande text bestående av blandade stilar, såsom handskriven, tryckt och maskinskriven text från arkiv: Kommerskollegium, från serie: Sjöpasshandlingar, daterat: 1828..
A0075791_00179.jpg	TEXT	En arkivsida med löpande text bestående av blandade stilar, såsom handskriven, tryckt och maskinskriven text från arkiv: Kommerskollegium, från serie: Sjöpasshandlingar, daterat: 1828..
A0075791_00061.jpg	TEXT	En arkivsida med löpande text bestående av blandade stilar, såsom handskriven, tryckt och maskinskriven text från arkiv: Kommerskollegium, från serie: Sjöpasshandlingar, daterat: 1828..
A0075791_00214.jpg	TEXT	En arkivsida med löpande text bestående av blandade stilar, såsom handskriven, tryckt och maskinskriven text från arkiv: Kommerskollegium, från serie: Sjöpasshandlingar, daterat: 1828..
A0075791_00392.jpg	TEXT_HW	En arkivsida med löpande handskriven text i stycken från arkiv: Kommerskollegium, från serie: Sjöpasshandlingar, daterat: 1828..
A0039202_00024.jpg	LINE_HW	En arkivsida med handskriven text organiserad i tabell- eller formulärstruktur från arkiv: Titularregister till riksregistraturet, från serie: Titularregister till riksregistraturet, daterat: 1666-1672..
A0039202_00189.jpg	LINE_HW	En arkivsida med handskriven text organiserad i tabell- eller formulärstruktur från arkiv: Titularregister till riksregistraturet, från serie: Titularregister till riksregistraturet, daterat: 1666-1672..
A0039202_00109.jpg	LINE_HW	En arkivsida med handskriven text organiserad i tabell- eller formulärstruktur från arkiv: Titularregister till riksregistraturet, från serie: Titularregister till riksregistraturet, daterat: 1666-1672..
A0039202_00060.jpg	LINE_HW	En arkivsida med handskriven text organiserad i tabell- eller formulärstruktur från arkiv: Titularregister till riksregistraturet, från serie: Titularregister till riksregistraturet, daterat: 1666-1672..
A0039202_00269.jpg	LINE_HW	En arkivsida med handskriven text organiserad i tabell- eller formulärstruktur från arkiv: Titularregister till riksregistraturet, från serie: Titularregister till riksregistraturet, daterat: 1666-1672..
A0039202_00293.jpg	LINE_HW	En arkivsida med handskriven text organiserad i tabell- eller formulärstruktur från arkiv: Titularregister till riksregistraturet, från serie: Titularregister till riksregistraturet, daterat: 1666-1672..
A0039247_00074.jpg	LINE_HW	En arkivsida med handskriven text organiserad i tabell- eller formulärstruktur från arkiv: Register till riksregistraturet, från serie: Adressatregister till Riksregistraturet, daterat: 1614-1615..
A0039247_00212.jpg	LINE_HW	En arkivsida med handskriven text organiserad i tabell- eller formulärstruktur från arkiv: Register till riksregistraturet, från serie: Adressatregister till Riksregistraturet, daterat: 1614-1615..
A0039247_00222.jpg	LINE_HW	En arkivsida med handskriven text organiserad i tabell- eller formulärstruktur från arkiv: Register till riksregistraturet, från serie: Adressatregister till Riksregistraturet, daterat: 1614-1615..
A0039247_00114.jpg	LINE_HW	En arkivsida med handskriven text organiserad i tabell- eller formulärstruktur från arkiv: Register till riksregistraturet, från serie: Adressatregister till Riksregistraturet, daterat: 1614-1615..
A0039247_00449.jpg	LINE_HW	En arkivsida med handskriven text organiserad i tabell- eller formulärstruktur från arkiv: Register till riksregistraturet, från serie: Adressatregister till Riksregistraturet, daterat: 1614-1615..
A0039247_00353.jpg	LINE_HW	En arkivsida med handskriven text organiserad i tabell- eller formulärstruktur från arkiv: Register till riksregistraturet, från serie: Adressatregister till Riksregistraturet, daterat: 1614-1615..
A0039246_00328.jpg	LINE_HW	En arkivsida med handskriven text organiserad i tabell- eller formulärstruktur från arkiv: Register till riksregistraturet, från serie: Adressatregister till Riksregistraturet, daterat: 1612-1613..
A0039246_00024.jpg	LINE_HW	En arkivsida med handskriven text organiserad i tabell- eller formulärstruktur från arkiv: Register till riksregistraturet, från serie: Adressatregister till Riksregistraturet, daterat: 1612-1613..
A0039246_00336.jpg	LINE_HW	En arkivsida med handskriven text organiserad i tabell- eller formulärstruktur från arkiv: Register till riksregistraturet, från serie: Adressatregister till Riksregistraturet, daterat: 1612-1613..
A0039246_00174.jpg	LINE_HW	En arkivsida med handskriven text organiserad i tabell- eller formulärstruktur från arkiv: Register till riksregistraturet, från serie: Adressatregister till Riksregistraturet, daterat: 1612-1613..
A0039246_00130.jpg	LINE_HW	En arkivsida med handskriven text organiserad i tabell- eller formulärstruktur från arkiv: Register till riksregistraturet, från serie: Adressatregister till Riksregistraturet, daterat: 1612-1613..
A0039246_00184.jpg	LINE_HW	En arkivsida med handskriven text organiserad i tabell- eller formulärstruktur från arkiv: Register till riksregistraturet, från serie: Adressatregister till Riksregistraturet, daterat: 1612-1613..
A0075904_00138.jpg	TEXT	En arkivsida med löpande text bestående av blandade stilar, såsom handskriven, tryckt och maskinskriven text från arkiv: Kommerskollegium, från serie: Fribrevshandlingar, daterat: 1791..
A0075904_00043.jpg	TEXT	En arkivsida med löpande text bestående av blandade stilar, såsom handskriven, tryckt och maskinskriven text från arkiv: Kommerskollegium, från serie: Fribrevshandlingar, daterat: 1791..
A0075904_00340.jpg	TEXT	En arkivsida med löpande text bestående av blandade stilar, såsom handskriven, tryckt och maskinskriven text från arkiv: Kommerskollegium, från serie: Fribrevshandlingar, daterat: 1791..
A0075904_00203.jpg	LINE_MIX	En arkivsida i tabell- eller formulärlayout med blandade textstilar, inklusive handskriven, tryckt och maskinskriven text från arkiv: Kommerskollegium, från serie: Fribrevshandlingar, daterat: 1791..
A0075904_00349.jpg	TEXT	En arkivsida med löpande text bestående av blandade stilar, såsom handskriven, tryckt och maskinskriven text från arkiv: Kommerskollegium, från serie: Fribrevshandlingar, daterat: 1791..
A0075904_00235.jpg	TEXT	En arkivsida med löpande text bestående av blandade stilar, såsom handskriven, tryckt och maskinskriven text från arkiv: Kommerskollegium, från serie: Fribrevshandlingar, daterat: 1791..
30004011_01585.jpg	LINE_TP	En arkivsida med tryckt eller maskinskriven text organiserad i tabell- eller formulärstruktur från arkiv: Kommerskollegium, från serie: Uppgifter om arbetskraft och drivkraft, daterat: 1908..
30004011_00471.jpg	LINE_MIX	En arkivsida i tabell- eller formulärlayout med blandade textstilar, inklusive handskriven, tryckt och maskinskriven text från arkiv: Kommerskollegium, från serie: Uppgifter om arbetskraft och drivkraft, daterat: 1908..
30004011_01011.jpg	LINE_MIX	En arkivsida i tabell- eller formulärlayout med blandade textstilar, inklusive handskriven, tryckt och maskinskriven text från arkiv: Kommerskollegium, från serie: Uppgifter om arbetskraft och drivkraft, daterat: 1908..
30004011_01287.jpg	LINE_TP	En arkivsida med tryckt eller maskinskriven text organiserad i tabell- eller formulärstruktur från arkiv: Kommerskollegium, från serie: Uppgifter om arbetskraft och drivkraft, daterat: 1908..
30004011_01060.jpg	LINE_MIX	En arkivsida i tabell- eller formulärlayout med blandade textstilar, inklusive handskriven, tryckt och maskinskriven text från arkiv: Kommerskollegium, från serie: Uppgifter om arbetskraft och drivkraft, daterat: 1908..
30004011_00622.jpg	LINE_MIX	En arkivsida i tabell- eller formulärlayout med blandade textstilar, inklusive handskriven, tryckt och maskinskriven text från arkiv: Kommerskollegium, från serie: Uppgifter om arbetskraft och drivkraft, daterat: 1908..
A0075769_00286.jpg	TEXT_HW	En arkivsida med löpande handskriven text i stycken från arkiv: Kommerskollegium, från serie: Sjöpasshandlingar, daterat: 1819..
A0075769_00165.jpg	TEXT_HW	En arkivsida med löpande handskriven text i stycken från arkiv: Kommerskollegium, från serie: Sjöpasshandlingar, daterat: 1819..
A0075769_00280.jpg	TEXT	En arkivsida med löpande text bestående av blandade stilar, såsom handskriven, tryckt och maskinskriven text från arkiv: Kommerskollegium, från serie: Sjöpasshandlingar, daterat: 1819..
A0075769_00055.jpg	TEXT	En arkivsida med löpande text bestående av blandade stilar, såsom handskriven, tryckt och maskinskriven text från arkiv: Kommerskollegium, från serie: Sjöpasshandlingar, daterat: 1819..
A0075769_00229.jpg	TEXT	En arkivsida med löpande text bestående av blandade stilar, såsom handskriven, tryckt och maskinskriven text från arkiv: Kommerskollegium, från serie: Sjöpasshandlingar, daterat: 1819..
A0075769_00011.jpg	TEXT	En arkivsida med löpande text bestående av blandade stilar, såsom handskriven, tryckt och maskinskriven text från arkiv: Kommerskollegium, från serie: Sjöpasshandlingar, daterat: 1819..
A0039288_00019.jpg	LINE_HW	En arkivsida med handskriven text organiserad i tabell- eller formulärstruktur från arkiv: Register till riksregistraturet, från serie: Adressatregister till Riksregistraturet, daterat: 1681..
A0039288_00149.jpg	LINE_HW	En arkivsida med handskriven text organiserad i tabell- eller formulärstruktur från arkiv: Register till riksregistraturet, från serie: Adressatregister till Riksregistraturet, daterat: 1681..
A0039288_00003.jpg	MISC	En arkivsida med paratextuellt eller blandat innehåll, såsom omslag, titelblad eller annat material utanför huvudtexten från arkiv: Register till riksregistraturet, från serie: Adressatregister till Riksregistraturet, daterat: 1681..
A0039288_00136.jpg	LINE_HW	En arkivsida med handskriven text organiserad i tabell- eller formulärstruktur från arkiv: Register till riksregistraturet, från serie: Adressatregister till Riksregistraturet, daterat: 1681..
A0039288_00132.jpg	LINE_HW	En arkivsida med handskriven text organiserad i tabell- eller formulärstruktur från arkiv: Register till riksregistraturet, från serie: Adressatregister till Riksregistraturet, daterat: 1681..
A0039288_00114.jpg	LINE_HW	En arkivsida med handskriven text organiserad i tabell- eller formulärstruktur från arkiv: Register till riksregistraturet, från serie: Adressatregister till Riksregistraturet, daterat: 1681..
A0075714_00217.jpg	TEXT	En arkivsida med löpande text bestående av blandade stilar, såsom handskriven, tryckt och maskinskriven text från arkiv: Kommerskollegium, från serie: Sjöpasshandlingar, daterat: 1804..
A0075714_00592.jpg	TEXT_HW	En arkivsida med löpande handskriven text i stycken från arkiv: Kommerskollegium, från serie: Sjöpasshandlingar, daterat: 1804..
A0075714_00347.jpg	TEXT_HW	En arkivsida med löpande handskriven text i stycken från arkiv: Kommerskollegium, från serie: Sjöpasshandlingar, daterat: 1804..
A0075714_00537.jpg	MISC	En arkivsida med paratextuellt eller blandat innehåll, såsom omslag, titelblad eller annat material utanför huvudtexten från arkiv: Kommerskollegium, från serie: Sjöpasshandlingar, daterat: 1804..
A0075714_00259.jpg	TEXT	En arkivsida med löpande text bestående av blandade stilar, såsom handskriven, tryckt och maskinskriven text från arkiv: Kommerskollegium, från serie: Sjöpasshandlingar, daterat: 1804..
A0075714_00556.jpg	TEXT	En arkivsida med löpande text bestående av blandade stilar, såsom handskriven, tryckt och maskinskriven text från arkiv: Kommerskollegium, från serie: Sjöpasshandlingar, daterat: 1804..
30004319_00611.jpg	LINE_TP	En arkivsida med tryckt eller maskinskriven text organiserad i tabell- eller formulärstruktur från arkiv: Kommerskollegium, från serie: Uppgifter om arbetskraft och drivkraft, daterat: 1904..
30004319_05788.jpg	LINE_MIX	En arkivsida i tabell- eller formulärlayout med blandade textstilar, inklusive handskriven, tryckt och maskinskriven text från arkiv: Kommerskollegium, från serie: Uppgifter om arbetskraft och drivkraft, daterat: 1904..
30004319_03653.jpg	LINE_TP	En arkivsida med tryckt eller maskinskriven text organiserad i tabell- eller formulärstruktur från arkiv: Kommerskollegium, från serie: Uppgifter om arbetskraft och drivkraft, daterat: 1904..
30004319_04617.jpg	LINE_TP	En arkivsida med tryckt eller maskinskriven text organiserad i tabell- eller formulärstruktur från arkiv: Kommerskollegium, från serie: Uppgifter om arbetskraft och drivkraft, daterat: 1904..
30004319_01696.jpg	LINE_MIX	En arkivsida i tabell- eller formulärlayout med blandade textstilar, inklusive handskriven, tryckt och maskinskriven text från arkiv: Kommerskollegium, från serie: Uppgifter om arbetskraft och drivkraft, daterat: 1904..
30004319_04567.jpg	LINE_TP	En arkivsida med tryckt eller maskinskriven text organiserad i tabell- eller formulärstruktur från arkiv: Kommerskollegium, från serie: Uppgifter om arbetskraft och drivkraft, daterat: 1904..
A0075928_00053.jpg	LINE_HW	En arkivsida med handskriven text organiserad i tabell- eller formulärstruktur från arkiv: Kommerskollegium, från serie: Serie 1, daterat: 1836..
A0075928_00033.jpg	LINE_HW	En arkivsida med handskriven text organiserad i tabell- eller formulärstruktur från arkiv: Kommerskollegium, från serie: Serie 1, daterat: 1836..
A0075928_00026.jpg	LINE_HW	En arkivsida med handskriven text organiserad i tabell- eller formulärstruktur från arkiv: Kommerskollegium, från serie: Serie 1, daterat: 1836..
A0075928_00039.jpg	LINE_HW	En arkivsida med handskriven text organiserad i tabell- eller formulärstruktur från arkiv: Kommerskollegium, från serie: Serie 1, daterat: 1836..
A0075928_00133.jpg	LINE_HW	En arkivsida med handskriven text organiserad i tabell- eller formulärstruktur från arkiv: Kommerskollegium, från serie: Serie 1, daterat: 1836..
A0075928_00136.jpg	LINE_HW	En arkivsida med handskriven text organiserad i tabell- eller formulärstruktur från arkiv: Kommerskollegium, från serie: Serie 1, daterat: 1836..
30004010_00261.jpg	LINE_MIX	En arkivsida i tabell- eller formulärlayout med blandade textstilar, inklusive handskriven, tryckt och maskinskriven text från arkiv: Kommerskollegium, från serie: Uppgifter om arbetskraft och drivkraft, daterat: 1908..
30004010_00620.jpg	LINE_MIX	En arkivsida i tabell- eller formulärlayout med blandade textstilar, inklusive handskriven, tryckt och maskinskriven text från arkiv: Kommerskollegium, från serie: Uppgifter om arbetskraft och drivkraft, daterat: 1908..
30004010_00680.jpg	LINE_MIX	En arkivsida i tabell- eller formulärlayout med blandade textstilar, inklusive handskriven, tryckt och maskinskriven text från arkiv: Kommerskollegium, från serie: Uppgifter om arbetskraft och drivkraft, daterat: 1908..
30004010_01224.jpg	LINE_MIX	En arkivsida i tabell- eller formulärlayout med blandade textstilar, inklusive handskriven, tryckt och maskinskriven text från arkiv: Kommerskollegium, från serie: Uppgifter om arbetskraft och drivkraft, daterat: 1908..
30004010_00711.jpg	LINE_TP	En arkivsida med tryckt eller maskinskriven text organiserad i tabell- eller formulärstruktur från arkiv: Kommerskollegium, från serie: Uppgifter om arbetskraft och drivkraft, daterat: 1908..
30004010_00286.jpg	LINE_MIX	En arkivsida i tabell- eller formulärlayout med blandade textstilar, inklusive handskriven, tryckt och maskinskriven text från arkiv: Kommerskollegium, från serie: Uppgifter om arbetskraft och drivkraft, daterat: 1908..
A0075638_00128.jpg	LINE_HW	En arkivsida med handskriven text organiserad i tabell- eller formulärstruktur från arkiv: Kommerskollegium, från serie: Fribrevsdiarier, daterat: 1773..
A0075638_00099.jpg	LINE_HW	En arkivsida med handskriven text organiserad i tabell- eller formulärstruktur från arkiv: Kommerskollegium, från serie: Fribrevsdiarier, daterat: 1773..
A0075638_00051.jpg	LINE_HW	En arkivsida med handskriven text organiserad i tabell- eller formulärstruktur från arkiv: Kommerskollegium, från serie: Fribrevsdiarier, daterat: 1773..
A0075638_00077.jpg	LINE_HW	En arkivsida med handskriven text organiserad i tabell- eller formulärstruktur från arkiv: Kommerskollegium, från serie: Fribrevsdiarier, daterat: 1773..
A0075638_00010.jpg	LINE_HW	En arkivsida med handskriven text organiserad i tabell- eller formulärstruktur från arkiv: Kommerskollegium, från serie: Fribrevsdiarier, daterat: 1773..
A0075638_00114.jpg	LINE_HW	En arkivsida med handskriven text organiserad i tabell- eller formulärstruktur från arkiv: Kommerskollegium, från serie: Fribrevsdiarier, daterat: 1773..
30004272_00189.jpg	TEXT_TP	En arkivsida. Metadata: från arkiv: Kommerskollegium, från serie: Patentbrev kungjorda i Post- och inrikes tidningar, daterat: 1866-1867..
30004272_00182.jpg	TEXT_TP	En arkivsida. Metadata: från arkiv: Kommerskollegium, från serie: Patentbrev kungjorda i Post- och inrikes tidningar, daterat: 1866-1867..
30004272_00196.jpg	MISC	En arkivsida med paratextuellt eller blandat innehåll, såsom omslag, titelblad eller annat material utanför huvudtexten från arkiv: Kommerskollegium, från serie: Patentbrev kungjorda i Post- och inrikes tidningar, daterat: 1866-1867..
30004272_00083.jpg	TEXT_TP	En arkivsida. Metadata: från arkiv: Kommerskollegium, från serie: Patentbrev kungjorda i Post- och inrikes tidningar, daterat: 1866-1867..
30004272_00216.jpg	TEXT_TP	En arkivsida. Metadata: från arkiv: Kommerskollegium, från serie: Patentbrev kungjorda i Post- och inrikes tidningar, daterat: 1866-1867..
30004272_00033.jpg	TEXT_TP	En arkivsida. Metadata: från arkiv: Kommerskollegium, från serie: Patentbrev kungjorda i Post- och inrikes tidningar, daterat: 1866-1867..
90003029_00143.jpg	MISC	En arkivsida med paratextuellt eller blandat innehåll, såsom omslag, titelblad eller annat material utanför huvudtexten från arkiv: Lantmäteristyrelsen, från serie: Geometriska jordeböcker, daterat: 1694-1696..
90003029_00079.jpg	DRAW	En arkivsida som innehåller en ritning, karta, skiss eller schematisk illustration, ibland placerad i tabell- eller formulärlayout från arkiv: Lantmäteristyrelsen, från serie: Geometriska jordeböcker, daterat: 1694-1696..
90003029_00023.jpg	DRAW	En arkivsida som innehåller en ritning, karta, skiss eller schematisk illustration, ibland placerad i tabell- eller formulärlayout från arkiv: Lantmäteristyrelsen, från serie: Geometriska jordeböcker, daterat: 1694-1696..
90003029_00077.jpg	DRAW	En arkivsida som innehåller en ritning, karta, skiss eller schematisk illustration, ibland placerad i tabell- eller formulärlayout från arkiv: Lantmäteristyrelsen, från serie: Geometriska jordeböcker, daterat: 1694-1696..
90003029_00046.jpg	DRAW	En arkivsida som innehåller en ritning, karta, skiss eller schematisk illustration, ibland placerad i tabell- eller formulärlayout från arkiv: Lantmäteristyrelsen, från serie: Geometriska jordeböcker, daterat: 1694-1696..
90003029_00114.jpg	DRAW	En arkivsida som innehåller en ritning, karta, skiss eller schematisk illustration, ibland placerad i tabell- eller formulärlayout från arkiv: Lantmäteristyrelsen, från serie: Geometriska jordeböcker, daterat: 1694-1696..
A0075743_00035.jpg	TEXT_HW	En arkivsida med löpande handskriven text i stycken från arkiv: Kommerskollegium, från serie: Sjöpasshandlingar, daterat: 1813..
A0075743_00028.jpg	TEXT	En arkivsida med löpande text bestående av blandade stilar, såsom handskriven, tryckt och maskinskriven text från arkiv: Kommerskollegium, från serie: Sjöpasshandlingar, daterat: 1813..
A0075743_00320.jpg	TEXT_HW	En arkivsida med löpande handskriven text i stycken från arkiv: Kommerskollegium, från serie: Sjöpasshandlingar, daterat: 1813..
A0075743_00401.jpg	TEXT	En arkivsida med löpande text bestående av blandade stilar, såsom handskriven, tryckt och maskinskriven text från arkiv: Kommerskollegium, från serie: Sjöpasshandlingar, daterat: 1813..
A0075743_00384.jpg	TEXT_HW	En arkivsida med löpande handskriven text i stycken från arkiv: Kommerskollegium, från serie: Sjöpasshandlingar, daterat: 1813..
A0075743_00394.jpg	TEXT	En arkivsida med löpande text bestående av blandade stilar, såsom handskriven, tryckt och maskinskriven text från arkiv: Kommerskollegium, från serie: Sjöpasshandlingar, daterat: 1813..
40008964_00530.jpg	LINE_HW	En arkivsida med handskriven text organiserad i tabell- eller formulärstruktur från arkiv: Kommerskollegium, från serie: Tredje serien, daterat: 1859-1859..
40008964_00601.jpg	LINE_HW	En arkivsida med handskriven text organiserad i tabell- eller formulärstruktur från arkiv: Kommerskollegium, från serie: Tredje serien, daterat: 1859-1859..
40008964_00825.jpg	LINE_HW	En arkivsida med handskriven text organiserad i tabell- eller formulärstruktur från arkiv: Kommerskollegium, från serie: Tredje serien, daterat: 1859-1859..
40008964_00670.jpg	LINE_HW	En arkivsida med handskriven text organiserad i tabell- eller formulärstruktur från arkiv: Kommerskollegium, från serie: Tredje serien, daterat: 1859-1859..
40008964_00333.jpg	LINE_HW	En arkivsida med handskriven text organiserad i tabell- eller formulärstruktur från arkiv: Kommerskollegium, från serie: Tredje serien, daterat: 1859-1859..
40008964_00178.jpg	LINE_HW	En arkivsida med handskriven text organiserad i tabell- eller formulärstruktur från arkiv: Kommerskollegium, från serie: Tredje serien, daterat: 1859-1859..
71000716_00098.jpg	LINE_HW	En arkivsida med handskriven text organiserad i tabell- eller formulärstruktur från arkiv: Kommerskollegium, från serie: Tredje serien, daterat: 1859-1859..
71000716_00733.jpg	LINE_HW	En arkivsida med handskriven text organiserad i tabell- eller formulärstruktur från arkiv: Kommerskollegium, från serie: Tredje serien, daterat: 1859-1859..
71000716_00629.jpg	LINE_HW	En arkivsida med handskriven text organiserad i tabell- eller formulärstruktur från arkiv: Kommerskollegium, från serie: Tredje serien, daterat: 1859-1859..
71000716_00036.jpg	LINE_HW	En arkivsida med handskriven text organiserad i tabell- eller formulärstruktur från arkiv: Kommerskollegium, från serie: Tredje serien, daterat: 1859-1859..
71000716_00196.jpg	LINE_HW	En arkivsida med handskriven text organiserad i tabell- eller formulärstruktur från arkiv: Kommerskollegium, från serie: Tredje serien, daterat: 1859-1859..
71000716_00855.jpg	MISC	En arkivsida med paratextuellt eller blandat innehåll, såsom omslag, titelblad eller annat material utanför huvudtexten från arkiv: Kommerskollegium, från serie: Tredje serien, daterat: 1859-1859..
A0076693_00185.jpg	TEXT_HW	En arkivsida med löpande handskriven text i stycken från arkiv: Kommerskollegium, från serie: Tredje serien, daterat: 1859-1859..
A0076693_00399.jpg	LINE_HW	En arkivsida med handskriven text organiserad i tabell- eller formulärstruktur från arkiv: Kommerskollegium, från serie: Tredje serien, daterat: 1859-1859..
A0076693_00510.jpg	LINE_HW	En arkivsida med handskriven text organiserad i tabell- eller formulärstruktur från arkiv: Kommerskollegium, från serie: Tredje serien, daterat: 1859-1859..
A0076693_00480.jpg	LINE_HW	En arkivsida med handskriven text organiserad i tabell- eller formulärstruktur från arkiv: Kommerskollegium, från serie: Tredje serien, daterat: 1859-1859..
A0076693_00308.jpg	LINE_HW	En arkivsida med handskriven text organiserad i tabell- eller formulärstruktur från arkiv: Kommerskollegium, från serie: Tredje serien, daterat: 1859-1859..
A0076693_00391.jpg	LINE_HW	En arkivsida med handskriven text organiserad i tabell- eller formulärstruktur från arkiv: Kommerskollegium, från serie: Tredje serien, daterat: 1859-1859..
A0075703_00151.jpg	TEXT	En arkivsida med löpande text bestående av blandade stilar, såsom handskriven, tryckt och maskinskriven text från arkiv: Kommerskollegium, från serie: Sjöpasshandlingar, daterat: 1801..
A0075703_00293.jpg	TEXT	En arkivsida med löpande text bestående av blandade stilar, såsom handskriven, tryckt och maskinskriven text från arkiv: Kommerskollegium, från serie: Sjöpasshandlingar, daterat: 1801..
A0075703_00037.jpg	TEXT	En arkivsida med löpande text bestående av blandade stilar, såsom handskriven, tryckt och maskinskriven text från arkiv: Kommerskollegium, från serie: Sjöpasshandlingar, daterat: 1801..
A0075703_00153.jpg	TEXT	En arkivsida med löpande text bestående av blandade stilar, såsom handskriven, tryckt och maskinskriven text från arkiv: Kommerskollegium, från serie: Sjöpasshandlingar, daterat: 1801..
A0075703_00349.jpg	TEXT	En arkivsida med löpande text bestående av blandade stilar, såsom handskriven, tryckt och maskinskriven text från arkiv: Kommerskollegium, från serie: Sjöpasshandlingar, daterat: 1801..
A0075703_00372.jpg	TEXT_HW	En arkivsida med löpande handskriven text i stycken från arkiv: Kommerskollegium, från serie: Sjöpasshandlingar, daterat: 1801..
A0075952_00061.jpg	TEXT	En arkivsida med löpande text bestående av blandade stilar, såsom handskriven, tryckt och maskinskriven text från arkiv: Kommerskollegium, från serie: SJÖPASSHANDLINGAR, daterat: 1839..
A0075952_00079.jpg	TEXT	En arkivsida med löpande text bestående av blandade stilar, såsom handskriven, tryckt och maskinskriven text från arkiv: Kommerskollegium, från serie: SJÖPASSHANDLINGAR, daterat: 1839..
A0075952_00302.jpg	TEXT	En arkivsida med löpande text bestående av blandade stilar, såsom handskriven, tryckt och maskinskriven text från arkiv: Kommerskollegium, från serie: SJÖPASSHANDLINGAR, daterat: 1839..
A0075952_00143.jpg	TEXT	En arkivsida med löpande text bestående av blandade stilar, såsom handskriven, tryckt och maskinskriven text från arkiv: Kommerskollegium, från serie: SJÖPASSHANDLINGAR, daterat: 1839..
A0075952_00163.jpg	TEXT	En arkivsida med löpande text bestående av blandade stilar, såsom handskriven, tryckt och maskinskriven text från arkiv: Kommerskollegium, från serie: SJÖPASSHANDLINGAR, daterat: 1839..
A0075952_00269.jpg	TEXT	En arkivsida med löpande text bestående av blandade stilar, såsom handskriven, tryckt och maskinskriven text från arkiv: Kommerskollegium, från serie: SJÖPASSHANDLINGAR, daterat: 1839..
A0075709_00177.jpg	TEXT	En arkivsida med löpande text bestående av blandade stilar, såsom handskriven, tryckt och maskinskriven text från arkiv: Kommerskollegium, från serie: Sjöpasshandlingar, daterat: 1803..
A0075709_00099.jpg	MISC	En arkivsida med paratextuellt eller blandat innehåll, såsom omslag, titelblad eller annat material utanför huvudtexten från arkiv: Kommerskollegium, från serie: Sjöpasshandlingar, daterat: 1803..
A0075709_00092.jpg	TEXT_HW	En arkivsida med löpande handskriven text i stycken från arkiv: Kommerskollegium, från serie: Sjöpasshandlingar, daterat: 1803..
A0075709_00212.jpg	TEXT_HW	En arkivsida med löpande handskriven text i stycken från arkiv: Kommerskollegium, från serie: Sjöpasshandlingar, daterat: 1803..
A0075709_00300.jpg	TEXT_HW	En arkivsida med löpande handskriven text i stycken från arkiv: Kommerskollegium, från serie: Sjöpasshandlingar, daterat: 1803..
A0075709_00460.jpg	TEXT	En arkivsida med löpande text bestående av blandade stilar, såsom handskriven, tryckt och maskinskriven text från arkiv: Kommerskollegium, från serie: Sjöpasshandlingar, daterat: 1803..
A0039236_00261.jpg	LINE_HW	En arkivsida med handskriven text organiserad i tabell- eller formulärstruktur från arkiv: Register till riksregistraturet, från serie: Adressatregister till Riksregistraturet, daterat: 1595-1596..
A0039236_00051.jpg	LINE_HW	En arkivsida med handskriven text organiserad i tabell- eller formulärstruktur från arkiv: Register till riksregistraturet, från serie: Adressatregister till Riksregistraturet, daterat: 1595-1596..
A0039236_00095.jpg	LINE_HW	En arkivsida med handskriven text organiserad i tabell- eller formulärstruktur från arkiv: Register till riksregistraturet, från serie: Adressatregister till Riksregistraturet, daterat: 1595-1596..
A0039236_00319.jpg	LINE_HW	En arkivsida med handskriven text organiserad i tabell- eller formulärstruktur från arkiv: Register till riksregistraturet, från serie: Adressatregister till Riksregistraturet, daterat: 1595-1596..
A0039236_00440.jpg	LINE_HW	En arkivsida med handskriven text organiserad i tabell- eller formulärstruktur från arkiv: Register till riksregistraturet, från serie: Adressatregister till Riksregistraturet, daterat: 1595-1596..
A0039236_00035.jpg	LINE_HW	En arkivsida med handskriven text organiserad i tabell- eller formulärstruktur från arkiv: Register till riksregistraturet, från serie: Adressatregister till Riksregistraturet, daterat: 1595-1596..
R0002255_00064.jpg	LINE_MIX	En arkivsida i tabell- eller formulärlayout med blandade textstilar, inklusive handskriven, tryckt och maskinskriven text från arkiv: Kommerskollegium, från serie: Ostindiska kompaniet, daterat: 1742..
R0002255_00026.jpg	LINE_MIX	En arkivsida i tabell- eller formulärlayout med blandade textstilar, inklusive handskriven, tryckt och maskinskriven text från arkiv: Kommerskollegium, från serie: Ostindiska kompaniet, daterat: 1742..
R0002255_00035.jpg	LINE_MIX	En arkivsida i tabell- eller formulärlayout med blandade textstilar, inklusive handskriven, tryckt och maskinskriven text från arkiv: Kommerskollegium, från serie: Ostindiska kompaniet, daterat: 1742..
R0002255_00060.jpg	LINE_MIX	En arkivsida i tabell- eller formulärlayout med blandade textstilar, inklusive handskriven, tryckt och maskinskriven text från arkiv: Kommerskollegium, från serie: Ostindiska kompaniet, daterat: 1742..
R0002255_00021.jpg	LINE_MIX	En arkivsida i tabell- eller formulärlayout med blandade textstilar, inklusive handskriven, tryckt och maskinskriven text från arkiv: Kommerskollegium, från serie: Ostindiska kompaniet, daterat: 1742..
R0002255_00027.jpg	LINE_MIX	En arkivsida i tabell- eller formulärlayout med blandade textstilar, inklusive handskriven, tryckt och maskinskriven text från arkiv: Kommerskollegium, från serie: Ostindiska kompaniet, daterat: 1742..
A0076026_00160.jpg	TEXT_HW	En arkivsida med löpande handskriven text i stycken från arkiv: Kommerskollegium, från serie: Fribrevshandlingar, daterat: 1794..
A0076026_00065.jpg	TEXT	En arkivsida med löpande text bestående av blandade stilar, såsom handskriven, tryckt och maskinskriven text från arkiv: Kommerskollegium, från serie: Fribrevshandlingar, daterat: 1794..
A0076026_00125.jpg	TEXT	En arkivsida med löpande text bestående av blandade stilar, såsom handskriven, tryckt och maskinskriven text från arkiv: Kommerskollegium, från serie: Fribrevshandlingar, daterat: 1794..
A0076026_00045.jpg	TEXT	En arkivsida med löpande text bestående av blandade stilar, såsom handskriven, tryckt och maskinskriven text från arkiv: Kommerskollegium, från serie: Fribrevshandlingar, daterat: 1794..
A0076026_00013.jpg	TEXT	En arkivsida med löpande text bestående av blandade stilar, såsom handskriven, tryckt och maskinskriven text från arkiv: Kommerskollegium, från serie: Fribrevshandlingar, daterat: 1794..
A0076026_00021.jpg	TEXT	En arkivsida med löpande text bestående av blandade stilar, såsom handskriven, tryckt och maskinskriven text från arkiv: Kommerskollegium, från serie: Fribrevshandlingar, daterat: 1794..
40008955_00353.jpg	LINE_HW	En arkivsida med handskriven text organiserad i tabell- eller formulärstruktur från arkiv: Kommerskollegium, från serie: Andra serien, daterat: 1846-1846..
40008955_00497.jpg	LINE_HW	En arkivsida med handskriven text organiserad i tabell- eller formulärstruktur från arkiv: Kommerskollegium, från serie: Andra serien, daterat: 1846-1846..
40008955_00323.jpg	LINE_HW	En arkivsida med handskriven text organiserad i tabell- eller formulärstruktur från arkiv: Kommerskollegium, från serie: Andra serien, daterat: 1846-1846..
40008955_00398.jpg	LINE_HW	En arkivsida med handskriven text organiserad i tabell- eller formulärstruktur från arkiv: Kommerskollegium, från serie: Andra serien, daterat: 1846-1846..
40008955_00764.jpg	LINE_HW	En arkivsida med handskriven text organiserad i tabell- eller formulärstruktur från arkiv: Kommerskollegium, från serie: Andra serien, daterat: 1846-1846..
40008955_00078.jpg	LINE_HW	En arkivsida med handskriven text organiserad i tabell- eller formulärstruktur från arkiv: Kommerskollegium, från serie: Andra serien, daterat: 1846-1846..
A0076653_00171.jpg	LINE_HW	En arkivsida med handskriven text organiserad i tabell- eller formulärstruktur från arkiv: Kommerskollegium, från serie: Andra serien, daterat: 1846-1846..
A0076653_00125.jpg	LINE_HW	En arkivsida med handskriven text organiserad i tabell- eller formulärstruktur från arkiv: Kommerskollegium, från serie: Andra serien, daterat: 1846-1846..
A0076653_00040.jpg	LINE_HW	En arkivsida med handskriven text organiserad i tabell- eller formulärstruktur från arkiv: Kommerskollegium, från serie: Andra serien, daterat: 1846-1846..
A0076653_00526.jpg	LINE_HW	En arkivsida med handskriven text organiserad i tabell- eller formulärstruktur från arkiv: Kommerskollegium, från serie: Andra serien, daterat: 1846-1846..
A0076653_00796.jpg	LINE_HW	En arkivsida med handskriven text organiserad i tabell- eller formulärstruktur från arkiv: Kommerskollegium, från serie: Andra serien, daterat: 1846-1846..
A0076653_00554.jpg	LINE_HW	En arkivsida med handskriven text organiserad i tabell- eller formulärstruktur från arkiv: Kommerskollegium, från serie: Andra serien, daterat: 1846-1846..
30004007_00279.jpg	LINE_MIX	En arkivsida i tabell- eller formulärlayout med blandade textstilar, inklusive handskriven, tryckt och maskinskriven text från arkiv: Kommerskollegium, från serie: Uppgifter om arbetskraft och drivkraft, daterat: 1907..
30004007_00271.jpg	LINE_MIX	En arkivsida i tabell- eller formulärlayout med blandade textstilar, inklusive handskriven, tryckt och maskinskriven text från arkiv: Kommerskollegium, från serie: Uppgifter om arbetskraft och drivkraft, daterat: 1907..
30004007_01270.jpg	LINE_MIX	En arkivsida i tabell- eller formulärlayout med blandade textstilar, inklusive handskriven, tryckt och maskinskriven text från arkiv: Kommerskollegium, från serie: Uppgifter om arbetskraft och drivkraft, daterat: 1907..
30004007_00451.jpg	LINE_MIX	En arkivsida i tabell- eller formulärlayout med blandade textstilar, inklusive handskriven, tryckt och maskinskriven text från arkiv: Kommerskollegium, från serie: Uppgifter om arbetskraft och drivkraft, daterat: 1907..
30004007_00101.jpg	LINE_TP	En arkivsida med tryckt eller maskinskriven text organiserad i tabell- eller formulärstruktur från arkiv: Kommerskollegium, från serie: Uppgifter om arbetskraft och drivkraft, daterat: 1907..
30004007_00219.jpg	LINE_TP	En arkivsida med tryckt eller maskinskriven text organiserad i tabell- eller formulärstruktur från arkiv: Kommerskollegium, från serie: Uppgifter om arbetskraft och drivkraft, daterat: 1907..
A0039253_00067.jpg	LINE_HW	En arkivsida med handskriven text organiserad i tabell- eller formulärstruktur från arkiv: Register till riksregistraturet, från serie: Adressatregister till Riksregistraturet, daterat: 1622..
A0039253_00086.jpg	LINE_HW	En arkivsida med handskriven text organiserad i tabell- eller formulärstruktur från arkiv: Register till riksregistraturet, från serie: Adressatregister till Riksregistraturet, daterat: 1622..
A0039253_00104.jpg	LINE_HW	En arkivsida med handskriven text organiserad i tabell- eller formulärstruktur från arkiv: Register till riksregistraturet, från serie: Adressatregister till Riksregistraturet, daterat: 1622..
A0039253_00021.jpg	LINE_HW	En arkivsida med handskriven text organiserad i tabell- eller formulärstruktur från arkiv: Register till riksregistraturet, från serie: Adressatregister till Riksregistraturet, daterat: 1622..
A0039253_00076.jpg	LINE_HW	En arkivsida med handskriven text organiserad i tabell- eller formulärstruktur från arkiv: Register till riksregistraturet, från serie: Adressatregister till Riksregistraturet, daterat: 1622..
A0039253_00030.jpg	LINE_HW	En arkivsida med handskriven text organiserad i tabell- eller formulärstruktur från arkiv: Register till riksregistraturet, från serie: Adressatregister till Riksregistraturet, daterat: 1622..
A0039252_00130.jpg	LINE_HW	En arkivsida med handskriven text organiserad i tabell- eller formulärstruktur från arkiv: Register till riksregistraturet, från serie: Adressatregister till Riksregistraturet, daterat: 1621..
A0039252_00076.jpg	LINE_HW	En arkivsida med handskriven text organiserad i tabell- eller formulärstruktur från arkiv: Register till riksregistraturet, från serie: Adressatregister till Riksregistraturet, daterat: 1621..
A0039252_00027.jpg	LINE_HW	En arkivsida med handskriven text organiserad i tabell- eller formulärstruktur från arkiv: Register till riksregistraturet, från serie: Adressatregister till Riksregistraturet, daterat: 1621..
A0039252_00161.jpg	LINE_HW	En arkivsida med handskriven text organiserad i tabell- eller formulärstruktur från arkiv: Register till riksregistraturet, från serie: Adressatregister till Riksregistraturet, daterat: 1621..
A0039252_00022.jpg	LINE_HW	En arkivsida med handskriven text organiserad i tabell- eller formulärstruktur från arkiv: Register till riksregistraturet, från serie: Adressatregister till Riksregistraturet, daterat: 1621..
A0039252_00073.jpg	LINE_HW	En arkivsida med handskriven text organiserad i tabell- eller formulärstruktur från arkiv: Register till riksregistraturet, från serie: Adressatregister till Riksregistraturet, daterat: 1621..
30004297_00033.jpg	TEXT_HW	En arkivsida med löpande handskriven text i stycken från arkiv: Kommerskollegium, från serie: Koncept till yttranden över patentansökningar, daterat: 1857-1872..
30004297_00099.jpg	TEXT_HW	En arkivsida med löpande handskriven text i stycken från arkiv: Kommerskollegium, från serie: Koncept till yttranden över patentansökningar, daterat: 1857-1872..
30004297_00035.jpg	TEXT_HW	En arkivsida med löpande handskriven text i stycken från arkiv: Kommerskollegium, från serie: Koncept till yttranden över patentansökningar, daterat: 1857-1872..
30004297_00086.jpg	TEXT_HW	En arkivsida med löpande handskriven text i stycken från arkiv: Kommerskollegium, från serie: Koncept till yttranden över patentansökningar, daterat: 1857-1872..
30004297_00009.jpg	TEXT_HW	En arkivsida med löpande handskriven text i stycken från arkiv: Kommerskollegium, från serie: Koncept till yttranden över patentansökningar, daterat: 1857-1872..
30004297_00025.jpg	TEXT_HW	En arkivsida med löpande handskriven text i stycken från arkiv: Kommerskollegium, från serie: Koncept till yttranden över patentansökningar, daterat: 1857-1872..
A0075998_00184.jpg	TEXT	En arkivsida med löpande text bestående av blandade stilar, såsom handskriven, tryckt och maskinskriven text från arkiv: Kommerskollegium, från serie: Serie 1, daterat: 1839..
A0075998_00339.jpg	TEXT	En arkivsida med löpande text bestående av blandade stilar, såsom handskriven, tryckt och maskinskriven text från arkiv: Kommerskollegium, från serie: Serie 1, daterat: 1839..
A0075998_00394.jpg	TEXT	En arkivsida med löpande text bestående av blandade stilar, såsom handskriven, tryckt och maskinskriven text från arkiv: Kommerskollegium, från serie: Serie 1, daterat: 1839..
A0075998_00200.jpg	TEXT	En arkivsida med löpande text bestående av blandade stilar, såsom handskriven, tryckt och maskinskriven text från arkiv: Kommerskollegium, från serie: Serie 1, daterat: 1839..
A0075998_00305.jpg	TEXT	En arkivsida med löpande text bestående av blandade stilar, såsom handskriven, tryckt och maskinskriven text från arkiv: Kommerskollegium, från serie: Serie 1, daterat: 1839..
A0075998_00204.jpg	TEXT	En arkivsida med löpande text bestående av blandade stilar, såsom handskriven, tryckt och maskinskriven text från arkiv: Kommerskollegium, från serie: Serie 1, daterat: 1839..
30004008_01419.jpg	LINE_TP	En arkivsida med tryckt eller maskinskriven text organiserad i tabell- eller formulärstruktur från arkiv: Kommerskollegium, från serie: Uppgifter om arbetskraft och drivkraft, daterat: 1907..
30004008_00397.jpg	LINE_TP	En arkivsida med tryckt eller maskinskriven text organiserad i tabell- eller formulärstruktur från arkiv: Kommerskollegium, från serie: Uppgifter om arbetskraft och drivkraft, daterat: 1907..
30004008_01341.jpg	LINE_MIX	En arkivsida i tabell- eller formulärlayout med blandade textstilar, inklusive handskriven, tryckt och maskinskriven text från arkiv: Kommerskollegium, från serie: Uppgifter om arbetskraft och drivkraft, daterat: 1907..
30004008_01165.jpg	LINE_TP	En arkivsida med tryckt eller maskinskriven text organiserad i tabell- eller formulärstruktur från arkiv: Kommerskollegium, från serie: Uppgifter om arbetskraft och drivkraft, daterat: 1907..
30004008_01538.jpg	LINE_MIX	En arkivsida i tabell- eller formulärlayout med blandade textstilar, inklusive handskriven, tryckt och maskinskriven text från arkiv: Kommerskollegium, från serie: Uppgifter om arbetskraft och drivkraft, daterat: 1907..
30004008_01310.jpg	LINE_MIX	En arkivsida i tabell- eller formulärlayout med blandade textstilar, inklusive handskriven, tryckt och maskinskriven text från arkiv: Kommerskollegium, från serie: Uppgifter om arbetskraft och drivkraft, daterat: 1907..
A0075950_00125.jpg	TEXT	En arkivsida med löpande text bestående av blandade stilar, såsom handskriven, tryckt och maskinskriven text från arkiv: Kommerskollegium, från serie: SJÖPASSHANDLINGAR, daterat: 1838..
A0075950_00321.jpg	TEXT	En arkivsida med löpande text bestående av blandade stilar, såsom handskriven, tryckt och maskinskriven text från arkiv: Kommerskollegium, från serie: SJÖPASSHANDLINGAR, daterat: 1838..
A0075950_00028.jpg	TEXT	En arkivsida med löpande text bestående av blandade stilar, såsom handskriven, tryckt och maskinskriven text från arkiv: Kommerskollegium, från serie: SJÖPASSHANDLINGAR, daterat: 1838..
A0075950_00158.jpg	TEXT	En arkivsida med löpande text bestående av blandade stilar, såsom handskriven, tryckt och maskinskriven text från arkiv: Kommerskollegium, från serie: SJÖPASSHANDLINGAR, daterat: 1838..
A0075950_00211.jpg	TEXT	En arkivsida med löpande text bestående av blandade stilar, såsom handskriven, tryckt och maskinskriven text från arkiv: Kommerskollegium, från serie: SJÖPASSHANDLINGAR, daterat: 1838..
A0075950_00222.jpg	TEXT	En arkivsida med löpande text bestående av blandade stilar, såsom handskriven, tryckt och maskinskriven text från arkiv: Kommerskollegium, från serie: SJÖPASSHANDLINGAR, daterat: 1838..
A0039319_00130.jpg	LINE_HW	En arkivsida med handskriven text organiserad i tabell- eller formulärstruktur från arkiv: Register till riksregistraturet, från serie: Adressatregister till Riksregistraturet, daterat: 1714-1715..
A0039319_00037.jpg	LINE_HW	En arkivsida med handskriven text organiserad i tabell- eller formulärstruktur från arkiv: Register till riksregistraturet, från serie: Adressatregister till Riksregistraturet, daterat: 1714-1715..
A0039319_00070.jpg	LINE_HW	En arkivsida med handskriven text organiserad i tabell- eller formulärstruktur från arkiv: Register till riksregistraturet, från serie: Adressatregister till Riksregistraturet, daterat: 1714-1715..
A0039319_00234.jpg	LINE_HW	En arkivsida med handskriven text organiserad i tabell- eller formulärstruktur från arkiv: Register till riksregistraturet, från serie: Adressatregister till Riksregistraturet, daterat: 1714-1715..
A0039319_00205.jpg	LINE_HW	En arkivsida med handskriven text organiserad i tabell- eller formulärstruktur från arkiv: Register till riksregistraturet, från serie: Adressatregister till Riksregistraturet, daterat: 1714-1715..
A0039319_00085.jpg	LINE_HW	En arkivsida med handskriven text organiserad i tabell- eller formulärstruktur från arkiv: Register till riksregistraturet, från serie: Adressatregister till Riksregistraturet, daterat: 1714-1715..
A0039262_00084.jpg	LINE_HW	En arkivsida med handskriven text organiserad i tabell- eller formulärstruktur från arkiv: Register till riksregistraturet, från serie: Adressatregister till Riksregistraturet, daterat: 1634..
A0039262_00259.jpg	LINE_HW	En arkivsida med handskriven text organiserad i tabell- eller formulärstruktur från arkiv: Register till riksregistraturet, från serie: Adressatregister till Riksregistraturet, daterat: 1634..
A0039262_00005.jpg	MISC	En arkivsida med paratextuellt eller blandat innehåll, såsom omslag, titelblad eller annat material utanför huvudtexten från arkiv: Register till riksregistraturet, från serie: Adressatregister till Riksregistraturet, daterat: 1634..
A0039262_00002.jpg	MISC	En arkivsida med paratextuellt eller blandat innehåll, såsom omslag, titelblad eller annat material utanför huvudtexten från arkiv: Register till riksregistraturet, från serie: Adressatregister till Riksregistraturet, daterat: 1634..
A0039262_00256.jpg	LINE_HW	En arkivsida med handskriven text organiserad i tabell- eller formulärstruktur från arkiv: Register till riksregistraturet, från serie: Adressatregister till Riksregistraturet, daterat: 1634..
A0039262_00250.jpg	LINE_HW	En arkivsida med handskriven text organiserad i tabell- eller formulärstruktur från arkiv: Register till riksregistraturet, från serie: Adressatregister till Riksregistraturet, daterat: 1634..
A0039294_00035.jpg	LINE_HW	En arkivsida med handskriven text organiserad i tabell- eller formulärstruktur från arkiv: Register till riksregistraturet, från serie: Adressatregister till Riksregistraturet, daterat: 1687..
A0039294_00016.jpg	LINE_HW	En arkivsida med handskriven text organiserad i tabell- eller formulärstruktur från arkiv: Register till riksregistraturet, från serie: Adressatregister till Riksregistraturet, daterat: 1687..
A0039294_00067.jpg	LINE_HW	En arkivsida med handskriven text organiserad i tabell- eller formulärstruktur från arkiv: Register till riksregistraturet, från serie: Adressatregister till Riksregistraturet, daterat: 1687..
A0039294_00109.jpg	LINE_HW	En arkivsida med handskriven text organiserad i tabell- eller formulärstruktur från arkiv: Register till riksregistraturet, från serie: Adressatregister till Riksregistraturet, daterat: 1687..
A0039294_00028.jpg	LINE_HW	En arkivsida med handskriven text organiserad i tabell- eller formulärstruktur från arkiv: Register till riksregistraturet, från serie: Adressatregister till Riksregistraturet, daterat: 1687..
A0039294_00001.jpg	MISC	En arkivsida med paratextuellt eller blandat innehåll, såsom omslag, titelblad eller annat material utanför huvudtexten från arkiv: Register till riksregistraturet, från serie: Adressatregister till Riksregistraturet, daterat: 1687..
A0075968_00080.jpg	TEXT	En arkivsida med löpande text bestående av blandade stilar, såsom handskriven, tryckt och maskinskriven text från arkiv: Kommerskollegium, från serie: Serie 1, daterat: 1834..
A0075968_00101.jpg	TEXT	En arkivsida med löpande text bestående av blandade stilar, såsom handskriven, tryckt och maskinskriven text från arkiv: Kommerskollegium, från serie: Serie 1, daterat: 1834..
A0075968_00365.jpg	TEXT	En arkivsida med löpande text bestående av blandade stilar, såsom handskriven, tryckt och maskinskriven text från arkiv: Kommerskollegium, från serie: Serie 1, daterat: 1834..
A0075968_00060.jpg	TEXT	En arkivsida med löpande text bestående av blandade stilar, såsom handskriven, tryckt och maskinskriven text från arkiv: Kommerskollegium, från serie: Serie 1, daterat: 1834..
A0075968_00203.jpg	TEXT	En arkivsida med löpande text bestående av blandade stilar, såsom handskriven, tryckt och maskinskriven text från arkiv: Kommerskollegium, från serie: Serie 1, daterat: 1834..
A0075968_00082.jpg	TEXT_HW	En arkivsida med löpande handskriven text i stycken från arkiv: Kommerskollegium, från serie: Serie 1, daterat: 1834..
A0075650_00032.jpg	LINE_HW	En arkivsida med handskriven text organiserad i tabell- eller formulärstruktur från arkiv: Kommerskollegium, från serie: Fribrevsdiarier, daterat: 1785..
A0075650_00135.jpg	LINE_HW	En arkivsida med handskriven text organiserad i tabell- eller formulärstruktur från arkiv: Kommerskollegium, från serie: Fribrevsdiarier, daterat: 1785..
A0075650_00042.jpg	LINE_HW	En arkivsida med handskriven text organiserad i tabell- eller formulärstruktur från arkiv: Kommerskollegium, från serie: Fribrevsdiarier, daterat: 1785..
A0075650_00139.jpg	LINE_HW	En arkivsida med handskriven text organiserad i tabell- eller formulärstruktur från arkiv: Kommerskollegium, från serie: Fribrevsdiarier, daterat: 1785..
A0075650_00024.jpg	LINE_HW	En arkivsida med handskriven text organiserad i tabell- eller formulärstruktur från arkiv: Kommerskollegium, från serie: Fribrevsdiarier, daterat: 1785..
A0075650_00072.jpg	LINE_HW	En arkivsida med handskriven text organiserad i tabell- eller formulärstruktur från arkiv: Kommerskollegium, från serie: Fribrevsdiarier, daterat: 1785..
A0075912_00256.jpg	TEXT	En arkivsida med löpande text bestående av blandade stilar, såsom handskriven, tryckt och maskinskriven text från arkiv: Kommerskollegium, från serie: Fribrevshandlingar, daterat: 1792..
A0075912_00182.jpg	TEXT	En arkivsida med löpande text bestående av blandade stilar, såsom handskriven, tryckt och maskinskriven text från arkiv: Kommerskollegium, från serie: Fribrevshandlingar, daterat: 1792..
A0075912_00344.jpg	TEXT	En arkivsida med löpande text bestående av blandade stilar, såsom handskriven, tryckt och maskinskriven text från arkiv: Kommerskollegium, från serie: Fribrevshandlingar, daterat: 1792..
A0075912_00016.jpg	TEXT	En arkivsida med löpande text bestående av blandade stilar, såsom handskriven, tryckt och maskinskriven text från arkiv: Kommerskollegium, från serie: Fribrevshandlingar, daterat: 1792..
A0075912_00046.jpg	TEXT	En arkivsida med löpande text bestående av blandade stilar, såsom handskriven, tryckt och maskinskriven text från arkiv: Kommerskollegium, från serie: Fribrevshandlingar, daterat: 1792..
A0075912_00141.jpg	TEXT	En arkivsida med löpande text bestående av blandade stilar, såsom handskriven, tryckt och maskinskriven text från arkiv: Kommerskollegium, från serie: Fribrevshandlingar, daterat: 1792..
R0003341_00001.jpg	DRAW	En arkivsida som innehåller en ritning, karta, skiss eller schematisk illustration, ibland placerad i tabell- eller formulärlayout från arkiv: Kommerskollegium, från serie: Norrbottens län, daterat: 1736..
R0003341_00002.jpg	MISC	En arkivsida med paratextuellt eller blandat innehåll, såsom omslag, titelblad eller annat material utanför huvudtexten från arkiv: Kommerskollegium, från serie: Norrbottens län, daterat: 1736..
A0075957_00544.jpg	TEXT	En arkivsida med löpande text bestående av blandade stilar, såsom handskriven, tryckt och maskinskriven text från arkiv: Kommerskollegium, från serie: Serie 1, daterat: 1832..
A0075957_00118.jpg	TEXT	En arkivsida med löpande text bestående av blandade stilar, såsom handskriven, tryckt och maskinskriven text från arkiv: Kommerskollegium, från serie: Serie 1, daterat: 1832..
A0075957_00079.jpg	TEXT	En arkivsida med löpande text bestående av blandade stilar, såsom handskriven, tryckt och maskinskriven text från arkiv: Kommerskollegium, från serie: Serie 1, daterat: 1832..
A0075957_00016.jpg	TEXT	En arkivsida med löpande text bestående av blandade stilar, såsom handskriven, tryckt och maskinskriven text från arkiv: Kommerskollegium, från serie: Serie 1, daterat: 1832..
A0075957_00269.jpg	TEXT	En arkivsida med löpande text bestående av blandade stilar, såsom handskriven, tryckt och maskinskriven text från arkiv: Kommerskollegium, från serie: Serie 1, daterat: 1832..
A0075957_00078.jpg	TEXT	En arkivsida med löpande text bestående av blandade stilar, såsom handskriven, tryckt och maskinskriven text från arkiv: Kommerskollegium, från serie: Serie 1, daterat: 1832..
30004003_00017.jpg	LINE_TP	En arkivsida med tryckt eller maskinskriven text organiserad i tabell- eller formulärstruktur från arkiv: Kommerskollegium, från serie: Uppgifter om arbetskraft och drivkraft, daterat: 1905..
30004003_01151.jpg	LINE_TP	En arkivsida med tryckt eller maskinskriven text organiserad i tabell- eller formulärstruktur från arkiv: Kommerskollegium, från serie: Uppgifter om arbetskraft och drivkraft, daterat: 1905..
30004003_01763.jpg	LINE_TP	En arkivsida med tryckt eller maskinskriven text organiserad i tabell- eller formulärstruktur från arkiv: Kommerskollegium, från serie: Uppgifter om arbetskraft och drivkraft, daterat: 1905..
30004003_00033.jpg	LINE_TP	En arkivsida med tryckt eller maskinskriven text organiserad i tabell- eller formulärstruktur från arkiv: Kommerskollegium, från serie: Uppgifter om arbetskraft och drivkraft, daterat: 1905..
30004003_00948.jpg	LINE_MIX	En arkivsida i tabell- eller formulärlayout med blandade textstilar, inklusive handskriven, tryckt och maskinskriven text från arkiv: Kommerskollegium, från serie: Uppgifter om arbetskraft och drivkraft, daterat: 1905..
30004003_01316.jpg	LINE_MIX	En arkivsida i tabell- eller formulärlayout med blandade textstilar, inklusive handskriven, tryckt och maskinskriven text från arkiv: Kommerskollegium, från serie: Uppgifter om arbetskraft och drivkraft, daterat: 1905..
71000593_00125.jpg	LINE_HW	En arkivsida med handskriven text organiserad i tabell- eller formulärstruktur från arkiv: Register till riksregistraturet, från serie: Adressatregister till Riksregistraturet, daterat: 1716..
71000593_00083.jpg	LINE_HW	En arkivsida med handskriven text organiserad i tabell- eller formulärstruktur från arkiv: Register till riksregistraturet, från serie: Adressatregister till Riksregistraturet, daterat: 1716..
71000593_00341.jpg	LINE_HW	En arkivsida med handskriven text organiserad i tabell- eller formulärstruktur från arkiv: Register till riksregistraturet, från serie: Adressatregister till Riksregistraturet, daterat: 1716..
71000593_00292.jpg	LINE_HW	En arkivsida med handskriven text organiserad i tabell- eller formulärstruktur från arkiv: Register till riksregistraturet, från serie: Adressatregister till Riksregistraturet, daterat: 1716..
71000593_00236.jpg	LINE_HW	En arkivsida med handskriven text organiserad i tabell- eller formulärstruktur från arkiv: Register till riksregistraturet, från serie: Adressatregister till Riksregistraturet, daterat: 1716..
71000593_00127.jpg	LINE_HW	En arkivsida med handskriven text organiserad i tabell- eller formulärstruktur från arkiv: Register till riksregistraturet, från serie: Adressatregister till Riksregistraturet, daterat: 1716..
A0039321_00029.jpg	LINE_HW	En arkivsida med handskriven text organiserad i tabell- eller formulärstruktur från arkiv: Register till riksregistraturet, från serie: Adressatregister till Riksregistraturet, daterat: 1716..
A0039321_00237.jpg	LINE_HW	En arkivsida med handskriven text organiserad i tabell- eller formulärstruktur från arkiv: Register till riksregistraturet, från serie: Adressatregister till Riksregistraturet, daterat: 1716..
A0039321_00097.jpg	LINE_HW	En arkivsida med handskriven text organiserad i tabell- eller formulärstruktur från arkiv: Register till riksregistraturet, från serie: Adressatregister till Riksregistraturet, daterat: 1716..
A0039321_00347.jpg	LINE_HW	En arkivsida med handskriven text organiserad i tabell- eller formulärstruktur från arkiv: Register till riksregistraturet, från serie: Adressatregister till Riksregistraturet, daterat: 1716..
A0039321_00004.jpg	MISC	En arkivsida med paratextuellt eller blandat innehåll, såsom omslag, titelblad eller annat material utanför huvudtexten från arkiv: Register till riksregistraturet, från serie: Adressatregister till Riksregistraturet, daterat: 1716..
A0039321_00148.jpg	LINE_HW	En arkivsida med handskriven text organiserad i tabell- eller formulärstruktur från arkiv: Register till riksregistraturet, från serie: Adressatregister till Riksregistraturet, daterat: 1716..
A0075836_00280.jpg	TEXT	En arkivsida med löpande text bestående av blandade stilar, såsom handskriven, tryckt och maskinskriven text från arkiv: Kommerskollegium, från serie: Fribrevshandlingar, daterat: 1782..
A0075836_00207.jpg	TEXT	En arkivsida med löpande text bestående av blandade stilar, såsom handskriven, tryckt och maskinskriven text från arkiv: Kommerskollegium, från serie: Fribrevshandlingar, daterat: 1782..
A0075836_00066.jpg	TEXT	En arkivsida med löpande text bestående av blandade stilar, såsom handskriven, tryckt och maskinskriven text från arkiv: Kommerskollegium, från serie: Fribrevshandlingar, daterat: 1782..
A0075836_00013.jpg	TEXT_HW	En arkivsida med löpande handskriven text i stycken från arkiv: Kommerskollegium, från serie: Fribrevshandlingar, daterat: 1782..
A0075836_00178.jpg	TEXT	En arkivsida med löpande text bestående av blandade stilar, såsom handskriven, tryckt och maskinskriven text från arkiv: Kommerskollegium, från serie: Fribrevshandlingar, daterat: 1782..
A0075836_00321.jpg	TEXT	En arkivsida med löpande text bestående av blandade stilar, såsom handskriven, tryckt och maskinskriven text från arkiv: Kommerskollegium, från serie: Fribrevshandlingar, daterat: 1782..
A0075647_00011.jpg	LINE_HW	En arkivsida med handskriven text organiserad i tabell- eller formulärstruktur från arkiv: Kommerskollegium, från serie: Fribrevsdiarier, daterat: 1782..
A0075647_00152.jpg	LINE_HW	En arkivsida med handskriven text organiserad i tabell- eller formulärstruktur från arkiv: Kommerskollegium, från serie: Fribrevsdiarier, daterat: 1782..
A0075647_00134.jpg	LINE_HW	En arkivsida med handskriven text organiserad i tabell- eller formulärstruktur från arkiv: Kommerskollegium, från serie: Fribrevsdiarier, daterat: 1782..
A0075647_00029.jpg	LINE_HW	En arkivsida med handskriven text organiserad i tabell- eller formulärstruktur från arkiv: Kommerskollegium, från serie: Fribrevsdiarier, daterat: 1782..
A0075647_00132.jpg	LINE_HW	En arkivsida med handskriven text organiserad i tabell- eller formulärstruktur från arkiv: Kommerskollegium, från serie: Fribrevsdiarier, daterat: 1782..
A0075647_00069.jpg	LINE_HW	En arkivsida med handskriven text organiserad i tabell- eller formulärstruktur från arkiv: Kommerskollegium, från serie: Fribrevsdiarier, daterat: 1782..
A0039251_00061.jpg	LINE_HW	En arkivsida med handskriven text organiserad i tabell- eller formulärstruktur från arkiv: Register till riksregistraturet, från serie: Adressatregister till Riksregistraturet, daterat: 1618-1620..
A0039251_00229.jpg	LINE_HW	En arkivsida med handskriven text organiserad i tabell- eller formulärstruktur från arkiv: Register till riksregistraturet, från serie: Adressatregister till Riksregistraturet, daterat: 1618-1620..
A0039251_00405.jpg	LINE_HW	En arkivsida med handskriven text organiserad i tabell- eller formulärstruktur från arkiv: Register till riksregistraturet, från serie: Adressatregister till Riksregistraturet, daterat: 1618-1620..
A0039251_00125.jpg	LINE_HW	En arkivsida med handskriven text organiserad i tabell- eller formulärstruktur från arkiv: Register till riksregistraturet, från serie: Adressatregister till Riksregistraturet, daterat: 1618-1620..
A0039251_00031.jpg	LINE_HW	En arkivsida med handskriven text organiserad i tabell- eller formulärstruktur från arkiv: Register till riksregistraturet, från serie: Adressatregister till Riksregistraturet, daterat: 1618-1620..
A0039251_00348.jpg	LINE_HW	En arkivsida med handskriven text organiserad i tabell- eller formulärstruktur från arkiv: Register till riksregistraturet, från serie: Adressatregister till Riksregistraturet, daterat: 1618-1620..
A0075639_00123.jpg	LINE_HW	En arkivsida med handskriven text organiserad i tabell- eller formulärstruktur från arkiv: Kommerskollegium, från serie: Fribrevsdiarier, daterat: 1774..
A0075639_00086.jpg	LINE_HW	En arkivsida med handskriven text organiserad i tabell- eller formulärstruktur från arkiv: Kommerskollegium, från serie: Fribrevsdiarier, daterat: 1774..
A0075639_00144.jpg	LINE_HW	En arkivsida med handskriven text organiserad i tabell- eller formulärstruktur från arkiv: Kommerskollegium, från serie: Fribrevsdiarier, daterat: 1774..
A0075639_00120.jpg	LINE_HW	En arkivsida med handskriven text organiserad i tabell- eller formulärstruktur från arkiv: Kommerskollegium, från serie: Fribrevsdiarier, daterat: 1774..
A0075639_00158.jpg	LINE_HW	En arkivsida med handskriven text organiserad i tabell- eller formulärstruktur från arkiv: Kommerskollegium, från serie: Fribrevsdiarier, daterat: 1774..
A0075639_00079.jpg	LINE_HW	En arkivsida med handskriven text organiserad i tabell- eller formulärstruktur från arkiv: Kommerskollegium, från serie: Fribrevsdiarier, daterat: 1774..
71000637_00162.jpg	LINE_MIX	En arkivsida i tabell- eller formulärlayout med blandade textstilar, inklusive handskriven, tryckt och maskinskriven text från arkiv: Kommerskollegium, från serie: Fjärde serien, daterat: 1866-1866..
71000637_00025.jpg	LINE_MIX	En arkivsida i tabell- eller formulärlayout med blandade textstilar, inklusive handskriven, tryckt och maskinskriven text från arkiv: Kommerskollegium, från serie: Fjärde serien, daterat: 1866-1866..
71000637_00385.jpg	LINE_MIX	En arkivsida i tabell- eller formulärlayout med blandade textstilar, inklusive handskriven, tryckt och maskinskriven text från arkiv: Kommerskollegium, från serie: Fjärde serien, daterat: 1866-1866..
71000637_00411.jpg	LINE_MIX	En arkivsida i tabell- eller formulärlayout med blandade textstilar, inklusive handskriven, tryckt och maskinskriven text från arkiv: Kommerskollegium, från serie: Fjärde serien, daterat: 1866-1866..
71000637_00259.jpg	LINE_MIX	En arkivsida i tabell- eller formulärlayout med blandade textstilar, inklusive handskriven, tryckt och maskinskriven text från arkiv: Kommerskollegium, från serie: Fjärde serien, daterat: 1866-1866..
71000637_00355.jpg	LINE_MIX	En arkivsida i tabell- eller formulärlayout med blandade textstilar, inklusive handskriven, tryckt och maskinskriven text från arkiv: Kommerskollegium, från serie: Fjärde serien, daterat: 1866-1866..
A0075948_00067.jpg	TEXT	En arkivsida med löpande text bestående av blandade stilar, såsom handskriven, tryckt och maskinskriven text från arkiv: Kommerskollegium, från serie: SJÖPASSHANDLINGAR, daterat: 1837..
A0075948_00042.jpg	TEXT	En arkivsida med löpande text bestående av blandade stilar, såsom handskriven, tryckt och maskinskriven text från arkiv: Kommerskollegium, från serie: SJÖPASSHANDLINGAR, daterat: 1837..
A0075948_00040.jpg	TEXT	En arkivsida med löpande text bestående av blandade stilar, såsom handskriven, tryckt och maskinskriven text från arkiv: Kommerskollegium, från serie: SJÖPASSHANDLINGAR, daterat: 1837..
A0075948_00030.jpg	TEXT_HW	En arkivsida med löpande handskriven text i stycken från arkiv: Kommerskollegium, från serie: SJÖPASSHANDLINGAR, daterat: 1837..
A0075948_00120.jpg	TEXT	En arkivsida med löpande text bestående av blandade stilar, såsom handskriven, tryckt och maskinskriven text från arkiv: Kommerskollegium, från serie: SJÖPASSHANDLINGAR, daterat: 1837..
A0075948_00099.jpg	TEXT	En arkivsida med löpande text bestående av blandade stilar, såsom handskriven, tryckt och maskinskriven text från arkiv: Kommerskollegium, från serie: SJÖPASSHANDLINGAR, daterat: 1837..
A0075935_00340.jpg	TEXT	En arkivsida med löpande text bestående av blandade stilar, såsom handskriven, tryckt och maskinskriven text från arkiv: Kommerskollegium, från serie: SJÖPASSHANDLINGAR, daterat: 1832..
A0075935_00014.jpg	TEXT	En arkivsida med löpande text bestående av blandade stilar, såsom handskriven, tryckt och maskinskriven text från arkiv: Kommerskollegium, från serie: SJÖPASSHANDLINGAR, daterat: 1832..
A0075935_00132.jpg	TEXT	En arkivsida med löpande text bestående av blandade stilar, såsom handskriven, tryckt och maskinskriven text från arkiv: Kommerskollegium, från serie: SJÖPASSHANDLINGAR, daterat: 1832..
A0075935_00101.jpg	TEXT	En arkivsida med löpande text bestående av blandade stilar, såsom handskriven, tryckt och maskinskriven text från arkiv: Kommerskollegium, från serie: SJÖPASSHANDLINGAR, daterat: 1832..
A0075935_00150.jpg	TEXT	En arkivsida med löpande text bestående av blandade stilar, såsom handskriven, tryckt och maskinskriven text från arkiv: Kommerskollegium, från serie: SJÖPASSHANDLINGAR, daterat: 1832..
A0075935_00220.jpg	TEXT	En arkivsida med löpande text bestående av blandade stilar, såsom handskriven, tryckt och maskinskriven text från arkiv: Kommerskollegium, från serie: SJÖPASSHANDLINGAR, daterat: 1832..
30004277_00118.jpg	TEXT_TP	En arkivsida. Metadata: från arkiv: Kommerskollegium, från serie: Patentbrev kungjorda i Post- och inrikes tidningar, daterat: 1874..
30004277_00005.jpg	TEXT_TP	En arkivsida. Metadata: från arkiv: Kommerskollegium, från serie: Patentbrev kungjorda i Post- och inrikes tidningar, daterat: 1874..
30004277_00007.jpg	TEXT_TP	En arkivsida. Metadata: från arkiv: Kommerskollegium, från serie: Patentbrev kungjorda i Post- och inrikes tidningar, daterat: 1874..
30004277_00182.jpg	TEXT_TP	En arkivsida. Metadata: från arkiv: Kommerskollegium, från serie: Patentbrev kungjorda i Post- och inrikes tidningar, daterat: 1874..
30004277_00104.jpg	TEXT_TP	En arkivsida. Metadata: från arkiv: Kommerskollegium, från serie: Patentbrev kungjorda i Post- och inrikes tidningar, daterat: 1874..
30004277_00186.jpg	TEXT_TP	En arkivsida. Metadata: från arkiv: Kommerskollegium, från serie: Patentbrev kungjorda i Post- och inrikes tidningar, daterat: 1874..
A0075800_00205.jpg	TEXT	En arkivsida med löpande text bestående av blandade stilar, såsom handskriven, tryckt och maskinskriven text från arkiv: Kommerskollegium, från serie: Fribrevshandlingar, daterat: 1768-1774..
A0075800_00005.jpg	TEXT	En arkivsida med löpande text bestående av blandade stilar, såsom handskriven, tryckt och maskinskriven text från arkiv: Kommerskollegium, från serie: Fribrevshandlingar, daterat: 1768-1774..
A0075800_00274.jpg	TEXT	En arkivsida med löpande text bestående av blandade stilar, såsom handskriven, tryckt och maskinskriven text från arkiv: Kommerskollegium, från serie: Fribrevshandlingar, daterat: 1768-1774..
A0075800_00157.jpg	TEXT	En arkivsida med löpande text bestående av blandade stilar, såsom handskriven, tryckt och maskinskriven text från arkiv: Kommerskollegium, från serie: Fribrevshandlingar, daterat: 1768-1774..
A0075800_00151.jpg	TEXT	En arkivsida med löpande text bestående av blandade stilar, såsom handskriven, tryckt och maskinskriven text från arkiv: Kommerskollegium, från serie: Fribrevshandlingar, daterat: 1768-1774..
A0075800_00314.jpg	TEXT	En arkivsida med löpande text bestående av blandade stilar, såsom handskriven, tryckt och maskinskriven text från arkiv: Kommerskollegium, från serie: Fribrevshandlingar, daterat: 1768-1774..
30004006_00157.jpg	LINE_TP	En arkivsida med tryckt eller maskinskriven text organiserad i tabell- eller formulärstruktur från arkiv: Kommerskollegium, från serie: Uppgifter om arbetskraft och drivkraft, daterat: 1906..
30004006_01632.jpg	LINE_MIX	En arkivsida i tabell- eller formulärlayout med blandade textstilar, inklusive handskriven, tryckt och maskinskriven text från arkiv: Kommerskollegium, från serie: Uppgifter om arbetskraft och drivkraft, daterat: 1906..
30004006_00798.jpg	LINE_MIX	En arkivsida i tabell- eller formulärlayout med blandade textstilar, inklusive handskriven, tryckt och maskinskriven text från arkiv: Kommerskollegium, från serie: Uppgifter om arbetskraft och drivkraft, daterat: 1906..
30004006_01242.jpg	LINE_MIX	En arkivsida i tabell- eller formulärlayout med blandade textstilar, inklusive handskriven, tryckt och maskinskriven text från arkiv: Kommerskollegium, från serie: Uppgifter om arbetskraft och drivkraft, daterat: 1906..
30004006_01487.jpg	LINE_MIX	En arkivsida i tabell- eller formulärlayout med blandade textstilar, inklusive handskriven, tryckt och maskinskriven text från arkiv: Kommerskollegium, från serie: Uppgifter om arbetskraft och drivkraft, daterat: 1906..
30004006_00878.jpg	LINE_MIX	En arkivsida i tabell- eller formulärlayout med blandade textstilar, inklusive handskriven, tryckt och maskinskriven text från arkiv: Kommerskollegium, från serie: Uppgifter om arbetskraft och drivkraft, daterat: 1906..
A0075728_00201.jpg	TEXT_HW	En arkivsida med löpande handskriven text i stycken från arkiv: Kommerskollegium, från serie: Sjöpasshandlingar, daterat: 1809..
A0075728_00303.jpg	TEXT	En arkivsida med löpande text bestående av blandade stilar, såsom handskriven, tryckt och maskinskriven text från arkiv: Kommerskollegium, från serie: Sjöpasshandlingar, daterat: 1809..
A0075728_00026.jpg	TEXT	En arkivsida med löpande text bestående av blandade stilar, såsom handskriven, tryckt och maskinskriven text från arkiv: Kommerskollegium, från serie: Sjöpasshandlingar, daterat: 1809..
A0075728_00215.jpg	TEXT_HW	En arkivsida med löpande handskriven text i stycken från arkiv: Kommerskollegium, från serie: Sjöpasshandlingar, daterat: 1809..
A0075728_00023.jpg	TEXT	En arkivsida med löpande text bestående av blandade stilar, såsom handskriven, tryckt och maskinskriven text från arkiv: Kommerskollegium, från serie: Sjöpasshandlingar, daterat: 1809..
A0075728_00358.jpg	TEXT	En arkivsida med löpande text bestående av blandade stilar, såsom handskriven, tryckt och maskinskriven text från arkiv: Kommerskollegium, från serie: Sjöpasshandlingar, daterat: 1809..
A0075855_00336.jpg	TEXT	En arkivsida med löpande text bestående av blandade stilar, såsom handskriven, tryckt och maskinskriven text från arkiv: Kommerskollegium, från serie: Fribrevshandlingar, daterat: 1784..
A0075855_00277.jpg	TEXT	En arkivsida med löpande text bestående av blandade stilar, såsom handskriven, tryckt och maskinskriven text från arkiv: Kommerskollegium, från serie: Fribrevshandlingar, daterat: 1784..
A0075855_00183.jpg	TEXT	En arkivsida med löpande text bestående av blandade stilar, såsom handskriven, tryckt och maskinskriven text från arkiv: Kommerskollegium, från serie: Fribrevshandlingar, daterat: 1784..
A0075855_00263.jpg	TEXT	En arkivsida med löpande text bestående av blandade stilar, såsom handskriven, tryckt och maskinskriven text från arkiv: Kommerskollegium, från serie: Fribrevshandlingar, daterat: 1784..
A0075855_00308.jpg	TEXT	En arkivsida med löpande text bestående av blandade stilar, såsom handskriven, tryckt och maskinskriven text från arkiv: Kommerskollegium, från serie: Fribrevshandlingar, daterat: 1784..
A0075855_00094.jpg	TEXT	En arkivsida med löpande text bestående av blandade stilar, såsom handskriven, tryckt och maskinskriven text från arkiv: Kommerskollegium, från serie: Fribrevshandlingar, daterat: 1784..
30004026_00939.jpg	LINE_MIX	En arkivsida i tabell- eller formulärlayout med blandade textstilar, inklusive handskriven, tryckt och maskinskriven text från arkiv: Kommerskollegium, från serie: Uppgifter om arbetskraft och drivkraft, daterat: 1913..
30004026_00021.jpg	LINE_MIX	En arkivsida i tabell- eller formulärlayout med blandade textstilar, inklusive handskriven, tryckt och maskinskriven text från arkiv: Kommerskollegium, från serie: Uppgifter om arbetskraft och drivkraft, daterat: 1913..
30004026_01741.jpg	LINE_MIX	En arkivsida i tabell- eller formulärlayout med blandade textstilar, inklusive handskriven, tryckt och maskinskriven text från arkiv: Kommerskollegium, från serie: Uppgifter om arbetskraft och drivkraft, daterat: 1913..
30004026_01745.jpg	LINE_MIX	En arkivsida i tabell- eller formulärlayout med blandade textstilar, inklusive handskriven, tryckt och maskinskriven text från arkiv: Kommerskollegium, från serie: Uppgifter om arbetskraft och drivkraft, daterat: 1913..
30004026_02423.jpg	LINE_MIX	En arkivsida i tabell- eller formulärlayout med blandade textstilar, inklusive handskriven, tryckt och maskinskriven text från arkiv: Kommerskollegium, från serie: Uppgifter om arbetskraft och drivkraft, daterat: 1913..
30004026_00773.jpg	LINE_MIX	En arkivsida i tabell- eller formulärlayout med blandade textstilar, inklusive handskriven, tryckt och maskinskriven text från arkiv: Kommerskollegium, från serie: Uppgifter om arbetskraft och drivkraft, daterat: 1913..
A0039240_00041.jpg	LINE_TP	En arkivsida med tryckt eller maskinskriven text organiserad i tabell- eller formulärstruktur från arkiv: Register till riksregistraturet, från serie: Adressatregister till Riksregistraturet, daterat: 1605-1606..
A0039240_00202.jpg	LINE_TP	En arkivsida med tryckt eller maskinskriven text organiserad i tabell- eller formulärstruktur från arkiv: Register till riksregistraturet, från serie: Adressatregister till Riksregistraturet, daterat: 1605-1606..
A0039240_00256.jpg	MISC	En arkivsida med paratextuellt eller blandat innehåll, såsom omslag, titelblad eller annat material utanför huvudtexten från arkiv: Register till riksregistraturet, från serie: Adressatregister till Riksregistraturet, daterat: 1605-1606..
A0039240_00057.jpg	LINE_TP	En arkivsida med tryckt eller maskinskriven text organiserad i tabell- eller formulärstruktur från arkiv: Register till riksregistraturet, från serie: Adressatregister till Riksregistraturet, daterat: 1605-1606..
A0039240_00187.jpg	LINE_TP	En arkivsida med tryckt eller maskinskriven text organiserad i tabell- eller formulärstruktur från arkiv: Register till riksregistraturet, från serie: Adressatregister till Riksregistraturet, daterat: 1605-1606..
A0039240_00230.jpg	LINE_TP	En arkivsida med tryckt eller maskinskriven text organiserad i tabell- eller formulärstruktur från arkiv: Register till riksregistraturet, från serie: Adressatregister till Riksregistraturet, daterat: 1605-1606..
A0039303_00037.jpg	LINE_HW	En arkivsida med handskriven text organiserad i tabell- eller formulärstruktur från arkiv: Register till riksregistraturet, från serie: Adressatregister till Riksregistraturet, daterat: 1698..
A0039303_00045.jpg	LINE_HW	En arkivsida med handskriven text organiserad i tabell- eller formulärstruktur från arkiv: Register till riksregistraturet, från serie: Adressatregister till Riksregistraturet, daterat: 1698..
A0039303_00049.jpg	LINE_HW	En arkivsida med handskriven text organiserad i tabell- eller formulärstruktur från arkiv: Register till riksregistraturet, från serie: Adressatregister till Riksregistraturet, daterat: 1698..
A0039303_00187.jpg	LINE_HW	En arkivsida med handskriven text organiserad i tabell- eller formulärstruktur från arkiv: Register till riksregistraturet, från serie: Adressatregister till Riksregistraturet, daterat: 1698..
A0039303_00052.jpg	LINE_HW	En arkivsida med handskriven text organiserad i tabell- eller formulärstruktur från arkiv: Register till riksregistraturet, från serie: Adressatregister till Riksregistraturet, daterat: 1698..
A0039303_00002.jpg	MISC	En arkivsida med paratextuellt eller blandat innehåll, såsom omslag, titelblad eller annat material utanför huvudtexten från arkiv: Register till riksregistraturet, från serie: Adressatregister till Riksregistraturet, daterat: 1698..
A0039244_00011.jpg	LINE_HW	En arkivsida med handskriven text organiserad i tabell- eller formulärstruktur från arkiv: Register till riksregistraturet, från serie: Adressatregister till Riksregistraturet, daterat: 1610..
A0039244_00031.jpg	LINE_HW	En arkivsida med handskriven text organiserad i tabell- eller formulärstruktur från arkiv: Register till riksregistraturet, från serie: Adressatregister till Riksregistraturet, daterat: 1610..
A0039244_00041.jpg	LINE_HW	En arkivsida med handskriven text organiserad i tabell- eller formulärstruktur från arkiv: Register till riksregistraturet, från serie: Adressatregister till Riksregistraturet, daterat: 1610..
A0039244_00003.jpg	MISC	En arkivsida med paratextuellt eller blandat innehåll, såsom omslag, titelblad eller annat material utanför huvudtexten från arkiv: Register till riksregistraturet, från serie: Adressatregister till Riksregistraturet, daterat: 1610..
A0039244_00016.jpg	LINE_HW	En arkivsida med handskriven text organiserad i tabell- eller formulärstruktur från arkiv: Register till riksregistraturet, från serie: Adressatregister till Riksregistraturet, daterat: 1610..
A0039244_00030.jpg	LINE_HW	En arkivsida med handskriven text organiserad i tabell- eller formulärstruktur från arkiv: Register till riksregistraturet, från serie: Adressatregister till Riksregistraturet, daterat: 1610..
A0039311_00194.jpg	LINE_HW	En arkivsida med handskriven text organiserad i tabell- eller formulärstruktur från arkiv: Register till riksregistraturet, från serie: Adressatregister till Riksregistraturet, daterat: 1705-1706..
A0039311_00075.jpg	LINE_HW	En arkivsida med handskriven text organiserad i tabell- eller formulärstruktur från arkiv: Register till riksregistraturet, från serie: Adressatregister till Riksregistraturet, daterat: 1705-1706..
A0039311_00163.jpg	LINE_HW	En arkivsida med handskriven text organiserad i tabell- eller formulärstruktur från arkiv: Register till riksregistraturet, från serie: Adressatregister till Riksregistraturet, daterat: 1705-1706..
A0039311_00158.jpg	LINE_HW	En arkivsida med handskriven text organiserad i tabell- eller formulärstruktur från arkiv: Register till riksregistraturet, från serie: Adressatregister till Riksregistraturet, daterat: 1705-1706..
A0039311_00009.jpg	LINE_HW	En arkivsida med handskriven text organiserad i tabell- eller formulärstruktur från arkiv: Register till riksregistraturet, från serie: Adressatregister till Riksregistraturet, daterat: 1705-1706..
A0039311_00182.jpg	LINE_HW	En arkivsida med handskriven text organiserad i tabell- eller formulärstruktur från arkiv: Register till riksregistraturet, från serie: Adressatregister till Riksregistraturet, daterat: 1705-1706..
A0039302_00013.jpg	LINE_HW	En arkivsida med handskriven text organiserad i tabell- eller formulärstruktur från arkiv: Register till riksregistraturet, från serie: Adressatregister till Riksregistraturet, daterat: 1697..
A0039302_00227.jpg	LINE_HW	En arkivsida med handskriven text organiserad i tabell- eller formulärstruktur från arkiv: Register till riksregistraturet, från serie: Adressatregister till Riksregistraturet, daterat: 1697..
A0039302_00154.jpg	LINE_HW	En arkivsida med handskriven text organiserad i tabell- eller formulärstruktur från arkiv: Register till riksregistraturet, från serie: Adressatregister till Riksregistraturet, daterat: 1697..
A0039302_00024.jpg	LINE_HW	En arkivsida med handskriven text organiserad i tabell- eller formulärstruktur från arkiv: Register till riksregistraturet, från serie: Adressatregister till Riksregistraturet, daterat: 1697..
A0039302_00082.jpg	LINE_HW	En arkivsida med handskriven text organiserad i tabell- eller formulärstruktur från arkiv: Register till riksregistraturet, från serie: Adressatregister till Riksregistraturet, daterat: 1697..
A0039302_00202.jpg	LINE_HW	En arkivsida med handskriven text organiserad i tabell- eller formulärstruktur från arkiv: Register till riksregistraturet, från serie: Adressatregister till Riksregistraturet, daterat: 1697..
R0003340_00001.jpg	DRAW	En arkivsida som innehåller en ritning, karta, skiss eller schematisk illustration, ibland placerad i tabell- eller formulärlayout från arkiv: Kommerskollegium, från serie: Norrbottens län, daterat: 1660..
R0003340_00002.jpg	MISC	En arkivsida med paratextuellt eller blandat innehåll, såsom omslag, titelblad eller annat material utanför huvudtexten från arkiv: Kommerskollegium, från serie: Norrbottens län, daterat: 1660..
R0003340_00003.jpg	DRAW	En arkivsida som innehåller en ritning, karta, skiss eller schematisk illustration, ibland placerad i tabell- eller formulärlayout från arkiv: Kommerskollegium, från serie: Norrbottens län, daterat: 1660..
R0003340_00004.jpg	MISC	En arkivsida med paratextuellt eller blandat innehåll, såsom omslag, titelblad eller annat material utanför huvudtexten från arkiv: Kommerskollegium, från serie: Norrbottens län, daterat: 1660..
A0076029_00312.jpg	TEXT	En arkivsida med löpande text bestående av blandade stilar, såsom handskriven, tryckt och maskinskriven text från arkiv: Kommerskollegium, från serie: Fribrevshandlingar, daterat: 1795..
A0076029_00218.jpg	TEXT	En arkivsida med löpande text bestående av blandade stilar, såsom handskriven, tryckt och maskinskriven text från arkiv: Kommerskollegium, från serie: Fribrevshandlingar, daterat: 1795..
A0076029_00337.jpg	TEXT	En arkivsida med löpande text bestående av blandade stilar, såsom handskriven, tryckt och maskinskriven text från arkiv: Kommerskollegium, från serie: Fribrevshandlingar, daterat: 1795..
A0076029_00247.jpg	TEXT	En arkivsida med löpande text bestående av blandade stilar, såsom handskriven, tryckt och maskinskriven text från arkiv: Kommerskollegium, från serie: Fribrevshandlingar, daterat: 1795..
A0076029_00136.jpg	TEXT	En arkivsida med löpande text bestående av blandade stilar, såsom handskriven, tryckt och maskinskriven text från arkiv: Kommerskollegium, från serie: Fribrevshandlingar, daterat: 1795..
A0076029_00093.jpg	TEXT	En arkivsida med löpande text bestående av blandade stilar, såsom handskriven, tryckt och maskinskriven text från arkiv: Kommerskollegium, från serie: Fribrevshandlingar, daterat: 1795..
A0076021_00206.jpg	TEXT	En arkivsida med löpande text bestående av blandade stilar, såsom handskriven, tryckt och maskinskriven text från arkiv: Kommerskollegium, från serie: Fribrevshandlingar, daterat: 1794..
A0076021_00301.jpg	TEXT	En arkivsida med löpande text bestående av blandade stilar, såsom handskriven, tryckt och maskinskriven text från arkiv: Kommerskollegium, från serie: Fribrevshandlingar, daterat: 1794..
A0076021_00084.jpg	TEXT	En arkivsida med löpande text bestående av blandade stilar, såsom handskriven, tryckt och maskinskriven text från arkiv: Kommerskollegium, från serie: Fribrevshandlingar, daterat: 1794..
A0076021_00032.jpg	TEXT	En arkivsida med löpande text bestående av blandade stilar, såsom handskriven, tryckt och maskinskriven text från arkiv: Kommerskollegium, från serie: Fribrevshandlingar, daterat: 1794..
A0076021_00173.jpg	TEXT	En arkivsida med löpande text bestående av blandade stilar, såsom handskriven, tryckt och maskinskriven text från arkiv: Kommerskollegium, från serie: Fribrevshandlingar, daterat: 1794..
A0076021_00274.jpg	TEXT	En arkivsida med löpande text bestående av blandade stilar, såsom handskriven, tryckt och maskinskriven text från arkiv: Kommerskollegium, från serie: Fribrevshandlingar, daterat: 1794..
A0039318_00023.jpg	LINE_HW	En arkivsida med handskriven text organiserad i tabell- eller formulärstruktur från arkiv: Register till riksregistraturet, från serie: Adressatregister till Riksregistraturet, daterat: 1713..
A0039318_00124.jpg	LINE_HW	En arkivsida med handskriven text organiserad i tabell- eller formulärstruktur från arkiv: Register till riksregistraturet, från serie: Adressatregister till Riksregistraturet, daterat: 1713..
A0039318_00088.jpg	LINE_HW	En arkivsida med handskriven text organiserad i tabell- eller formulärstruktur från arkiv: Register till riksregistraturet, från serie: Adressatregister till Riksregistraturet, daterat: 1713..
A0039318_00159.jpg	LINE_HW	En arkivsida med handskriven text organiserad i tabell- eller formulärstruktur från arkiv: Register till riksregistraturet, från serie: Adressatregister till Riksregistraturet, daterat: 1713..
A0039318_00037.jpg	LINE_HW	En arkivsida med handskriven text organiserad i tabell- eller formulärstruktur från arkiv: Register till riksregistraturet, från serie: Adressatregister till Riksregistraturet, daterat: 1713..
A0039318_00001.jpg	MISC	En arkivsida med paratextuellt eller blandat innehåll, såsom omslag, titelblad eller annat material utanför huvudtexten från arkiv: Register till riksregistraturet, från serie: Adressatregister till Riksregistraturet, daterat: 1713..
A0039267_00123.jpg	LINE_HW	En arkivsida med handskriven text organiserad i tabell- eller formulärstruktur från arkiv: Register till riksregistraturet, från serie: Adressatregister till Riksregistraturet, daterat: 1645-1654..
A0039267_00113.jpg	LINE_HW	En arkivsida med handskriven text organiserad i tabell- eller formulärstruktur från arkiv: Register till riksregistraturet, från serie: Adressatregister till Riksregistraturet, daterat: 1645-1654..
A0039267_00015.jpg	LINE_HW	En arkivsida med handskriven text organiserad i tabell- eller formulärstruktur från arkiv: Register till riksregistraturet, från serie: Adressatregister till Riksregistraturet, daterat: 1645-1654..
A0039267_00112.jpg	LINE_HW	En arkivsida med handskriven text organiserad i tabell- eller formulärstruktur från arkiv: Register till riksregistraturet, från serie: Adressatregister till Riksregistraturet, daterat: 1645-1654..
A0039267_00114.jpg	LINE_HW	En arkivsida med handskriven text organiserad i tabell- eller formulärstruktur från arkiv: Register till riksregistraturet, från serie: Adressatregister till Riksregistraturet, daterat: 1645-1654..
A0039267_00053.jpg	LINE_HW	En arkivsida med handskriven text organiserad i tabell- eller formulärstruktur från arkiv: Register till riksregistraturet, från serie: Adressatregister till Riksregistraturet, daterat: 1645-1654..
A0075817_00106.jpg	TEXT	En arkivsida med löpande text bestående av blandade stilar, såsom handskriven, tryckt och maskinskriven text från arkiv: Kommerskollegium, från serie: Fribrevshandlingar, daterat: 1779..
A0075817_00247.jpg	TEXT	En arkivsida med löpande text bestående av blandade stilar, såsom handskriven, tryckt och maskinskriven text från arkiv: Kommerskollegium, från serie: Fribrevshandlingar, daterat: 1779..
A0075817_00060.jpg	TEXT	En arkivsida med löpande text bestående av blandade stilar, såsom handskriven, tryckt och maskinskriven text från arkiv: Kommerskollegium, från serie: Fribrevshandlingar, daterat: 1779..
A0075817_00160.jpg	TEXT	En arkivsida med löpande text bestående av blandade stilar, såsom handskriven, tryckt och maskinskriven text från arkiv: Kommerskollegium, från serie: Fribrevshandlingar, daterat: 1779..
A0075817_00146.jpg	TEXT_HW	En arkivsida med löpande handskriven text i stycken från arkiv: Kommerskollegium, från serie: Fribrevshandlingar, daterat: 1779..
A0075817_00131.jpg	TEXT	En arkivsida med löpande text bestående av blandade stilar, såsom handskriven, tryckt och maskinskriven text från arkiv: Kommerskollegium, från serie: Fribrevshandlingar, daterat: 1779..
A0075879_00003.jpg	MISC	En arkivsida med paratextuellt eller blandat innehåll, såsom omslag, titelblad eller annat material utanför huvudtexten från arkiv: Kommerskollegium, från serie: Fribrevshandlingar, daterat: 1786..
A0075879_00244.jpg	TEXT	En arkivsida med löpande text bestående av blandade stilar, såsom handskriven, tryckt och maskinskriven text från arkiv: Kommerskollegium, från serie: Fribrevshandlingar, daterat: 1786..
A0075879_00308.jpg	TEXT	En arkivsida med löpande text bestående av blandade stilar, såsom handskriven, tryckt och maskinskriven text från arkiv: Kommerskollegium, från serie: Fribrevshandlingar, daterat: 1786..
A0075879_00323.jpg	TEXT	En arkivsida med löpande text bestående av blandade stilar, såsom handskriven, tryckt och maskinskriven text från arkiv: Kommerskollegium, från serie: Fribrevshandlingar, daterat: 1786..
A0075879_00163.jpg	TEXT	En arkivsida med löpande text bestående av blandade stilar, såsom handskriven, tryckt och maskinskriven text från arkiv: Kommerskollegium, från serie: Fribrevshandlingar, daterat: 1786..
A0075879_00395.jpg	TEXT	En arkivsida med löpande text bestående av blandade stilar, såsom handskriven, tryckt och maskinskriven text från arkiv: Kommerskollegium, från serie: Fribrevshandlingar, daterat: 1786..
A0039229_00112.jpg	LINE_HW	En arkivsida med handskriven text organiserad i tabell- eller formulärstruktur från arkiv: Register till riksregistraturet, från serie: Adressatregister till Riksregistraturet, daterat: 1569-1572..
A0039229_00366.jpg	LINE_HW	En arkivsida med handskriven text organiserad i tabell- eller formulärstruktur från arkiv: Register till riksregistraturet, från serie: Adressatregister till Riksregistraturet, daterat: 1569-1572..
A0039229_00173.jpg	LINE_HW	En arkivsida med handskriven text organiserad i tabell- eller formulärstruktur från arkiv: Register till riksregistraturet, från serie: Adressatregister till Riksregistraturet, daterat: 1569-1572..
A0039229_00101.jpg	LINE_HW	En arkivsida med handskriven text organiserad i tabell- eller formulärstruktur från arkiv: Register till riksregistraturet, från serie: Adressatregister till Riksregistraturet, daterat: 1569-1572..
A0039229_00093.jpg	LINE_HW	En arkivsida med handskriven text organiserad i tabell- eller formulärstruktur från arkiv: Register till riksregistraturet, från serie: Adressatregister till Riksregistraturet, daterat: 1569-1572..
A0039229_00128.jpg	LINE_HW	En arkivsida med handskriven text organiserad i tabell- eller formulärstruktur från arkiv: Register till riksregistraturet, från serie: Adressatregister till Riksregistraturet, daterat: 1569-1572..
A0075911_00062.jpg	TEXT	En arkivsida med löpande text bestående av blandade stilar, såsom handskriven, tryckt och maskinskriven text från arkiv: Kommerskollegium, från serie: Fribrevshandlingar, daterat: 1792..
A0075911_00317.jpg	TEXT	En arkivsida med löpande text bestående av blandade stilar, såsom handskriven, tryckt och maskinskriven text från arkiv: Kommerskollegium, från serie: Fribrevshandlingar, daterat: 1792..
A0075911_00194.jpg	TEXT	En arkivsida med löpande text bestående av blandade stilar, såsom handskriven, tryckt och maskinskriven text från arkiv: Kommerskollegium, från serie: Fribrevshandlingar, daterat: 1792..
A0075911_00173.jpg	TEXT	En arkivsida med löpande text bestående av blandade stilar, såsom handskriven, tryckt och maskinskriven text från arkiv: Kommerskollegium, från serie: Fribrevshandlingar, daterat: 1792..
A0075911_00104.jpg	TEXT	En arkivsida med löpande text bestående av blandade stilar, såsom handskriven, tryckt och maskinskriven text från arkiv: Kommerskollegium, från serie: Fribrevshandlingar, daterat: 1792..
A0075911_00337.jpg	TEXT	En arkivsida med löpande text bestående av blandade stilar, såsom handskriven, tryckt och maskinskriven text från arkiv: Kommerskollegium, från serie: Fribrevshandlingar, daterat: 1792..
A0075901_00135.jpg	TEXT	En arkivsida med löpande text bestående av blandade stilar, såsom handskriven, tryckt och maskinskriven text från arkiv: Kommerskollegium, från serie: Fribrevshandlingar, daterat: 1790..
A0075901_00139.jpg	TEXT	En arkivsida med löpande text bestående av blandade stilar, såsom handskriven, tryckt och maskinskriven text från arkiv: Kommerskollegium, från serie: Fribrevshandlingar, daterat: 1790..
A0075901_00028.jpg	TEXT	En arkivsida med löpande text bestående av blandade stilar, såsom handskriven, tryckt och maskinskriven text från arkiv: Kommerskollegium, från serie: Fribrevshandlingar, daterat: 1790..
A0075901_00122.jpg	TEXT	En arkivsida med löpande text bestående av blandade stilar, såsom handskriven, tryckt och maskinskriven text från arkiv: Kommerskollegium, från serie: Fribrevshandlingar, daterat: 1790..
A0075901_00059.jpg	TEXT	En arkivsida med löpande text bestående av blandade stilar, såsom handskriven, tryckt och maskinskriven text från arkiv: Kommerskollegium, från serie: Fribrevshandlingar, daterat: 1790..
A0075901_00041.jpg	TEXT	En arkivsida med löpande text bestående av blandade stilar, såsom handskriven, tryckt och maskinskriven text från arkiv: Kommerskollegium, från serie: Fribrevshandlingar, daterat: 1790..
A0039249_00189.jpg	LINE_HW	En arkivsida med handskriven text organiserad i tabell- eller formulärstruktur från arkiv: Register till riksregistraturet, från serie: Adressatregister till Riksregistraturet, daterat: 1616..
A0039249_00007.jpg	MISC	En arkivsida med paratextuellt eller blandat innehåll, såsom omslag, titelblad eller annat material utanför huvudtexten från arkiv: Register till riksregistraturet, från serie: Adressatregister till Riksregistraturet, daterat: 1616..
A0039249_00011.jpg	LINE_HW	En arkivsida med handskriven text organiserad i tabell- eller formulärstruktur från arkiv: Register till riksregistraturet, från serie: Adressatregister till Riksregistraturet, daterat: 1616..
A0039249_00046.jpg	LINE_HW	En arkivsida med handskriven text organiserad i tabell- eller formulärstruktur från arkiv: Register till riksregistraturet, från serie: Adressatregister till Riksregistraturet, daterat: 1616..
A0039249_00110.jpg	LINE_HW	En arkivsida med handskriven text organiserad i tabell- eller formulärstruktur från arkiv: Register till riksregistraturet, från serie: Adressatregister till Riksregistraturet, daterat: 1616..
A0039249_00169.jpg	LINE_HW	En arkivsida med handskriven text organiserad i tabell- eller formulärstruktur från arkiv: Register till riksregistraturet, från serie: Adressatregister till Riksregistraturet, daterat: 1616..
A0075822_00404.jpg	TEXT	En arkivsida med löpande text bestående av blandade stilar, såsom handskriven, tryckt och maskinskriven text från arkiv: Kommerskollegium, från serie: Fribrevshandlingar, daterat: 1780..
A0075822_00185.jpg	TEXT	En arkivsida med löpande text bestående av blandade stilar, såsom handskriven, tryckt och maskinskriven text från arkiv: Kommerskollegium, från serie: Fribrevshandlingar, daterat: 1780..
A0075822_00150.jpg	TEXT	En arkivsida med löpande text bestående av blandade stilar, såsom handskriven, tryckt och maskinskriven text från arkiv: Kommerskollegium, från serie: Fribrevshandlingar, daterat: 1780..
A0075822_00065.jpg	TEXT	En arkivsida med löpande text bestående av blandade stilar, såsom handskriven, tryckt och maskinskriven text från arkiv: Kommerskollegium, från serie: Fribrevshandlingar, daterat: 1780..
A0075822_00074.jpg	TEXT	En arkivsida med löpande text bestående av blandade stilar, såsom handskriven, tryckt och maskinskriven text från arkiv: Kommerskollegium, från serie: Fribrevshandlingar, daterat: 1780..
A0075822_00125.jpg	TEXT	En arkivsida med löpande text bestående av blandade stilar, såsom handskriven, tryckt och maskinskriven text från arkiv: Kommerskollegium, från serie: Fribrevshandlingar, daterat: 1780..
A0039272_00088.jpg	LINE_HW	En arkivsida med handskriven text organiserad i tabell- eller formulärstruktur från arkiv: Register till riksregistraturet, från serie: Adressatregister till Riksregistraturet, daterat: 1657-1659..
A0039272_00087.jpg	LINE_HW	En arkivsida med handskriven text organiserad i tabell- eller formulärstruktur från arkiv: Register till riksregistraturet, från serie: Adressatregister till Riksregistraturet, daterat: 1657-1659..
A0039272_00158.jpg	LINE_HW	En arkivsida med handskriven text organiserad i tabell- eller formulärstruktur från arkiv: Register till riksregistraturet, från serie: Adressatregister till Riksregistraturet, daterat: 1657-1659..
A0039272_00091.jpg	LINE_HW	En arkivsida med handskriven text organiserad i tabell- eller formulärstruktur från arkiv: Register till riksregistraturet, från serie: Adressatregister till Riksregistraturet, daterat: 1657-1659..
A0039272_00122.jpg	LINE_HW	En arkivsida med handskriven text organiserad i tabell- eller formulärstruktur från arkiv: Register till riksregistraturet, från serie: Adressatregister till Riksregistraturet, daterat: 1657-1659..
A0039272_00141.jpg	LINE_HW	En arkivsida med handskriven text organiserad i tabell- eller formulärstruktur från arkiv: Register till riksregistraturet, från serie: Adressatregister till Riksregistraturet, daterat: 1657-1659..
A0075810_00343.jpg	TEXT	En arkivsida med löpande text bestående av blandade stilar, såsom handskriven, tryckt och maskinskriven text från arkiv: Kommerskollegium, från serie: Fribrevshandlingar, daterat: 1778..
A0075810_00728.jpg	TEXT	En arkivsida med löpande text bestående av blandade stilar, såsom handskriven, tryckt och maskinskriven text från arkiv: Kommerskollegium, från serie: Fribrevshandlingar, daterat: 1778..
A0075810_00372.jpg	TEXT	En arkivsida med löpande text bestående av blandade stilar, såsom handskriven, tryckt och maskinskriven text från arkiv: Kommerskollegium, från serie: Fribrevshandlingar, daterat: 1778..
A0075810_00577.jpg	TEXT	En arkivsida med löpande text bestående av blandade stilar, såsom handskriven, tryckt och maskinskriven text från arkiv: Kommerskollegium, från serie: Fribrevshandlingar, daterat: 1778..
A0075810_00333.jpg	TEXT_HW	En arkivsida med löpande handskriven text i stycken från arkiv: Kommerskollegium, från serie: Fribrevshandlingar, daterat: 1778..
A0075810_00194.jpg	TEXT	En arkivsida med löpande text bestående av blandade stilar, såsom handskriven, tryckt och maskinskriven text från arkiv: Kommerskollegium, från serie: Fribrevshandlingar, daterat: 1778..
A0075658_00035.jpg	LINE_HW	En arkivsida med handskriven text organiserad i tabell- eller formulärstruktur från arkiv: Kommerskollegium, från serie: Fribrevsdiarier, daterat: 1794..
A0075658_00090.jpg	LINE_HW	En arkivsida med handskriven text organiserad i tabell- eller formulärstruktur från arkiv: Kommerskollegium, från serie: Fribrevsdiarier, daterat: 1794..
A0075658_00073.jpg	LINE_HW	En arkivsida med handskriven text organiserad i tabell- eller formulärstruktur från arkiv: Kommerskollegium, från serie: Fribrevsdiarier, daterat: 1794..
A0075658_00008.jpg	LINE_HW	En arkivsida med handskriven text organiserad i tabell- eller formulärstruktur från arkiv: Kommerskollegium, från serie: Fribrevsdiarier, daterat: 1794..
A0075658_00066.jpg	LINE_HW	En arkivsida med handskriven text organiserad i tabell- eller formulärstruktur från arkiv: Kommerskollegium, från serie: Fribrevsdiarier, daterat: 1794..
A0075658_00064.jpg	LINE_HW	En arkivsida med handskriven text organiserad i tabell- eller formulärstruktur från arkiv: Kommerskollegium, från serie: Fribrevsdiarier, daterat: 1794..
A0075654_00081.jpg	LINE_HW	En arkivsida med handskriven text organiserad i tabell- eller formulärstruktur från arkiv: Kommerskollegium, från serie: Fribrevsdiarier, daterat: 1789-1790..
A0075654_00028.jpg	LINE_HW	En arkivsida med handskriven text organiserad i tabell- eller formulärstruktur från arkiv: Kommerskollegium, från serie: Fribrevsdiarier, daterat: 1789-1790..
A0075654_00050.jpg	LINE_HW	En arkivsida med handskriven text organiserad i tabell- eller formulärstruktur från arkiv: Kommerskollegium, från serie: Fribrevsdiarier, daterat: 1789-1790..
A0075654_00018.jpg	LINE_HW	En arkivsida med handskriven text organiserad i tabell- eller formulärstruktur från arkiv: Kommerskollegium, från serie: Fribrevsdiarier, daterat: 1789-1790..
A0075654_00019.jpg	LINE_HW	En arkivsida med handskriven text organiserad i tabell- eller formulärstruktur från arkiv: Kommerskollegium, från serie: Fribrevsdiarier, daterat: 1789-1790..
A0075654_00033.jpg	LINE_HW	En arkivsida med handskriven text organiserad i tabell- eller formulärstruktur från arkiv: Kommerskollegium, från serie: Fribrevsdiarier, daterat: 1789-1790..
A0075698_00153.jpg	TEXT	En arkivsida med löpande text bestående av blandade stilar, såsom handskriven, tryckt och maskinskriven text från arkiv: Kommerskollegium, från serie: Sjöpasshandlingar, daterat: 1800..
A0075698_00015.jpg	TEXT_HW	En arkivsida med löpande handskriven text i stycken från arkiv: Kommerskollegium, från serie: Sjöpasshandlingar, daterat: 1800..
A0075698_00035.jpg	TEXT	En arkivsida med löpande text bestående av blandade stilar, såsom handskriven, tryckt och maskinskriven text från arkiv: Kommerskollegium, från serie: Sjöpasshandlingar, daterat: 1800..
A0075698_00058.jpg	TEXT	En arkivsida med löpande text bestående av blandade stilar, såsom handskriven, tryckt och maskinskriven text från arkiv: Kommerskollegium, från serie: Sjöpasshandlingar, daterat: 1800..
A0075698_00097.jpg	TEXT	En arkivsida med löpande text bestående av blandade stilar, såsom handskriven, tryckt och maskinskriven text från arkiv: Kommerskollegium, från serie: Sjöpasshandlingar, daterat: 1800..
A0075698_00024.jpg	TEXT	En arkivsida med löpande text bestående av blandade stilar, såsom handskriven, tryckt och maskinskriven text från arkiv: Kommerskollegium, från serie: Sjöpasshandlingar, daterat: 1800..
A0075837_00309.jpg	TEXT	En arkivsida med löpande text bestående av blandade stilar, såsom handskriven, tryckt och maskinskriven text från arkiv: Kommerskollegium, från serie: Fribrevshandlingar, daterat: 1782..
A0075837_00088.jpg	TEXT	En arkivsida med löpande text bestående av blandade stilar, såsom handskriven, tryckt och maskinskriven text från arkiv: Kommerskollegium, från serie: Fribrevshandlingar, daterat: 1782..
A0075837_00329.jpg	TEXT	En arkivsida med löpande text bestående av blandade stilar, såsom handskriven, tryckt och maskinskriven text från arkiv: Kommerskollegium, från serie: Fribrevshandlingar, daterat: 1782..
A0075837_00316.jpg	TEXT_HW	En arkivsida med löpande handskriven text i stycken från arkiv: Kommerskollegium, från serie: Fribrevshandlingar, daterat: 1782..
A0075837_00107.jpg	TEXT	En arkivsida med löpande text bestående av blandade stilar, såsom handskriven, tryckt och maskinskriven text från arkiv: Kommerskollegium, från serie: Fribrevshandlingar, daterat: 1782..
A0075837_00237.jpg	TEXT	En arkivsida med löpande text bestående av blandade stilar, såsom handskriven, tryckt och maskinskriven text från arkiv: Kommerskollegium, från serie: Fribrevshandlingar, daterat: 1782..
40008984_00040.jpg	LINE_HW	En arkivsida med handskriven text organiserad i tabell- eller formulärstruktur från arkiv: Kommerskollegium, från serie: Första serien, daterat: 1780-1780..
40008984_00329.jpg	TEXT_HW	En arkivsida med löpande handskriven text i stycken från arkiv: Kommerskollegium, från serie: Första serien, daterat: 1780-1780..
40008984_00668.jpg	LINE_HW	En arkivsida med handskriven text organiserad i tabell- eller formulärstruktur från arkiv: Kommerskollegium, från serie: Första serien, daterat: 1780-1780..
40008984_00676.jpg	LINE_HW	En arkivsida med handskriven text organiserad i tabell- eller formulärstruktur från arkiv: Kommerskollegium, från serie: Första serien, daterat: 1780-1780..
40008984_00259.jpg	LINE_HW	En arkivsida med handskriven text organiserad i tabell- eller formulärstruktur från arkiv: Kommerskollegium, från serie: Första serien, daterat: 1780-1780..
40008984_00703.jpg	MISC	En arkivsida med paratextuellt eller blandat innehåll, såsom omslag, titelblad eller annat material utanför huvudtexten från arkiv: Kommerskollegium, från serie: Första serien, daterat: 1780-1780..
A0076555_00165.jpg	LINE_HW	En arkivsida med handskriven text organiserad i tabell- eller formulärstruktur från arkiv: Kommerskollegium, från serie: Första serien, daterat: 1780-1780..
A0076555_00404.jpg	LINE_HW	En arkivsida med handskriven text organiserad i tabell- eller formulärstruktur från arkiv: Kommerskollegium, från serie: Första serien, daterat: 1780-1780..
A0076555_00517.jpg	LINE_HW	En arkivsida med handskriven text organiserad i tabell- eller formulärstruktur från arkiv: Kommerskollegium, från serie: Första serien, daterat: 1780-1780..
A0076555_00191.jpg	LINE_HW	En arkivsida med handskriven text organiserad i tabell- eller formulärstruktur från arkiv: Kommerskollegium, från serie: Första serien, daterat: 1780-1780..
A0076555_00256.jpg	LINE_HW	En arkivsida med handskriven text organiserad i tabell- eller formulärstruktur från arkiv: Kommerskollegium, från serie: Första serien, daterat: 1780-1780..
A0076555_00303.jpg	LINE_HW	En arkivsida med handskriven text organiserad i tabell- eller formulärstruktur från arkiv: Kommerskollegium, från serie: Första serien, daterat: 1780-1780..
A0039202_00079.jpg	LINE_HW	En arkivsida med handskriven text organiserad i tabell- eller formulärstruktur från arkiv: Titularregister till riksregistraturet, från serie: Titularregister till riksregistraturet, daterat: 1666-1672..
A0039202_00151.jpg	LINE_HW	En arkivsida med handskriven text organiserad i tabell- eller formulärstruktur från arkiv: Titularregister till riksregistraturet, från serie: Titularregister till riksregistraturet, daterat: 1666-1672..
A0039202_00034.jpg	LINE_HW	En arkivsida med handskriven text organiserad i tabell- eller formulärstruktur från arkiv: Titularregister till riksregistraturet, från serie: Titularregister till riksregistraturet, daterat: 1666-1672..
A0039202_00258.jpg	LINE_HW	En arkivsida med handskriven text organiserad i tabell- eller formulärstruktur från arkiv: Titularregister till riksregistraturet, från serie: Titularregister till riksregistraturet, daterat: 1666-1672..
A0039202_00033.jpg	LINE_HW	En arkivsida med handskriven text organiserad i tabell- eller formulärstruktur från arkiv: Titularregister till riksregistraturet, från serie: Titularregister till riksregistraturet, daterat: 1666-1672..
A0039202_00257.jpg	LINE_HW	En arkivsida med handskriven text organiserad i tabell- eller formulärstruktur från arkiv: Titularregister till riksregistraturet, från serie: Titularregister till riksregistraturet, daterat: 1666-1672..
R0002263_00098.jpg	LINE_MIX	En arkivsida i tabell- eller formulärlayout med blandade textstilar, inklusive handskriven, tryckt och maskinskriven text från arkiv: Kommerskollegium, från serie: Ostindiska kompaniet, daterat: 1749..
R0002263_00068.jpg	LINE_MIX	En arkivsida i tabell- eller formulärlayout med blandade textstilar, inklusive handskriven, tryckt och maskinskriven text från arkiv: Kommerskollegium, från serie: Ostindiska kompaniet, daterat: 1749..
R0002263_00105.jpg	LINE_MIX	En arkivsida i tabell- eller formulärlayout med blandade textstilar, inklusive handskriven, tryckt och maskinskriven text från arkiv: Kommerskollegium, från serie: Ostindiska kompaniet, daterat: 1749..
R0002263_00078.jpg	LINE_MIX	En arkivsida i tabell- eller formulärlayout med blandade textstilar, inklusive handskriven, tryckt och maskinskriven text från arkiv: Kommerskollegium, från serie: Ostindiska kompaniet, daterat: 1749..
R0002263_00144.jpg	LINE_MIX	En arkivsida i tabell- eller formulärlayout med blandade textstilar, inklusive handskriven, tryckt och maskinskriven text från arkiv: Kommerskollegium, från serie: Ostindiska kompaniet, daterat: 1749..
R0002263_00065.jpg	LINE_MIX	En arkivsida i tabell- eller formulärlayout med blandade textstilar, inklusive handskriven, tryckt och maskinskriven text från arkiv: Kommerskollegium, från serie: Ostindiska kompaniet, daterat: 1749..
A0039323_00192.jpg	LINE_HW	En arkivsida med handskriven text organiserad i tabell- eller formulärstruktur från arkiv: Register till riksregistraturet, från serie: Adressatregister till Riksregistraturet, daterat: 1718..
A0039323_00012.jpg	LINE_HW	En arkivsida med handskriven text organiserad i tabell- eller formulärstruktur från arkiv: Register till riksregistraturet, från serie: Adressatregister till Riksregistraturet, daterat: 1718..
A0039323_00126.jpg	LINE_HW	En arkivsida med handskriven text organiserad i tabell- eller formulärstruktur från arkiv: Register till riksregistraturet, från serie: Adressatregister till Riksregistraturet, daterat: 1718..
A0039323_00124.jpg	LINE_HW	En arkivsida med handskriven text organiserad i tabell- eller formulärstruktur från arkiv: Register till riksregistraturet, från serie: Adressatregister till Riksregistraturet, daterat: 1718..
A0039323_00163.jpg	LINE_HW	En arkivsida med handskriven text organiserad i tabell- eller formulärstruktur från arkiv: Register till riksregistraturet, från serie: Adressatregister till Riksregistraturet, daterat: 1718..
A0039323_00165.jpg	LINE_HW	En arkivsida med handskriven text organiserad i tabell- eller formulärstruktur från arkiv: Register till riksregistraturet, från serie: Adressatregister till Riksregistraturet, daterat: 1718..
A0075883_00288.jpg	TEXT	En arkivsida med löpande text bestående av blandade stilar, såsom handskriven, tryckt och maskinskriven text från arkiv: Kommerskollegium, från serie: Fribrevshandlingar, daterat: 1787..
A0075883_00304.jpg	TEXT_HW	En arkivsida med löpande handskriven text i stycken från arkiv: Kommerskollegium, från serie: Fribrevshandlingar, daterat: 1787..
A0075883_00331.jpg	TEXT_HW	En arkivsida med löpande handskriven text i stycken från arkiv: Kommerskollegium, från serie: Fribrevshandlingar, daterat: 1787..
A0075883_00241.jpg	TEXT	En arkivsida med löpande text bestående av blandade stilar, såsom handskriven, tryckt och maskinskriven text från arkiv: Kommerskollegium, från serie: Fribrevshandlingar, daterat: 1787..
A0075883_00098.jpg	TEXT	En arkivsida med löpande text bestående av blandade stilar, såsom handskriven, tryckt och maskinskriven text från arkiv: Kommerskollegium, från serie: Fribrevshandlingar, daterat: 1787..
A0075883_00235.jpg	TEXT	En arkivsida med löpande text bestående av blandade stilar, såsom handskriven, tryckt och maskinskriven text från arkiv: Kommerskollegium, från serie: Fribrevshandlingar, daterat: 1787..
A0075919_00126.jpg	TEXT	En arkivsida med löpande text bestående av blandade stilar, såsom handskriven, tryckt och maskinskriven text från arkiv: Kommerskollegium, från serie: Fribrevshandlingar, daterat: 1793..
A0075919_00015.jpg	TEXT_HW	En arkivsida med löpande handskriven text i stycken från arkiv: Kommerskollegium, från serie: Fribrevshandlingar, daterat: 1793..
A0075919_00279.jpg	TEXT	En arkivsida med löpande text bestående av blandade stilar, såsom handskriven, tryckt och maskinskriven text från arkiv: Kommerskollegium, från serie: Fribrevshandlingar, daterat: 1793..
A0075919_00291.jpg	TEXT	En arkivsida med löpande text bestående av blandade stilar, såsom handskriven, tryckt och maskinskriven text från arkiv: Kommerskollegium, från serie: Fribrevshandlingar, daterat: 1793..
A0075919_00047.jpg	TEXT	En arkivsida med löpande text bestående av blandade stilar, såsom handskriven, tryckt och maskinskriven text från arkiv: Kommerskollegium, från serie: Fribrevshandlingar, daterat: 1793..
A0075919_00114.jpg	TEXT	En arkivsida med löpande text bestående av blandade stilar, såsom handskriven, tryckt och maskinskriven text från arkiv: Kommerskollegium, från serie: Fribrevshandlingar, daterat: 1793..
A0075844_00127.jpg	TEXT	En arkivsida med löpande text bestående av blandade stilar, såsom handskriven, tryckt och maskinskriven text från arkiv: Kommerskollegium, från serie: Fribrevshandlingar, daterat: 1783..
A0075844_00003.jpg	MISC	En arkivsida med paratextuellt eller blandat innehåll, såsom omslag, titelblad eller annat material utanför huvudtexten från arkiv: Kommerskollegium, från serie: Fribrevshandlingar, daterat: 1783..
A0075844_00100.jpg	TEXT	En arkivsida med löpande text bestående av blandade stilar, såsom handskriven, tryckt och maskinskriven text från arkiv: Kommerskollegium, från serie: Fribrevshandlingar, daterat: 1783..
A0075844_00152.jpg	TEXT	En arkivsida med löpande text bestående av blandade stilar, såsom handskriven, tryckt och maskinskriven text från arkiv: Kommerskollegium, från serie: Fribrevshandlingar, daterat: 1783..
A0075844_00013.jpg	TEXT	En arkivsida med löpande text bestående av blandade stilar, såsom handskriven, tryckt och maskinskriven text från arkiv: Kommerskollegium, från serie: Fribrevshandlingar, daterat: 1783..
A0075844_00320.jpg	TEXT	En arkivsida med löpande text bestående av blandade stilar, såsom handskriven, tryckt och maskinskriven text från arkiv: Kommerskollegium, från serie: Fribrevshandlingar, daterat: 1783..
A0039293_00059.jpg	LINE_HW	En arkivsida med handskriven text organiserad i tabell- eller formulärstruktur från arkiv: Register till riksregistraturet, från serie: Adressatregister till Riksregistraturet, daterat: 1686..
A0039293_00105.jpg	LINE_HW	En arkivsida med handskriven text organiserad i tabell- eller formulärstruktur från arkiv: Register till riksregistraturet, från serie: Adressatregister till Riksregistraturet, daterat: 1686..
A0039293_00010.jpg	LINE_HW	En arkivsida med handskriven text organiserad i tabell- eller formulärstruktur från arkiv: Register till riksregistraturet, från serie: Adressatregister till Riksregistraturet, daterat: 1686..
A0039293_00027.jpg	LINE_HW	En arkivsida med handskriven text organiserad i tabell- eller formulärstruktur från arkiv: Register till riksregistraturet, från serie: Adressatregister till Riksregistraturet, daterat: 1686..
A0039293_00113.jpg	LINE_HW	En arkivsida med handskriven text organiserad i tabell- eller formulärstruktur från arkiv: Register till riksregistraturet, från serie: Adressatregister till Riksregistraturet, daterat: 1686..
A0039293_00008.jpg	LINE_HW	En arkivsida med handskriven text organiserad i tabell- eller formulärstruktur från arkiv: Register till riksregistraturet, från serie: Adressatregister till Riksregistraturet, daterat: 1686..
A0075902_00167.jpg	TEXT	En arkivsida med löpande text bestående av blandade stilar, såsom handskriven, tryckt och maskinskriven text från arkiv: Kommerskollegium, från serie: Fribrevshandlingar, daterat: 1791..
A0075902_00118.jpg	TEXT	En arkivsida med löpande text bestående av blandade stilar, såsom handskriven, tryckt och maskinskriven text från arkiv: Kommerskollegium, från serie: Fribrevshandlingar, daterat: 1791..
A0075902_00141.jpg	TEXT	En arkivsida med löpande text bestående av blandade stilar, såsom handskriven, tryckt och maskinskriven text från arkiv: Kommerskollegium, från serie: Fribrevshandlingar, daterat: 1791..
A0075902_00238.jpg	TEXT	En arkivsida med löpande text bestående av blandade stilar, såsom handskriven, tryckt och maskinskriven text från arkiv: Kommerskollegium, från serie: Fribrevshandlingar, daterat: 1791..
A0075902_00299.jpg	TEXT	En arkivsida med löpande text bestående av blandade stilar, såsom handskriven, tryckt och maskinskriven text från arkiv: Kommerskollegium, från serie: Fribrevshandlingar, daterat: 1791..
A0075902_00306.jpg	TEXT	En arkivsida med löpande text bestående av blandade stilar, såsom handskriven, tryckt och maskinskriven text från arkiv: Kommerskollegium, från serie: Fribrevshandlingar, daterat: 1791..
A0075635_00018.jpg	LINE_HW	En arkivsida med handskriven text organiserad i tabell- eller formulärstruktur från arkiv: Kommerskollegium, från serie: Fribrevsdiarier, daterat: 1770..
A0075635_00071.jpg	LINE_HW	En arkivsida med handskriven text organiserad i tabell- eller formulärstruktur från arkiv: Kommerskollegium, från serie: Fribrevsdiarier, daterat: 1770..
A0075635_00027.jpg	LINE_HW	En arkivsida med handskriven text organiserad i tabell- eller formulärstruktur från arkiv: Kommerskollegium, från serie: Fribrevsdiarier, daterat: 1770..
A0075635_00057.jpg	LINE_HW	En arkivsida med handskriven text organiserad i tabell- eller formulärstruktur från arkiv: Kommerskollegium, från serie: Fribrevsdiarier, daterat: 1770..
A0075635_00045.jpg	LINE_HW	En arkivsida med handskriven text organiserad i tabell- eller formulärstruktur från arkiv: Kommerskollegium, från serie: Fribrevsdiarier, daterat: 1770..
A0075635_00109.jpg	LINE_HW	En arkivsida med handskriven text organiserad i tabell- eller formulärstruktur från arkiv: Kommerskollegium, från serie: Fribrevsdiarier, daterat: 1770..
A0075629_00133.jpg	LINE_HW	En arkivsida med handskriven text organiserad i tabell- eller formulärstruktur från arkiv: Kommerskollegium, från serie: Fribrevsdiarier, daterat: 1764..
A0075629_00063.jpg	LINE_HW	En arkivsida med handskriven text organiserad i tabell- eller formulärstruktur från arkiv: Kommerskollegium, från serie: Fribrevsdiarier, daterat: 1764..
A0075629_00024.jpg	LINE_HW	En arkivsida med handskriven text organiserad i tabell- eller formulärstruktur från arkiv: Kommerskollegium, från serie: Fribrevsdiarier, daterat: 1764..
A0075629_00032.jpg	LINE_HW	En arkivsida med handskriven text organiserad i tabell- eller formulärstruktur från arkiv: Kommerskollegium, från serie: Fribrevsdiarier, daterat: 1764..
A0075629_00068.jpg	LINE_HW	En arkivsida med handskriven text organiserad i tabell- eller formulärstruktur från arkiv: Kommerskollegium, från serie: Fribrevsdiarier, daterat: 1764..
A0075629_00046.jpg	LINE_HW	En arkivsida med handskriven text organiserad i tabell- eller formulärstruktur från arkiv: Kommerskollegium, från serie: Fribrevsdiarier, daterat: 1764..
A0075815_00327.jpg	TEXT	En arkivsida med löpande text bestående av blandade stilar, såsom handskriven, tryckt och maskinskriven text från arkiv: Kommerskollegium, från serie: Fribrevshandlingar, daterat: 1779..
A0075815_00309.jpg	TEXT	En arkivsida med löpande text bestående av blandade stilar, såsom handskriven, tryckt och maskinskriven text från arkiv: Kommerskollegium, från serie: Fribrevshandlingar, daterat: 1779..
A0075815_00154.jpg	TEXT	En arkivsida med löpande text bestående av blandade stilar, såsom handskriven, tryckt och maskinskriven text från arkiv: Kommerskollegium, från serie: Fribrevshandlingar, daterat: 1779..
A0075815_00203.jpg	TEXT_HW	En arkivsida med löpande handskriven text i stycken från arkiv: Kommerskollegium, från serie: Fribrevshandlingar, daterat: 1779..
A0075815_00377.jpg	TEXT	En arkivsida med löpande text bestående av blandade stilar, såsom handskriven, tryckt och maskinskriven text från arkiv: Kommerskollegium, från serie: Fribrevshandlingar, daterat: 1779..
A0075815_00408.jpg	TEXT	En arkivsida med löpande text bestående av blandade stilar, såsom handskriven, tryckt och maskinskriven text från arkiv: Kommerskollegium, från serie: Fribrevshandlingar, daterat: 1779..
A0039310_00108.jpg	LINE_HW	En arkivsida med handskriven text organiserad i tabell- eller formulärstruktur från arkiv: Register till riksregistraturet, från serie: Adressatregister till Riksregistraturet, daterat: 1704..
A0039310_00103.jpg	LINE_HW	En arkivsida med handskriven text organiserad i tabell- eller formulärstruktur från arkiv: Register till riksregistraturet, från serie: Adressatregister till Riksregistraturet, daterat: 1704..
A0039310_00154.jpg	LINE_HW	En arkivsida med handskriven text organiserad i tabell- eller formulärstruktur från arkiv: Register till riksregistraturet, från serie: Adressatregister till Riksregistraturet, daterat: 1704..
A0039310_00085.jpg	LINE_HW	En arkivsida med handskriven text organiserad i tabell- eller formulärstruktur från arkiv: Register till riksregistraturet, från serie: Adressatregister till Riksregistraturet, daterat: 1704..
A0039310_00135.jpg	LINE_HW	En arkivsida med handskriven text organiserad i tabell- eller formulärstruktur från arkiv: Register till riksregistraturet, från serie: Adressatregister till Riksregistraturet, daterat: 1704..
A0039310_00122.jpg	LINE_HW	En arkivsida med handskriven text organiserad i tabell- eller formulärstruktur från arkiv: Register till riksregistraturet, från serie: Adressatregister till Riksregistraturet, daterat: 1704..
A0039284_00111.jpg	LINE_HW	En arkivsida med handskriven text organiserad i tabell- eller formulärstruktur från arkiv: Register till riksregistraturet, från serie: Adressatregister till Riksregistraturet, daterat: 1678..
A0039284_00045.jpg	LINE_HW	En arkivsida med handskriven text organiserad i tabell- eller formulärstruktur från arkiv: Register till riksregistraturet, från serie: Adressatregister till Riksregistraturet, daterat: 1678..
A0039284_00044.jpg	LINE_HW	En arkivsida med handskriven text organiserad i tabell- eller formulärstruktur från arkiv: Register till riksregistraturet, från serie: Adressatregister till Riksregistraturet, daterat: 1678..
A0039284_00030.jpg	LINE_HW	En arkivsida med handskriven text organiserad i tabell- eller formulärstruktur från arkiv: Register till riksregistraturet, från serie: Adressatregister till Riksregistraturet, daterat: 1678..
A0039284_00043.jpg	LINE_HW	En arkivsida med handskriven text organiserad i tabell- eller formulärstruktur från arkiv: Register till riksregistraturet, från serie: Adressatregister till Riksregistraturet, daterat: 1678..
A0039284_00060.jpg	LINE_HW	En arkivsida med handskriven text organiserad i tabell- eller formulärstruktur från arkiv: Register till riksregistraturet, från serie: Adressatregister till Riksregistraturet, daterat: 1678..
A0039268_00222.jpg	LINE_HW	En arkivsida med handskriven text organiserad i tabell- eller formulärstruktur från arkiv: Register till riksregistraturet, från serie: Adressatregister till Riksregistraturet, daterat: 1646-1649..
A0039268_00049.jpg	LINE_HW	En arkivsida med handskriven text organiserad i tabell- eller formulärstruktur från arkiv: Register till riksregistraturet, från serie: Adressatregister till Riksregistraturet, daterat: 1646-1649..
A0039268_00113.jpg	LINE_HW	En arkivsida med handskriven text organiserad i tabell- eller formulärstruktur från arkiv: Register till riksregistraturet, från serie: Adressatregister till Riksregistraturet, daterat: 1646-1649..
A0039268_00151.jpg	LINE_HW	En arkivsida med handskriven text organiserad i tabell- eller formulärstruktur från arkiv: Register till riksregistraturet, från serie: Adressatregister till Riksregistraturet, daterat: 1646-1649..
A0039268_00197.jpg	LINE_HW	En arkivsida med handskriven text organiserad i tabell- eller formulärstruktur från arkiv: Register till riksregistraturet, från serie: Adressatregister till Riksregistraturet, daterat: 1646-1649..
A0039268_00174.jpg	LINE_HW	En arkivsida med handskriven text organiserad i tabell- eller formulärstruktur från arkiv: Register till riksregistraturet, från serie: Adressatregister till Riksregistraturet, daterat: 1646-1649..
A0075886_00174.jpg	TEXT	En arkivsida med löpande text bestående av blandade stilar, såsom handskriven, tryckt och maskinskriven text från arkiv: Kommerskollegium, från serie: Fribrevshandlingar, daterat: 1787..
A0075886_00130.jpg	TEXT	En arkivsida med löpande text bestående av blandade stilar, såsom handskriven, tryckt och maskinskriven text från arkiv: Kommerskollegium, från serie: Fribrevshandlingar, daterat: 1787..
A0075886_00047.jpg	TEXT	En arkivsida med löpande text bestående av blandade stilar, såsom handskriven, tryckt och maskinskriven text från arkiv: Kommerskollegium, från serie: Fribrevshandlingar, daterat: 1787..
A0075886_00153.jpg	TEXT	En arkivsida med löpande text bestående av blandade stilar, såsom handskriven, tryckt och maskinskriven text från arkiv: Kommerskollegium, från serie: Fribrevshandlingar, daterat: 1787..
A0075886_00093.jpg	TEXT	En arkivsida med löpande text bestående av blandade stilar, såsom handskriven, tryckt och maskinskriven text från arkiv: Kommerskollegium, från serie: Fribrevshandlingar, daterat: 1787..
A0075886_00087.jpg	TEXT	En arkivsida med löpande text bestående av blandade stilar, såsom handskriven, tryckt och maskinskriven text från arkiv: Kommerskollegium, från serie: Fribrevshandlingar, daterat: 1787..
A0039232_00014.jpg	LINE_HW	En arkivsida med handskriven text organiserad i tabell- eller formulärstruktur från arkiv: Register till riksregistraturet, från serie: Adressatregister till Riksregistraturet, daterat: 1581-1584..
A0039232_00022.jpg	LINE_HW	En arkivsida med handskriven text organiserad i tabell- eller formulärstruktur från arkiv: Register till riksregistraturet, från serie: Adressatregister till Riksregistraturet, daterat: 1581-1584..
A0039232_00034.jpg	LINE_HW	En arkivsida med handskriven text organiserad i tabell- eller formulärstruktur från arkiv: Register till riksregistraturet, från serie: Adressatregister till Riksregistraturet, daterat: 1581-1584..
A0039232_00151.jpg	LINE_HW	En arkivsida med handskriven text organiserad i tabell- eller formulärstruktur från arkiv: Register till riksregistraturet, från serie: Adressatregister till Riksregistraturet, daterat: 1581-1584..
A0039232_00011.jpg	LINE_HW	En arkivsida med handskriven text organiserad i tabell- eller formulärstruktur från arkiv: Register till riksregistraturet, från serie: Adressatregister till Riksregistraturet, daterat: 1581-1584..
A0039232_00211.jpg	LINE_HW	En arkivsida med handskriven text organiserad i tabell- eller formulärstruktur från arkiv: Register till riksregistraturet, från serie: Adressatregister till Riksregistraturet, daterat: 1581-1584..
A0039252_00110.jpg	LINE_HW	En arkivsida med handskriven text organiserad i tabell- eller formulärstruktur från arkiv: Register till riksregistraturet, från serie: Adressatregister till Riksregistraturet, daterat: 1621..
A0039252_00035.jpg	LINE_HW	En arkivsida med handskriven text organiserad i tabell- eller formulärstruktur från arkiv: Register till riksregistraturet, från serie: Adressatregister till Riksregistraturet, daterat: 1621..
A0039252_00015.jpg	LINE_HW	En arkivsida med handskriven text organiserad i tabell- eller formulärstruktur från arkiv: Register till riksregistraturet, från serie: Adressatregister till Riksregistraturet, daterat: 1621..
A0039252_00065.jpg	LINE_HW	En arkivsida med handskriven text organiserad i tabell- eller formulärstruktur från arkiv: Register till riksregistraturet, från serie: Adressatregister till Riksregistraturet, daterat: 1621..
A0039252_00019.jpg	LINE_HW	En arkivsida med handskriven text organiserad i tabell- eller formulärstruktur från arkiv: Register till riksregistraturet, från serie: Adressatregister till Riksregistraturet, daterat: 1621..
A0039252_00114.jpg	LINE_HW	En arkivsida med handskriven text organiserad i tabell- eller formulärstruktur från arkiv: Register till riksregistraturet, från serie: Adressatregister till Riksregistraturet, daterat: 1621..
A0039276_00199.jpg	LINE_HW	En arkivsida med handskriven text organiserad i tabell- eller formulärstruktur från arkiv: Register till riksregistraturet, från serie: Adressatregister till Riksregistraturet, daterat: 1667-1668..
A0039276_00125.jpg	LINE_HW	En arkivsida med handskriven text organiserad i tabell- eller formulärstruktur från arkiv: Register till riksregistraturet, från serie: Adressatregister till Riksregistraturet, daterat: 1667-1668..
A0039276_00128.jpg	LINE_HW	En arkivsida med handskriven text organiserad i tabell- eller formulärstruktur från arkiv: Register till riksregistraturet, från serie: Adressatregister till Riksregistraturet, daterat: 1667-1668..
A0039276_00169.jpg	LINE_HW	En arkivsida med handskriven text organiserad i tabell- eller formulärstruktur från arkiv: Register till riksregistraturet, från serie: Adressatregister till Riksregistraturet, daterat: 1667-1668..
A0039276_00007.jpg	LINE_HW	En arkivsida med handskriven text organiserad i tabell- eller formulärstruktur från arkiv: Register till riksregistraturet, från serie: Adressatregister till Riksregistraturet, daterat: 1667-1668..
A0039276_00162.jpg	LINE_HW	En arkivsida med handskriven text organiserad i tabell- eller formulärstruktur från arkiv: Register till riksregistraturet, från serie: Adressatregister till Riksregistraturet, daterat: 1667-1668..
A0075826_00040.jpg	TEXT	En arkivsida med löpande text bestående av blandade stilar, såsom handskriven, tryckt och maskinskriven text från arkiv: Kommerskollegium, från serie: Fribrevshandlingar, daterat: 1781..
A0075826_00009.jpg	TEXT	En arkivsida med löpande text bestående av blandade stilar, såsom handskriven, tryckt och maskinskriven text från arkiv: Kommerskollegium, från serie: Fribrevshandlingar, daterat: 1781..
A0075826_00354.jpg	TEXT	En arkivsida med löpande text bestående av blandade stilar, såsom handskriven, tryckt och maskinskriven text från arkiv: Kommerskollegium, från serie: Fribrevshandlingar, daterat: 1781..
A0075826_00016.jpg	TEXT	En arkivsida med löpande text bestående av blandade stilar, såsom handskriven, tryckt och maskinskriven text från arkiv: Kommerskollegium, från serie: Fribrevshandlingar, daterat: 1781..
A0075826_00050.jpg	TEXT	En arkivsida med löpande text bestående av blandade stilar, såsom handskriven, tryckt och maskinskriven text från arkiv: Kommerskollegium, från serie: Fribrevshandlingar, daterat: 1781..
A0075826_00343.jpg	TEXT	En arkivsida med löpande text bestående av blandade stilar, såsom handskriven, tryckt och maskinskriven text från arkiv: Kommerskollegium, från serie: Fribrevshandlingar, daterat: 1781..
A0039301_00193.jpg	LINE_HW	En arkivsida med handskriven text organiserad i tabell- eller formulärstruktur från arkiv: Register till riksregistraturet, från serie: Adressatregister till Riksregistraturet, daterat: 1696..
A0039301_00028.jpg	LINE_HW	En arkivsida med handskriven text organiserad i tabell- eller formulärstruktur från arkiv: Register till riksregistraturet, från serie: Adressatregister till Riksregistraturet, daterat: 1696..
A0039301_00159.jpg	LINE_HW	En arkivsida med handskriven text organiserad i tabell- eller formulärstruktur från arkiv: Register till riksregistraturet, från serie: Adressatregister till Riksregistraturet, daterat: 1696..
A0039301_00183.jpg	LINE_HW	En arkivsida med handskriven text organiserad i tabell- eller formulärstruktur från arkiv: Register till riksregistraturet, från serie: Adressatregister till Riksregistraturet, daterat: 1696..
A0039301_00242.jpg	LINE_HW	En arkivsida med handskriven text organiserad i tabell- eller formulärstruktur från arkiv: Register till riksregistraturet, från serie: Adressatregister till Riksregistraturet, daterat: 1696..
A0075875_00039.jpg	TEXT	En arkivsida med löpande text bestående av blandade stilar, såsom handskriven, tryckt och maskinskriven text från arkiv: Kommerskollegium, från serie: Fribrevshandlingar, daterat: 1786..
A0075875_00227.jpg	TEXT_HW	En arkivsida med löpande handskriven text i stycken från arkiv: Kommerskollegium, från serie: Fribrevshandlingar, daterat: 1786..
A0075875_00049.jpg	TEXT	En arkivsida med löpande text bestående av blandade stilar, såsom handskriven, tryckt och maskinskriven text från arkiv: Kommerskollegium, från serie: Fribrevshandlingar, daterat: 1786..
A0075875_00336.jpg	TEXT	En arkivsida med löpande text bestående av blandade stilar, såsom handskriven, tryckt och maskinskriven text från arkiv: Kommerskollegium, från serie: Fribrevshandlingar, daterat: 1786..
A0075875_00176.jpg	TEXT_HW	En arkivsida med löpande handskriven text i stycken från arkiv: Kommerskollegium, från serie: Fribrevshandlingar, daterat: 1786..
A0075875_00200.jpg	TEXT	En arkivsida med löpande text bestående av blandade stilar, såsom handskriven, tryckt och maskinskriven text från arkiv: Kommerskollegium, från serie: Fribrevshandlingar, daterat: 1786..
A0075617_00358.jpg	LINE_HW	En arkivsida med handskriven text organiserad i tabell- eller formulärstruktur från arkiv: Kommerskollegium, från serie: Sjöpassdiarier, daterat: 1799-1803..
A0075617_00128.jpg	LINE_HW	En arkivsida med handskriven text organiserad i tabell- eller formulärstruktur från arkiv: Kommerskollegium, från serie: Sjöpassdiarier, daterat: 1799-1803..
A0075617_00088.jpg	LINE_HW	En arkivsida med handskriven text organiserad i tabell- eller formulärstruktur från arkiv: Kommerskollegium, från serie: Sjöpassdiarier, daterat: 1799-1803..
A0075617_00159.jpg	LINE_HW	En arkivsida med handskriven text organiserad i tabell- eller formulärstruktur från arkiv: Kommerskollegium, från serie: Sjöpassdiarier, daterat: 1799-1803..
A0075617_00325.jpg	LINE_HW	En arkivsida med handskriven text organiserad i tabell- eller formulärstruktur från arkiv: Kommerskollegium, från serie: Sjöpassdiarier, daterat: 1799-1803..
A0075617_00200.jpg	LINE_HW	En arkivsida med handskriven text organiserad i tabell- eller formulärstruktur från arkiv: Kommerskollegium, från serie: Sjöpassdiarier, daterat: 1799-1803..
A0039277_00025.jpg	LINE_HW	En arkivsida med handskriven text organiserad i tabell- eller formulärstruktur från arkiv: Register till riksregistraturet, från serie: Adressatregister till Riksregistraturet, daterat: 1669-1670..
A0039277_00051.jpg	LINE_HW	En arkivsida med handskriven text organiserad i tabell- eller formulärstruktur från arkiv: Register till riksregistraturet, från serie: Adressatregister till Riksregistraturet, daterat: 1669-1670..
A0039277_00066.jpg	LINE_HW	En arkivsida med handskriven text organiserad i tabell- eller formulärstruktur från arkiv: Register till riksregistraturet, från serie: Adressatregister till Riksregistraturet, daterat: 1669-1670..
A0039277_00062.jpg	LINE_HW	En arkivsida med handskriven text organiserad i tabell- eller formulärstruktur från arkiv: Register till riksregistraturet, från serie: Adressatregister till Riksregistraturet, daterat: 1669-1670..
A0039277_00152.jpg	LINE_HW	En arkivsida med handskriven text organiserad i tabell- eller formulärstruktur från arkiv: Register till riksregistraturet, från serie: Adressatregister till Riksregistraturet, daterat: 1669-1670..
A0039277_00105.jpg	LINE_HW	En arkivsida med handskriven text organiserad i tabell- eller formulärstruktur från arkiv: Register till riksregistraturet, från serie: Adressatregister till Riksregistraturet, daterat: 1669-1670..
A0075893_00188.jpg	TEXT	En arkivsida med löpande text bestående av blandade stilar, såsom handskriven, tryckt och maskinskriven text från arkiv: Kommerskollegium, från serie: Fribrevshandlingar, daterat: 1788..
A0075893_00154.jpg	TEXT	En arkivsida med löpande text bestående av blandade stilar, såsom handskriven, tryckt och maskinskriven text från arkiv: Kommerskollegium, från serie: Fribrevshandlingar, daterat: 1788..
A0075893_00205.jpg	TEXT	En arkivsida med löpande text bestående av blandade stilar, såsom handskriven, tryckt och maskinskriven text från arkiv: Kommerskollegium, från serie: Fribrevshandlingar, daterat: 1788..
A0075893_00343.jpg	TEXT	En arkivsida med löpande text bestående av blandade stilar, såsom handskriven, tryckt och maskinskriven text från arkiv: Kommerskollegium, från serie: Fribrevshandlingar, daterat: 1788..
A0075893_00240.jpg	TEXT	En arkivsida med löpande text bestående av blandade stilar, såsom handskriven, tryckt och maskinskriven text från arkiv: Kommerskollegium, från serie: Fribrevshandlingar, daterat: 1788..
A0075893_00151.jpg	TEXT	En arkivsida med löpande text bestående av blandade stilar, såsom handskriven, tryckt och maskinskriven text från arkiv: Kommerskollegium, från serie: Fribrevshandlingar, daterat: 1788..
R0002268_00068.jpg	LINE_MIX	En arkivsida i tabell- eller formulärlayout med blandade textstilar, inklusive handskriven, tryckt och maskinskriven text från arkiv: Kommerskollegium, från serie: Ostindiska kompaniet, daterat: 1754..
R0002268_00009.jpg	LINE_MIX	En arkivsida i tabell- eller formulärlayout med blandade textstilar, inklusive handskriven, tryckt och maskinskriven text från arkiv: Kommerskollegium, från serie: Ostindiska kompaniet, daterat: 1754..
R0002268_00006.jpg	MISC	En arkivsida med paratextuellt eller blandat innehåll, såsom omslag, titelblad eller annat material utanför huvudtexten från arkiv: Kommerskollegium, från serie: Ostindiska kompaniet, daterat: 1754..
R0002268_00074.jpg	LINE_MIX	En arkivsida i tabell- eller formulärlayout med blandade textstilar, inklusive handskriven, tryckt och maskinskriven text från arkiv: Kommerskollegium, från serie: Ostindiska kompaniet, daterat: 1754..
R0002268_00043.jpg	LINE_MIX	En arkivsida i tabell- eller formulärlayout med blandade textstilar, inklusive handskriven, tryckt och maskinskriven text från arkiv: Kommerskollegium, från serie: Ostindiska kompaniet, daterat: 1754..
R0002268_00063.jpg	LINE_MIX	En arkivsida i tabell- eller formulärlayout med blandade textstilar, inklusive handskriven, tryckt och maskinskriven text från arkiv: Kommerskollegium, från serie: Ostindiska kompaniet, daterat: 1754..
A0039263_00084.jpg	MISC	En arkivsida med paratextuellt eller blandat innehåll, såsom omslag, titelblad eller annat material utanför huvudtexten från arkiv: Register till riksregistraturet, från serie: Adressatregister till Riksregistraturet, daterat: 1635..
A0039263_00003.jpg	MISC	En arkivsida med paratextuellt eller blandat innehåll, såsom omslag, titelblad eller annat material utanför huvudtexten från arkiv: Register till riksregistraturet, från serie: Adressatregister till Riksregistraturet, daterat: 1635..
A0039263_00080.jpg	LINE_HW	En arkivsida med handskriven text organiserad i tabell- eller formulärstruktur från arkiv: Register till riksregistraturet, från serie: Adressatregister till Riksregistraturet, daterat: 1635..
A0039263_00059.jpg	MISC	En arkivsida med paratextuellt eller blandat innehåll, såsom omslag, titelblad eller annat material utanför huvudtexten från arkiv: Register till riksregistraturet, från serie: Adressatregister till Riksregistraturet, daterat: 1635..
A0039263_00005.jpg	MISC	En arkivsida med paratextuellt eller blandat innehåll, såsom omslag, titelblad eller annat material utanför huvudtexten från arkiv: Register till riksregistraturet, från serie: Adressatregister till Riksregistraturet, daterat: 1635..
A0039263_00081.jpg	LINE_HW	En arkivsida med handskriven text organiserad i tabell- eller formulärstruktur från arkiv: Register till riksregistraturet, från serie: Adressatregister till Riksregistraturet, daterat: 1635..
A0075697_00206.jpg	TEXT	En arkivsida med löpande text bestående av blandade stilar, såsom handskriven, tryckt och maskinskriven text från arkiv: Kommerskollegium, från serie: Sjöpasshandlingar, daterat: 1800..
A0075697_00264.jpg	TEXT_HW	En arkivsida med löpande handskriven text i stycken från arkiv: Kommerskollegium, från serie: Sjöpasshandlingar, daterat: 1800..
A0075697_00178.jpg	TEXT_HW	En arkivsida med löpande handskriven text i stycken från arkiv: Kommerskollegium, från serie: Sjöpasshandlingar, daterat: 1800..
A0075697_00274.jpg	TEXT	En arkivsida med löpande text bestående av blandade stilar, såsom handskriven, tryckt och maskinskriven text från arkiv: Kommerskollegium, från serie: Sjöpasshandlingar, daterat: 1800..
A0075697_00310.jpg	TEXT	En arkivsida med löpande text bestående av blandade stilar, såsom handskriven, tryckt och maskinskriven text från arkiv: Kommerskollegium, från serie: Sjöpasshandlingar, daterat: 1800..
A0075697_00314.jpg	TEXT_HW	En arkivsida med löpande handskriven text i stycken från arkiv: Kommerskollegium, från serie: Sjöpasshandlingar, daterat: 1800..
R0002264_00021.jpg	LINE_MIX	En arkivsida i tabell- eller formulärlayout med blandade textstilar, inklusive handskriven, tryckt och maskinskriven text från arkiv: Kommerskollegium, från serie: Ostindiska kompaniet, daterat: 1751..
R0002264_00086.jpg	LINE_MIX	En arkivsida i tabell- eller formulärlayout med blandade textstilar, inklusive handskriven, tryckt och maskinskriven text från arkiv: Kommerskollegium, från serie: Ostindiska kompaniet, daterat: 1751..
R0002264_00037.jpg	LINE_MIX	En arkivsida i tabell- eller formulärlayout med blandade textstilar, inklusive handskriven, tryckt och maskinskriven text från arkiv: Kommerskollegium, från serie: Ostindiska kompaniet, daterat: 1751..
R0002264_00036.jpg	LINE_MIX	En arkivsida i tabell- eller formulärlayout med blandade textstilar, inklusive handskriven, tryckt och maskinskriven text från arkiv: Kommerskollegium, från serie: Ostindiska kompaniet, daterat: 1751..
R0002264_00047.jpg	LINE_MIX	En arkivsida i tabell- eller formulärlayout med blandade textstilar, inklusive handskriven, tryckt och maskinskriven text från arkiv: Kommerskollegium, från serie: Ostindiska kompaniet, daterat: 1751..
R0002264_00041.jpg	LINE_MIX	En arkivsida i tabell- eller formulärlayout med blandade textstilar, inklusive handskriven, tryckt och maskinskriven text från arkiv: Kommerskollegium, från serie: Ostindiska kompaniet, daterat: 1751..
A0075885_00099.jpg	TEXT	En arkivsida med löpande text bestående av blandade stilar, såsom handskriven, tryckt och maskinskriven text från arkiv: Kommerskollegium, från serie: Fribrevshandlingar, daterat: 1787..
A0075885_00263.jpg	TEXT	En arkivsida med löpande text bestående av blandade stilar, såsom handskriven, tryckt och maskinskriven text från arkiv: Kommerskollegium, från serie: Fribrevshandlingar, daterat: 1787..
A0075885_00311.jpg	TEXT	En arkivsida med löpande text bestående av blandade stilar, såsom handskriven, tryckt och maskinskriven text från arkiv: Kommerskollegium, från serie: Fribrevshandlingar, daterat: 1787..
A0075885_00312.jpg	TEXT	En arkivsida med löpande text bestående av blandade stilar, såsom handskriven, tryckt och maskinskriven text från arkiv: Kommerskollegium, från serie: Fribrevshandlingar, daterat: 1787..
A0075885_00321.jpg	TEXT	En arkivsida med löpande text bestående av blandade stilar, såsom handskriven, tryckt och maskinskriven text från arkiv: Kommerskollegium, från serie: Fribrevshandlingar, daterat: 1787..
A0075885_00098.jpg	TEXT	En arkivsida med löpande text bestående av blandade stilar, såsom handskriven, tryckt och maskinskriven text från arkiv: Kommerskollegium, från serie: Fribrevshandlingar, daterat: 1787..
A0075834_00157.jpg	TEXT	En arkivsida med löpande text bestående av blandade stilar, såsom handskriven, tryckt och maskinskriven text från arkiv: Kommerskollegium, från serie: Fribrevshandlingar, daterat: 1781..
A0075834_00208.jpg	TEXT	En arkivsida med löpande text bestående av blandade stilar, såsom handskriven, tryckt och maskinskriven text från arkiv: Kommerskollegium, från serie: Fribrevshandlingar, daterat: 1781..
A0075834_00194.jpg	TEXT	En arkivsida med löpande text bestående av blandade stilar, såsom handskriven, tryckt och maskinskriven text från arkiv: Kommerskollegium, från serie: Fribrevshandlingar, daterat: 1781..
A0075834_00179.jpg	TEXT	En arkivsida med löpande text bestående av blandade stilar, såsom handskriven, tryckt och maskinskriven text från arkiv: Kommerskollegium, från serie: Fribrevshandlingar, daterat: 1781..
A0075834_00012.jpg	TEXT_HW	En arkivsida med löpande handskriven text i stycken från arkiv: Kommerskollegium, från serie: Fribrevshandlingar, daterat: 1781..
A0075834_00148.jpg	TEXT	En arkivsida med löpande text bestående av blandade stilar, såsom handskriven, tryckt och maskinskriven text från arkiv: Kommerskollegium, från serie: Fribrevshandlingar, daterat: 1781..
A0075627_00132.jpg	LINE_HW	En arkivsida med handskriven text organiserad i tabell- eller formulärstruktur från arkiv: Kommerskollegium, från serie: Fribrevsdiarier, daterat: 1762..
A0075627_00090.jpg	LINE_HW	En arkivsida med handskriven text organiserad i tabell- eller formulärstruktur från arkiv: Kommerskollegium, från serie: Fribrevsdiarier, daterat: 1762..
A0075627_00028.jpg	LINE_HW	En arkivsida med handskriven text organiserad i tabell- eller formulärstruktur från arkiv: Kommerskollegium, från serie: Fribrevsdiarier, daterat: 1762..
A0075627_00139.jpg	LINE_HW	En arkivsida med handskriven text organiserad i tabell- eller formulärstruktur från arkiv: Kommerskollegium, från serie: Fribrevsdiarier, daterat: 1762..
A0075627_00080.jpg	LINE_HW	En arkivsida med handskriven text organiserad i tabell- eller formulärstruktur från arkiv: Kommerskollegium, från serie: Fribrevsdiarier, daterat: 1762..
A0075627_00102.jpg	LINE_HW	En arkivsida med handskriven text organiserad i tabell- eller formulärstruktur från arkiv: Kommerskollegium, från serie: Fribrevsdiarier, daterat: 1762..
A0039244_00014.jpg	LINE_HW	En arkivsida med handskriven text organiserad i tabell- eller formulärstruktur från arkiv: Register till riksregistraturet, från serie: Adressatregister till Riksregistraturet, daterat: 1610..
A0039244_00037.jpg	LINE_HW	En arkivsida med handskriven text organiserad i tabell- eller formulärstruktur från arkiv: Register till riksregistraturet, från serie: Adressatregister till Riksregistraturet, daterat: 1610..
A0039244_00042.jpg	LINE_HW	En arkivsida med handskriven text organiserad i tabell- eller formulärstruktur från arkiv: Register till riksregistraturet, från serie: Adressatregister till Riksregistraturet, daterat: 1610..
A0039244_00012.jpg	LINE_HW	En arkivsida med handskriven text organiserad i tabell- eller formulärstruktur från arkiv: Register till riksregistraturet, från serie: Adressatregister till Riksregistraturet, daterat: 1610..
A0039244_00022.jpg	LINE_HW	En arkivsida med handskriven text organiserad i tabell- eller formulärstruktur från arkiv: Register till riksregistraturet, från serie: Adressatregister till Riksregistraturet, daterat: 1610..
A0039244_00040.jpg	LINE_HW	En arkivsida med handskriven text organiserad i tabell- eller formulärstruktur från arkiv: Register till riksregistraturet, från serie: Adressatregister till Riksregistraturet, daterat: 1610..
A0075820_00149.jpg	TEXT	En arkivsida med löpande text bestående av blandade stilar, såsom handskriven, tryckt och maskinskriven text från arkiv: Kommerskollegium, från serie: Fribrevshandlingar, daterat: 1780..
A0075820_00270.jpg	TEXT_HW	En arkivsida med löpande handskriven text i stycken från arkiv: Kommerskollegium, från serie: Fribrevshandlingar, daterat: 1780..
A0075820_00236.jpg	TEXT	En arkivsida med löpande text bestående av blandade stilar, såsom handskriven, tryckt och maskinskriven text från arkiv: Kommerskollegium, från serie: Fribrevshandlingar, daterat: 1780..
A0075820_00311.jpg	TEXT	En arkivsida med löpande text bestående av blandade stilar, såsom handskriven, tryckt och maskinskriven text från arkiv: Kommerskollegium, från serie: Fribrevshandlingar, daterat: 1780..
A0075820_00248.jpg	TEXT	En arkivsida med löpande text bestående av blandade stilar, såsom handskriven, tryckt och maskinskriven text från arkiv: Kommerskollegium, från serie: Fribrevshandlingar, daterat: 1780..
A0075820_00021.jpg	TEXT	En arkivsida med löpande text bestående av blandade stilar, såsom handskriven, tryckt och maskinskriven text från arkiv: Kommerskollegium, från serie: Fribrevshandlingar, daterat: 1780..
A0075614_00109.jpg	LINE_HW	En arkivsida med handskriven text organiserad i tabell- eller formulärstruktur från arkiv: Kommerskollegium, från serie: Sjöpassdiarier, daterat: 1779-1782..
A0075614_00114.jpg	LINE_HW	En arkivsida med handskriven text organiserad i tabell- eller formulärstruktur från arkiv: Kommerskollegium, från serie: Sjöpassdiarier, daterat: 1779-1782..
A0075614_00068.jpg	LINE_HW	En arkivsida med handskriven text organiserad i tabell- eller formulärstruktur från arkiv: Kommerskollegium, från serie: Sjöpassdiarier, daterat: 1779-1782..
A0075614_00146.jpg	LINE_HW	En arkivsida med handskriven text organiserad i tabell- eller formulärstruktur från arkiv: Kommerskollegium, från serie: Sjöpassdiarier, daterat: 1779-1782..
A0075614_00141.jpg	LINE_HW	En arkivsida med handskriven text organiserad i tabell- eller formulärstruktur från arkiv: Kommerskollegium, från serie: Sjöpassdiarier, daterat: 1779-1782..
A0075614_00111.jpg	LINE_HW	En arkivsida med handskriven text organiserad i tabell- eller formulärstruktur från arkiv: Kommerskollegium, från serie: Sjöpassdiarier, daterat: 1779-1782..
A0075865_00017.jpg	TEXT	En arkivsida med löpande text bestående av blandade stilar, såsom handskriven, tryckt och maskinskriven text från arkiv: Kommerskollegium, från serie: Fribrevshandlingar, daterat: 1785..
A0075865_00276.jpg	TEXT	En arkivsida med löpande text bestående av blandade stilar, såsom handskriven, tryckt och maskinskriven text från arkiv: Kommerskollegium, från serie: Fribrevshandlingar, daterat: 1785..
A0075865_00271.jpg	TEXT	En arkivsida med löpande text bestående av blandade stilar, såsom handskriven, tryckt och maskinskriven text från arkiv: Kommerskollegium, från serie: Fribrevshandlingar, daterat: 1785..
A0075865_00028.jpg	TEXT	En arkivsida med löpande text bestående av blandade stilar, såsom handskriven, tryckt och maskinskriven text från arkiv: Kommerskollegium, från serie: Fribrevshandlingar, daterat: 1785..
A0075865_00293.jpg	TEXT	En arkivsida med löpande text bestående av blandade stilar, såsom handskriven, tryckt och maskinskriven text från arkiv: Kommerskollegium, från serie: Fribrevshandlingar, daterat: 1785..
A0075865_00084.jpg	TEXT	En arkivsida med löpande text bestående av blandade stilar, såsom handskriven, tryckt och maskinskriven text från arkiv: Kommerskollegium, från serie: Fribrevshandlingar, daterat: 1785..
A0039273_00187.jpg	LINE_HW	En arkivsida med handskriven text organiserad i tabell- eller formulärstruktur från arkiv: Register till riksregistraturet, från serie: Adressatregister till Riksregistraturet, daterat: 1660-1661..
A0039273_00017.jpg	LINE_HW	En arkivsida med handskriven text organiserad i tabell- eller formulärstruktur från arkiv: Register till riksregistraturet, från serie: Adressatregister till Riksregistraturet, daterat: 1660-1661..
A0039273_00174.jpg	LINE_HW	En arkivsida med handskriven text organiserad i tabell- eller formulärstruktur från arkiv: Register till riksregistraturet, från serie: Adressatregister till Riksregistraturet, daterat: 1660-1661..
A0039273_00186.jpg	LINE_HW	En arkivsida med handskriven text organiserad i tabell- eller formulärstruktur från arkiv: Register till riksregistraturet, från serie: Adressatregister till Riksregistraturet, daterat: 1660-1661..
A0039273_00057.jpg	LINE_HW	En arkivsida med handskriven text organiserad i tabell- eller formulärstruktur från arkiv: Register till riksregistraturet, från serie: Adressatregister till Riksregistraturet, daterat: 1660-1661..
A0039273_00061.jpg	LINE_HW	En arkivsida med handskriven text organiserad i tabell- eller formulärstruktur från arkiv: Register till riksregistraturet, från serie: Adressatregister till Riksregistraturet, daterat: 1660-1661..
A0075858_00087.jpg	TEXT	En arkivsida med löpande text bestående av blandade stilar, såsom handskriven, tryckt och maskinskriven text från arkiv: Kommerskollegium, från serie: Fribrevshandlingar, daterat: 1784..
A0075858_00020.jpg	TEXT_HW	En arkivsida med löpande handskriven text i stycken från arkiv: Kommerskollegium, från serie: Fribrevshandlingar, daterat: 1784..
A0075858_00269.jpg	TEXT	En arkivsida med löpande text bestående av blandade stilar, såsom handskriven, tryckt och maskinskriven text från arkiv: Kommerskollegium, från serie: Fribrevshandlingar, daterat: 1784..
A0075858_00303.jpg	TEXT	En arkivsida med löpande text bestående av blandade stilar, såsom handskriven, tryckt och maskinskriven text från arkiv: Kommerskollegium, från serie: Fribrevshandlingar, daterat: 1784..
A0075858_00095.jpg	TEXT	En arkivsida med löpande text bestående av blandade stilar, såsom handskriven, tryckt och maskinskriven text från arkiv: Kommerskollegium, från serie: Fribrevshandlingar, daterat: 1784..
A0075858_00246.jpg	TEXT	En arkivsida med löpande text bestående av blandade stilar, såsom handskriven, tryckt och maskinskriven text från arkiv: Kommerskollegium, från serie: Fribrevshandlingar, daterat: 1784..
A0075804_00032.jpg	TEXT	En arkivsida med löpande text bestående av blandade stilar, såsom handskriven, tryckt och maskinskriven text från arkiv: Kommerskollegium, från serie: Fribrevshandlingar, daterat: 1776..
A0075804_00236.jpg	TEXT	En arkivsida med löpande text bestående av blandade stilar, såsom handskriven, tryckt och maskinskriven text från arkiv: Kommerskollegium, från serie: Fribrevshandlingar, daterat: 1776..
A0075804_00420.jpg	TEXT	En arkivsida med löpande text bestående av blandade stilar, såsom handskriven, tryckt och maskinskriven text från arkiv: Kommerskollegium, från serie: Fribrevshandlingar, daterat: 1776..
A0075804_00633.jpg	TEXT	En arkivsida med löpande text bestående av blandade stilar, såsom handskriven, tryckt och maskinskriven text från arkiv: Kommerskollegium, från serie: Fribrevshandlingar, daterat: 1776..
A0075804_00240.jpg	TEXT	En arkivsida med löpande text bestående av blandade stilar, såsom handskriven, tryckt och maskinskriven text från arkiv: Kommerskollegium, från serie: Fribrevshandlingar, daterat: 1776..
A0075804_00253.jpg	TEXT	En arkivsida med löpande text bestående av blandade stilar, såsom handskriven, tryckt och maskinskriven text från arkiv: Kommerskollegium, från serie: Fribrevshandlingar, daterat: 1776..
A0076027_00267.jpg	TEXT	En arkivsida med löpande text bestående av blandade stilar, såsom handskriven, tryckt och maskinskriven text från arkiv: Kommerskollegium, från serie: Fribrevshandlingar, daterat: 1795..
A0076027_00013.jpg	TEXT	En arkivsida med löpande text bestående av blandade stilar, såsom handskriven, tryckt och maskinskriven text från arkiv: Kommerskollegium, från serie: Fribrevshandlingar, daterat: 1795..
A0076027_00006.jpg	TEXT	En arkivsida med löpande text bestående av blandade stilar, såsom handskriven, tryckt och maskinskriven text från arkiv: Kommerskollegium, från serie: Fribrevshandlingar, daterat: 1795..
A0076027_00232.jpg	TEXT	En arkivsida med löpande text bestående av blandade stilar, såsom handskriven, tryckt och maskinskriven text från arkiv: Kommerskollegium, från serie: Fribrevshandlingar, daterat: 1795..
A0076027_00105.jpg	TEXT	En arkivsida med löpande text bestående av blandade stilar, såsom handskriven, tryckt och maskinskriven text från arkiv: Kommerskollegium, från serie: Fribrevshandlingar, daterat: 1795..
A0076027_00328.jpg	TEXT	En arkivsida med löpande text bestående av blandade stilar, såsom handskriven, tryckt och maskinskriven text från arkiv: Kommerskollegium, från serie: Fribrevshandlingar, daterat: 1795..
71000593_00137.jpg	LINE_HW	En arkivsida med handskriven text organiserad i tabell- eller formulärstruktur från arkiv: Register till riksregistraturet, från serie: Adressatregister till Riksregistraturet, daterat: 1716..
71000593_00095.jpg	LINE_HW	En arkivsida med handskriven text organiserad i tabell- eller formulärstruktur från arkiv: Register till riksregistraturet, från serie: Adressatregister till Riksregistraturet, daterat: 1716..
71000593_00123.jpg	LINE_HW	En arkivsida med handskriven text organiserad i tabell- eller formulärstruktur från arkiv: Register till riksregistraturet, från serie: Adressatregister till Riksregistraturet, daterat: 1716..
71000593_00221.jpg	LINE_HW	En arkivsida med handskriven text organiserad i tabell- eller formulärstruktur från arkiv: Register till riksregistraturet, från serie: Adressatregister till Riksregistraturet, daterat: 1716..
71000593_00211.jpg	LINE_HW	En arkivsida med handskriven text organiserad i tabell- eller formulärstruktur från arkiv: Register till riksregistraturet, från serie: Adressatregister till Riksregistraturet, daterat: 1716..
71000593_00028.jpg	LINE_HW	En arkivsida med handskriven text organiserad i tabell- eller formulärstruktur från arkiv: Register till riksregistraturet, från serie: Adressatregister till Riksregistraturet, daterat: 1716..
A0039321_00197.jpg	LINE_HW	En arkivsida med handskriven text organiserad i tabell- eller formulärstruktur från arkiv: Register till riksregistraturet, från serie: Adressatregister till Riksregistraturet, daterat: 1716..
A0039321_00227.jpg	LINE_HW	En arkivsida med handskriven text organiserad i tabell- eller formulärstruktur från arkiv: Register till riksregistraturet, från serie: Adressatregister till Riksregistraturet, daterat: 1716..
A0039321_00185.jpg	LINE_HW	En arkivsida med handskriven text organiserad i tabell- eller formulärstruktur från arkiv: Register till riksregistraturet, från serie: Adressatregister till Riksregistraturet, daterat: 1716..
A0039321_00039.jpg	LINE_HW	En arkivsida med handskriven text organiserad i tabell- eller formulärstruktur från arkiv: Register till riksregistraturet, från serie: Adressatregister till Riksregistraturet, daterat: 1716..
A0039321_00260.jpg	LINE_HW	En arkivsida med handskriven text organiserad i tabell- eller formulärstruktur från arkiv: Register till riksregistraturet, från serie: Adressatregister till Riksregistraturet, daterat: 1716..
A0039321_00165.jpg	LINE_HW	En arkivsida med handskriven text organiserad i tabell- eller formulärstruktur från arkiv: Register till riksregistraturet, från serie: Adressatregister till Riksregistraturet, daterat: 1716..
A0075801_00660.jpg	TEXT	En arkivsida med löpande text bestående av blandade stilar, såsom handskriven, tryckt och maskinskriven text från arkiv: Kommerskollegium, från serie: Fribrevshandlingar, daterat: 1775..
A0075801_00090.jpg	TEXT	En arkivsida med löpande text bestående av blandade stilar, såsom handskriven, tryckt och maskinskriven text från arkiv: Kommerskollegium, från serie: Fribrevshandlingar, daterat: 1775..
A0075801_00393.jpg	TEXT	En arkivsida med löpande text bestående av blandade stilar, såsom handskriven, tryckt och maskinskriven text från arkiv: Kommerskollegium, från serie: Fribrevshandlingar, daterat: 1775..
A0075801_00413.jpg	TEXT	En arkivsida med löpande text bestående av blandade stilar, såsom handskriven, tryckt och maskinskriven text från arkiv: Kommerskollegium, från serie: Fribrevshandlingar, daterat: 1775..
A0075801_00426.jpg	TEXT	En arkivsida med löpande text bestående av blandade stilar, såsom handskriven, tryckt och maskinskriven text från arkiv: Kommerskollegium, från serie: Fribrevshandlingar, daterat: 1775..
A0075801_00342.jpg	TEXT	En arkivsida med löpande text bestående av blandade stilar, såsom handskriven, tryckt och maskinskriven text från arkiv: Kommerskollegium, från serie: Fribrevshandlingar, daterat: 1775..
A0039234_00561.jpg	LINE_HW	En arkivsida med handskriven text organiserad i tabell- eller formulärstruktur från arkiv: Register till riksregistraturet, från serie: Adressatregister till Riksregistraturet, daterat: 1588-1592..
A0039234_00042.jpg	LINE_HW	En arkivsida med handskriven text organiserad i tabell- eller formulärstruktur från arkiv: Register till riksregistraturet, från serie: Adressatregister till Riksregistraturet, daterat: 1588-1592..
A0039234_00410.jpg	LINE_HW	En arkivsida med handskriven text organiserad i tabell- eller formulärstruktur från arkiv: Register till riksregistraturet, från serie: Adressatregister till Riksregistraturet, daterat: 1588-1592..
A0039234_00014.jpg	LINE_HW	En arkivsida med handskriven text organiserad i tabell- eller formulärstruktur från arkiv: Register till riksregistraturet, från serie: Adressatregister till Riksregistraturet, daterat: 1588-1592..
A0039234_00407.jpg	LINE_HW	En arkivsida med handskriven text organiserad i tabell- eller formulärstruktur från arkiv: Register till riksregistraturet, från serie: Adressatregister till Riksregistraturet, daterat: 1588-1592..
A0039234_00006.jpg	MISC	En arkivsida med paratextuellt eller blandat innehåll, såsom omslag, titelblad eller annat material utanför huvudtexten från arkiv: Register till riksregistraturet, från serie: Adressatregister till Riksregistraturet, daterat: 1588-1592..
R0002272_00016.jpg	LINE_MIX	En arkivsida i tabell- eller formulärlayout med blandade textstilar, inklusive handskriven, tryckt och maskinskriven text från arkiv: Kommerskollegium, från serie: Ostindiska kompaniet, daterat: 1758..
R0002272_00006.jpg	LINE_MIX	En arkivsida i tabell- eller formulärlayout med blandade textstilar, inklusive handskriven, tryckt och maskinskriven text från arkiv: Kommerskollegium, från serie: Ostindiska kompaniet, daterat: 1758..
R0002272_00038.jpg	LINE_MIX	En arkivsida i tabell- eller formulärlayout med blandade textstilar, inklusive handskriven, tryckt och maskinskriven text från arkiv: Kommerskollegium, från serie: Ostindiska kompaniet, daterat: 1758..
R0002272_00012.jpg	LINE_MIX	En arkivsida i tabell- eller formulärlayout med blandade textstilar, inklusive handskriven, tryckt och maskinskriven text från arkiv: Kommerskollegium, från serie: Ostindiska kompaniet, daterat: 1758..
R0002272_00068.jpg	LINE_MIX	En arkivsida i tabell- eller formulärlayout med blandade textstilar, inklusive handskriven, tryckt och maskinskriven text från arkiv: Kommerskollegium, från serie: Ostindiska kompaniet, daterat: 1758..
R0002272_00032.jpg	LINE_MIX	En arkivsida i tabell- eller formulärlayout med blandade textstilar, inklusive handskriven, tryckt och maskinskriven text från arkiv: Kommerskollegium, från serie: Ostindiska kompaniet, daterat: 1758..
A0075649_00114.jpg	LINE_HW	En arkivsida med handskriven text organiserad i tabell- eller formulärstruktur från arkiv: Kommerskollegium, från serie: Fribrevsdiarier, daterat: 1784..
A0075649_00135.jpg	LINE_HW	En arkivsida med handskriven text organiserad i tabell- eller formulärstruktur från arkiv: Kommerskollegium, från serie: Fribrevsdiarier, daterat: 1784..
A0075649_00048.jpg	LINE_HW	En arkivsida med handskriven text organiserad i tabell- eller formulärstruktur från arkiv: Kommerskollegium, från serie: Fribrevsdiarier, daterat: 1784..
A0075649_00123.jpg	LINE_HW	En arkivsida med handskriven text organiserad i tabell- eller formulärstruktur från arkiv: Kommerskollegium, från serie: Fribrevsdiarier, daterat: 1784..
A0075649_00046.jpg	LINE_HW	En arkivsida med handskriven text organiserad i tabell- eller formulärstruktur från arkiv: Kommerskollegium, från serie: Fribrevsdiarier, daterat: 1784..
A0075649_00079.jpg	LINE_HW	En arkivsida med handskriven text organiserad i tabell- eller formulärstruktur från arkiv: Kommerskollegium, från serie: Fribrevsdiarier, daterat: 1784..
R0002333_00232.jpg	TEXT_HW	En arkivsida med löpande handskriven text i stycken från arkiv: Kommerskollegium, från serie: Skrivelser från svenska (svensk-norska) konsuler, daterat: 1730-1832..
R0002333_00046.jpg	TEXT_HW	En arkivsida med löpande handskriven text i stycken från arkiv: Kommerskollegium, från serie: Skrivelser från svenska (svensk-norska) konsuler, daterat: 1730-1832..
R0002333_00155.jpg	TEXT_HW	En arkivsida med löpande handskriven text i stycken från arkiv: Kommerskollegium, från serie: Skrivelser från svenska (svensk-norska) konsuler, daterat: 1730-1832..
R0002333_00106.jpg	TEXT_HW	En arkivsida med löpande handskriven text i stycken från arkiv: Kommerskollegium, från serie: Skrivelser från svenska (svensk-norska) konsuler, daterat: 1730-1832..
R0002333_00252.jpg	TEXT_HW	En arkivsida med löpande handskriven text i stycken från arkiv: Kommerskollegium, från serie: Skrivelser från svenska (svensk-norska) konsuler, daterat: 1730-1832..
R0002333_00282.jpg	TEXT_HW	En arkivsida med löpande handskriven text i stycken från arkiv: Kommerskollegium, från serie: Skrivelser från svenska (svensk-norska) konsuler, daterat: 1730-1832..
A0075908_00218.jpg	TEXT_HW	En arkivsida med löpande handskriven text i stycken från arkiv: Kommerskollegium, från serie: Fribrevshandlingar, daterat: 1791..
A0075908_00209.jpg	TEXT	En arkivsida med löpande text bestående av blandade stilar, såsom handskriven, tryckt och maskinskriven text från arkiv: Kommerskollegium, från serie: Fribrevshandlingar, daterat: 1791..
A0075908_00239.jpg	TEXT	En arkivsida med löpande text bestående av blandade stilar, såsom handskriven, tryckt och maskinskriven text från arkiv: Kommerskollegium, från serie: Fribrevshandlingar, daterat: 1791..
A0075908_00357.jpg	TEXT	En arkivsida med löpande text bestående av blandade stilar, såsom handskriven, tryckt och maskinskriven text från arkiv: Kommerskollegium, från serie: Fribrevshandlingar, daterat: 1791..
A0075908_00069.jpg	TEXT	En arkivsida med löpande text bestående av blandade stilar, såsom handskriven, tryckt och maskinskriven text från arkiv: Kommerskollegium, från serie: Fribrevshandlingar, daterat: 1791..
A0075908_00270.jpg	TEXT	En arkivsida med löpande text bestående av blandade stilar, såsom handskriven, tryckt och maskinskriven text från arkiv: Kommerskollegium, från serie: Fribrevshandlingar, daterat: 1791..
A0076014_00031.jpg	TEXT	En arkivsida med löpande text bestående av blandade stilar, såsom handskriven, tryckt och maskinskriven text från arkiv: Kommerskollegium, från serie: Fribrevshandlingar, daterat: 1793..
A0076014_00160.jpg	TEXT	En arkivsida med löpande text bestående av blandade stilar, såsom handskriven, tryckt och maskinskriven text från arkiv: Kommerskollegium, från serie: Fribrevshandlingar, daterat: 1793..
A0076014_00029.jpg	TEXT	En arkivsida med löpande text bestående av blandade stilar, såsom handskriven, tryckt och maskinskriven text från arkiv: Kommerskollegium, från serie: Fribrevshandlingar, daterat: 1793..
A0076014_00197.jpg	TEXT	En arkivsida med löpande text bestående av blandade stilar, såsom handskriven, tryckt och maskinskriven text från arkiv: Kommerskollegium, från serie: Fribrevshandlingar, daterat: 1793..
A0076014_00156.jpg	TEXT	En arkivsida med löpande text bestående av blandade stilar, såsom handskriven, tryckt och maskinskriven text från arkiv: Kommerskollegium, från serie: Fribrevshandlingar, daterat: 1793..
A0076014_00279.jpg	TEXT	En arkivsida med löpande text bestående av blandade stilar, såsom handskriven, tryckt och maskinskriven text från arkiv: Kommerskollegium, från serie: Fribrevshandlingar, daterat: 1793..
A0039239_00070.jpg	LINE_TP	En arkivsida med tryckt eller maskinskriven text organiserad i tabell- eller formulärstruktur från arkiv: Register till riksregistraturet, från serie: Adressatregister till Riksregistraturet, daterat: 1602-1604..
A0039239_00078.jpg	LINE_TP	En arkivsida med tryckt eller maskinskriven text organiserad i tabell- eller formulärstruktur från arkiv: Register till riksregistraturet, från serie: Adressatregister till Riksregistraturet, daterat: 1602-1604..
A0039239_00184.jpg	LINE_TP	En arkivsida med tryckt eller maskinskriven text organiserad i tabell- eller formulärstruktur från arkiv: Register till riksregistraturet, från serie: Adressatregister till Riksregistraturet, daterat: 1602-1604..
A0039239_00067.jpg	LINE_TP	En arkivsida med tryckt eller maskinskriven text organiserad i tabell- eller formulärstruktur från arkiv: Register till riksregistraturet, från serie: Adressatregister till Riksregistraturet, daterat: 1602-1604..
A0039239_00101.jpg	LINE_TP	En arkivsida med tryckt eller maskinskriven text organiserad i tabell- eller formulärstruktur från arkiv: Register till riksregistraturet, från serie: Adressatregister till Riksregistraturet, daterat: 1602-1604..
A0039239_00098.jpg	LINE_TP	En arkivsida med tryckt eller maskinskriven text organiserad i tabell- eller formulärstruktur från arkiv: Register till riksregistraturet, från serie: Adressatregister till Riksregistraturet, daterat: 1602-1604..
A0076034_00193.jpg	TEXT	En arkivsida med löpande text bestående av blandade stilar, såsom handskriven, tryckt och maskinskriven text från arkiv: Kommerskollegium, från serie: Fribrevshandlingar, daterat: 1795..
A0076034_00118.jpg	TEXT	En arkivsida med löpande text bestående av blandade stilar, såsom handskriven, tryckt och maskinskriven text från arkiv: Kommerskollegium, från serie: Fribrevshandlingar, daterat: 1795..
A0076034_00138.jpg	TEXT	En arkivsida med löpande text bestående av blandade stilar, såsom handskriven, tryckt och maskinskriven text från arkiv: Kommerskollegium, från serie: Fribrevshandlingar, daterat: 1795..
A0076034_00164.jpg	TEXT	En arkivsida med löpande text bestående av blandade stilar, såsom handskriven, tryckt och maskinskriven text från arkiv: Kommerskollegium, från serie: Fribrevshandlingar, daterat: 1795..
A0076034_00219.jpg	TEXT	En arkivsida med löpande text bestående av blandade stilar, såsom handskriven, tryckt och maskinskriven text från arkiv: Kommerskollegium, från serie: Fribrevshandlingar, daterat: 1795..
A0076034_00042.jpg	TEXT	En arkivsida med löpande text bestående av blandade stilar, såsom handskriven, tryckt och maskinskriven text från arkiv: Kommerskollegium, från serie: Fribrevshandlingar, daterat: 1795..
A0039235_00150.jpg	LINE_HW	En arkivsida med handskriven text organiserad i tabell- eller formulärstruktur från arkiv: Register till riksregistraturet, från serie: Adressatregister till Riksregistraturet, daterat: 1593-1594..
A0039235_00321.jpg	LINE_HW	En arkivsida med handskriven text organiserad i tabell- eller formulärstruktur från arkiv: Register till riksregistraturet, från serie: Adressatregister till Riksregistraturet, daterat: 1593-1594..
A0039235_00210.jpg	LINE_HW	En arkivsida med handskriven text organiserad i tabell- eller formulärstruktur från arkiv: Register till riksregistraturet, från serie: Adressatregister till Riksregistraturet, daterat: 1593-1594..
A0039235_00012.jpg	LINE_HW	En arkivsida med handskriven text organiserad i tabell- eller formulärstruktur från arkiv: Register till riksregistraturet, från serie: Adressatregister till Riksregistraturet, daterat: 1593-1594..
A0039235_00278.jpg	LINE_HW	En arkivsida med handskriven text organiserad i tabell- eller formulärstruktur från arkiv: Register till riksregistraturet, från serie: Adressatregister till Riksregistraturet, daterat: 1593-1594..
A0039235_00167.jpg	LINE_HW	En arkivsida med handskriven text organiserad i tabell- eller formulärstruktur från arkiv: Register till riksregistraturet, från serie: Adressatregister till Riksregistraturet, daterat: 1593-1594..
A0075873_00218.jpg	TEXT	En arkivsida med löpande text bestående av blandade stilar, såsom handskriven, tryckt och maskinskriven text från arkiv: Kommerskollegium, från serie: Fribrevshandlingar, daterat: 1785..
A0075873_00237.jpg	TEXT	En arkivsida med löpande text bestående av blandade stilar, såsom handskriven, tryckt och maskinskriven text från arkiv: Kommerskollegium, från serie: Fribrevshandlingar, daterat: 1785..
A0075873_00138.jpg	TEXT	En arkivsida med löpande text bestående av blandade stilar, såsom handskriven, tryckt och maskinskriven text från arkiv: Kommerskollegium, från serie: Fribrevshandlingar, daterat: 1785..
A0075873_00211.jpg	TEXT	En arkivsida med löpande text bestående av blandade stilar, såsom handskriven, tryckt och maskinskriven text från arkiv: Kommerskollegium, från serie: Fribrevshandlingar, daterat: 1785..
A0075873_00090.jpg	TEXT	En arkivsida med löpande text bestående av blandade stilar, såsom handskriven, tryckt och maskinskriven text från arkiv: Kommerskollegium, från serie: Fribrevshandlingar, daterat: 1785..
A0075873_00262.jpg	TEXT	En arkivsida med löpande text bestående av blandade stilar, såsom handskriven, tryckt och maskinskriven text från arkiv: Kommerskollegium, från serie: Fribrevshandlingar, daterat: 1785..
A0075807_00270.jpg	TEXT	En arkivsida med löpande text bestående av blandade stilar, såsom handskriven, tryckt och maskinskriven text från arkiv: Kommerskollegium, från serie: Fribrevshandlingar, daterat: 1777..
A0075807_00140.jpg	TEXT	En arkivsida med löpande text bestående av blandade stilar, såsom handskriven, tryckt och maskinskriven text från arkiv: Kommerskollegium, från serie: Fribrevshandlingar, daterat: 1777..
A0075807_00083.jpg	TEXT	En arkivsida med löpande text bestående av blandade stilar, såsom handskriven, tryckt och maskinskriven text från arkiv: Kommerskollegium, från serie: Fribrevshandlingar, daterat: 1777..
A0075807_00188.jpg	TEXT	En arkivsida med löpande text bestående av blandade stilar, såsom handskriven, tryckt och maskinskriven text från arkiv: Kommerskollegium, från serie: Fribrevshandlingar, daterat: 1777..
A0075807_00208.jpg	TEXT	En arkivsida med löpande text bestående av blandade stilar, såsom handskriven, tryckt och maskinskriven text från arkiv: Kommerskollegium, från serie: Fribrevshandlingar, daterat: 1777..
A0075807_00259.jpg	TEXT	En arkivsida med löpande text bestående av blandade stilar, såsom handskriven, tryckt och maskinskriven text från arkiv: Kommerskollegium, från serie: Fribrevshandlingar, daterat: 1777..
A0039192_00090.jpg	LINE_HW	En arkivsida med handskriven text organiserad i tabell- eller formulärstruktur från arkiv: Titularregister till riksregistraturet, från serie: Titularregister till riksregistraturet, daterat: 1522-1592..
A0039192_00043.jpg	LINE_HW	En arkivsida med handskriven text organiserad i tabell- eller formulärstruktur från arkiv: Titularregister till riksregistraturet, från serie: Titularregister till riksregistraturet, daterat: 1522-1592..
A0039192_00157.jpg	LINE_HW	En arkivsida med handskriven text organiserad i tabell- eller formulärstruktur från arkiv: Titularregister till riksregistraturet, från serie: Titularregister till riksregistraturet, daterat: 1522-1592..
A0039192_00196.jpg	LINE_HW	En arkivsida med handskriven text organiserad i tabell- eller formulärstruktur från arkiv: Titularregister till riksregistraturet, från serie: Titularregister till riksregistraturet, daterat: 1522-1592..
A0039192_00152.jpg	LINE_HW	En arkivsida med handskriven text organiserad i tabell- eller formulärstruktur från arkiv: Titularregister till riksregistraturet, från serie: Titularregister till riksregistraturet, daterat: 1522-1592..
A0075917_00154.jpg	LINE_MIX	En arkivsida i tabell- eller formulärlayout med blandade textstilar, inklusive handskriven, tryckt och maskinskriven text från arkiv: Kommerskollegium, från serie: Fribrevshandlingar, daterat: 1792..
A0075917_00143.jpg	TEXT	En arkivsida med löpande text bestående av blandade stilar, såsom handskriven, tryckt och maskinskriven text från arkiv: Kommerskollegium, från serie: Fribrevshandlingar, daterat: 1792..
A0075917_00228.jpg	TEXT	En arkivsida med löpande text bestående av blandade stilar, såsom handskriven, tryckt och maskinskriven text från arkiv: Kommerskollegium, från serie: Fribrevshandlingar, daterat: 1792..
A0075917_00345.jpg	TEXT	En arkivsida med löpande text bestående av blandade stilar, såsom handskriven, tryckt och maskinskriven text från arkiv: Kommerskollegium, från serie: Fribrevshandlingar, daterat: 1792..
A0075917_00025.jpg	TEXT	En arkivsida med löpande text bestående av blandade stilar, såsom handskriven, tryckt och maskinskriven text från arkiv: Kommerskollegium, från serie: Fribrevshandlingar, daterat: 1792..
A0075917_00020.jpg	TEXT	En arkivsida med löpande text bestående av blandade stilar, såsom handskriven, tryckt och maskinskriven text från arkiv: Kommerskollegium, från serie: Fribrevshandlingar, daterat: 1792..
A0039305_00226.jpg	LINE_HW	En arkivsida med handskriven text organiserad i tabell- eller formulärstruktur från arkiv: Register till riksregistraturet, från serie: Adressatregister till Riksregistraturet, daterat: 1700..
A0039305_00038.jpg	LINE_HW	En arkivsida med handskriven text organiserad i tabell- eller formulärstruktur från arkiv: Register till riksregistraturet, från serie: Adressatregister till Riksregistraturet, daterat: 1700..
A0039305_00208.jpg	LINE_HW	En arkivsida med handskriven text organiserad i tabell- eller formulärstruktur från arkiv: Register till riksregistraturet, från serie: Adressatregister till Riksregistraturet, daterat: 1700..
A0039305_00239.jpg	LINE_HW	En arkivsida med handskriven text organiserad i tabell- eller formulärstruktur från arkiv: Register till riksregistraturet, från serie: Adressatregister till Riksregistraturet, daterat: 1700..
A0039305_00015.jpg	LINE_HW	En arkivsida med handskriven text organiserad i tabell- eller formulärstruktur från arkiv: Register till riksregistraturet, från serie: Adressatregister till Riksregistraturet, daterat: 1700..
A0039305_00059.jpg	LINE_HW	En arkivsida med handskriven text organiserad i tabell- eller formulärstruktur från arkiv: Register till riksregistraturet, från serie: Adressatregister till Riksregistraturet, daterat: 1700..
A0076033_00308.jpg	TEXT_HW	En arkivsida med löpande handskriven text i stycken från arkiv: Kommerskollegium, från serie: Fribrevshandlingar, daterat: 1795..
A0076033_00052.jpg	TEXT	En arkivsida med löpande text bestående av blandade stilar, såsom handskriven, tryckt och maskinskriven text från arkiv: Kommerskollegium, från serie: Fribrevshandlingar, daterat: 1795..
A0076033_00059.jpg	TEXT	En arkivsida med löpande text bestående av blandade stilar, såsom handskriven, tryckt och maskinskriven text från arkiv: Kommerskollegium, från serie: Fribrevshandlingar, daterat: 1795..
A0076033_00374.jpg	TEXT	En arkivsida med löpande text bestående av blandade stilar, såsom handskriven, tryckt och maskinskriven text från arkiv: Kommerskollegium, från serie: Fribrevshandlingar, daterat: 1795..
A0076033_00156.jpg	TEXT	En arkivsida med löpande text bestående av blandade stilar, såsom handskriven, tryckt och maskinskriven text från arkiv: Kommerskollegium, från serie: Fribrevshandlingar, daterat: 1795..
A0076033_00302.jpg	TEXT	En arkivsida med löpande text bestående av blandade stilar, såsom handskriven, tryckt och maskinskriven text från arkiv: Kommerskollegium, från serie: Fribrevshandlingar, daterat: 1795..
A0039238_00405.jpg	LINE_HW	En arkivsida med handskriven text organiserad i tabell- eller formulärstruktur från arkiv: Register till riksregistraturet, från serie: Adressatregister till Riksregistraturet, daterat: 1599-1602..
A0039238_00340.jpg	LINE_HW	En arkivsida med handskriven text organiserad i tabell- eller formulärstruktur från arkiv: Register till riksregistraturet, från serie: Adressatregister till Riksregistraturet, daterat: 1599-1602..
A0039238_00284.jpg	LINE_HW	En arkivsida med handskriven text organiserad i tabell- eller formulärstruktur från arkiv: Register till riksregistraturet, från serie: Adressatregister till Riksregistraturet, daterat: 1599-1602..
A0039238_00107.jpg	LINE_HW	En arkivsida med handskriven text organiserad i tabell- eller formulärstruktur från arkiv: Register till riksregistraturet, från serie: Adressatregister till Riksregistraturet, daterat: 1599-1602..
A0039238_00079.jpg	LINE_HW	En arkivsida med handskriven text organiserad i tabell- eller formulärstruktur från arkiv: Register till riksregistraturet, från serie: Adressatregister till Riksregistraturet, daterat: 1599-1602..
A0039238_00389.jpg	LINE_HW	En arkivsida med handskriven text organiserad i tabell- eller formulärstruktur från arkiv: Register till riksregistraturet, från serie: Adressatregister till Riksregistraturet, daterat: 1599-1602..
A0075876_00190.jpg	TEXT	En arkivsida med löpande text bestående av blandade stilar, såsom handskriven, tryckt och maskinskriven text från arkiv: Kommerskollegium, från serie: Fribrevshandlingar, daterat: 1786..
A0075876_00120.jpg	TEXT	En arkivsida med löpande text bestående av blandade stilar, såsom handskriven, tryckt och maskinskriven text från arkiv: Kommerskollegium, från serie: Fribrevshandlingar, daterat: 1786..
A0075876_00171.jpg	TEXT	En arkivsida med löpande text bestående av blandade stilar, såsom handskriven, tryckt och maskinskriven text från arkiv: Kommerskollegium, från serie: Fribrevshandlingar, daterat: 1786..
A0075876_00047.jpg	TEXT	En arkivsida med löpande text bestående av blandade stilar, såsom handskriven, tryckt och maskinskriven text från arkiv: Kommerskollegium, från serie: Fribrevshandlingar, daterat: 1786..
A0075876_00124.jpg	TEXT	En arkivsida med löpande text bestående av blandade stilar, såsom handskriven, tryckt och maskinskriven text från arkiv: Kommerskollegium, från serie: Fribrevshandlingar, daterat: 1786..
A0075876_00214.jpg	TEXT_HW	En arkivsida med löpande handskriven text i stycken från arkiv: Kommerskollegium, från serie: Fribrevshandlingar, daterat: 1786..
A0039264_00143.jpg	LINE_HW	En arkivsida med handskriven text organiserad i tabell- eller formulärstruktur från arkiv: Register till riksregistraturet, från serie: Adressatregister till Riksregistraturet, daterat: 1639-1642..
A0039264_00046.jpg	LINE_HW	En arkivsida med handskriven text organiserad i tabell- eller formulärstruktur från arkiv: Register till riksregistraturet, från serie: Adressatregister till Riksregistraturet, daterat: 1639-1642..
A0039264_00228.jpg	LINE_HW	En arkivsida med handskriven text organiserad i tabell- eller formulärstruktur från arkiv: Register till riksregistraturet, från serie: Adressatregister till Riksregistraturet, daterat: 1639-1642..
A0039264_00189.jpg	LINE_HW	En arkivsida med handskriven text organiserad i tabell- eller formulärstruktur från arkiv: Register till riksregistraturet, från serie: Adressatregister till Riksregistraturet, daterat: 1639-1642..
A0039264_00156.jpg	LINE_HW	En arkivsida med handskriven text organiserad i tabell- eller formulärstruktur från arkiv: Register till riksregistraturet, från serie: Adressatregister till Riksregistraturet, daterat: 1639-1642..
A0039264_00070.jpg	LINE_HW	En arkivsida med handskriven text organiserad i tabell- eller formulärstruktur från arkiv: Register till riksregistraturet, från serie: Adressatregister till Riksregistraturet, daterat: 1639-1642..
A0075624_00102.jpg	LINE_HW	En arkivsida med handskriven text organiserad i tabell- eller formulärstruktur från arkiv: Kommerskollegium, från serie: Fribrevsdiarier, daterat: 1758..
A0075624_00157.jpg	LINE_HW	En arkivsida med handskriven text organiserad i tabell- eller formulärstruktur från arkiv: Kommerskollegium, från serie: Fribrevsdiarier, daterat: 1758..
A0075624_00134.jpg	LINE_HW	En arkivsida med handskriven text organiserad i tabell- eller formulärstruktur från arkiv: Kommerskollegium, från serie: Fribrevsdiarier, daterat: 1758..
A0075624_00173.jpg	LINE_HW	En arkivsida med handskriven text organiserad i tabell- eller formulärstruktur från arkiv: Kommerskollegium, från serie: Fribrevsdiarier, daterat: 1758..
A0075624_00096.jpg	LINE_HW	En arkivsida med handskriven text organiserad i tabell- eller formulärstruktur från arkiv: Kommerskollegium, från serie: Fribrevsdiarier, daterat: 1758..
A0075624_00003.jpg	MISC	En arkivsida med paratextuellt eller blandat innehåll, såsom omslag, titelblad eller annat material utanför huvudtexten från arkiv: Kommerskollegium, från serie: Fribrevsdiarier, daterat: 1758..
R0002265_00068.jpg	LINE_MIX	En arkivsida i tabell- eller formulärlayout med blandade textstilar, inklusive handskriven, tryckt och maskinskriven text från arkiv: Kommerskollegium, från serie: Ostindiska kompaniet, daterat: 1752..
R0002265_00070.jpg	LINE_MIX	En arkivsida i tabell- eller formulärlayout med blandade textstilar, inklusive handskriven, tryckt och maskinskriven text från arkiv: Kommerskollegium, från serie: Ostindiska kompaniet, daterat: 1752..
R0002265_00019.jpg	LINE_MIX	En arkivsida i tabell- eller formulärlayout med blandade textstilar, inklusive handskriven, tryckt och maskinskriven text från arkiv: Kommerskollegium, från serie: Ostindiska kompaniet, daterat: 1752..
R0002265_00101.jpg	LINE_MIX	En arkivsida i tabell- eller formulärlayout med blandade textstilar, inklusive handskriven, tryckt och maskinskriven text från arkiv: Kommerskollegium, från serie: Ostindiska kompaniet, daterat: 1752..
R0002265_00077.jpg	LINE_MIX	En arkivsida i tabell- eller formulärlayout med blandade textstilar, inklusive handskriven, tryckt och maskinskriven text från arkiv: Kommerskollegium, från serie: Ostindiska kompaniet, daterat: 1752..
R0002265_00017.jpg	LINE_MIX	En arkivsida i tabell- eller formulärlayout med blandade textstilar, inklusive handskriven, tryckt och maskinskriven text från arkiv: Kommerskollegium, från serie: Ostindiska kompaniet, daterat: 1752..
A0039262_00063.jpg	LINE_HW	En arkivsida med handskriven text organiserad i tabell- eller formulärstruktur från arkiv: Register till riksregistraturet, från serie: Adressatregister till Riksregistraturet, daterat: 1634..
A0039262_00054.jpg	LINE_HW	En arkivsida med handskriven text organiserad i tabell- eller formulärstruktur från arkiv: Register till riksregistraturet, från serie: Adressatregister till Riksregistraturet, daterat: 1634..
A0039262_00237.jpg	LINE_HW	En arkivsida med handskriven text organiserad i tabell- eller formulärstruktur från arkiv: Register till riksregistraturet, från serie: Adressatregister till Riksregistraturet, daterat: 1634..
A0039262_00120.jpg	LINE_HW	En arkivsida med handskriven text organiserad i tabell- eller formulärstruktur från arkiv: Register till riksregistraturet, från serie: Adressatregister till Riksregistraturet, daterat: 1634..
A0039262_00173.jpg	LINE_HW	En arkivsida med handskriven text organiserad i tabell- eller formulärstruktur från arkiv: Register till riksregistraturet, från serie: Adressatregister till Riksregistraturet, daterat: 1634..
A0039262_00017.jpg	LINE_HW	En arkivsida med handskriven text organiserad i tabell- eller formulärstruktur från arkiv: Register till riksregistraturet, från serie: Adressatregister till Riksregistraturet, daterat: 1634..
A0039290_00107.jpg	LINE_HW	En arkivsida med handskriven text organiserad i tabell- eller formulärstruktur från arkiv: Register till riksregistraturet, från serie: Adressatregister till Riksregistraturet, daterat: 1683..
A0039290_00138.jpg	LINE_HW	En arkivsida med handskriven text organiserad i tabell- eller formulärstruktur från arkiv: Register till riksregistraturet, från serie: Adressatregister till Riksregistraturet, daterat: 1683..
A0039290_00071.jpg	LINE_HW	En arkivsida med handskriven text organiserad i tabell- eller formulärstruktur från arkiv: Register till riksregistraturet, från serie: Adressatregister till Riksregistraturet, daterat: 1683..
A0039290_00032.jpg	LINE_HW	En arkivsida med handskriven text organiserad i tabell- eller formulärstruktur från arkiv: Register till riksregistraturet, från serie: Adressatregister till Riksregistraturet, daterat: 1683..
A0039290_00142.jpg	LINE_HW	En arkivsida med handskriven text organiserad i tabell- eller formulärstruktur från arkiv: Register till riksregistraturet, från serie: Adressatregister till Riksregistraturet, daterat: 1683..
A0039290_00120.jpg	LINE_HW	En arkivsida med handskriven text organiserad i tabell- eller formulärstruktur från arkiv: Register till riksregistraturet, från serie: Adressatregister till Riksregistraturet, daterat: 1683..
A0039311_00089.jpg	LINE_HW	En arkivsida med handskriven text organiserad i tabell- eller formulärstruktur från arkiv: Register till riksregistraturet, från serie: Adressatregister till Riksregistraturet, daterat: 1705-1706..
A0039311_00222.jpg	LINE_HW	En arkivsida med handskriven text organiserad i tabell- eller formulärstruktur från arkiv: Register till riksregistraturet, från serie: Adressatregister till Riksregistraturet, daterat: 1705-1706..
A0039311_00051.jpg	LINE_HW	En arkivsida med handskriven text organiserad i tabell- eller formulärstruktur från arkiv: Register till riksregistraturet, från serie: Adressatregister till Riksregistraturet, daterat: 1705-1706..
A0039311_00176.jpg	LINE_HW	En arkivsida med handskriven text organiserad i tabell- eller formulärstruktur från arkiv: Register till riksregistraturet, från serie: Adressatregister till Riksregistraturet, daterat: 1705-1706..
A0039311_00123.jpg	LINE_HW	En arkivsida med handskriven text organiserad i tabell- eller formulärstruktur från arkiv: Register till riksregistraturet, från serie: Adressatregister till Riksregistraturet, daterat: 1705-1706..
A0039207_00104.jpg	LINE_HW	En arkivsida med handskriven text organiserad i tabell- eller formulärstruktur från arkiv: Titularregister till riksregistraturet, från serie: Titularregister till riksregistraturet, daterat: 1687-1690..
A0039207_00054.jpg	LINE_HW	En arkivsida med handskriven text organiserad i tabell- eller formulärstruktur från arkiv: Titularregister till riksregistraturet, från serie: Titularregister till riksregistraturet, daterat: 1687-1690..
A0039207_00049.jpg	LINE_HW	En arkivsida med handskriven text organiserad i tabell- eller formulärstruktur från arkiv: Titularregister till riksregistraturet, från serie: Titularregister till riksregistraturet, daterat: 1687-1690..
A0039207_00171.jpg	MISC	En arkivsida med paratextuellt eller blandat innehåll, såsom omslag, titelblad eller annat material utanför huvudtexten från arkiv: Titularregister till riksregistraturet, från serie: Titularregister till riksregistraturet, daterat: 1687-1690..
A0039207_00068.jpg	LINE_HW	En arkivsida med handskriven text organiserad i tabell- eller formulärstruktur från arkiv: Titularregister till riksregistraturet, från serie: Titularregister till riksregistraturet, daterat: 1687-1690..
A0039207_00114.jpg	LINE_HW	En arkivsida med handskriven text organiserad i tabell- eller formulärstruktur från arkiv: Titularregister till riksregistraturet, från serie: Titularregister till riksregistraturet, daterat: 1687-1690..
A0075612_00149.jpg	LINE_HW	En arkivsida med handskriven text organiserad i tabell- eller formulärstruktur från arkiv: Kommerskollegium, från serie: Sjöpassdiarier, daterat: 1739-1768..
A0075612_00018.jpg	LINE_HW	En arkivsida med handskriven text organiserad i tabell- eller formulärstruktur från arkiv: Kommerskollegium, från serie: Sjöpassdiarier, daterat: 1739-1768..
A0075612_00078.jpg	LINE_HW	En arkivsida med handskriven text organiserad i tabell- eller formulärstruktur från arkiv: Kommerskollegium, från serie: Sjöpassdiarier, daterat: 1739-1768..
A0075612_00062.jpg	LINE_HW	En arkivsida med handskriven text organiserad i tabell- eller formulärstruktur från arkiv: Kommerskollegium, från serie: Sjöpassdiarier, daterat: 1739-1768..
A0075612_00101.jpg	LINE_HW	En arkivsida med handskriven text organiserad i tabell- eller formulärstruktur från arkiv: Kommerskollegium, från serie: Sjöpassdiarier, daterat: 1739-1768..
A0075612_00373.jpg	LINE_HW	En arkivsida med handskriven text organiserad i tabell- eller formulärstruktur från arkiv: Kommerskollegium, från serie: Sjöpassdiarier, daterat: 1739-1768..
A0075840_00207.jpg	TEXT	En arkivsida med löpande text bestående av blandade stilar, såsom handskriven, tryckt och maskinskriven text från arkiv: Kommerskollegium, från serie: Fribrevshandlingar, daterat: 1782..
A0075840_00322.jpg	TEXT	En arkivsida med löpande text bestående av blandade stilar, såsom handskriven, tryckt och maskinskriven text från arkiv: Kommerskollegium, från serie: Fribrevshandlingar, daterat: 1782..
A0075840_00188.jpg	TEXT	En arkivsida med löpande text bestående av blandade stilar, såsom handskriven, tryckt och maskinskriven text från arkiv: Kommerskollegium, från serie: Fribrevshandlingar, daterat: 1782..
A0075840_00160.jpg	TEXT	En arkivsida med löpande text bestående av blandade stilar, såsom handskriven, tryckt och maskinskriven text från arkiv: Kommerskollegium, från serie: Fribrevshandlingar, daterat: 1782..
A0075840_00351.jpg	TEXT	En arkivsida med löpande text bestående av blandade stilar, såsom handskriven, tryckt och maskinskriven text från arkiv: Kommerskollegium, från serie: Fribrevshandlingar, daterat: 1782..
A0075840_00284.jpg	TEXT	En arkivsida med löpande text bestående av blandade stilar, såsom handskriven, tryckt och maskinskriven text från arkiv: Kommerskollegium, från serie: Fribrevshandlingar, daterat: 1782..
A0039283_00100.jpg	LINE_HW	En arkivsida med handskriven text organiserad i tabell- eller formulärstruktur från arkiv: Register till riksregistraturet, från serie: Adressatregister till Riksregistraturet, daterat: 1677..
A0039283_00052.jpg	MISC	En arkivsida med paratextuellt eller blandat innehåll, såsom omslag, titelblad eller annat material utanför huvudtexten från arkiv: Register till riksregistraturet, från serie: Adressatregister till Riksregistraturet, daterat: 1677..
A0039283_00082.jpg	MISC	En arkivsida med paratextuellt eller blandat innehåll, såsom omslag, titelblad eller annat material utanför huvudtexten från arkiv: Register till riksregistraturet, från serie: Adressatregister till Riksregistraturet, daterat: 1677..
A0039283_00072.jpg	LINE_HW	En arkivsida med handskriven text organiserad i tabell- eller formulärstruktur från arkiv: Register till riksregistraturet, från serie: Adressatregister till Riksregistraturet, daterat: 1677..
A0039283_00020.jpg	LINE_HW	En arkivsida med handskriven text organiserad i tabell- eller formulärstruktur från arkiv: Register till riksregistraturet, från serie: Adressatregister till Riksregistraturet, daterat: 1677..
A0039283_00090.jpg	LINE_HW	En arkivsida med handskriven text organiserad i tabell- eller formulärstruktur från arkiv: Register till riksregistraturet, från serie: Adressatregister till Riksregistraturet, daterat: 1677..
A0039279_00119.jpg	LINE_HW	En arkivsida med handskriven text organiserad i tabell- eller formulärstruktur från arkiv: Register till riksregistraturet, från serie: Adressatregister till Riksregistraturet, daterat: 1673-1674..
A0039279_00223.jpg	LINE_HW	En arkivsida med handskriven text organiserad i tabell- eller formulärstruktur från arkiv: Register till riksregistraturet, från serie: Adressatregister till Riksregistraturet, daterat: 1673-1674..
A0039279_00146.jpg	LINE_HW	En arkivsida med handskriven text organiserad i tabell- eller formulärstruktur från arkiv: Register till riksregistraturet, från serie: Adressatregister till Riksregistraturet, daterat: 1673-1674..
A0039279_00044.jpg	LINE_HW	En arkivsida med handskriven text organiserad i tabell- eller formulärstruktur från arkiv: Register till riksregistraturet, från serie: Adressatregister till Riksregistraturet, daterat: 1673-1674..
A0039279_00049.jpg	LINE_HW	En arkivsida med handskriven text organiserad i tabell- eller formulärstruktur från arkiv: Register till riksregistraturet, från serie: Adressatregister till Riksregistraturet, daterat: 1673-1674..
A0039279_00225.jpg	LINE_HW	En arkivsida med handskriven text organiserad i tabell- eller formulärstruktur från arkiv: Register till riksregistraturet, från serie: Adressatregister till Riksregistraturet, daterat: 1673-1674..
R0002261_00001.jpg	MISC	En arkivsida med paratextuellt eller blandat innehåll, såsom omslag, titelblad eller annat material utanför huvudtexten från arkiv: Kommerskollegium, från serie: Ostindiska kompaniet, daterat: 1748..
R0002261_00003.jpg	MISC	En arkivsida med paratextuellt eller blandat innehåll, såsom omslag, titelblad eller annat material utanför huvudtexten från arkiv: Kommerskollegium, från serie: Ostindiska kompaniet, daterat: 1748..
R0002261_00021.jpg	LINE_MIX	En arkivsida i tabell- eller formulärlayout med blandade textstilar, inklusive handskriven, tryckt och maskinskriven text från arkiv: Kommerskollegium, från serie: Ostindiska kompaniet, daterat: 1748..
R0002261_00024.jpg	LINE_MIX	En arkivsida i tabell- eller formulärlayout med blandade textstilar, inklusive handskriven, tryckt och maskinskriven text från arkiv: Kommerskollegium, från serie: Ostindiska kompaniet, daterat: 1748..
R0002261_00038.jpg	LINE_MIX	En arkivsida i tabell- eller formulärlayout med blandade textstilar, inklusive handskriven, tryckt och maskinskriven text från arkiv: Kommerskollegium, från serie: Ostindiska kompaniet, daterat: 1748..
R0002261_00027.jpg	LINE_MIX	En arkivsida i tabell- eller formulärlayout med blandade textstilar, inklusive handskriven, tryckt och maskinskriven text från arkiv: Kommerskollegium, från serie: Ostindiska kompaniet, daterat: 1748..
A0075878_00132.jpg	TEXT	En arkivsida med löpande text bestående av blandade stilar, såsom handskriven, tryckt och maskinskriven text från arkiv: Kommerskollegium, från serie: Fribrevshandlingar, daterat: 1786..
A0075878_00001.jpg	MISC	En arkivsida med paratextuellt eller blandat innehåll, såsom omslag, titelblad eller annat material utanför huvudtexten från arkiv: Kommerskollegium, från serie: Fribrevshandlingar, daterat: 1786..
A0075878_00076.jpg	TEXT	En arkivsida med löpande text bestående av blandade stilar, såsom handskriven, tryckt och maskinskriven text från arkiv: Kommerskollegium, från serie: Fribrevshandlingar, daterat: 1786..
A0075878_00155.jpg	TEXT	En arkivsida med löpande text bestående av blandade stilar, såsom handskriven, tryckt och maskinskriven text från arkiv: Kommerskollegium, från serie: Fribrevshandlingar, daterat: 1786..
A0075878_00083.jpg	TEXT	En arkivsida med löpande text bestående av blandade stilar, såsom handskriven, tryckt och maskinskriven text från arkiv: Kommerskollegium, från serie: Fribrevshandlingar, daterat: 1786..
A0075878_00167.jpg	TEXT	En arkivsida med löpande text bestående av blandade stilar, såsom handskriven, tryckt och maskinskriven text från arkiv: Kommerskollegium, från serie: Fribrevshandlingar, daterat: 1786..
A0076551_00650.jpg	LINE_HW	En arkivsida med handskriven text organiserad i tabell- eller formulärstruktur från arkiv: Kommerskollegium, från serie: Första serien, daterat: 1776-1776..
A0076551_00561.jpg	LINE_HW	En arkivsida med handskriven text organiserad i tabell- eller formulärstruktur från arkiv: Kommerskollegium, från serie: Första serien, daterat: 1776-1776..
A0076551_00270.jpg	TEXT_HW	En arkivsida med löpande handskriven text i stycken från arkiv: Kommerskollegium, från serie: Första serien, daterat: 1776-1776..
A0076551_00421.jpg	TEXT_HW	En arkivsida med löpande handskriven text i stycken från arkiv: Kommerskollegium, från serie: Första serien, daterat: 1776-1776..
A0076551_00385.jpg	TEXT_HW	En arkivsida med löpande handskriven text i stycken från arkiv: Kommerskollegium, från serie: Första serien, daterat: 1776-1776..
A0076551_00276.jpg	LINE_HW	En arkivsida med handskriven text organiserad i tabell- eller formulärstruktur från arkiv: Kommerskollegium, från serie: Första serien, daterat: 1776-1776..
A0075896_00044.jpg	TEXT	En arkivsida med löpande text bestående av blandade stilar, såsom handskriven, tryckt och maskinskriven text från arkiv: Kommerskollegium, från serie: Fribrevshandlingar, daterat: 1788..
A0075896_00280.jpg	TEXT	En arkivsida med löpande text bestående av blandade stilar, såsom handskriven, tryckt och maskinskriven text från arkiv: Kommerskollegium, från serie: Fribrevshandlingar, daterat: 1788..
A0075896_00233.jpg	TEXT	En arkivsida med löpande text bestående av blandade stilar, såsom handskriven, tryckt och maskinskriven text från arkiv: Kommerskollegium, från serie: Fribrevshandlingar, daterat: 1788..
A0075896_00180.jpg	TEXT	En arkivsida med löpande text bestående av blandade stilar, såsom handskriven, tryckt och maskinskriven text från arkiv: Kommerskollegium, från serie: Fribrevshandlingar, daterat: 1788..
A0075896_00108.jpg	TEXT	En arkivsida med löpande text bestående av blandade stilar, såsom handskriven, tryckt och maskinskriven text från arkiv: Kommerskollegium, från serie: Fribrevshandlingar, daterat: 1788..
A0075896_00340.jpg	TEXT	En arkivsida med löpande text bestående av blandade stilar, såsom handskriven, tryckt och maskinskriven text från arkiv: Kommerskollegium, från serie: Fribrevshandlingar, daterat: 1788..
A0076015_00107.jpg	TEXT	En arkivsida med löpande text bestående av blandade stilar, såsom handskriven, tryckt och maskinskriven text från arkiv: Kommerskollegium, från serie: Fribrevshandlingar, daterat: 1793..
A0076015_00150.jpg	TEXT	En arkivsida med löpande text bestående av blandade stilar, såsom handskriven, tryckt och maskinskriven text från arkiv: Kommerskollegium, från serie: Fribrevshandlingar, daterat: 1793..
A0076015_00121.jpg	TEXT	En arkivsida med löpande text bestående av blandade stilar, såsom handskriven, tryckt och maskinskriven text från arkiv: Kommerskollegium, från serie: Fribrevshandlingar, daterat: 1793..
A0076015_00034.jpg	TEXT	En arkivsida med löpande text bestående av blandade stilar, såsom handskriven, tryckt och maskinskriven text från arkiv: Kommerskollegium, från serie: Fribrevshandlingar, daterat: 1793..
A0076015_00017.jpg	TEXT	En arkivsida med löpande text bestående av blandade stilar, såsom handskriven, tryckt och maskinskriven text från arkiv: Kommerskollegium, från serie: Fribrevshandlingar, daterat: 1793..
A0076015_00108.jpg	TEXT	En arkivsida med löpande text bestående av blandade stilar, såsom handskriven, tryckt och maskinskriven text från arkiv: Kommerskollegium, från serie: Fribrevshandlingar, daterat: 1793..
A0075626_00102.jpg	LINE_HW	En arkivsida med handskriven text organiserad i tabell- eller formulärstruktur från arkiv: Kommerskollegium, från serie: Fribrevsdiarier, daterat: 1761..
A0075626_00078.jpg	LINE_HW	En arkivsida med handskriven text organiserad i tabell- eller formulärstruktur från arkiv: Kommerskollegium, från serie: Fribrevsdiarier, daterat: 1761..
A0075626_00132.jpg	LINE_HW	En arkivsida med handskriven text organiserad i tabell- eller formulärstruktur från arkiv: Kommerskollegium, från serie: Fribrevsdiarier, daterat: 1761..
A0075626_00149.jpg	LINE_HW	En arkivsida med handskriven text organiserad i tabell- eller formulärstruktur från arkiv: Kommerskollegium, från serie: Fribrevsdiarier, daterat: 1761..
A0075626_00131.jpg	LINE_HW	En arkivsida med handskriven text organiserad i tabell- eller formulärstruktur från arkiv: Kommerskollegium, från serie: Fribrevsdiarier, daterat: 1761..
A0075626_00150.jpg	LINE_HW	En arkivsida med handskriven text organiserad i tabell- eller formulärstruktur från arkiv: Kommerskollegium, från serie: Fribrevsdiarier, daterat: 1761..
R0002257_00008.jpg	LINE_MIX	En arkivsida i tabell- eller formulärlayout med blandade textstilar, inklusive handskriven, tryckt och maskinskriven text från arkiv: Kommerskollegium, från serie: Ostindiska kompaniet, daterat: 1743..
R0002257_00038.jpg	LINE_MIX	En arkivsida i tabell- eller formulärlayout med blandade textstilar, inklusive handskriven, tryckt och maskinskriven text från arkiv: Kommerskollegium, från serie: Ostindiska kompaniet, daterat: 1743..
R0002257_00023.jpg	LINE_MIX	En arkivsida i tabell- eller formulärlayout med blandade textstilar, inklusive handskriven, tryckt och maskinskriven text från arkiv: Kommerskollegium, från serie: Ostindiska kompaniet, daterat: 1743..
R0002257_00033.jpg	LINE_MIX	En arkivsida i tabell- eller formulärlayout med blandade textstilar, inklusive handskriven, tryckt och maskinskriven text från arkiv: Kommerskollegium, från serie: Ostindiska kompaniet, daterat: 1743..
A0039308_00125.jpg	LINE_HW	En arkivsida med handskriven text organiserad i tabell- eller formulärstruktur från arkiv: Register till riksregistraturet, från serie: Adressatregister till Riksregistraturet, daterat: 1702..
A0039308_00129.jpg	LINE_HW	En arkivsida med handskriven text organiserad i tabell- eller formulärstruktur från arkiv: Register till riksregistraturet, från serie: Adressatregister till Riksregistraturet, daterat: 1702..
A0039308_00096.jpg	LINE_HW	En arkivsida med handskriven text organiserad i tabell- eller formulärstruktur från arkiv: Register till riksregistraturet, från serie: Adressatregister till Riksregistraturet, daterat: 1702..
A0039308_00040.jpg	LINE_HW	En arkivsida med handskriven text organiserad i tabell- eller formulärstruktur från arkiv: Register till riksregistraturet, från serie: Adressatregister till Riksregistraturet, daterat: 1702..
A0039308_00142.jpg	LINE_HW	En arkivsida med handskriven text organiserad i tabell- eller formulärstruktur från arkiv: Register till riksregistraturet, från serie: Adressatregister till Riksregistraturet, daterat: 1702..
A0039308_00073.jpg	LINE_HW	En arkivsida med handskriven text organiserad i tabell- eller formulärstruktur från arkiv: Register till riksregistraturet, från serie: Adressatregister till Riksregistraturet, daterat: 1702..
A0039205_00022.jpg	LINE_HW	En arkivsida med handskriven text organiserad i tabell- eller formulärstruktur från arkiv: Titularregister till riksregistraturet, från serie: Titularregister till riksregistraturet, daterat: 1683-1686..
A0039205_00086.jpg	LINE_HW	En arkivsida med handskriven text organiserad i tabell- eller formulärstruktur från arkiv: Titularregister till riksregistraturet, från serie: Titularregister till riksregistraturet, daterat: 1683-1686..
A0039205_00020.jpg	LINE_HW	En arkivsida med handskriven text organiserad i tabell- eller formulärstruktur från arkiv: Titularregister till riksregistraturet, från serie: Titularregister till riksregistraturet, daterat: 1683-1686..
A0039205_00099.jpg	LINE_HW	En arkivsida med handskriven text organiserad i tabell- eller formulärstruktur från arkiv: Titularregister till riksregistraturet, från serie: Titularregister till riksregistraturet, daterat: 1683-1686..
A0039205_00136.jpg	MISC	En arkivsida med paratextuellt eller blandat innehåll, såsom omslag, titelblad eller annat material utanför huvudtexten från arkiv: Titularregister till riksregistraturet, från serie: Titularregister till riksregistraturet, daterat: 1683-1686..
A0039205_00036.jpg	LINE_HW	En arkivsida med handskriven text organiserad i tabell- eller formulärstruktur från arkiv: Titularregister till riksregistraturet, från serie: Titularregister till riksregistraturet, daterat: 1683-1686..
A0039204_00061.jpg	MISC	En arkivsida med paratextuellt eller blandat innehåll, såsom omslag, titelblad eller annat material utanför huvudtexten från arkiv: Titularregister till riksregistraturet, från serie: Titularregister till riksregistraturet, daterat: 1677-1682..
A0039204_00207.jpg	LINE_HW	En arkivsida med handskriven text organiserad i tabell- eller formulärstruktur från arkiv: Titularregister till riksregistraturet, från serie: Titularregister till riksregistraturet, daterat: 1677-1682..
A0039204_00194.jpg	LINE_HW	En arkivsida med handskriven text organiserad i tabell- eller formulärstruktur från arkiv: Titularregister till riksregistraturet, från serie: Titularregister till riksregistraturet, daterat: 1677-1682..
A0039204_00022.jpg	LINE_HW	En arkivsida med handskriven text organiserad i tabell- eller formulärstruktur från arkiv: Titularregister till riksregistraturet, från serie: Titularregister till riksregistraturet, daterat: 1677-1682..
A0039204_00156.jpg	LINE_HW	En arkivsida med handskriven text organiserad i tabell- eller formulärstruktur från arkiv: Titularregister till riksregistraturet, från serie: Titularregister till riksregistraturet, daterat: 1677-1682..
A0039204_00106.jpg	LINE_HW	En arkivsida med handskriven text organiserad i tabell- eller formulärstruktur från arkiv: Titularregister till riksregistraturet, från serie: Titularregister till riksregistraturet, daterat: 1677-1682..
A0075809_00609.jpg	TEXT_HW	En arkivsida med löpande handskriven text i stycken från arkiv: Kommerskollegium, från serie: Fribrevshandlingar, daterat: 1778..
A0075809_00371.jpg	TEXT	En arkivsida med löpande text bestående av blandade stilar, såsom handskriven, tryckt och maskinskriven text från arkiv: Kommerskollegium, från serie: Fribrevshandlingar, daterat: 1778..
A0075809_00428.jpg	TEXT	En arkivsida med löpande text bestående av blandade stilar, såsom handskriven, tryckt och maskinskriven text från arkiv: Kommerskollegium, från serie: Fribrevshandlingar, daterat: 1778..
A0075809_00463.jpg	TEXT	En arkivsida med löpande text bestående av blandade stilar, såsom handskriven, tryckt och maskinskriven text från arkiv: Kommerskollegium, från serie: Fribrevshandlingar, daterat: 1778..
A0075809_00455.jpg	TEXT	En arkivsida med löpande text bestående av blandade stilar, såsom handskriven, tryckt och maskinskriven text från arkiv: Kommerskollegium, från serie: Fribrevshandlingar, daterat: 1778..
A0075809_00399.jpg	TEXT	En arkivsida med löpande text bestående av blandade stilar, såsom handskriven, tryckt och maskinskriven text från arkiv: Kommerskollegium, från serie: Fribrevshandlingar, daterat: 1778..
A0039282_00086.jpg	LINE_HW	En arkivsida med handskriven text organiserad i tabell- eller formulärstruktur från arkiv: Register till riksregistraturet, från serie: Adressatregister till Riksregistraturet, daterat: 1676-1677..
A0039282_00026.jpg	MISC	En arkivsida med paratextuellt eller blandat innehåll, såsom omslag, titelblad eller annat material utanför huvudtexten från arkiv: Register till riksregistraturet, från serie: Adressatregister till Riksregistraturet, daterat: 1676-1677..
A0039282_00089.jpg	LINE_HW	En arkivsida med handskriven text organiserad i tabell- eller formulärstruktur från arkiv: Register till riksregistraturet, från serie: Adressatregister till Riksregistraturet, daterat: 1676-1677..
A0039282_00062.jpg	LINE_HW	En arkivsida med handskriven text organiserad i tabell- eller formulärstruktur från arkiv: Register till riksregistraturet, från serie: Adressatregister till Riksregistraturet, daterat: 1676-1677..
A0039282_00094.jpg	LINE_HW	En arkivsida med handskriven text organiserad i tabell- eller formulärstruktur från arkiv: Register till riksregistraturet, från serie: Adressatregister till Riksregistraturet, daterat: 1676-1677..
A0039282_00034.jpg	LINE_HW	En arkivsida med handskriven text organiserad i tabell- eller formulärstruktur från arkiv: Register till riksregistraturet, från serie: Adressatregister till Riksregistraturet, daterat: 1676-1677..
A0039201_00184.jpg	LINE_HW	En arkivsida med handskriven text organiserad i tabell- eller formulärstruktur från arkiv: Titularregister till riksregistraturet, från serie: Titularregister till riksregistraturet, daterat: 1660-1665..
A0039201_00168.jpg	LINE_HW	En arkivsida med handskriven text organiserad i tabell- eller formulärstruktur från arkiv: Titularregister till riksregistraturet, från serie: Titularregister till riksregistraturet, daterat: 1660-1665..
A0039201_00069.jpg	LINE_HW	En arkivsida med handskriven text organiserad i tabell- eller formulärstruktur från arkiv: Titularregister till riksregistraturet, från serie: Titularregister till riksregistraturet, daterat: 1660-1665..
A0039201_00032.jpg	LINE_HW	En arkivsida med handskriven text organiserad i tabell- eller formulärstruktur från arkiv: Titularregister till riksregistraturet, från serie: Titularregister till riksregistraturet, daterat: 1660-1665..
A0039201_00190.jpg	LINE_HW	En arkivsida med handskriven text organiserad i tabell- eller formulärstruktur från arkiv: Titularregister till riksregistraturet, från serie: Titularregister till riksregistraturet, daterat: 1660-1665..
A0039201_00255.jpg	LINE_HW	En arkivsida med handskriven text organiserad i tabell- eller formulärstruktur från arkiv: Titularregister till riksregistraturet, från serie: Titularregister till riksregistraturet, daterat: 1660-1665..
A0076018_00161.jpg	TEXT	En arkivsida med löpande text bestående av blandade stilar, såsom handskriven, tryckt och maskinskriven text från arkiv: Kommerskollegium, från serie: Fribrevshandlingar, daterat: 1794..
A0076018_00233.jpg	TEXT	En arkivsida med löpande text bestående av blandade stilar, såsom handskriven, tryckt och maskinskriven text från arkiv: Kommerskollegium, från serie: Fribrevshandlingar, daterat: 1794..
A0076018_00222.jpg	TEXT	En arkivsida med löpande text bestående av blandade stilar, såsom handskriven, tryckt och maskinskriven text från arkiv: Kommerskollegium, från serie: Fribrevshandlingar, daterat: 1794..
A0076018_00007.jpg	TEXT	En arkivsida med löpande text bestående av blandade stilar, såsom handskriven, tryckt och maskinskriven text från arkiv: Kommerskollegium, från serie: Fribrevshandlingar, daterat: 1794..
A0076018_00245.jpg	TEXT	En arkivsida med löpande text bestående av blandade stilar, såsom handskriven, tryckt och maskinskriven text från arkiv: Kommerskollegium, från serie: Fribrevshandlingar, daterat: 1794..
A0076018_00090.jpg	TEXT	En arkivsida med löpande text bestående av blandade stilar, såsom handskriven, tryckt och maskinskriven text från arkiv: Kommerskollegium, från serie: Fribrevshandlingar, daterat: 1794..
A0075836_00173.jpg	TEXT	En arkivsida med löpande text bestående av blandade stilar, såsom handskriven, tryckt och maskinskriven text från arkiv: Kommerskollegium, från serie: Fribrevshandlingar, daterat: 1782..
A0075836_00035.jpg	TEXT	En arkivsida med löpande text bestående av blandade stilar, såsom handskriven, tryckt och maskinskriven text från arkiv: Kommerskollegium, från serie: Fribrevshandlingar, daterat: 1782..
A0075836_00070.jpg	TEXT	En arkivsida med löpande text bestående av blandade stilar, såsom handskriven, tryckt och maskinskriven text från arkiv: Kommerskollegium, från serie: Fribrevshandlingar, daterat: 1782..
A0075836_00116.jpg	TEXT	En arkivsida med löpande text bestående av blandade stilar, såsom handskriven, tryckt och maskinskriven text från arkiv: Kommerskollegium, från serie: Fribrevshandlingar, daterat: 1782..
A0075836_00044.jpg	TEXT	En arkivsida med löpande text bestående av blandade stilar, såsom handskriven, tryckt och maskinskriven text från arkiv: Kommerskollegium, från serie: Fribrevshandlingar, daterat: 1782..
A0075836_00357.jpg	TEXT	En arkivsida med löpande text bestående av blandade stilar, såsom handskriven, tryckt och maskinskriven text från arkiv: Kommerskollegium, från serie: Fribrevshandlingar, daterat: 1782..
A0039197_00225.jpg	LINE_HW	En arkivsida med handskriven text organiserad i tabell- eller formulärstruktur från arkiv: Titularregister till riksregistraturet, från serie: Titularregister till riksregistraturet, daterat: 1644-1650..
A0039197_00037.jpg	LINE_HW	En arkivsida med handskriven text organiserad i tabell- eller formulärstruktur från arkiv: Titularregister till riksregistraturet, från serie: Titularregister till riksregistraturet, daterat: 1644-1650..
A0039197_00190.jpg	LINE_HW	En arkivsida med handskriven text organiserad i tabell- eller formulärstruktur från arkiv: Titularregister till riksregistraturet, från serie: Titularregister till riksregistraturet, daterat: 1644-1650..
A0039197_00173.jpg	LINE_HW	En arkivsida med handskriven text organiserad i tabell- eller formulärstruktur från arkiv: Titularregister till riksregistraturet, från serie: Titularregister till riksregistraturet, daterat: 1644-1650..
A0039197_00012.jpg	LINE_HW	En arkivsida med handskriven text organiserad i tabell- eller formulärstruktur från arkiv: Titularregister till riksregistraturet, från serie: Titularregister till riksregistraturet, daterat: 1644-1650..
A0039197_00139.jpg	LINE_HW	En arkivsida med handskriven text organiserad i tabell- eller formulärstruktur från arkiv: Titularregister till riksregistraturet, från serie: Titularregister till riksregistraturet, daterat: 1644-1650..
A0075888_00292.jpg	TEXT	En arkivsida med löpande text bestående av blandade stilar, såsom handskriven, tryckt och maskinskriven text från arkiv: Kommerskollegium, från serie: Fribrevshandlingar, daterat: 1787..
A0075888_00006.jpg	TEXT	En arkivsida med löpande text bestående av blandade stilar, såsom handskriven, tryckt och maskinskriven text från arkiv: Kommerskollegium, från serie: Fribrevshandlingar, daterat: 1787..
A0075888_00224.jpg	TEXT	En arkivsida med löpande text bestående av blandade stilar, såsom handskriven, tryckt och maskinskriven text från arkiv: Kommerskollegium, från serie: Fribrevshandlingar, daterat: 1787..
A0075888_00217.jpg	TEXT	En arkivsida med löpande text bestående av blandade stilar, såsom handskriven, tryckt och maskinskriven text från arkiv: Kommerskollegium, från serie: Fribrevshandlingar, daterat: 1787..
A0075888_00310.jpg	TEXT	En arkivsida med löpande text bestående av blandade stilar, såsom handskriven, tryckt och maskinskriven text från arkiv: Kommerskollegium, från serie: Fribrevshandlingar, daterat: 1787..
A0075888_00105.jpg	TEXT	En arkivsida med löpande text bestående av blandade stilar, såsom handskriven, tryckt och maskinskriven text från arkiv: Kommerskollegium, från serie: Fribrevshandlingar, daterat: 1787..
A0075856_00258.jpg	TEXT	En arkivsida med löpande text bestående av blandade stilar, såsom handskriven, tryckt och maskinskriven text från arkiv: Kommerskollegium, från serie: Fribrevshandlingar, daterat: 1784..
A0075856_00196.jpg	TEXT	En arkivsida med löpande text bestående av blandade stilar, såsom handskriven, tryckt och maskinskriven text från arkiv: Kommerskollegium, från serie: Fribrevshandlingar, daterat: 1784..
A0075856_00323.jpg	TEXT	En arkivsida med löpande text bestående av blandade stilar, såsom handskriven, tryckt och maskinskriven text från arkiv: Kommerskollegium, från serie: Fribrevshandlingar, daterat: 1784..
A0075856_00311.jpg	TEXT	En arkivsida med löpande text bestående av blandade stilar, såsom handskriven, tryckt och maskinskriven text från arkiv: Kommerskollegium, från serie: Fribrevshandlingar, daterat: 1784..
A0075856_00073.jpg	TEXT	En arkivsida med löpande text bestående av blandade stilar, såsom handskriven, tryckt och maskinskriven text från arkiv: Kommerskollegium, från serie: Fribrevshandlingar, daterat: 1784..
A0075856_00337.jpg	TEXT_HW	En arkivsida med löpande handskriven text i stycken från arkiv: Kommerskollegium, från serie: Fribrevshandlingar, daterat: 1784..
A0076029_00166.jpg	TEXT	En arkivsida med löpande text bestående av blandade stilar, såsom handskriven, tryckt och maskinskriven text från arkiv: Kommerskollegium, från serie: Fribrevshandlingar, daterat: 1795..
A0076029_00160.jpg	TEXT	En arkivsida med löpande text bestående av blandade stilar, såsom handskriven, tryckt och maskinskriven text från arkiv: Kommerskollegium, från serie: Fribrevshandlingar, daterat: 1795..
A0076029_00314.jpg	TEXT	En arkivsida med löpande text bestående av blandade stilar, såsom handskriven, tryckt och maskinskriven text från arkiv: Kommerskollegium, från serie: Fribrevshandlingar, daterat: 1795..
A0076029_00308.jpg	TEXT	En arkivsida med löpande text bestående av blandade stilar, såsom handskriven, tryckt och maskinskriven text från arkiv: Kommerskollegium, från serie: Fribrevshandlingar, daterat: 1795..
A0076029_00360.jpg	TEXT	En arkivsida med löpande text bestående av blandade stilar, såsom handskriven, tryckt och maskinskriven text från arkiv: Kommerskollegium, från serie: Fribrevshandlingar, daterat: 1795..
A0076029_00223.jpg	TEXT	En arkivsida med löpande text bestående av blandade stilar, såsom handskriven, tryckt och maskinskriven text från arkiv: Kommerskollegium, från serie: Fribrevshandlingar, daterat: 1795..
71000591_00037.jpg	LINE_HW	En arkivsida med handskriven text organiserad i tabell- eller formulärstruktur från arkiv: Register till riksregistraturet, från serie: Adressatregister till Riksregistraturet, daterat: 1701..
71000591_00165.jpg	LINE_HW	En arkivsida med handskriven text organiserad i tabell- eller formulärstruktur från arkiv: Register till riksregistraturet, från serie: Adressatregister till Riksregistraturet, daterat: 1701..
71000591_00056.jpg	LINE_HW	En arkivsida med handskriven text organiserad i tabell- eller formulärstruktur från arkiv: Register till riksregistraturet, från serie: Adressatregister till Riksregistraturet, daterat: 1701..
71000591_00251.jpg	LINE_HW	En arkivsida med handskriven text organiserad i tabell- eller formulärstruktur från arkiv: Register till riksregistraturet, från serie: Adressatregister till Riksregistraturet, daterat: 1701..
71000591_00073.jpg	LINE_HW	En arkivsida med handskriven text organiserad i tabell- eller formulärstruktur från arkiv: Register till riksregistraturet, från serie: Adressatregister till Riksregistraturet, daterat: 1701..
71000591_00108.jpg	LINE_HW	En arkivsida med handskriven text organiserad i tabell- eller formulärstruktur från arkiv: Register till riksregistraturet, från serie: Adressatregister till Riksregistraturet, daterat: 1701..
A0039307_00237.jpg	LINE_HW	En arkivsida med handskriven text organiserad i tabell- eller formulärstruktur från arkiv: Register till riksregistraturet, från serie: Adressatregister till Riksregistraturet, daterat: 1701..
A0039307_00316.jpg	LINE_HW	En arkivsida med handskriven text organiserad i tabell- eller formulärstruktur från arkiv: Register till riksregistraturet, från serie: Adressatregister till Riksregistraturet, daterat: 1701..
A0039307_00148.jpg	LINE_HW	En arkivsida med handskriven text organiserad i tabell- eller formulärstruktur från arkiv: Register till riksregistraturet, från serie: Adressatregister till Riksregistraturet, daterat: 1701..
A0039307_00052.jpg	LINE_HW	En arkivsida med handskriven text organiserad i tabell- eller formulärstruktur från arkiv: Register till riksregistraturet, från serie: Adressatregister till Riksregistraturet, daterat: 1701..
A0039307_00295.jpg	LINE_HW	En arkivsida med handskriven text organiserad i tabell- eller formulärstruktur från arkiv: Register till riksregistraturet, från serie: Adressatregister till Riksregistraturet, daterat: 1701..
A0039307_00044.jpg	LINE_HW	En arkivsida med handskriven text organiserad i tabell- eller formulärstruktur från arkiv: Register till riksregistraturet, från serie: Adressatregister till Riksregistraturet, daterat: 1701..
A0075904_00172.jpg	TEXT	En arkivsida med löpande text bestående av blandade stilar, såsom handskriven, tryckt och maskinskriven text från arkiv: Kommerskollegium, från serie: Fribrevshandlingar, daterat: 1791..
A0075904_00162.jpg	TEXT	En arkivsida med löpande text bestående av blandade stilar, såsom handskriven, tryckt och maskinskriven text från arkiv: Kommerskollegium, från serie: Fribrevshandlingar, daterat: 1791..
A0075904_00015.jpg	TEXT	En arkivsida med löpande text bestående av blandade stilar, såsom handskriven, tryckt och maskinskriven text från arkiv: Kommerskollegium, från serie: Fribrevshandlingar, daterat: 1791..
A0075904_00160.jpg	TEXT	En arkivsida med löpande text bestående av blandade stilar, såsom handskriven, tryckt och maskinskriven text från arkiv: Kommerskollegium, från serie: Fribrevshandlingar, daterat: 1791..
A0075904_00080.jpg	TEXT	En arkivsida med löpande text bestående av blandade stilar, såsom handskriven, tryckt och maskinskriven text från arkiv: Kommerskollegium, från serie: Fribrevshandlingar, daterat: 1791..
A0075904_00013.jpg	TEXT	En arkivsida med löpande text bestående av blandade stilar, såsom handskriven, tryckt och maskinskriven text från arkiv: Kommerskollegium, från serie: Fribrevshandlingar, daterat: 1791..
A0075850_00097.jpg	TEXT	En arkivsida med löpande text bestående av blandade stilar, såsom handskriven, tryckt och maskinskriven text från arkiv: Kommerskollegium, från serie: Fribrevshandlingar, daterat: 1783..
A0075850_00243.jpg	TEXT	En arkivsida med löpande text bestående av blandade stilar, såsom handskriven, tryckt och maskinskriven text från arkiv: Kommerskollegium, från serie: Fribrevshandlingar, daterat: 1783..
A0075850_00181.jpg	TEXT	En arkivsida med löpande text bestående av blandade stilar, såsom handskriven, tryckt och maskinskriven text från arkiv: Kommerskollegium, från serie: Fribrevshandlingar, daterat: 1783..
A0075850_00086.jpg	TEXT_HW	En arkivsida med löpande handskriven text i stycken från arkiv: Kommerskollegium, från serie: Fribrevshandlingar, daterat: 1783..
A0075850_00321.jpg	TEXT	En arkivsida med löpande text bestående av blandade stilar, såsom handskriven, tryckt och maskinskriven text från arkiv: Kommerskollegium, från serie: Fribrevshandlingar, daterat: 1783..
A0075850_00349.jpg	TEXT	En arkivsida med löpande text bestående av blandade stilar, såsom handskriven, tryckt och maskinskriven text från arkiv: Kommerskollegium, från serie: Fribrevshandlingar, daterat: 1783..
A0039199_00036.jpg	LINE_HW	En arkivsida med handskriven text organiserad i tabell- eller formulärstruktur från arkiv: Titularregister till riksregistraturet, från serie: Titularregister till riksregistraturet, daterat: 1654-1659..
A0039199_00106.jpg	LINE_HW	En arkivsida med handskriven text organiserad i tabell- eller formulärstruktur från arkiv: Titularregister till riksregistraturet, från serie: Titularregister till riksregistraturet, daterat: 1654-1659..
A0039199_00023.jpg	LINE_HW	En arkivsida med handskriven text organiserad i tabell- eller formulärstruktur från arkiv: Titularregister till riksregistraturet, från serie: Titularregister till riksregistraturet, daterat: 1654-1659..
A0039199_00079.jpg	LINE_HW	En arkivsida med handskriven text organiserad i tabell- eller formulärstruktur från arkiv: Titularregister till riksregistraturet, från serie: Titularregister till riksregistraturet, daterat: 1654-1659..
A0039199_00122.jpg	LINE_HW	En arkivsida med handskriven text organiserad i tabell- eller formulärstruktur från arkiv: Titularregister till riksregistraturet, från serie: Titularregister till riksregistraturet, daterat: 1654-1659..
A0039199_00112.jpg	LINE_HW	En arkivsida med handskriven text organiserad i tabell- eller formulärstruktur från arkiv: Titularregister till riksregistraturet, från serie: Titularregister till riksregistraturet, daterat: 1654-1659..
A0075643_00100.jpg	LINE_HW	En arkivsida med handskriven text organiserad i tabell- eller formulärstruktur från arkiv: Kommerskollegium, från serie: Fribrevsdiarier, daterat: 1778..
A0075643_00002.jpg	MISC	En arkivsida med paratextuellt eller blandat innehåll, såsom omslag, titelblad eller annat material utanför huvudtexten från arkiv: Kommerskollegium, från serie: Fribrevsdiarier, daterat: 1778..
A0075643_00124.jpg	LINE_HW	En arkivsida med handskriven text organiserad i tabell- eller formulärstruktur från arkiv: Kommerskollegium, från serie: Fribrevsdiarier, daterat: 1778..
A0075643_00085.jpg	LINE_HW	En arkivsida med handskriven text organiserad i tabell- eller formulärstruktur från arkiv: Kommerskollegium, från serie: Fribrevsdiarier, daterat: 1778..
A0075643_00034.jpg	LINE_HW	En arkivsida med handskriven text organiserad i tabell- eller formulärstruktur från arkiv: Kommerskollegium, från serie: Fribrevsdiarier, daterat: 1778..
A0075643_00116.jpg	LINE_HW	En arkivsida med handskriven text organiserad i tabell- eller formulärstruktur från arkiv: Kommerskollegium, från serie: Fribrevsdiarier, daterat: 1778..
A0076026_00132.jpg	TEXT	En arkivsida med löpande text bestående av blandade stilar, såsom handskriven, tryckt och maskinskriven text från arkiv: Kommerskollegium, från serie: Fribrevshandlingar, daterat: 1794..
A0076026_00183.jpg	TEXT	En arkivsida med löpande text bestående av blandade stilar, såsom handskriven, tryckt och maskinskriven text från arkiv: Kommerskollegium, från serie: Fribrevshandlingar, daterat: 1794..
A0076026_00040.jpg	TEXT	En arkivsida med löpande text bestående av blandade stilar, såsom handskriven, tryckt och maskinskriven text från arkiv: Kommerskollegium, från serie: Fribrevshandlingar, daterat: 1794..
A0076026_00210.jpg	TEXT	En arkivsida med löpande text bestående av blandade stilar, såsom handskriven, tryckt och maskinskriven text från arkiv: Kommerskollegium, från serie: Fribrevshandlingar, daterat: 1794..
A0076026_00193.jpg	TEXT	En arkivsida med löpande text bestående av blandade stilar, såsom handskriven, tryckt och maskinskriven text från arkiv: Kommerskollegium, från serie: Fribrevshandlingar, daterat: 1794..
A0076026_00145.jpg	TEXT	En arkivsida med löpande text bestående av blandade stilar, såsom handskriven, tryckt och maskinskriven text från arkiv: Kommerskollegium, från serie: Fribrevshandlingar, daterat: 1794..
A0075922_00024.jpg	TEXT	En arkivsida med löpande text bestående av blandade stilar, såsom handskriven, tryckt och maskinskriven text från arkiv: Kommerskollegium, från serie: Fribrevshandlingar, daterat: 1793..
A0075922_00146.jpg	TEXT	En arkivsida med löpande text bestående av blandade stilar, såsom handskriven, tryckt och maskinskriven text från arkiv: Kommerskollegium, från serie: Fribrevshandlingar, daterat: 1793..
A0075922_00100.jpg	TEXT_HW	En arkivsida med löpande handskriven text i stycken från arkiv: Kommerskollegium, från serie: Fribrevshandlingar, daterat: 1793..
A0075922_00142.jpg	TEXT	En arkivsida med löpande text bestående av blandade stilar, såsom handskriven, tryckt och maskinskriven text från arkiv: Kommerskollegium, från serie: Fribrevshandlingar, daterat: 1793..
A0075922_00036.jpg	TEXT	En arkivsida med löpande text bestående av blandade stilar, såsom handskriven, tryckt och maskinskriven text från arkiv: Kommerskollegium, från serie: Fribrevshandlingar, daterat: 1793..
A0075922_00103.jpg	TEXT	En arkivsida med löpande text bestående av blandade stilar, såsom handskriven, tryckt och maskinskriven text från arkiv: Kommerskollegium, från serie: Fribrevshandlingar, daterat: 1793..
A0075869_00342.jpg	TEXT	En arkivsida med löpande text bestående av blandade stilar, såsom handskriven, tryckt och maskinskriven text från arkiv: Kommerskollegium, från serie: Fribrevshandlingar, daterat: 1785..
A0075869_00110.jpg	TEXT	En arkivsida med löpande text bestående av blandade stilar, såsom handskriven, tryckt och maskinskriven text från arkiv: Kommerskollegium, från serie: Fribrevshandlingar, daterat: 1785..
A0075869_00327.jpg	TEXT	En arkivsida med löpande text bestående av blandade stilar, såsom handskriven, tryckt och maskinskriven text från arkiv: Kommerskollegium, från serie: Fribrevshandlingar, daterat: 1785..
A0075869_00167.jpg	TEXT	En arkivsida med löpande text bestående av blandade stilar, såsom handskriven, tryckt och maskinskriven text från arkiv: Kommerskollegium, från serie: Fribrevshandlingar, daterat: 1785..
A0075869_00221.jpg	TEXT	En arkivsida med löpande text bestående av blandade stilar, såsom handskriven, tryckt och maskinskriven text från arkiv: Kommerskollegium, från serie: Fribrevshandlingar, daterat: 1785..
A0075869_00119.jpg	TEXT	En arkivsida med löpande text bestående av blandade stilar, såsom handskriven, tryckt och maskinskriven text från arkiv: Kommerskollegium, från serie: Fribrevshandlingar, daterat: 1785..
A0075874_00224.jpg	TEXT	En arkivsida med löpande text bestående av blandade stilar, såsom handskriven, tryckt och maskinskriven text från arkiv: Kommerskollegium, från serie: Fribrevshandlingar, daterat: 1786..
A0075874_00210.jpg	TEXT	En arkivsida med löpande text bestående av blandade stilar, såsom handskriven, tryckt och maskinskriven text från arkiv: Kommerskollegium, från serie: Fribrevshandlingar, daterat: 1786..
A0075874_00271.jpg	TEXT	En arkivsida med löpande text bestående av blandade stilar, såsom handskriven, tryckt och maskinskriven text från arkiv: Kommerskollegium, från serie: Fribrevshandlingar, daterat: 1786..
A0075874_00017.jpg	TEXT	En arkivsida med löpande text bestående av blandade stilar, såsom handskriven, tryckt och maskinskriven text från arkiv: Kommerskollegium, från serie: Fribrevshandlingar, daterat: 1786..
A0075874_00211.jpg	TEXT	En arkivsida med löpande text bestående av blandade stilar, såsom handskriven, tryckt och maskinskriven text från arkiv: Kommerskollegium, från serie: Fribrevshandlingar, daterat: 1786..
A0075874_00222.jpg	TEXT	En arkivsida med löpande text bestående av blandade stilar, såsom handskriven, tryckt och maskinskriven text från arkiv: Kommerskollegium, från serie: Fribrevshandlingar, daterat: 1786..
A0039243_00015.jpg	LINE_TP	En arkivsida med tryckt eller maskinskriven text organiserad i tabell- eller formulärstruktur från arkiv: Register till riksregistraturet, från serie: Adressatregister till Riksregistraturet, daterat: 1609-1611..
A0039243_00032.jpg	LINE_TP	En arkivsida med tryckt eller maskinskriven text organiserad i tabell- eller formulärstruktur från arkiv: Register till riksregistraturet, från serie: Adressatregister till Riksregistraturet, daterat: 1609-1611..
A0039243_00028.jpg	LINE_TP	En arkivsida med tryckt eller maskinskriven text organiserad i tabell- eller formulärstruktur från arkiv: Register till riksregistraturet, från serie: Adressatregister till Riksregistraturet, daterat: 1609-1611..
A0039243_00159.jpg	LINE_TP	En arkivsida med tryckt eller maskinskriven text organiserad i tabell- eller formulärstruktur från arkiv: Register till riksregistraturet, från serie: Adressatregister till Riksregistraturet, daterat: 1609-1611..
A0039243_00012.jpg	LINE_TP	En arkivsida med tryckt eller maskinskriven text organiserad i tabell- eller formulärstruktur från arkiv: Register till riksregistraturet, från serie: Adressatregister till Riksregistraturet, daterat: 1609-1611..
A0039243_00054.jpg	LINE_TP	En arkivsida med tryckt eller maskinskriven text organiserad i tabell- eller formulärstruktur från arkiv: Register till riksregistraturet, från serie: Adressatregister till Riksregistraturet, daterat: 1609-1611..
R0002266_00037.jpg	LINE_MIX	En arkivsida i tabell- eller formulärlayout med blandade textstilar, inklusive handskriven, tryckt och maskinskriven text från arkiv: Kommerskollegium, från serie: Ostindiska kompaniet, daterat: 1753..
R0002266_00071.jpg	LINE_MIX	En arkivsida i tabell- eller formulärlayout med blandade textstilar, inklusive handskriven, tryckt och maskinskriven text från arkiv: Kommerskollegium, från serie: Ostindiska kompaniet, daterat: 1753..
R0002266_00027.jpg	LINE_MIX	En arkivsida i tabell- eller formulärlayout med blandade textstilar, inklusive handskriven, tryckt och maskinskriven text från arkiv: Kommerskollegium, från serie: Ostindiska kompaniet, daterat: 1753..
R0002266_00067.jpg	LINE_MIX	En arkivsida i tabell- eller formulärlayout med blandade textstilar, inklusive handskriven, tryckt och maskinskriven text från arkiv: Kommerskollegium, från serie: Ostindiska kompaniet, daterat: 1753..
R0002266_00019.jpg	LINE_MIX	En arkivsida i tabell- eller formulärlayout med blandade textstilar, inklusive handskriven, tryckt och maskinskriven text från arkiv: Kommerskollegium, från serie: Ostindiska kompaniet, daterat: 1753..
R0002266_00035.jpg	LINE_MIX	En arkivsida i tabell- eller formulärlayout med blandade textstilar, inklusive handskriven, tryckt och maskinskriven text från arkiv: Kommerskollegium, från serie: Ostindiska kompaniet, daterat: 1753..
40008945_00123.jpg	LINE_HW	En arkivsida med handskriven text organiserad i tabell- eller formulärstruktur från arkiv: Kommerskollegium, från serie: Första serien, daterat: 1781-1781..
40008945_00010.jpg	LINE_HW	En arkivsida med handskriven text organiserad i tabell- eller formulärstruktur från arkiv: Kommerskollegium, från serie: Första serien, daterat: 1781-1781..
40008945_00016.jpg	LINE_HW	En arkivsida med handskriven text organiserad i tabell- eller formulärstruktur från arkiv: Kommerskollegium, från serie: Första serien, daterat: 1781-1781..
40008945_00636.jpg	LINE_HW	En arkivsida med handskriven text organiserad i tabell- eller formulärstruktur från arkiv: Kommerskollegium, från serie: Första serien, daterat: 1781-1781..
40008945_00383.jpg	LINE_HW	En arkivsida med handskriven text organiserad i tabell- eller formulärstruktur från arkiv: Kommerskollegium, från serie: Första serien, daterat: 1781-1781..
40008945_00394.jpg	TEXT_HW	En arkivsida med löpande handskriven text i stycken från arkiv: Kommerskollegium, från serie: Första serien, daterat: 1781-1781..
A0076556_00691.jpg	LINE_HW	En arkivsida med handskriven text organiserad i tabell- eller formulärstruktur från arkiv: Kommerskollegium, från serie: Första serien, daterat: 1781-1781..
A0076556_00011.jpg	LINE_HW	En arkivsida med handskriven text organiserad i tabell- eller formulärstruktur från arkiv: Kommerskollegium, från serie: Första serien, daterat: 1781-1781..
A0076556_00231.jpg	LINE_HW	En arkivsida med handskriven text organiserad i tabell- eller formulärstruktur från arkiv: Kommerskollegium, från serie: Första serien, daterat: 1781-1781..
A0076556_00488.jpg	LINE_HW	En arkivsida med handskriven text organiserad i tabell- eller formulärstruktur från arkiv: Kommerskollegium, från serie: Första serien, daterat: 1781-1781..
A0076556_00548.jpg	LINE_HW	En arkivsida med handskriven text organiserad i tabell- eller formulärstruktur från arkiv: Kommerskollegium, från serie: Första serien, daterat: 1781-1781..
A0076556_00692.jpg	LINE_HW	En arkivsida med handskriven text organiserad i tabell- eller formulärstruktur från arkiv: Kommerskollegium, från serie: Första serien, daterat: 1781-1781..
71000635_00043.jpg	LINE_HW	En arkivsida med handskriven text organiserad i tabell- eller formulärstruktur från arkiv: Kommerskollegium, från serie: Första serien, daterat: 1792-1792..
71000635_00205.jpg	TEXT_HW	En arkivsida med löpande handskriven text i stycken från arkiv: Kommerskollegium, från serie: Första serien, daterat: 1792-1792..
71000635_00078.jpg	LINE_HW	En arkivsida med handskriven text organiserad i tabell- eller formulärstruktur från arkiv: Kommerskollegium, från serie: Första serien, daterat: 1792-1792..
71000635_00318.jpg	TEXT_HW	En arkivsida med löpande handskriven text i stycken från arkiv: Kommerskollegium, från serie: Första serien, daterat: 1792-1792..
71000635_00491.jpg	LINE_HW	En arkivsida med handskriven text organiserad i tabell- eller formulärstruktur från arkiv: Kommerskollegium, från serie: Första serien, daterat: 1792-1792..
71000635_00240.jpg	TEXT_HW	En arkivsida med löpande handskriven text i stycken från arkiv: Kommerskollegium, från serie: Första serien, daterat: 1792-1792..
R0002254_00065.jpg	LINE_MIX	En arkivsida i tabell- eller formulärlayout med blandade textstilar, inklusive handskriven, tryckt och maskinskriven text från arkiv: Kommerskollegium, från serie: Ostindiska kompaniet, daterat: 1736..
R0002254_00021.jpg	LINE_MIX	En arkivsida i tabell- eller formulärlayout med blandade textstilar, inklusive handskriven, tryckt och maskinskriven text från arkiv: Kommerskollegium, från serie: Ostindiska kompaniet, daterat: 1736..
R0002254_00036.jpg	LINE_MIX	En arkivsida i tabell- eller formulärlayout med blandade textstilar, inklusive handskriven, tryckt och maskinskriven text från arkiv: Kommerskollegium, från serie: Ostindiska kompaniet, daterat: 1736..
R0002254_00024.jpg	LINE_MIX	En arkivsida i tabell- eller formulärlayout med blandade textstilar, inklusive handskriven, tryckt och maskinskriven text från arkiv: Kommerskollegium, från serie: Ostindiska kompaniet, daterat: 1736..
R0002254_00131.jpg	LINE_HW	En arkivsida med handskriven text organiserad i tabell- eller formulärstruktur från arkiv: Kommerskollegium, från serie: Ostindiska kompaniet, daterat: 1736..
R0002254_00046.jpg	LINE_MIX	En arkivsida i tabell- eller formulärlayout med blandade textstilar, inklusive handskriven, tryckt och maskinskriven text från arkiv: Kommerskollegium, från serie: Ostindiska kompaniet, daterat: 1736..
A0039320_00067.jpg	LINE_HW	En arkivsida med handskriven text organiserad i tabell- eller formulärstruktur från arkiv: Register till riksregistraturet, från serie: Adressatregister till Riksregistraturet, daterat: 1715..
A0039320_00191.jpg	LINE_HW	En arkivsida med handskriven text organiserad i tabell- eller formulärstruktur från arkiv: Register till riksregistraturet, från serie: Adressatregister till Riksregistraturet, daterat: 1715..
A0039320_00093.jpg	LINE_HW	En arkivsida med handskriven text organiserad i tabell- eller formulärstruktur från arkiv: Register till riksregistraturet, från serie: Adressatregister till Riksregistraturet, daterat: 1715..
A0039320_00142.jpg	LINE_HW	En arkivsida med handskriven text organiserad i tabell- eller formulärstruktur från arkiv: Register till riksregistraturet, från serie: Adressatregister till Riksregistraturet, daterat: 1715..
A0039320_00025.jpg	LINE_HW	En arkivsida med handskriven text organiserad i tabell- eller formulärstruktur från arkiv: Register till riksregistraturet, från serie: Adressatregister till Riksregistraturet, daterat: 1715..
A0039320_00108.jpg	LINE_HW	En arkivsida med handskriven text organiserad i tabell- eller formulärstruktur från arkiv: Register till riksregistraturet, från serie: Adressatregister till Riksregistraturet, daterat: 1715..
A0075630_00108.jpg	LINE_HW	En arkivsida med handskriven text organiserad i tabell- eller formulärstruktur från arkiv: Kommerskollegium, från serie: Fribrevsdiarier, daterat: 1765..
A0075630_00086.jpg	LINE_HW	En arkivsida med handskriven text organiserad i tabell- eller formulärstruktur från arkiv: Kommerskollegium, från serie: Fribrevsdiarier, daterat: 1765..
A0075630_00044.jpg	LINE_HW	En arkivsida med handskriven text organiserad i tabell- eller formulärstruktur från arkiv: Kommerskollegium, från serie: Fribrevsdiarier, daterat: 1765..
A0075630_00001.jpg	MISC	En arkivsida med paratextuellt eller blandat innehåll, såsom omslag, titelblad eller annat material utanför huvudtexten från arkiv: Kommerskollegium, från serie: Fribrevsdiarier, daterat: 1765..
A0075630_00131.jpg	LINE_HW	En arkivsida med handskriven text organiserad i tabell- eller formulärstruktur från arkiv: Kommerskollegium, från serie: Fribrevsdiarier, daterat: 1765..
A0075630_00079.jpg	LINE_HW	En arkivsida med handskriven text organiserad i tabell- eller formulärstruktur från arkiv: Kommerskollegium, från serie: Fribrevsdiarier, daterat: 1765..
A0075638_00100.jpg	LINE_HW	En arkivsida med handskriven text organiserad i tabell- eller formulärstruktur från arkiv: Kommerskollegium, från serie: Fribrevsdiarier, daterat: 1773..
A0075638_00003.jpg	MISC	En arkivsida med paratextuellt eller blandat innehåll, såsom omslag, titelblad eller annat material utanför huvudtexten från arkiv: Kommerskollegium, från serie: Fribrevsdiarier, daterat: 1773..
A0075638_00028.jpg	LINE_HW	En arkivsida med handskriven text organiserad i tabell- eller formulärstruktur från arkiv: Kommerskollegium, från serie: Fribrevsdiarier, daterat: 1773..
A0075638_00040.jpg	LINE_HW	En arkivsida med handskriven text organiserad i tabell- eller formulärstruktur från arkiv: Kommerskollegium, från serie: Fribrevsdiarier, daterat: 1773..
A0075638_00146.jpg	LINE_HW	En arkivsida med handskriven text organiserad i tabell- eller formulärstruktur från arkiv: Kommerskollegium, från serie: Fribrevsdiarier, daterat: 1773..
A0075638_00050.jpg	LINE_HW	En arkivsida med handskriven text organiserad i tabell- eller formulärstruktur från arkiv: Kommerskollegium, från serie: Fribrevsdiarier, daterat: 1773..
A0075647_00043.jpg	LINE_HW	En arkivsida med handskriven text organiserad i tabell- eller formulärstruktur från arkiv: Kommerskollegium, från serie: Fribrevsdiarier, daterat: 1782..
A0075647_00031.jpg	LINE_HW	En arkivsida med handskriven text organiserad i tabell- eller formulärstruktur från arkiv: Kommerskollegium, från serie: Fribrevsdiarier, daterat: 1782..
A0075647_00027.jpg	LINE_HW	En arkivsida med handskriven text organiserad i tabell- eller formulärstruktur från arkiv: Kommerskollegium, från serie: Fribrevsdiarier, daterat: 1782..
A0075647_00072.jpg	LINE_HW	En arkivsida med handskriven text organiserad i tabell- eller formulärstruktur från arkiv: Kommerskollegium, från serie: Fribrevsdiarier, daterat: 1782..
A0075647_00101.jpg	LINE_HW	En arkivsida med handskriven text organiserad i tabell- eller formulärstruktur från arkiv: Kommerskollegium, från serie: Fribrevsdiarier, daterat: 1782..
R0002259_00230.jpg	LINE_MIX	En arkivsida i tabell- eller formulärlayout med blandade textstilar, inklusive handskriven, tryckt och maskinskriven text från arkiv: Kommerskollegium, från serie: Ostindiska kompaniet, daterat: 1745-1746..
R0002259_00171.jpg	LINE_MIX	En arkivsida i tabell- eller formulärlayout med blandade textstilar, inklusive handskriven, tryckt och maskinskriven text från arkiv: Kommerskollegium, från serie: Ostindiska kompaniet, daterat: 1745-1746..
R0002259_00022.jpg	LINE_MIX	En arkivsida i tabell- eller formulärlayout med blandade textstilar, inklusive handskriven, tryckt och maskinskriven text från arkiv: Kommerskollegium, från serie: Ostindiska kompaniet, daterat: 1745-1746..
R0002259_00027.jpg	LINE_MIX	En arkivsida i tabell- eller formulärlayout med blandade textstilar, inklusive handskriven, tryckt och maskinskriven text från arkiv: Kommerskollegium, från serie: Ostindiska kompaniet, daterat: 1745-1746..
R0002259_00227.jpg	LINE_MIX	En arkivsida i tabell- eller formulärlayout med blandade textstilar, inklusive handskriven, tryckt och maskinskriven text från arkiv: Kommerskollegium, från serie: Ostindiska kompaniet, daterat: 1745-1746..
R0002259_00133.jpg	LINE_MIX	En arkivsida i tabell- eller formulärlayout med blandade textstilar, inklusive handskriven, tryckt och maskinskriven text från arkiv: Kommerskollegium, från serie: Ostindiska kompaniet, daterat: 1745-1746..
A0039297_00089.jpg	LINE_HW	En arkivsida med handskriven text organiserad i tabell- eller formulärstruktur från arkiv: Register till riksregistraturet, från serie: Adressatregister till Riksregistraturet, daterat: 1690..
A0039297_00049.jpg	LINE_HW	En arkivsida med handskriven text organiserad i tabell- eller formulärstruktur från arkiv: Register till riksregistraturet, från serie: Adressatregister till Riksregistraturet, daterat: 1690..
A0039297_00110.jpg	LINE_HW	En arkivsida med handskriven text organiserad i tabell- eller formulärstruktur från arkiv: Register till riksregistraturet, från serie: Adressatregister till Riksregistraturet, daterat: 1690..
A0039297_00087.jpg	LINE_HW	En arkivsida med handskriven text organiserad i tabell- eller formulärstruktur från arkiv: Register till riksregistraturet, från serie: Adressatregister till Riksregistraturet, daterat: 1690..
A0039297_00122.jpg	LINE_HW	En arkivsida med handskriven text organiserad i tabell- eller formulärstruktur från arkiv: Register till riksregistraturet, från serie: Adressatregister till Riksregistraturet, daterat: 1690..
A0039297_00073.jpg	LINE_HW	En arkivsida med handskriven text organiserad i tabell- eller formulärstruktur från arkiv: Register till riksregistraturet, från serie: Adressatregister till Riksregistraturet, daterat: 1690..
A0075631_00085.jpg	LINE_HW	En arkivsida med handskriven text organiserad i tabell- eller formulärstruktur från arkiv: Kommerskollegium, från serie: Fribrevsdiarier, daterat: 1766..
A0075631_00039.jpg	LINE_HW	En arkivsida med handskriven text organiserad i tabell- eller formulärstruktur från arkiv: Kommerskollegium, från serie: Fribrevsdiarier, daterat: 1766..
A0075631_00018.jpg	LINE_HW	En arkivsida med handskriven text organiserad i tabell- eller formulärstruktur från arkiv: Kommerskollegium, från serie: Fribrevsdiarier, daterat: 1766..
A0075631_00093.jpg	LINE_HW	En arkivsida med handskriven text organiserad i tabell- eller formulärstruktur från arkiv: Kommerskollegium, från serie: Fribrevsdiarier, daterat: 1766..
A0075631_00082.jpg	LINE_HW	En arkivsida med handskriven text organiserad i tabell- eller formulärstruktur från arkiv: Kommerskollegium, från serie: Fribrevsdiarier, daterat: 1766..
A0075631_00074.jpg	LINE_HW	En arkivsida med handskriven text organiserad i tabell- eller formulärstruktur från arkiv: Kommerskollegium, från serie: Fribrevsdiarier, daterat: 1766..
A0075891_00185.jpg	TEXT	En arkivsida med löpande text bestående av blandade stilar, såsom handskriven, tryckt och maskinskriven text från arkiv: Kommerskollegium, från serie: Fribrevshandlingar, daterat: 1787..
A0075891_00359.jpg	TEXT	En arkivsida med löpande text bestående av blandade stilar, såsom handskriven, tryckt och maskinskriven text från arkiv: Kommerskollegium, från serie: Fribrevshandlingar, daterat: 1787..
A0075891_00070.jpg	TEXT	En arkivsida med löpande text bestående av blandade stilar, såsom handskriven, tryckt och maskinskriven text från arkiv: Kommerskollegium, från serie: Fribrevshandlingar, daterat: 1787..
A0075891_00201.jpg	TEXT	En arkivsida med löpande text bestående av blandade stilar, såsom handskriven, tryckt och maskinskriven text från arkiv: Kommerskollegium, från serie: Fribrevshandlingar, daterat: 1787..
A0075891_00292.jpg	TEXT	En arkivsida med löpande text bestående av blandade stilar, såsom handskriven, tryckt och maskinskriven text från arkiv: Kommerskollegium, från serie: Fribrevshandlingar, daterat: 1787..
A0075891_00233.jpg	TEXT	En arkivsida med löpande text bestående av blandade stilar, såsom handskriven, tryckt och maskinskriven text från arkiv: Kommerskollegium, från serie: Fribrevshandlingar, daterat: 1787..
A0039193_00026.jpg	LINE_HW	En arkivsida med handskriven text organiserad i tabell- eller formulärstruktur från arkiv: Titularregister till riksregistraturet, från serie: Titularregister till riksregistraturet, daterat: 1568-1611..
A0039193_00085.jpg	LINE_HW	En arkivsida med handskriven text organiserad i tabell- eller formulärstruktur från arkiv: Titularregister till riksregistraturet, från serie: Titularregister till riksregistraturet, daterat: 1568-1611..
A0039193_00081.jpg	LINE_HW	En arkivsida med handskriven text organiserad i tabell- eller formulärstruktur från arkiv: Titularregister till riksregistraturet, från serie: Titularregister till riksregistraturet, daterat: 1568-1611..
A0039193_00054.jpg	LINE_HW	En arkivsida med handskriven text organiserad i tabell- eller formulärstruktur från arkiv: Titularregister till riksregistraturet, från serie: Titularregister till riksregistraturet, daterat: 1568-1611..
A0039193_00050.jpg	LINE_HW	En arkivsida med handskriven text organiserad i tabell- eller formulärstruktur från arkiv: Titularregister till riksregistraturet, från serie: Titularregister till riksregistraturet, daterat: 1568-1611..
A0039193_00104.jpg	LINE_HW	En arkivsida med handskriven text organiserad i tabell- eller formulärstruktur från arkiv: Titularregister till riksregistraturet, från serie: Titularregister till riksregistraturet, daterat: 1568-1611..
A0039316_00088.jpg	LINE_HW	En arkivsida med handskriven text organiserad i tabell- eller formulärstruktur från arkiv: Register till riksregistraturet, från serie: Adressatregister till Riksregistraturet, daterat: 1712..
A0039316_00051.jpg	LINE_HW	En arkivsida med handskriven text organiserad i tabell- eller formulärstruktur från arkiv: Register till riksregistraturet, från serie: Adressatregister till Riksregistraturet, daterat: 1712..
A0039316_00106.jpg	LINE_HW	En arkivsida med handskriven text organiserad i tabell- eller formulärstruktur från arkiv: Register till riksregistraturet, från serie: Adressatregister till Riksregistraturet, daterat: 1712..
A0039316_00139.jpg	LINE_HW	En arkivsida med handskriven text organiserad i tabell- eller formulärstruktur från arkiv: Register till riksregistraturet, från serie: Adressatregister till Riksregistraturet, daterat: 1712..
A0039316_00055.jpg	LINE_HW	En arkivsida med handskriven text organiserad i tabell- eller formulärstruktur från arkiv: Register till riksregistraturet, från serie: Adressatregister till Riksregistraturet, daterat: 1712..
A0039316_00048.jpg	LINE_HW	En arkivsida med handskriven text organiserad i tabell- eller formulärstruktur från arkiv: Register till riksregistraturet, från serie: Adressatregister till Riksregistraturet, daterat: 1712..
A0075811_00471.jpg	TEXT	En arkivsida med löpande text bestående av blandade stilar, såsom handskriven, tryckt och maskinskriven text från arkiv: Kommerskollegium, från serie: Fribrevshandlingar, daterat: 1778..
A0075811_00643.jpg	TEXT	En arkivsida med löpande text bestående av blandade stilar, såsom handskriven, tryckt och maskinskriven text från arkiv: Kommerskollegium, från serie: Fribrevshandlingar, daterat: 1778..
A0075811_00728.jpg	TEXT	En arkivsida med löpande text bestående av blandade stilar, såsom handskriven, tryckt och maskinskriven text från arkiv: Kommerskollegium, från serie: Fribrevshandlingar, daterat: 1778..
A0075811_00201.jpg	TEXT_HW	En arkivsida med löpande handskriven text i stycken från arkiv: Kommerskollegium, från serie: Fribrevshandlingar, daterat: 1778..
A0075811_00402.jpg	TEXT	En arkivsida med löpande text bestående av blandade stilar, såsom handskriven, tryckt och maskinskriven text från arkiv: Kommerskollegium, från serie: Fribrevshandlingar, daterat: 1778..
A0075811_00105.jpg	TEXT	En arkivsida med löpande text bestående av blandade stilar, såsom handskriven, tryckt och maskinskriven text från arkiv: Kommerskollegium, från serie: Fribrevshandlingar, daterat: 1778..
A0075854_00326.jpg	TEXT	En arkivsida med löpande text bestående av blandade stilar, såsom handskriven, tryckt och maskinskriven text från arkiv: Kommerskollegium, från serie: Fribrevshandlingar, daterat: 1784..
A0075854_00055.jpg	TEXT	En arkivsida med löpande text bestående av blandade stilar, såsom handskriven, tryckt och maskinskriven text från arkiv: Kommerskollegium, från serie: Fribrevshandlingar, daterat: 1784..
A0075854_00335.jpg	TEXT	En arkivsida med löpande text bestående av blandade stilar, såsom handskriven, tryckt och maskinskriven text från arkiv: Kommerskollegium, från serie: Fribrevshandlingar, daterat: 1784..
A0075854_00143.jpg	TEXT	En arkivsida med löpande text bestående av blandade stilar, såsom handskriven, tryckt och maskinskriven text från arkiv: Kommerskollegium, från serie: Fribrevshandlingar, daterat: 1784..
A0075854_00155.jpg	TEXT	En arkivsida med löpande text bestående av blandade stilar, såsom handskriven, tryckt och maskinskriven text från arkiv: Kommerskollegium, från serie: Fribrevshandlingar, daterat: 1784..
A0075854_00228.jpg	TEXT	En arkivsida med löpande text bestående av blandade stilar, såsom handskriven, tryckt och maskinskriven text från arkiv: Kommerskollegium, från serie: Fribrevshandlingar, daterat: 1784..
71000592_00072.jpg	LINE_HW	En arkivsida med handskriven text organiserad i tabell- eller formulärstruktur från arkiv: Register till riksregistraturet, från serie: Adressatregister till Riksregistraturet, daterat: 1707..
71000592_00034.jpg	LINE_HW	En arkivsida med handskriven text organiserad i tabell- eller formulärstruktur från arkiv: Register till riksregistraturet, från serie: Adressatregister till Riksregistraturet, daterat: 1707..
71000592_00029.jpg	LINE_HW	En arkivsida med handskriven text organiserad i tabell- eller formulärstruktur från arkiv: Register till riksregistraturet, från serie: Adressatregister till Riksregistraturet, daterat: 1707..
71000592_00067.jpg	LINE_HW	En arkivsida med handskriven text organiserad i tabell- eller formulärstruktur från arkiv: Register till riksregistraturet, från serie: Adressatregister till Riksregistraturet, daterat: 1707..
71000592_00126.jpg	LINE_HW	En arkivsida med handskriven text organiserad i tabell- eller formulärstruktur från arkiv: Register till riksregistraturet, från serie: Adressatregister till Riksregistraturet, daterat: 1707..
71000592_00153.jpg	LINE_HW	En arkivsida med handskriven text organiserad i tabell- eller formulärstruktur från arkiv: Register till riksregistraturet, från serie: Adressatregister till Riksregistraturet, daterat: 1707..
A0039312_00116.jpg	LINE_HW	En arkivsida med handskriven text organiserad i tabell- eller formulärstruktur från arkiv: Register till riksregistraturet, från serie: Adressatregister till Riksregistraturet, daterat: 1707..
A0039312_00013.jpg	LINE_HW	En arkivsida med handskriven text organiserad i tabell- eller formulärstruktur från arkiv: Register till riksregistraturet, från serie: Adressatregister till Riksregistraturet, daterat: 1707..
A0039312_00103.jpg	LINE_HW	En arkivsida med handskriven text organiserad i tabell- eller formulärstruktur från arkiv: Register till riksregistraturet, från serie: Adressatregister till Riksregistraturet, daterat: 1707..
A0039312_00021.jpg	LINE_HW	En arkivsida med handskriven text organiserad i tabell- eller formulärstruktur från arkiv: Register till riksregistraturet, från serie: Adressatregister till Riksregistraturet, daterat: 1707..
A0039312_00126.jpg	LINE_HW	En arkivsida med handskriven text organiserad i tabell- eller formulärstruktur från arkiv: Register till riksregistraturet, från serie: Adressatregister till Riksregistraturet, daterat: 1707..
A0039312_00132.jpg	LINE_HW	En arkivsida med handskriven text organiserad i tabell- eller formulärstruktur från arkiv: Register till riksregistraturet, från serie: Adressatregister till Riksregistraturet, daterat: 1707..
71000587_00128.jpg	LINE_HW	En arkivsida med handskriven text organiserad i tabell- eller formulärstruktur från arkiv: Register till riksregistraturet, från serie: Adressatregister till Riksregistraturet, daterat: 1633..
71000587_00068.jpg	LINE_HW	En arkivsida med handskriven text organiserad i tabell- eller formulärstruktur från arkiv: Register till riksregistraturet, från serie: Adressatregister till Riksregistraturet, daterat: 1633..
71000587_00132.jpg	LINE_HW	En arkivsida med handskriven text organiserad i tabell- eller formulärstruktur från arkiv: Register till riksregistraturet, från serie: Adressatregister till Riksregistraturet, daterat: 1633..
71000587_00129.jpg	LINE_HW	En arkivsida med handskriven text organiserad i tabell- eller formulärstruktur från arkiv: Register till riksregistraturet, från serie: Adressatregister till Riksregistraturet, daterat: 1633..
71000587_00199.jpg	LINE_HW	En arkivsida med handskriven text organiserad i tabell- eller formulärstruktur från arkiv: Register till riksregistraturet, från serie: Adressatregister till Riksregistraturet, daterat: 1633..
71000587_00143.jpg	LINE_HW	En arkivsida med handskriven text organiserad i tabell- eller formulärstruktur från arkiv: Register till riksregistraturet, från serie: Adressatregister till Riksregistraturet, daterat: 1633..
A0039261_00037.jpg	LINE_HW	En arkivsida med handskriven text organiserad i tabell- eller formulärstruktur från arkiv: Register till riksregistraturet, från serie: Adressatregister till Riksregistraturet, daterat: 1633..
A0039261_00056.jpg	LINE_HW	En arkivsida med handskriven text organiserad i tabell- eller formulärstruktur från arkiv: Register till riksregistraturet, från serie: Adressatregister till Riksregistraturet, daterat: 1633..
A0039261_00198.jpg	LINE_HW	En arkivsida med handskriven text organiserad i tabell- eller formulärstruktur från arkiv: Register till riksregistraturet, från serie: Adressatregister till Riksregistraturet, daterat: 1633..
A0039261_00081.jpg	LINE_HW	En arkivsida med handskriven text organiserad i tabell- eller formulärstruktur från arkiv: Register till riksregistraturet, från serie: Adressatregister till Riksregistraturet, daterat: 1633..
A0039261_00067.jpg	LINE_HW	En arkivsida med handskriven text organiserad i tabell- eller formulärstruktur från arkiv: Register till riksregistraturet, från serie: Adressatregister till Riksregistraturet, daterat: 1633..
A0039261_00140.jpg	LINE_HW	En arkivsida med handskriven text organiserad i tabell- eller formulärstruktur från arkiv: Register till riksregistraturet, från serie: Adressatregister till Riksregistraturet, daterat: 1633..
R0002373_00005.jpg	DRAW	En arkivsida som innehåller en ritning, karta, skiss eller schematisk illustration, ibland placerad i tabell- eller formulärlayout från arkiv: Kommerskollegium, från serie: Maskiner, daterat: 1776..
R0002373_00004.jpg	DRAW	En arkivsida som innehåller en ritning, karta, skiss eller schematisk illustration, ibland placerad i tabell- eller formulärlayout från arkiv: Kommerskollegium, från serie: Maskiner, daterat: 1776..
R0002373_00007.jpg	TEXT_HW	En arkivsida med löpande handskriven text i stycken från arkiv: Kommerskollegium, från serie: Maskiner, daterat: 1776..
R0002373_00006.jpg	TEXT_HW	En arkivsida med löpande handskriven text i stycken från arkiv: Kommerskollegium, från serie: Maskiner, daterat: 1776..
R0002373_00002.jpg	DRAW	En arkivsida som innehåller en ritning, karta, skiss eller schematisk illustration, ibland placerad i tabell- eller formulärlayout från arkiv: Kommerskollegium, från serie: Maskiner, daterat: 1776..
R0002373_00003.jpg	DRAW	En arkivsida som innehåller en ritning, karta, skiss eller schematisk illustration, ibland placerad i tabell- eller formulärlayout från arkiv: Kommerskollegium, från serie: Maskiner, daterat: 1776..
A0076021_00018.jpg	TEXT	En arkivsida med löpande text bestående av blandade stilar, såsom handskriven, tryckt och maskinskriven text från arkiv: Kommerskollegium, från serie: Fribrevshandlingar, daterat: 1794..
A0076021_00305.jpg	TEXT	En arkivsida med löpande text bestående av blandade stilar, såsom handskriven, tryckt och maskinskriven text från arkiv: Kommerskollegium, från serie: Fribrevshandlingar, daterat: 1794..
A0076021_00186.jpg	TEXT	En arkivsida med löpande text bestående av blandade stilar, såsom handskriven, tryckt och maskinskriven text från arkiv: Kommerskollegium, från serie: Fribrevshandlingar, daterat: 1794..
A0076021_00012.jpg	TEXT	En arkivsida med löpande text bestående av blandade stilar, såsom handskriven, tryckt och maskinskriven text från arkiv: Kommerskollegium, från serie: Fribrevshandlingar, daterat: 1794..
A0076021_00228.jpg	TEXT	En arkivsida med löpande text bestående av blandade stilar, såsom handskriven, tryckt och maskinskriven text från arkiv: Kommerskollegium, från serie: Fribrevshandlingar, daterat: 1794..
A0076021_00238.jpg	TEXT	En arkivsida med löpande text bestående av blandade stilar, såsom handskriven, tryckt och maskinskriven text från arkiv: Kommerskollegium, från serie: Fribrevshandlingar, daterat: 1794..
A0039275_00214.jpg	LINE_HW	En arkivsida med handskriven text organiserad i tabell- eller formulärstruktur från arkiv: Register till riksregistraturet, från serie: Adressatregister till Riksregistraturet, daterat: 1664-1666..
A0039275_00381.jpg	LINE_HW	En arkivsida med handskriven text organiserad i tabell- eller formulärstruktur från arkiv: Register till riksregistraturet, från serie: Adressatregister till Riksregistraturet, daterat: 1664-1666..
A0039275_00363.jpg	LINE_HW	En arkivsida med handskriven text organiserad i tabell- eller formulärstruktur från arkiv: Register till riksregistraturet, från serie: Adressatregister till Riksregistraturet, daterat: 1664-1666..
A0039275_00139.jpg	LINE_HW	En arkivsida med handskriven text organiserad i tabell- eller formulärstruktur från arkiv: Register till riksregistraturet, från serie: Adressatregister till Riksregistraturet, daterat: 1664-1666..
A0039275_00104.jpg	LINE_HW	En arkivsida med handskriven text organiserad i tabell- eller formulärstruktur från arkiv: Register till riksregistraturet, från serie: Adressatregister till Riksregistraturet, daterat: 1664-1666..
A0039275_00384.jpg	LINE_HW	En arkivsida med handskriven text organiserad i tabell- eller formulärstruktur från arkiv: Register till riksregistraturet, från serie: Adressatregister till Riksregistraturet, daterat: 1664-1666..
A0075825_00275.jpg	TEXT	En arkivsida med löpande text bestående av blandade stilar, såsom handskriven, tryckt och maskinskriven text från arkiv: Kommerskollegium, från serie: Fribrevshandlingar, daterat: 1780..
A0075825_00432.jpg	TEXT	En arkivsida med löpande text bestående av blandade stilar, såsom handskriven, tryckt och maskinskriven text från arkiv: Kommerskollegium, från serie: Fribrevshandlingar, daterat: 1780..
A0075825_00430.jpg	TEXT	En arkivsida med löpande text bestående av blandade stilar, såsom handskriven, tryckt och maskinskriven text från arkiv: Kommerskollegium, från serie: Fribrevshandlingar, daterat: 1780..
A0075825_00342.jpg	TEXT	En arkivsida med löpande text bestående av blandade stilar, såsom handskriven, tryckt och maskinskriven text från arkiv: Kommerskollegium, från serie: Fribrevshandlingar, daterat: 1780..
A0075825_00242.jpg	TEXT_HW	En arkivsida med löpande handskriven text i stycken från arkiv: Kommerskollegium, från serie: Fribrevshandlingar, daterat: 1780..
A0075825_00087.jpg	TEXT	En arkivsida med löpande text bestående av blandade stilar, såsom handskriven, tryckt och maskinskriven text från arkiv: Kommerskollegium, från serie: Fribrevshandlingar, daterat: 1780..
A0075860_00044.jpg	TEXT	En arkivsida med löpande text bestående av blandade stilar, såsom handskriven, tryckt och maskinskriven text från arkiv: Kommerskollegium, från serie: Fribrevshandlingar, daterat: 1784..
A0075860_00008.jpg	TEXT	En arkivsida med löpande text bestående av blandade stilar, såsom handskriven, tryckt och maskinskriven text från arkiv: Kommerskollegium, från serie: Fribrevshandlingar, daterat: 1784..
A0075860_00168.jpg	TEXT	En arkivsida med löpande text bestående av blandade stilar, såsom handskriven, tryckt och maskinskriven text från arkiv: Kommerskollegium, från serie: Fribrevshandlingar, daterat: 1784..
A0075860_00195.jpg	TEXT	En arkivsida med löpande text bestående av blandade stilar, såsom handskriven, tryckt och maskinskriven text från arkiv: Kommerskollegium, från serie: Fribrevshandlingar, daterat: 1784..
A0075860_00002.jpg	MISC	En arkivsida med paratextuellt eller blandat innehåll, såsom omslag, titelblad eller annat material utanför huvudtexten från arkiv: Kommerskollegium, från serie: Fribrevshandlingar, daterat: 1784..
A0075860_00269.jpg	TEXT	En arkivsida med löpande text bestående av blandade stilar, såsom handskriven, tryckt och maskinskriven text från arkiv: Kommerskollegium, från serie: Fribrevshandlingar, daterat: 1784..
A0039223_00127.jpg	LINE_HW	En arkivsida med handskriven text organiserad i tabell- eller formulärstruktur från arkiv: Register till riksregistraturet, från serie: Adressatregister till Riksregistraturet, daterat: 1547-1548..
A0039223_00132.jpg	LINE_HW	En arkivsida med handskriven text organiserad i tabell- eller formulärstruktur från arkiv: Register till riksregistraturet, från serie: Adressatregister till Riksregistraturet, daterat: 1547-1548..
A0039223_00066.jpg	LINE_HW	En arkivsida med handskriven text organiserad i tabell- eller formulärstruktur från arkiv: Register till riksregistraturet, från serie: Adressatregister till Riksregistraturet, daterat: 1547-1548..
A0039223_00092.jpg	LINE_HW	En arkivsida med handskriven text organiserad i tabell- eller formulärstruktur från arkiv: Register till riksregistraturet, från serie: Adressatregister till Riksregistraturet, daterat: 1547-1548..
A0039223_00121.jpg	LINE_HW	En arkivsida med handskriven text organiserad i tabell- eller formulärstruktur från arkiv: Register till riksregistraturet, från serie: Adressatregister till Riksregistraturet, daterat: 1547-1548..
A0039223_00034.jpg	LINE_HW	En arkivsida med handskriven text organiserad i tabell- eller formulärstruktur från arkiv: Register till riksregistraturet, från serie: Adressatregister till Riksregistraturet, daterat: 1547-1548..
A0075890_00276.jpg	LINE_MIX	En arkivsida i tabell- eller formulärlayout med blandade textstilar, inklusive handskriven, tryckt och maskinskriven text från arkiv: Kommerskollegium, från serie: Fribrevshandlingar, daterat: 1787..
A0075890_00303.jpg	TEXT	En arkivsida med löpande text bestående av blandade stilar, såsom handskriven, tryckt och maskinskriven text från arkiv: Kommerskollegium, från serie: Fribrevshandlingar, daterat: 1787..
A0075890_00273.jpg	TEXT_HW	En arkivsida med löpande handskriven text i stycken från arkiv: Kommerskollegium, från serie: Fribrevshandlingar, daterat: 1787..
A0075890_00127.jpg	TEXT	En arkivsida med löpande text bestående av blandade stilar, såsom handskriven, tryckt och maskinskriven text från arkiv: Kommerskollegium, från serie: Fribrevshandlingar, daterat: 1787..
A0075890_00100.jpg	TEXT	En arkivsida med löpande text bestående av blandade stilar, såsom handskriven, tryckt och maskinskriven text från arkiv: Kommerskollegium, från serie: Fribrevshandlingar, daterat: 1787..
A0075890_00111.jpg	TEXT	En arkivsida med löpande text bestående av blandade stilar, såsom handskriven, tryckt och maskinskriven text från arkiv: Kommerskollegium, från serie: Fribrevshandlingar, daterat: 1787..
40008942_00560.jpg	LINE_HW	En arkivsida med handskriven text organiserad i tabell- eller formulärstruktur från arkiv: Kommerskollegium, från serie: Första serien, daterat: 1773-1773..
40008942_00400.jpg	LINE_HW	En arkivsida med handskriven text organiserad i tabell- eller formulärstruktur från arkiv: Kommerskollegium, från serie: Första serien, daterat: 1773-1773..
40008942_00731.jpg	LINE_HW	En arkivsida med handskriven text organiserad i tabell- eller formulärstruktur från arkiv: Kommerskollegium, från serie: Första serien, daterat: 1773-1773..
40008942_00538.jpg	LINE_HW	En arkivsida med handskriven text organiserad i tabell- eller formulärstruktur från arkiv: Kommerskollegium, från serie: Första serien, daterat: 1773-1773..
40008942_00525.jpg	LINE_HW	En arkivsida med handskriven text organiserad i tabell- eller formulärstruktur från arkiv: Kommerskollegium, från serie: Första serien, daterat: 1773-1773..
40008942_00502.jpg	TEXT_HW	En arkivsida med löpande handskriven text i stycken från arkiv: Kommerskollegium, från serie: Första serien, daterat: 1773-1773..
A0076548_00104.jpg	LINE_HW	En arkivsida med handskriven text organiserad i tabell- eller formulärstruktur från arkiv: Kommerskollegium, från serie: Första serien, daterat: 1773-1773..
A0076548_00149.jpg	LINE_HW	En arkivsida med handskriven text organiserad i tabell- eller formulärstruktur från arkiv: Kommerskollegium, från serie: Första serien, daterat: 1773-1773..
A0076548_00482.jpg	TEXT_HW	En arkivsida med löpande handskriven text i stycken från arkiv: Kommerskollegium, från serie: Första serien, daterat: 1773-1773..
A0076548_00335.jpg	LINE_HW	En arkivsida med handskriven text organiserad i tabell- eller formulärstruktur från arkiv: Kommerskollegium, från serie: Första serien, daterat: 1773-1773..
A0076548_00081.jpg	LINE_HW	En arkivsida med handskriven text organiserad i tabell- eller formulärstruktur från arkiv: Kommerskollegium, från serie: Första serien, daterat: 1773-1773..
A0076548_00678.jpg	TEXT_HW	En arkivsida med löpande handskriven text i stycken från arkiv: Kommerskollegium, från serie: Första serien, daterat: 1773-1773..
A0039314_00158.jpg	LINE_HW	En arkivsida med handskriven text organiserad i tabell- eller formulärstruktur från arkiv: Register till riksregistraturet, från serie: Adressatregister till Riksregistraturet, daterat: 1711..
A0039314_00069.jpg	LINE_HW	En arkivsida med handskriven text organiserad i tabell- eller formulärstruktur från arkiv: Register till riksregistraturet, från serie: Adressatregister till Riksregistraturet, daterat: 1711..
A0039314_00193.jpg	LINE_HW	En arkivsida med handskriven text organiserad i tabell- eller formulärstruktur från arkiv: Register till riksregistraturet, från serie: Adressatregister till Riksregistraturet, daterat: 1711..
A0039314_00051.jpg	LINE_HW	En arkivsida med handskriven text organiserad i tabell- eller formulärstruktur från arkiv: Register till riksregistraturet, från serie: Adressatregister till Riksregistraturet, daterat: 1711..
A0039314_00021.jpg	LINE_HW	En arkivsida med handskriven text organiserad i tabell- eller formulärstruktur från arkiv: Register till riksregistraturet, från serie: Adressatregister till Riksregistraturet, daterat: 1711..
A0039314_00254.jpg	LINE_HW	En arkivsida med handskriven text organiserad i tabell- eller formulärstruktur från arkiv: Register till riksregistraturet, från serie: Adressatregister till Riksregistraturet, daterat: 1711..
A0039196_00122.jpg	LINE_HW	En arkivsida med handskriven text organiserad i tabell- eller formulärstruktur från arkiv: Titularregister till riksregistraturet, från serie: Titularregister till riksregistraturet, daterat: 1633-1644..
A0039196_00018.jpg	LINE_HW	En arkivsida med handskriven text organiserad i tabell- eller formulärstruktur från arkiv: Titularregister till riksregistraturet, från serie: Titularregister till riksregistraturet, daterat: 1633-1644..
A0039196_00049.jpg	LINE_HW	En arkivsida med handskriven text organiserad i tabell- eller formulärstruktur från arkiv: Titularregister till riksregistraturet, från serie: Titularregister till riksregistraturet, daterat: 1633-1644..
A0039196_00063.jpg	LINE_HW	En arkivsida med handskriven text organiserad i tabell- eller formulärstruktur från arkiv: Titularregister till riksregistraturet, från serie: Titularregister till riksregistraturet, daterat: 1633-1644..
A0039196_00008.jpg	LINE_HW	En arkivsida med handskriven text organiserad i tabell- eller formulärstruktur från arkiv: Titularregister till riksregistraturet, från serie: Titularregister till riksregistraturet, daterat: 1633-1644..
A0039196_00053.jpg	LINE_HW	En arkivsida med handskriven text organiserad i tabell- eller formulärstruktur från arkiv: Titularregister till riksregistraturet, från serie: Titularregister till riksregistraturet, daterat: 1633-1644..
A0039200_00011.jpg	MISC	En arkivsida med paratextuellt eller blandat innehåll, såsom omslag, titelblad eller annat material utanför huvudtexten från arkiv: Titularregister till riksregistraturet, från serie: Titularregister till riksregistraturet, daterat: 1655-1659..
A0039200_00013.jpg	MISC	En arkivsida med paratextuellt eller blandat innehåll, såsom omslag, titelblad eller annat material utanför huvudtexten från arkiv: Titularregister till riksregistraturet, från serie: Titularregister till riksregistraturet, daterat: 1655-1659..
A0039200_00001.jpg	MISC	En arkivsida med paratextuellt eller blandat innehåll, såsom omslag, titelblad eller annat material utanför huvudtexten från arkiv: Titularregister till riksregistraturet, från serie: Titularregister till riksregistraturet, daterat: 1655-1659..
A0039200_00002.jpg	MISC	En arkivsida med paratextuellt eller blandat innehåll, såsom omslag, titelblad eller annat material utanför huvudtexten från arkiv: Titularregister till riksregistraturet, från serie: Titularregister till riksregistraturet, daterat: 1655-1659..
A0039200_00010.jpg	LINE_HW	En arkivsida med handskriven text organiserad i tabell- eller formulärstruktur från arkiv: Titularregister till riksregistraturet, från serie: Titularregister till riksregistraturet, daterat: 1655-1659..
A0039200_00006.jpg	MISC	En arkivsida med paratextuellt eller blandat innehåll, såsom omslag, titelblad eller annat material utanför huvudtexten från arkiv: Titularregister till riksregistraturet, från serie: Titularregister till riksregistraturet, daterat: 1655-1659..
40007954_00583.jpg	LINE_HW	En arkivsida med handskriven text organiserad i tabell- eller formulärstruktur från arkiv: Kommerskollegium, från serie: Första serien, daterat: 1783-1783..
40007954_00570.jpg	LINE_HW	En arkivsida med handskriven text organiserad i tabell- eller formulärstruktur från arkiv: Kommerskollegium, från serie: Första serien, daterat: 1783-1783..
40007954_00637.jpg	LINE_HW	En arkivsida med handskriven text organiserad i tabell- eller formulärstruktur från arkiv: Kommerskollegium, från serie: Första serien, daterat: 1783-1783..
40007954_00109.jpg	LINE_HW	En arkivsida med handskriven text organiserad i tabell- eller formulärstruktur från arkiv: Kommerskollegium, från serie: Första serien, daterat: 1783-1783..
40007954_00083.jpg	LINE_HW	En arkivsida med handskriven text organiserad i tabell- eller formulärstruktur från arkiv: Kommerskollegium, från serie: Första serien, daterat: 1783-1783..
40007954_00032.jpg	LINE_HW	En arkivsida med handskriven text organiserad i tabell- eller formulärstruktur från arkiv: Kommerskollegium, från serie: Första serien, daterat: 1783-1783..
A0076558_00147.jpg	TEXT_HW	En arkivsida med löpande handskriven text i stycken från arkiv: Kommerskollegium, från serie: Första serien, daterat: 1783-1783..
A0076558_00165.jpg	LINE_HW	En arkivsida med handskriven text organiserad i tabell- eller formulärstruktur från arkiv: Kommerskollegium, från serie: Första serien, daterat: 1783-1783..
A0076558_00643.jpg	LINE_HW	En arkivsida med handskriven text organiserad i tabell- eller formulärstruktur från arkiv: Kommerskollegium, från serie: Första serien, daterat: 1783-1783..
A0076558_00517.jpg	LINE_HW	En arkivsida med handskriven text organiserad i tabell- eller formulärstruktur från arkiv: Kommerskollegium, från serie: Första serien, daterat: 1783-1783..
A0076558_00650.jpg	LINE_HW	En arkivsida med handskriven text organiserad i tabell- eller formulärstruktur från arkiv: Kommerskollegium, från serie: Första serien, daterat: 1783-1783..
A0076558_00131.jpg	LINE_HW	En arkivsida med handskriven text organiserad i tabell- eller formulärstruktur från arkiv: Kommerskollegium, från serie: Första serien, daterat: 1783-1783..
A0076031_00359.jpg	TEXT	En arkivsida med löpande text bestående av blandade stilar, såsom handskriven, tryckt och maskinskriven text från arkiv: Kommerskollegium, från serie: Fribrevshandlingar, daterat: 1795..
A0076031_00281.jpg	TEXT	En arkivsida med löpande text bestående av blandade stilar, såsom handskriven, tryckt och maskinskriven text från arkiv: Kommerskollegium, från serie: Fribrevshandlingar, daterat: 1795..
A0076031_00179.jpg	TEXT	En arkivsida med löpande text bestående av blandade stilar, såsom handskriven, tryckt och maskinskriven text från arkiv: Kommerskollegium, från serie: Fribrevshandlingar, daterat: 1795..
A0076031_00161.jpg	TEXT	En arkivsida med löpande text bestående av blandade stilar, såsom handskriven, tryckt och maskinskriven text från arkiv: Kommerskollegium, från serie: Fribrevshandlingar, daterat: 1795..
A0076031_00285.jpg	TEXT	En arkivsida med löpande text bestående av blandade stilar, såsom handskriven, tryckt och maskinskriven text från arkiv: Kommerskollegium, från serie: Fribrevshandlingar, daterat: 1795..
A0076031_00006.jpg	TEXT	En arkivsida med löpande text bestående av blandade stilar, såsom handskriven, tryckt och maskinskriven text från arkiv: Kommerskollegium, från serie: Fribrevshandlingar, daterat: 1795..
A0039274_00177.jpg	LINE_HW	En arkivsida med handskriven text organiserad i tabell- eller formulärstruktur från arkiv: Register till riksregistraturet, från serie: Adressatregister till Riksregistraturet, daterat: 1662-1663..
A0039274_00012.jpg	LINE_HW	En arkivsida med handskriven text organiserad i tabell- eller formulärstruktur från arkiv: Register till riksregistraturet, från serie: Adressatregister till Riksregistraturet, daterat: 1662-1663..
A0039274_00054.jpg	LINE_HW	En arkivsida med handskriven text organiserad i tabell- eller formulärstruktur från arkiv: Register till riksregistraturet, från serie: Adressatregister till Riksregistraturet, daterat: 1662-1663..
A0039274_00027.jpg	LINE_HW	En arkivsida med handskriven text organiserad i tabell- eller formulärstruktur från arkiv: Register till riksregistraturet, från serie: Adressatregister till Riksregistraturet, daterat: 1662-1663..
A0039274_00161.jpg	LINE_HW	En arkivsida med handskriven text organiserad i tabell- eller formulärstruktur från arkiv: Register till riksregistraturet, från serie: Adressatregister till Riksregistraturet, daterat: 1662-1663..
A0039274_00033.jpg	LINE_HW	En arkivsida med handskriven text organiserad i tabell- eller formulärstruktur från arkiv: Register till riksregistraturet, från serie: Adressatregister till Riksregistraturet, daterat: 1662-1663..
A0075877_00124.jpg	TEXT	En arkivsida med löpande text bestående av blandade stilar, såsom handskriven, tryckt och maskinskriven text från arkiv: Kommerskollegium, från serie: Fribrevshandlingar, daterat: 1786..
A0075877_00352.jpg	TEXT_HW	En arkivsida med löpande handskriven text i stycken från arkiv: Kommerskollegium, från serie: Fribrevshandlingar, daterat: 1786..
A0075877_00180.jpg	TEXT	En arkivsida med löpande text bestående av blandade stilar, såsom handskriven, tryckt och maskinskriven text från arkiv: Kommerskollegium, från serie: Fribrevshandlingar, daterat: 1786..
A0075877_00004.jpg	MISC	En arkivsida med paratextuellt eller blandat innehåll, såsom omslag, titelblad eller annat material utanför huvudtexten från arkiv: Kommerskollegium, från serie: Fribrevshandlingar, daterat: 1786..
A0075877_00326.jpg	TEXT_HW	En arkivsida med löpande handskriven text i stycken från arkiv: Kommerskollegium, från serie: Fribrevshandlingar, daterat: 1786..
A0075877_00348.jpg	TEXT	En arkivsida med löpande text bestående av blandade stilar, såsom handskriven, tryckt och maskinskriven text från arkiv: Kommerskollegium, från serie: Fribrevshandlingar, daterat: 1786..
A0075821_00078.jpg	TEXT	En arkivsida med löpande text bestående av blandade stilar, såsom handskriven, tryckt och maskinskriven text från arkiv: Kommerskollegium, från serie: Fribrevshandlingar, daterat: 1780..
A0075821_00416.jpg	TEXT_HW	En arkivsida med löpande handskriven text i stycken från arkiv: Kommerskollegium, från serie: Fribrevshandlingar, daterat: 1780..
A0075821_00237.jpg	TEXT	En arkivsida med löpande text bestående av blandade stilar, såsom handskriven, tryckt och maskinskriven text från arkiv: Kommerskollegium, från serie: Fribrevshandlingar, daterat: 1780..
A0075821_00280.jpg	TEXT	En arkivsida med löpande text bestående av blandade stilar, såsom handskriven, tryckt och maskinskriven text från arkiv: Kommerskollegium, från serie: Fribrevshandlingar, daterat: 1780..
A0075821_00093.jpg	TEXT	En arkivsida med löpande text bestående av blandade stilar, såsom handskriven, tryckt och maskinskriven text från arkiv: Kommerskollegium, från serie: Fribrevshandlingar, daterat: 1780..
A0075821_00324.jpg	TEXT	En arkivsida med löpande text bestående av blandade stilar, såsom handskriven, tryckt och maskinskriven text från arkiv: Kommerskollegium, från serie: Fribrevshandlingar, daterat: 1780..
A0039260_00069.jpg	LINE_HW	En arkivsida med handskriven text organiserad i tabell- eller formulärstruktur från arkiv: Register till riksregistraturet, från serie: Adressatregister till Riksregistraturet, daterat: 1633-1638..
A0039260_00389.jpg	LINE_HW	En arkivsida med handskriven text organiserad i tabell- eller formulärstruktur från arkiv: Register till riksregistraturet, från serie: Adressatregister till Riksregistraturet, daterat: 1633-1638..
A0039260_00034.jpg	LINE_HW	En arkivsida med handskriven text organiserad i tabell- eller formulärstruktur från arkiv: Register till riksregistraturet, från serie: Adressatregister till Riksregistraturet, daterat: 1633-1638..
A0039260_00354.jpg	LINE_HW	En arkivsida med handskriven text organiserad i tabell- eller formulärstruktur från arkiv: Register till riksregistraturet, från serie: Adressatregister till Riksregistraturet, daterat: 1633-1638..
A0039260_00158.jpg	LINE_HW	En arkivsida med handskriven text organiserad i tabell- eller formulärstruktur från arkiv: Register till riksregistraturet, från serie: Adressatregister till Riksregistraturet, daterat: 1633-1638..
A0039260_00019.jpg	LINE_HW	En arkivsida med handskriven text organiserad i tabell- eller formulärstruktur från arkiv: Register till riksregistraturet, från serie: Adressatregister till Riksregistraturet, daterat: 1633-1638..
A0075868_00215.jpg	LINE_HW	En arkivsida med handskriven text organiserad i tabell- eller formulärstruktur från arkiv: Kommerskollegium, från serie: Fribrevshandlingar, daterat: 1785..
A0075868_00252.jpg	TEXT	En arkivsida med löpande text bestående av blandade stilar, såsom handskriven, tryckt och maskinskriven text från arkiv: Kommerskollegium, från serie: Fribrevshandlingar, daterat: 1785..
A0075868_00011.jpg	TEXT	En arkivsida med löpande text bestående av blandade stilar, såsom handskriven, tryckt och maskinskriven text från arkiv: Kommerskollegium, från serie: Fribrevshandlingar, daterat: 1785..
A0075868_00312.jpg	TEXT	En arkivsida med löpande text bestående av blandade stilar, såsom handskriven, tryckt och maskinskriven text från arkiv: Kommerskollegium, från serie: Fribrevshandlingar, daterat: 1785..
A0075868_00079.jpg	TEXT	En arkivsida med löpande text bestående av blandade stilar, såsom handskriven, tryckt och maskinskriven text från arkiv: Kommerskollegium, från serie: Fribrevshandlingar, daterat: 1785..
A0075868_00023.jpg	TEXT	En arkivsida med löpande text bestående av blandade stilar, såsom handskriven, tryckt och maskinskriven text från arkiv: Kommerskollegium, från serie: Fribrevshandlingar, daterat: 1785..
A0039288_00060.jpg	LINE_HW	En arkivsida med handskriven text organiserad i tabell- eller formulärstruktur från arkiv: Register till riksregistraturet, från serie: Adressatregister till Riksregistraturet, daterat: 1681..
A0039288_00128.jpg	LINE_HW	En arkivsida med handskriven text organiserad i tabell- eller formulärstruktur från arkiv: Register till riksregistraturet, från serie: Adressatregister till Riksregistraturet, daterat: 1681..
A0039288_00141.jpg	LINE_HW	En arkivsida med handskriven text organiserad i tabell- eller formulärstruktur från arkiv: Register till riksregistraturet, från serie: Adressatregister till Riksregistraturet, daterat: 1681..
A0039288_00134.jpg	LINE_HW	En arkivsida med handskriven text organiserad i tabell- eller formulärstruktur från arkiv: Register till riksregistraturet, från serie: Adressatregister till Riksregistraturet, daterat: 1681..
A0039288_00093.jpg	LINE_HW	En arkivsida med handskriven text organiserad i tabell- eller formulärstruktur från arkiv: Register till riksregistraturet, från serie: Adressatregister till Riksregistraturet, daterat: 1681..
A0039288_00127.jpg	LINE_HW	En arkivsida med handskriven text organiserad i tabell- eller formulärstruktur från arkiv: Register till riksregistraturet, från serie: Adressatregister till Riksregistraturet, daterat: 1681..
A0039292_00065.jpg	LINE_HW	En arkivsida med handskriven text organiserad i tabell- eller formulärstruktur från arkiv: Register till riksregistraturet, från serie: Adressatregister till Riksregistraturet, daterat: 1685..
A0039292_00036.jpg	LINE_HW	En arkivsida med handskriven text organiserad i tabell- eller formulärstruktur från arkiv: Register till riksregistraturet, från serie: Adressatregister till Riksregistraturet, daterat: 1685..
A0039292_00006.jpg	LINE_HW	En arkivsida med handskriven text organiserad i tabell- eller formulärstruktur från arkiv: Register till riksregistraturet, från serie: Adressatregister till Riksregistraturet, daterat: 1685..
A0039292_00106.jpg	LINE_HW	En arkivsida med handskriven text organiserad i tabell- eller formulärstruktur från arkiv: Register till riksregistraturet, från serie: Adressatregister till Riksregistraturet, daterat: 1685..
A0039292_00002.jpg	MISC	En arkivsida med paratextuellt eller blandat innehåll, såsom omslag, titelblad eller annat material utanför huvudtexten från arkiv: Register till riksregistraturet, från serie: Adressatregister till Riksregistraturet, daterat: 1685..
A0039292_00005.jpg	MISC	En arkivsida med paratextuellt eller blandat innehåll, såsom omslag, titelblad eller annat material utanför huvudtexten från arkiv: Register till riksregistraturet, från serie: Adressatregister till Riksregistraturet, daterat: 1685..
A0076023_00157.jpg	LINE_HW	En arkivsida med handskriven text organiserad i tabell- eller formulärstruktur från arkiv: Kommerskollegium, från serie: Fribrevshandlingar, daterat: 1794..
A0076023_00084.jpg	TEXT	En arkivsida med löpande text bestående av blandade stilar, såsom handskriven, tryckt och maskinskriven text från arkiv: Kommerskollegium, från serie: Fribrevshandlingar, daterat: 1794..
A0076023_00040.jpg	TEXT	En arkivsida med löpande text bestående av blandade stilar, såsom handskriven, tryckt och maskinskriven text från arkiv: Kommerskollegium, från serie: Fribrevshandlingar, daterat: 1794..
A0076023_00333.jpg	TEXT	En arkivsida med löpande text bestående av blandade stilar, såsom handskriven, tryckt och maskinskriven text från arkiv: Kommerskollegium, från serie: Fribrevshandlingar, daterat: 1794..
A0076023_00085.jpg	TEXT	En arkivsida med löpande text bestående av blandade stilar, såsom handskriven, tryckt och maskinskriven text från arkiv: Kommerskollegium, från serie: Fribrevshandlingar, daterat: 1794..
A0076023_00051.jpg	TEXT	En arkivsida med löpande text bestående av blandade stilar, såsom handskriven, tryckt och maskinskriven text från arkiv: Kommerskollegium, från serie: Fribrevshandlingar, daterat: 1794..
A0075864_00070.jpg	TEXT	En arkivsida med löpande text bestående av blandade stilar, såsom handskriven, tryckt och maskinskriven text från arkiv: Kommerskollegium, från serie: Fribrevshandlingar, daterat: 1785..
A0075864_00194.jpg	TEXT	En arkivsida med löpande text bestående av blandade stilar, såsom handskriven, tryckt och maskinskriven text från arkiv: Kommerskollegium, från serie: Fribrevshandlingar, daterat: 1785..
A0075864_00320.jpg	TEXT	En arkivsida med löpande text bestående av blandade stilar, såsom handskriven, tryckt och maskinskriven text från arkiv: Kommerskollegium, från serie: Fribrevshandlingar, daterat: 1785..
A0075864_00040.jpg	TEXT	En arkivsida med löpande text bestående av blandade stilar, såsom handskriven, tryckt och maskinskriven text från arkiv: Kommerskollegium, från serie: Fribrevshandlingar, daterat: 1785..
A0075864_00306.jpg	TEXT	En arkivsida med löpande text bestående av blandade stilar, såsom handskriven, tryckt och maskinskriven text från arkiv: Kommerskollegium, från serie: Fribrevshandlingar, daterat: 1785..
A0075864_00181.jpg	TEXT_HW	En arkivsida med löpande handskriven text i stycken från arkiv: Kommerskollegium, från serie: Fribrevshandlingar, daterat: 1785..
A0075894_00210.jpg	TEXT	En arkivsida med löpande text bestående av blandade stilar, såsom handskriven, tryckt och maskinskriven text från arkiv: Kommerskollegium, från serie: Fribrevshandlingar, daterat: 1788..
A0075894_00274.jpg	TEXT	En arkivsida med löpande text bestående av blandade stilar, såsom handskriven, tryckt och maskinskriven text från arkiv: Kommerskollegium, från serie: Fribrevshandlingar, daterat: 1788..
A0075894_00348.jpg	TEXT	En arkivsida med löpande text bestående av blandade stilar, såsom handskriven, tryckt och maskinskriven text från arkiv: Kommerskollegium, från serie: Fribrevshandlingar, daterat: 1788..
A0075894_00174.jpg	TEXT	En arkivsida med löpande text bestående av blandade stilar, såsom handskriven, tryckt och maskinskriven text från arkiv: Kommerskollegium, från serie: Fribrevshandlingar, daterat: 1788..
A0075894_00144.jpg	TEXT	En arkivsida med löpande text bestående av blandade stilar, såsom handskriven, tryckt och maskinskriven text från arkiv: Kommerskollegium, från serie: Fribrevshandlingar, daterat: 1788..
A0075894_00098.jpg	TEXT	En arkivsida med löpande text bestående av blandade stilar, såsom handskriven, tryckt och maskinskriven text från arkiv: Kommerskollegium, från serie: Fribrevshandlingar, daterat: 1788..
A0075808_00005.jpg	TEXT	En arkivsida med löpande text bestående av blandade stilar, såsom handskriven, tryckt och maskinskriven text från arkiv: Kommerskollegium, från serie: Fribrevshandlingar, daterat: 1777..
A0075808_00224.jpg	TEXT	En arkivsida med löpande text bestående av blandade stilar, såsom handskriven, tryckt och maskinskriven text från arkiv: Kommerskollegium, från serie: Fribrevshandlingar, daterat: 1777..
A0075808_00076.jpg	TEXT	En arkivsida med löpande text bestående av blandade stilar, såsom handskriven, tryckt och maskinskriven text från arkiv: Kommerskollegium, från serie: Fribrevshandlingar, daterat: 1777..
A0075808_00177.jpg	TEXT	En arkivsida med löpande text bestående av blandade stilar, såsom handskriven, tryckt och maskinskriven text från arkiv: Kommerskollegium, från serie: Fribrevshandlingar, daterat: 1777..
A0075808_00231.jpg	TEXT	En arkivsida med löpande text bestående av blandade stilar, såsom handskriven, tryckt och maskinskriven text från arkiv: Kommerskollegium, från serie: Fribrevshandlingar, daterat: 1777..
A0075808_00125.jpg	TEXT	En arkivsida med löpande text bestående av blandade stilar, såsom handskriven, tryckt och maskinskriven text från arkiv: Kommerskollegium, från serie: Fribrevshandlingar, daterat: 1777..
A0075853_00140.jpg	TEXT	En arkivsida med löpande text bestående av blandade stilar, såsom handskriven, tryckt och maskinskriven text från arkiv: Kommerskollegium, från serie: Fribrevshandlingar, daterat: 1783..
A0075853_00242.jpg	TEXT	En arkivsida med löpande text bestående av blandade stilar, såsom handskriven, tryckt och maskinskriven text från arkiv: Kommerskollegium, från serie: Fribrevshandlingar, daterat: 1783..
A0075853_00078.jpg	TEXT	En arkivsida med löpande text bestående av blandade stilar, såsom handskriven, tryckt och maskinskriven text från arkiv: Kommerskollegium, från serie: Fribrevshandlingar, daterat: 1783..
A0075853_00045.jpg	TEXT	En arkivsida med löpande text bestående av blandade stilar, såsom handskriven, tryckt och maskinskriven text från arkiv: Kommerskollegium, från serie: Fribrevshandlingar, daterat: 1783..
A0075853_00119.jpg	TEXT	En arkivsida med löpande text bestående av blandade stilar, såsom handskriven, tryckt och maskinskriven text från arkiv: Kommerskollegium, från serie: Fribrevshandlingar, daterat: 1783..
A0075853_00066.jpg	TEXT	En arkivsida med löpande text bestående av blandade stilar, såsom handskriven, tryckt och maskinskriven text från arkiv: Kommerskollegium, från serie: Fribrevshandlingar, daterat: 1783..
40008941_00709.jpg	TEXT_HW	En arkivsida med löpande handskriven text i stycken från arkiv: Kommerskollegium, från serie: Första serien, daterat: 1771-1771..
40008941_00104.jpg	LINE_HW	En arkivsida med handskriven text organiserad i tabell- eller formulärstruktur från arkiv: Kommerskollegium, från serie: Första serien, daterat: 1771-1771..
40008941_00750.jpg	TEXT_HW	En arkivsida med löpande handskriven text i stycken från arkiv: Kommerskollegium, från serie: Första serien, daterat: 1771-1771..
40008941_00265.jpg	TEXT_HW	En arkivsida med löpande handskriven text i stycken från arkiv: Kommerskollegium, från serie: Första serien, daterat: 1771-1771..
40008941_00543.jpg	LINE_HW	En arkivsida med handskriven text organiserad i tabell- eller formulärstruktur från arkiv: Kommerskollegium, från serie: Första serien, daterat: 1771-1771..
40008941_00108.jpg	LINE_HW	En arkivsida med handskriven text organiserad i tabell- eller formulärstruktur från arkiv: Kommerskollegium, från serie: Första serien, daterat: 1771-1771..
A0076546_00717.jpg	LINE_HW	En arkivsida med handskriven text organiserad i tabell- eller formulärstruktur från arkiv: Kommerskollegium, från serie: Första serien, daterat: 1771-1771..
A0076546_00060.jpg	LINE_HW	En arkivsida med handskriven text organiserad i tabell- eller formulärstruktur från arkiv: Kommerskollegium, från serie: Första serien, daterat: 1771-1771..
A0076546_00101.jpg	LINE_HW	En arkivsida med handskriven text organiserad i tabell- eller formulärstruktur från arkiv: Kommerskollegium, från serie: Första serien, daterat: 1771-1771..
A0076546_00007.jpg	TEXT_HW	En arkivsida med löpande handskriven text i stycken från arkiv: Kommerskollegium, från serie: Första serien, daterat: 1771-1771..
A0076546_00378.jpg	LINE_HW	En arkivsida med handskriven text organiserad i tabell- eller formulärstruktur från arkiv: Kommerskollegium, från serie: Första serien, daterat: 1771-1771..
A0076546_00507.jpg	TEXT_HW	En arkivsida med löpande handskriven text i stycken från arkiv: Kommerskollegium, från serie: Första serien, daterat: 1771-1771..
A0075845_00285.jpg	TEXT_HW	En arkivsida med löpande handskriven text i stycken från arkiv: Kommerskollegium, från serie: Fribrevshandlingar, daterat: 1783..
A0075845_00051.jpg	TEXT_HW	En arkivsida med löpande handskriven text i stycken från arkiv: Kommerskollegium, från serie: Fribrevshandlingar, daterat: 1783..
A0075845_00128.jpg	TEXT	En arkivsida med löpande text bestående av blandade stilar, såsom handskriven, tryckt och maskinskriven text från arkiv: Kommerskollegium, från serie: Fribrevshandlingar, daterat: 1783..
A0075845_00286.jpg	TEXT_HW	En arkivsida med löpande handskriven text i stycken från arkiv: Kommerskollegium, från serie: Fribrevshandlingar, daterat: 1783..
A0075845_00284.jpg	TEXT	En arkivsida med löpande text bestående av blandade stilar, såsom handskriven, tryckt och maskinskriven text från arkiv: Kommerskollegium, från serie: Fribrevshandlingar, daterat: 1783..
A0075845_00041.jpg	TEXT	En arkivsida med löpande text bestående av blandade stilar, såsom handskriven, tryckt och maskinskriven text från arkiv: Kommerskollegium, från serie: Fribrevshandlingar, daterat: 1783..
R0002269_00024.jpg	LINE_MIX	En arkivsida i tabell- eller formulärlayout med blandade textstilar, inklusive handskriven, tryckt och maskinskriven text från arkiv: Kommerskollegium, från serie: Ostindiska kompaniet, daterat: 1755..
R0002269_00042.jpg	LINE_MIX	En arkivsida i tabell- eller formulärlayout med blandade textstilar, inklusive handskriven, tryckt och maskinskriven text från arkiv: Kommerskollegium, från serie: Ostindiska kompaniet, daterat: 1755..
R0002269_00001.jpg	MISC	En arkivsida med paratextuellt eller blandat innehåll, såsom omslag, titelblad eller annat material utanför huvudtexten från arkiv: Kommerskollegium, från serie: Ostindiska kompaniet, daterat: 1755..
R0002269_00022.jpg	LINE_MIX	En arkivsida i tabell- eller formulärlayout med blandade textstilar, inklusive handskriven, tryckt och maskinskriven text från arkiv: Kommerskollegium, från serie: Ostindiska kompaniet, daterat: 1755..
R0002269_00052.jpg	LINE_MIX	En arkivsida i tabell- eller formulärlayout med blandade textstilar, inklusive handskriven, tryckt och maskinskriven text från arkiv: Kommerskollegium, från serie: Ostindiska kompaniet, daterat: 1755..
R0002269_00055.jpg	LINE_MIX	En arkivsida i tabell- eller formulärlayout med blandade textstilar, inklusive handskriven, tryckt och maskinskriven text från arkiv: Kommerskollegium, från serie: Ostindiska kompaniet, daterat: 1755..
71000588_00136.jpg	LINE_HW	En arkivsida med handskriven text organiserad i tabell- eller formulärstruktur från arkiv: Register till riksregistraturet, från serie: Adressatregister till Riksregistraturet, daterat: 1640..
71000588_00077.jpg	LINE_HW	En arkivsida med handskriven text organiserad i tabell- eller formulärstruktur från arkiv: Register till riksregistraturet, från serie: Adressatregister till Riksregistraturet, daterat: 1640..
71000588_00089.jpg	LINE_HW	En arkivsida med handskriven text organiserad i tabell- eller formulärstruktur från arkiv: Register till riksregistraturet, från serie: Adressatregister till Riksregistraturet, daterat: 1640..
71000588_00088.jpg	LINE_HW	En arkivsida med handskriven text organiserad i tabell- eller formulärstruktur från arkiv: Register till riksregistraturet, från serie: Adressatregister till Riksregistraturet, daterat: 1640..
71000588_00110.jpg	LINE_HW	En arkivsida med handskriven text organiserad i tabell- eller formulärstruktur från arkiv: Register till riksregistraturet, från serie: Adressatregister till Riksregistraturet, daterat: 1640..
71000588_00111.jpg	LINE_HW	En arkivsida med handskriven text organiserad i tabell- eller formulärstruktur från arkiv: Register till riksregistraturet, från serie: Adressatregister till Riksregistraturet, daterat: 1640..
A0039265_00160.jpg	LINE_HW	En arkivsida med handskriven text organiserad i tabell- eller formulärstruktur från arkiv: Register till riksregistraturet, från serie: Adressatregister till Riksregistraturet, daterat: 1640..
A0039265_00154.jpg	LINE_HW	En arkivsida med handskriven text organiserad i tabell- eller formulärstruktur från arkiv: Register till riksregistraturet, från serie: Adressatregister till Riksregistraturet, daterat: 1640..
A0039265_00018.jpg	LINE_HW	En arkivsida med handskriven text organiserad i tabell- eller formulärstruktur från arkiv: Register till riksregistraturet, från serie: Adressatregister till Riksregistraturet, daterat: 1640..
A0039265_00083.jpg	LINE_HW	En arkivsida med handskriven text organiserad i tabell- eller formulärstruktur från arkiv: Register till riksregistraturet, från serie: Adressatregister till Riksregistraturet, daterat: 1640..
A0039265_00086.jpg	LINE_HW	En arkivsida med handskriven text organiserad i tabell- eller formulärstruktur från arkiv: Register till riksregistraturet, från serie: Adressatregister till Riksregistraturet, daterat: 1640..
A0039265_00111.jpg	LINE_HW	En arkivsida med handskriven text organiserad i tabell- eller formulärstruktur från arkiv: Register till riksregistraturet, från serie: Adressatregister till Riksregistraturet, daterat: 1640..
A0039207_00173.jpg	MISC	En arkivsida med paratextuellt eller blandat innehåll, såsom omslag, titelblad eller annat material utanför huvudtexten från arkiv: Titularregister till riksregistraturet, från serie: Titularregister till riksregistraturet, daterat: 1687-1690..
A0039207_00131.jpg	LINE_HW	En arkivsida med handskriven text organiserad i tabell- eller formulärstruktur från arkiv: Titularregister till riksregistraturet, från serie: Titularregister till riksregistraturet, daterat: 1687-1690..
A0039207_00107.jpg	LINE_HW	En arkivsida med handskriven text organiserad i tabell- eller formulärstruktur från arkiv: Titularregister till riksregistraturet, från serie: Titularregister till riksregistraturet, daterat: 1687-1690..
A0039207_00058.jpg	LINE_HW	En arkivsida med handskriven text organiserad i tabell- eller formulärstruktur från arkiv: Titularregister till riksregistraturet, från serie: Titularregister till riksregistraturet, daterat: 1687-1690..
A0039207_00044.jpg	LINE_HW	En arkivsida med handskriven text organiserad i tabell- eller formulärstruktur från arkiv: Titularregister till riksregistraturet, från serie: Titularregister till riksregistraturet, daterat: 1687-1690..
A0075985_00392.jpg	TEXT	En arkivsida med löpande text bestående av blandade stilar, såsom handskriven, tryckt och maskinskriven text från arkiv: Kommerskollegium, från serie: Serie 1, daterat: 1837..
A0075985_00286.jpg	TEXT	En arkivsida med löpande text bestående av blandade stilar, såsom handskriven, tryckt och maskinskriven text från arkiv: Kommerskollegium, från serie: Serie 1, daterat: 1837..
A0075985_00393.jpg	TEXT	En arkivsida med löpande text bestående av blandade stilar, såsom handskriven, tryckt och maskinskriven text från arkiv: Kommerskollegium, från serie: Serie 1, daterat: 1837..
A0075985_00377.jpg	TEXT	En arkivsida med löpande text bestående av blandade stilar, såsom handskriven, tryckt och maskinskriven text från arkiv: Kommerskollegium, från serie: Serie 1, daterat: 1837..
A0075985_00045.jpg	TEXT	En arkivsida med löpande text bestående av blandade stilar, såsom handskriven, tryckt och maskinskriven text från arkiv: Kommerskollegium, från serie: Serie 1, daterat: 1837..
A0075985_00111.jpg	TEXT	En arkivsida med löpande text bestående av blandade stilar, såsom handskriven, tryckt och maskinskriven text från arkiv: Kommerskollegium, från serie: Serie 1, daterat: 1837..
40008964_00639.jpg	LINE_HW	En arkivsida med handskriven text organiserad i tabell- eller formulärstruktur från arkiv: Kommerskollegium, från serie: Tredje serien, daterat: 1859-1859..
40008964_00054.jpg	LINE_HW	En arkivsida med handskriven text organiserad i tabell- eller formulärstruktur från arkiv: Kommerskollegium, från serie: Tredje serien, daterat: 1859-1859..
40008964_00092.jpg	LINE_HW	En arkivsida med handskriven text organiserad i tabell- eller formulärstruktur från arkiv: Kommerskollegium, från serie: Tredje serien, daterat: 1859-1859..
40008964_00752.jpg	LINE_HW	En arkivsida med handskriven text organiserad i tabell- eller formulärstruktur från arkiv: Kommerskollegium, från serie: Tredje serien, daterat: 1859-1859..
40008964_00577.jpg	LINE_HW	En arkivsida med handskriven text organiserad i tabell- eller formulärstruktur från arkiv: Kommerskollegium, från serie: Tredje serien, daterat: 1859-1859..
71000716_00654.jpg	TEXT_HW	En arkivsida med löpande handskriven text i stycken från arkiv: Kommerskollegium, från serie: Tredje serien, daterat: 1859-1859..
71000716_00172.jpg	LINE_HW	En arkivsida med handskriven text organiserad i tabell- eller formulärstruktur från arkiv: Kommerskollegium, från serie: Tredje serien, daterat: 1859-1859..
71000716_00667.jpg	LINE_HW	En arkivsida med handskriven text organiserad i tabell- eller formulärstruktur från arkiv: Kommerskollegium, från serie: Tredje serien, daterat: 1859-1859..
71000716_00473.jpg	LINE_HW	En arkivsida med handskriven text organiserad i tabell- eller formulärstruktur från arkiv: Kommerskollegium, från serie: Tredje serien, daterat: 1859-1859..
71000716_00243.jpg	LINE_HW	En arkivsida med handskriven text organiserad i tabell- eller formulärstruktur från arkiv: Kommerskollegium, från serie: Tredje serien, daterat: 1859-1859..
71000716_00805.jpg	LINE_HW	En arkivsida med handskriven text organiserad i tabell- eller formulärstruktur från arkiv: Kommerskollegium, från serie: Tredje serien, daterat: 1859-1859..
A0076693_00115.jpg	TEXT_HW	En arkivsida med löpande handskriven text i stycken från arkiv: Kommerskollegium, från serie: Tredje serien, daterat: 1859-1859..
A0076693_00311.jpg	LINE_HW	En arkivsida med handskriven text organiserad i tabell- eller formulärstruktur från arkiv: Kommerskollegium, från serie: Tredje serien, daterat: 1859-1859..
A0076693_00281.jpg	LINE_HW	En arkivsida med handskriven text organiserad i tabell- eller formulärstruktur från arkiv: Kommerskollegium, från serie: Tredje serien, daterat: 1859-1859..
A0076693_00405.jpg	TEXT_HW	En arkivsida med löpande handskriven text i stycken från arkiv: Kommerskollegium, från serie: Tredje serien, daterat: 1859-1859..
A0076693_00485.jpg	LINE_HW	En arkivsida med handskriven text organiserad i tabell- eller formulärstruktur från arkiv: Kommerskollegium, från serie: Tredje serien, daterat: 1859-1859..
A0076693_00830.jpg	LINE_HW	En arkivsida med handskriven text organiserad i tabell- eller formulärstruktur från arkiv: Kommerskollegium, från serie: Tredje serien, daterat: 1859-1859..
A0075739_00212.jpg	TEXT	En arkivsida med löpande text bestående av blandade stilar, såsom handskriven, tryckt och maskinskriven text från arkiv: Kommerskollegium, från serie: Sjöpasshandlingar, daterat: 1812..
A0075739_00253.jpg	TEXT_HW	En arkivsida med löpande handskriven text i stycken från arkiv: Kommerskollegium, från serie: Sjöpasshandlingar, daterat: 1812..
A0075739_00256.jpg	TEXT_HW	En arkivsida med löpande handskriven text i stycken från arkiv: Kommerskollegium, från serie: Sjöpasshandlingar, daterat: 1812..
A0075739_00293.jpg	TEXT_HW	En arkivsida med löpande handskriven text i stycken från arkiv: Kommerskollegium, från serie: Sjöpasshandlingar, daterat: 1812..
A0075739_00505.jpg	TEXT	En arkivsida med löpande text bestående av blandade stilar, såsom handskriven, tryckt och maskinskriven text från arkiv: Kommerskollegium, från serie: Sjöpasshandlingar, daterat: 1812..
A0075739_00245.jpg	TEXT_HW	En arkivsida med löpande handskriven text i stycken från arkiv: Kommerskollegium, från serie: Sjöpasshandlingar, daterat: 1812..
71000723_00243.jpg	LINE_HW	En arkivsida med handskriven text organiserad i tabell- eller formulärstruktur från arkiv: Kommerskollegium, från serie: Sjöpassdiarier, daterat: 1810-1814..
71000723_00154.jpg	LINE_HW	En arkivsida med handskriven text organiserad i tabell- eller formulärstruktur från arkiv: Kommerskollegium, från serie: Sjöpassdiarier, daterat: 1810-1814..
71000723_00081.jpg	LINE_HW	En arkivsida med handskriven text organiserad i tabell- eller formulärstruktur från arkiv: Kommerskollegium, från serie: Sjöpassdiarier, daterat: 1810-1814..
71000723_00012.jpg	LINE_HW	En arkivsida med handskriven text organiserad i tabell- eller formulärstruktur från arkiv: Kommerskollegium, från serie: Sjöpassdiarier, daterat: 1810-1814..
71000723_00073.jpg	LINE_HW	En arkivsida med handskriven text organiserad i tabell- eller formulärstruktur från arkiv: Kommerskollegium, från serie: Sjöpassdiarier, daterat: 1810-1814..
71000723_00084.jpg	LINE_HW	En arkivsida med handskriven text organiserad i tabell- eller formulärstruktur från arkiv: Kommerskollegium, från serie: Sjöpassdiarier, daterat: 1810-1814..
A0075619_00049.jpg	LINE_HW	En arkivsida med handskriven text organiserad i tabell- eller formulärstruktur från arkiv: Kommerskollegium, från serie: Sjöpassdiarier, daterat: 1810-1814..
A0075619_00079.jpg	LINE_HW	En arkivsida med handskriven text organiserad i tabell- eller formulärstruktur från arkiv: Kommerskollegium, från serie: Sjöpassdiarier, daterat: 1810-1814..
A0075619_00258.jpg	LINE_HW	En arkivsida med handskriven text organiserad i tabell- eller formulärstruktur från arkiv: Kommerskollegium, från serie: Sjöpassdiarier, daterat: 1810-1814..
A0075619_00125.jpg	LINE_HW	En arkivsida med handskriven text organiserad i tabell- eller formulärstruktur från arkiv: Kommerskollegium, från serie: Sjöpassdiarier, daterat: 1810-1814..
A0075619_00231.jpg	LINE_HW	En arkivsida med handskriven text organiserad i tabell- eller formulärstruktur från arkiv: Kommerskollegium, från serie: Sjöpassdiarier, daterat: 1810-1814..
A0075619_00065.jpg	LINE_HW	En arkivsida med handskriven text organiserad i tabell- eller formulärstruktur från arkiv: Kommerskollegium, från serie: Sjöpassdiarier, daterat: 1810-1814..
A0075738_00054.jpg	TEXT	En arkivsida med löpande text bestående av blandade stilar, såsom handskriven, tryckt och maskinskriven text från arkiv: Kommerskollegium, från serie: Sjöpasshandlingar, daterat: 1811..
A0075738_00156.jpg	TEXT	En arkivsida med löpande text bestående av blandade stilar, såsom handskriven, tryckt och maskinskriven text från arkiv: Kommerskollegium, från serie: Sjöpasshandlingar, daterat: 1811..
A0075738_00135.jpg	TEXT	En arkivsida med löpande text bestående av blandade stilar, såsom handskriven, tryckt och maskinskriven text från arkiv: Kommerskollegium, från serie: Sjöpasshandlingar, daterat: 1811..
A0075738_00162.jpg	TEXT	En arkivsida med löpande text bestående av blandade stilar, såsom handskriven, tryckt och maskinskriven text från arkiv: Kommerskollegium, från serie: Sjöpasshandlingar, daterat: 1811..
A0075738_00092.jpg	TEXT	En arkivsida med löpande text bestående av blandade stilar, såsom handskriven, tryckt och maskinskriven text från arkiv: Kommerskollegium, från serie: Sjöpasshandlingar, daterat: 1811..
A0075738_00277.jpg	TEXT	En arkivsida med löpande text bestående av blandade stilar, såsom handskriven, tryckt och maskinskriven text från arkiv: Kommerskollegium, från serie: Sjöpasshandlingar, daterat: 1811..
A0075982_00235.jpg	TEXT_HW	En arkivsida med löpande handskriven text i stycken från arkiv: Kommerskollegium, från serie: Serie 1, daterat: 1837..
A0075982_00019.jpg	TEXT	En arkivsida med löpande text bestående av blandade stilar, såsom handskriven, tryckt och maskinskriven text från arkiv: Kommerskollegium, från serie: Serie 1, daterat: 1837..
A0075982_00301.jpg	TEXT	En arkivsida med löpande text bestående av blandade stilar, såsom handskriven, tryckt och maskinskriven text från arkiv: Kommerskollegium, från serie: Serie 1, daterat: 1837..
A0075982_00178.jpg	TEXT	En arkivsida med löpande text bestående av blandade stilar, såsom handskriven, tryckt och maskinskriven text från arkiv: Kommerskollegium, från serie: Serie 1, daterat: 1837..
A0075982_00107.jpg	TEXT	En arkivsida med löpande text bestående av blandade stilar, såsom handskriven, tryckt och maskinskriven text från arkiv: Kommerskollegium, från serie: Serie 1, daterat: 1837..
A0075982_00061.jpg	TEXT	En arkivsida med löpande text bestående av blandade stilar, såsom handskriven, tryckt och maskinskriven text från arkiv: Kommerskollegium, från serie: Serie 1, daterat: 1837..
A0075997_00055.jpg	TEXT	En arkivsida med löpande text bestående av blandade stilar, såsom handskriven, tryckt och maskinskriven text från arkiv: Kommerskollegium, från serie: Serie 1, daterat: 1839..
A0075997_00270.jpg	TEXT	En arkivsida med löpande text bestående av blandade stilar, såsom handskriven, tryckt och maskinskriven text från arkiv: Kommerskollegium, från serie: Serie 1, daterat: 1839..
A0075997_00342.jpg	TEXT	En arkivsida med löpande text bestående av blandade stilar, såsom handskriven, tryckt och maskinskriven text från arkiv: Kommerskollegium, från serie: Serie 1, daterat: 1839..
A0075997_00302.jpg	TEXT	En arkivsida med löpande text bestående av blandade stilar, såsom handskriven, tryckt och maskinskriven text från arkiv: Kommerskollegium, från serie: Serie 1, daterat: 1839..
A0075997_00272.jpg	TEXT	En arkivsida med löpande text bestående av blandade stilar, såsom handskriven, tryckt och maskinskriven text från arkiv: Kommerskollegium, från serie: Serie 1, daterat: 1839..
A0075997_00031.jpg	TEXT	En arkivsida med löpande text bestående av blandade stilar, såsom handskriven, tryckt och maskinskriven text från arkiv: Kommerskollegium, från serie: Serie 1, daterat: 1839..
A0039279_00043.jpg	LINE_HW	En arkivsida med handskriven text organiserad i tabell- eller formulärstruktur från arkiv: Register till riksregistraturet, från serie: Adressatregister till Riksregistraturet, daterat: 1673-1674..
A0039279_00019.jpg	LINE_HW	En arkivsida med handskriven text organiserad i tabell- eller formulärstruktur från arkiv: Register till riksregistraturet, från serie: Adressatregister till Riksregistraturet, daterat: 1673-1674..
A0039279_00069.jpg	LINE_HW	En arkivsida med handskriven text organiserad i tabell- eller formulärstruktur från arkiv: Register till riksregistraturet, från serie: Adressatregister till Riksregistraturet, daterat: 1673-1674..
A0039279_00215.jpg	LINE_HW	En arkivsida med handskriven text organiserad i tabell- eller formulärstruktur från arkiv: Register till riksregistraturet, från serie: Adressatregister till Riksregistraturet, daterat: 1673-1674..
A0039279_00089.jpg	LINE_HW	En arkivsida med handskriven text organiserad i tabell- eller formulärstruktur från arkiv: Register till riksregistraturet, från serie: Adressatregister till Riksregistraturet, daterat: 1673-1674..
A0039279_00029.jpg	LINE_HW	En arkivsida med handskriven text organiserad i tabell- eller formulärstruktur från arkiv: Register till riksregistraturet, från serie: Adressatregister till Riksregistraturet, daterat: 1673-1674..
A0075694_00040.jpg	LINE_HW	En arkivsida med handskriven text organiserad i tabell- eller formulärstruktur från arkiv: Kommerskollegium, från serie: Fribrevsdiarier, daterat: 1830..
A0075694_00080.jpg	LINE_HW	En arkivsida med handskriven text organiserad i tabell- eller formulärstruktur från arkiv: Kommerskollegium, från serie: Fribrevsdiarier, daterat: 1830..
A0075694_00062.jpg	LINE_HW	En arkivsida med handskriven text organiserad i tabell- eller formulärstruktur från arkiv: Kommerskollegium, från serie: Fribrevsdiarier, daterat: 1830..
A0075694_00134.jpg	LINE_HW	En arkivsida med handskriven text organiserad i tabell- eller formulärstruktur från arkiv: Kommerskollegium, från serie: Fribrevsdiarier, daterat: 1830..
A0075694_00090.jpg	LINE_HW	En arkivsida med handskriven text organiserad i tabell- eller formulärstruktur från arkiv: Kommerskollegium, från serie: Fribrevsdiarier, daterat: 1830..
A0075694_00067.jpg	LINE_HW	En arkivsida med handskriven text organiserad i tabell- eller formulärstruktur från arkiv: Kommerskollegium, från serie: Fribrevsdiarier, daterat: 1830..
A0039323_00185.jpg	LINE_HW	En arkivsida med handskriven text organiserad i tabell- eller formulärstruktur från arkiv: Register till riksregistraturet, från serie: Adressatregister till Riksregistraturet, daterat: 1718..
A0039323_00231.jpg	LINE_HW	En arkivsida med handskriven text organiserad i tabell- eller formulärstruktur från arkiv: Register till riksregistraturet, från serie: Adressatregister till Riksregistraturet, daterat: 1718..
A0039323_00182.jpg	LINE_HW	En arkivsida med handskriven text organiserad i tabell- eller formulärstruktur från arkiv: Register till riksregistraturet, från serie: Adressatregister till Riksregistraturet, daterat: 1718..
A0039323_00073.jpg	LINE_HW	En arkivsida med handskriven text organiserad i tabell- eller formulärstruktur från arkiv: Register till riksregistraturet, från serie: Adressatregister till Riksregistraturet, daterat: 1718..
A0039323_00204.jpg	LINE_HW	En arkivsida med handskriven text organiserad i tabell- eller formulärstruktur från arkiv: Register till riksregistraturet, från serie: Adressatregister till Riksregistraturet, daterat: 1718..
R0002334_00109.jpg	TEXT_HW	En arkivsida med löpande handskriven text i stycken från arkiv: Kommerskollegium, från serie: Skrivelser från svenska (svensk-norska) konsuler, daterat: 1833-1876..
R0002334_00144.jpg	TEXT_HW	En arkivsida med löpande handskriven text i stycken från arkiv: Kommerskollegium, från serie: Skrivelser från svenska (svensk-norska) konsuler, daterat: 1833-1876..
R0002334_00094.jpg	TEXT_HW	En arkivsida med löpande handskriven text i stycken från arkiv: Kommerskollegium, från serie: Skrivelser från svenska (svensk-norska) konsuler, daterat: 1833-1876..
R0002334_00353.jpg	TEXT_HW	En arkivsida med löpande handskriven text i stycken från arkiv: Kommerskollegium, från serie: Skrivelser från svenska (svensk-norska) konsuler, daterat: 1833-1876..
R0002334_00262.jpg	TEXT_HW	En arkivsida med löpande handskriven text i stycken från arkiv: Kommerskollegium, från serie: Skrivelser från svenska (svensk-norska) konsuler, daterat: 1833-1876..
R0002334_00067.jpg	TEXT_HW	En arkivsida med löpande handskriven text i stycken från arkiv: Kommerskollegium, från serie: Skrivelser från svenska (svensk-norska) konsuler, daterat: 1833-1876..
71000591_00173.jpg	LINE_HW	En arkivsida med handskriven text organiserad i tabell- eller formulärstruktur från arkiv: Register till riksregistraturet, från serie: Adressatregister till Riksregistraturet, daterat: 1701..
71000591_00043.jpg	LINE_HW	En arkivsida med handskriven text organiserad i tabell- eller formulärstruktur från arkiv: Register till riksregistraturet, från serie: Adressatregister till Riksregistraturet, daterat: 1701..
71000591_00286.jpg	LINE_HW	En arkivsida med handskriven text organiserad i tabell- eller formulärstruktur från arkiv: Register till riksregistraturet, från serie: Adressatregister till Riksregistraturet, daterat: 1701..
71000591_00201.jpg	LINE_HW	En arkivsida med handskriven text organiserad i tabell- eller formulärstruktur från arkiv: Register till riksregistraturet, från serie: Adressatregister till Riksregistraturet, daterat: 1701..
71000591_00027.jpg	LINE_HW	En arkivsida med handskriven text organiserad i tabell- eller formulärstruktur från arkiv: Register till riksregistraturet, från serie: Adressatregister till Riksregistraturet, daterat: 1701..
71000591_00158.jpg	LINE_HW	En arkivsida med handskriven text organiserad i tabell- eller formulärstruktur från arkiv: Register till riksregistraturet, från serie: Adressatregister till Riksregistraturet, daterat: 1701..
A0039307_00240.jpg	LINE_HW	En arkivsida med handskriven text organiserad i tabell- eller formulärstruktur från arkiv: Register till riksregistraturet, från serie: Adressatregister till Riksregistraturet, daterat: 1701..
A0039307_00196.jpg	LINE_HW	En arkivsida med handskriven text organiserad i tabell- eller formulärstruktur från arkiv: Register till riksregistraturet, från serie: Adressatregister till Riksregistraturet, daterat: 1701..
A0039307_00189.jpg	LINE_HW	En arkivsida med handskriven text organiserad i tabell- eller formulärstruktur från arkiv: Register till riksregistraturet, från serie: Adressatregister till Riksregistraturet, daterat: 1701..
A0039307_00244.jpg	LINE_HW	En arkivsida med handskriven text organiserad i tabell- eller formulärstruktur från arkiv: Register till riksregistraturet, från serie: Adressatregister till Riksregistraturet, daterat: 1701..
A0039307_00130.jpg	LINE_HW	En arkivsida med handskriven text organiserad i tabell- eller formulärstruktur från arkiv: Register till riksregistraturet, från serie: Adressatregister till Riksregistraturet, daterat: 1701..
A0039307_00132.jpg	LINE_HW	En arkivsida med handskriven text organiserad i tabell- eller formulärstruktur från arkiv: Register till riksregistraturet, från serie: Adressatregister till Riksregistraturet, daterat: 1701..
A0075704_00322.jpg	TEXT_HW	En arkivsida med löpande handskriven text i stycken från arkiv: Kommerskollegium, från serie: Sjöpasshandlingar, daterat: 1801..
A0075704_00025.jpg	TEXT	En arkivsida med löpande text bestående av blandade stilar, såsom handskriven, tryckt och maskinskriven text från arkiv: Kommerskollegium, från serie: Sjöpasshandlingar, daterat: 1801..
A0075704_00243.jpg	TEXT_HW	En arkivsida med löpande handskriven text i stycken från arkiv: Kommerskollegium, från serie: Sjöpasshandlingar, daterat: 1801..
A0075704_00284.jpg	TEXT_HW	En arkivsida med löpande handskriven text i stycken från arkiv: Kommerskollegium, från serie: Sjöpasshandlingar, daterat: 1801..
A0075704_00286.jpg	TEXT_HW	En arkivsida med löpande handskriven text i stycken från arkiv: Kommerskollegium, från serie: Sjöpasshandlingar, daterat: 1801..
A0075704_00290.jpg	TEXT_HW	En arkivsida med löpande handskriven text i stycken från arkiv: Kommerskollegium, från serie: Sjöpasshandlingar, daterat: 1801..
A0075705_00422.jpg	TEXT	En arkivsida med löpande text bestående av blandade stilar, såsom handskriven, tryckt och maskinskriven text från arkiv: Kommerskollegium, från serie: Sjöpasshandlingar, daterat: 1802..
A0075705_00488.jpg	TEXT_HW	En arkivsida med löpande handskriven text i stycken från arkiv: Kommerskollegium, från serie: Sjöpasshandlingar, daterat: 1802..
A0075705_00372.jpg	TEXT_HW	En arkivsida med löpande handskriven text i stycken från arkiv: Kommerskollegium, från serie: Sjöpasshandlingar, daterat: 1802..
A0075705_00373.jpg	TEXT_HW	En arkivsida med löpande handskriven text i stycken från arkiv: Kommerskollegium, från serie: Sjöpasshandlingar, daterat: 1802..
A0075705_00504.jpg	TEXT	En arkivsida med löpande text bestående av blandade stilar, såsom handskriven, tryckt och maskinskriven text från arkiv: Kommerskollegium, från serie: Sjöpasshandlingar, daterat: 1802..
A0075705_00164.jpg	TEXT_HW	En arkivsida med löpande handskriven text i stycken från arkiv: Kommerskollegium, från serie: Sjöpasshandlingar, daterat: 1802..
A0075717_00286.jpg	TEXT	En arkivsida med löpande text bestående av blandade stilar, såsom handskriven, tryckt och maskinskriven text från arkiv: Kommerskollegium, från serie: Sjöpasshandlingar, daterat: 1805..
A0075717_00235.jpg	TEXT_HW	En arkivsida med löpande handskriven text i stycken från arkiv: Kommerskollegium, från serie: Sjöpasshandlingar, daterat: 1805..
A0075717_00064.jpg	LINE_HW	En arkivsida med handskriven text organiserad i tabell- eller formulärstruktur från arkiv: Kommerskollegium, från serie: Sjöpasshandlingar, daterat: 1805..
A0075717_00378.jpg	TEXT_HW	En arkivsida med löpande handskriven text i stycken från arkiv: Kommerskollegium, från serie: Sjöpasshandlingar, daterat: 1805..
A0075717_00270.jpg	TEXT	En arkivsida med löpande text bestående av blandade stilar, såsom handskriven, tryckt och maskinskriven text från arkiv: Kommerskollegium, från serie: Sjöpasshandlingar, daterat: 1805..
A0075717_00494.jpg	TEXT	En arkivsida med löpande text bestående av blandade stilar, såsom handskriven, tryckt och maskinskriven text från arkiv: Kommerskollegium, från serie: Sjöpasshandlingar, daterat: 1805..
30004277_00183.jpg	TEXT_TP	En arkivsida. Metadata: från arkiv: Kommerskollegium, från serie: Patentbrev kungjorda i Post- och inrikes tidningar, daterat: 1874..
30004277_00093.jpg	TEXT_TP	En arkivsida. Metadata: från arkiv: Kommerskollegium, från serie: Patentbrev kungjorda i Post- och inrikes tidningar, daterat: 1874..
30004277_00136.jpg	TEXT_TP	En arkivsida. Metadata: från arkiv: Kommerskollegium, från serie: Patentbrev kungjorda i Post- och inrikes tidningar, daterat: 1874..
30004277_00009.jpg	TEXT_TP	En arkivsida. Metadata: från arkiv: Kommerskollegium, från serie: Patentbrev kungjorda i Post- och inrikes tidningar, daterat: 1874..
30004277_00052.jpg	TEXT_TP	En arkivsida. Metadata: från arkiv: Kommerskollegium, från serie: Patentbrev kungjorda i Post- och inrikes tidningar, daterat: 1874..
30004277_00102.jpg	TEXT_TP	En arkivsida. Metadata: från arkiv: Kommerskollegium, från serie: Patentbrev kungjorda i Post- och inrikes tidningar, daterat: 1874..
A0075964_00273.jpg	TEXT	En arkivsida med löpande text bestående av blandade stilar, såsom handskriven, tryckt och maskinskriven text från arkiv: Kommerskollegium, från serie: Serie 1, daterat: 1834..
A0075964_00058.jpg	TEXT	En arkivsida med löpande text bestående av blandade stilar, såsom handskriven, tryckt och maskinskriven text från arkiv: Kommerskollegium, från serie: Serie 1, daterat: 1834..
A0075964_00243.jpg	TEXT	En arkivsida med löpande text bestående av blandade stilar, såsom handskriven, tryckt och maskinskriven text från arkiv: Kommerskollegium, från serie: Serie 1, daterat: 1834..
A0075964_00056.jpg	TEXT	En arkivsida med löpande text bestående av blandade stilar, såsom handskriven, tryckt och maskinskriven text från arkiv: Kommerskollegium, från serie: Serie 1, daterat: 1834..
A0075964_00248.jpg	TEXT	En arkivsida med löpande text bestående av blandade stilar, såsom handskriven, tryckt och maskinskriven text från arkiv: Kommerskollegium, från serie: Serie 1, daterat: 1834..
A0075964_00359.jpg	TEXT	En arkivsida med löpande text bestående av blandade stilar, såsom handskriven, tryckt och maskinskriven text från arkiv: Kommerskollegium, från serie: Serie 1, daterat: 1834..
71000714_00345.jpg	LINE_HW	En arkivsida med handskriven text organiserad i tabell- eller formulärstruktur från arkiv: Kommerskollegium, från serie: Tredje serien, daterat: 1857-1857..
71000714_00055.jpg	LINE_HW	En arkivsida med handskriven text organiserad i tabell- eller formulärstruktur från arkiv: Kommerskollegium, från serie: Tredje serien, daterat: 1857-1857..
71000714_00271.jpg	LINE_HW	En arkivsida med handskriven text organiserad i tabell- eller formulärstruktur från arkiv: Kommerskollegium, från serie: Tredje serien, daterat: 1857-1857..
71000714_00173.jpg	LINE_HW	En arkivsida med handskriven text organiserad i tabell- eller formulärstruktur från arkiv: Kommerskollegium, från serie: Tredje serien, daterat: 1857-1857..
71000714_00159.jpg	LINE_HW	En arkivsida med handskriven text organiserad i tabell- eller formulärstruktur från arkiv: Kommerskollegium, från serie: Tredje serien, daterat: 1857-1857..
71000714_00601.jpg	LINE_HW	En arkivsida med handskriven text organiserad i tabell- eller formulärstruktur från arkiv: Kommerskollegium, från serie: Tredje serien, daterat: 1857-1857..
A0076687_00445.jpg	LINE_HW	En arkivsida med handskriven text organiserad i tabell- eller formulärstruktur från arkiv: Kommerskollegium, från serie: Tredje serien, daterat: 1857-1857..
A0076687_00758.jpg	LINE_HW	En arkivsida med handskriven text organiserad i tabell- eller formulärstruktur från arkiv: Kommerskollegium, från serie: Tredje serien, daterat: 1857-1857..
A0076687_00414.jpg	LINE_HW	En arkivsida med handskriven text organiserad i tabell- eller formulärstruktur från arkiv: Kommerskollegium, från serie: Tredje serien, daterat: 1857-1857..
A0076687_00206.jpg	LINE_HW	En arkivsida med handskriven text organiserad i tabell- eller formulärstruktur från arkiv: Kommerskollegium, från serie: Tredje serien, daterat: 1857-1857..
A0076687_00149.jpg	LINE_HW	En arkivsida med handskriven text organiserad i tabell- eller formulärstruktur från arkiv: Kommerskollegium, från serie: Tredje serien, daterat: 1857-1857..
A0076687_00242.jpg	LINE_HW	En arkivsida med handskriven text organiserad i tabell- eller formulärstruktur från arkiv: Kommerskollegium, från serie: Tredje serien, daterat: 1857-1857..
40008949_00290.jpg	TEXT_HW	En arkivsida med löpande handskriven text i stycken från arkiv: Kommerskollegium, från serie: Andra serien, daterat: 1830-1830..
40008949_00100.jpg	LINE_HW	En arkivsida med handskriven text organiserad i tabell- eller formulärstruktur från arkiv: Kommerskollegium, från serie: Andra serien, daterat: 1830-1830..
40008949_00643.jpg	LINE_HW	En arkivsida med handskriven text organiserad i tabell- eller formulärstruktur från arkiv: Kommerskollegium, från serie: Andra serien, daterat: 1830-1830..
40008949_00692.jpg	TEXT_HW	En arkivsida med löpande handskriven text i stycken från arkiv: Kommerskollegium, från serie: Andra serien, daterat: 1830-1830..
40008949_00423.jpg	TEXT_HW	En arkivsida med löpande handskriven text i stycken från arkiv: Kommerskollegium, från serie: Andra serien, daterat: 1830-1830..
40008949_00617.jpg	LINE_HW	En arkivsida med handskriven text organiserad i tabell- eller formulärstruktur från arkiv: Kommerskollegium, från serie: Andra serien, daterat: 1830-1830..
A0076621_00145.jpg	TEXT_HW	En arkivsida med löpande handskriven text i stycken från arkiv: Kommerskollegium, från serie: Andra serien, daterat: 1830-1830..
A0076621_00048.jpg	LINE_HW	En arkivsida med handskriven text organiserad i tabell- eller formulärstruktur från arkiv: Kommerskollegium, från serie: Andra serien, daterat: 1830-1830..
A0076621_00164.jpg	LINE_HW	En arkivsida med handskriven text organiserad i tabell- eller formulärstruktur från arkiv: Kommerskollegium, från serie: Andra serien, daterat: 1830-1830..
A0076621_00405.jpg	LINE_HW	En arkivsida med handskriven text organiserad i tabell- eller formulärstruktur från arkiv: Kommerskollegium, från serie: Andra serien, daterat: 1830-1830..
A0076621_00560.jpg	LINE_HW	En arkivsida med handskriven text organiserad i tabell- eller formulärstruktur från arkiv: Kommerskollegium, från serie: Andra serien, daterat: 1830-1830..
A0076621_00307.jpg	LINE_HW	En arkivsida med handskriven text organiserad i tabell- eller formulärstruktur från arkiv: Kommerskollegium, från serie: Andra serien, daterat: 1830-1830..
A0075715_00320.jpg	TEXT	En arkivsida med löpande text bestående av blandade stilar, såsom handskriven, tryckt och maskinskriven text från arkiv: Kommerskollegium, från serie: Sjöpasshandlingar, daterat: 1804..
A0075715_00668.jpg	TEXT	En arkivsida med löpande text bestående av blandade stilar, såsom handskriven, tryckt och maskinskriven text från arkiv: Kommerskollegium, från serie: Sjöpasshandlingar, daterat: 1804..
A0075715_00083.jpg	LINE_HW	En arkivsida med handskriven text organiserad i tabell- eller formulärstruktur från arkiv: Kommerskollegium, från serie: Sjöpasshandlingar, daterat: 1804..
A0075715_00431.jpg	TEXT	En arkivsida med löpande text bestående av blandade stilar, såsom handskriven, tryckt och maskinskriven text från arkiv: Kommerskollegium, från serie: Sjöpasshandlingar, daterat: 1804..
A0075715_00823.jpg	TEXT_HW	En arkivsida med löpande handskriven text i stycken från arkiv: Kommerskollegium, från serie: Sjöpasshandlingar, daterat: 1804..
A0075715_00242.jpg	TEXT_HW	En arkivsida med löpande handskriven text i stycken från arkiv: Kommerskollegium, från serie: Sjöpasshandlingar, daterat: 1804..
A0075697_00065.jpg	TEXT	En arkivsida med löpande text bestående av blandade stilar, såsom handskriven, tryckt och maskinskriven text från arkiv: Kommerskollegium, från serie: Sjöpasshandlingar, daterat: 1800..
A0075697_00074.jpg	TEXT_HW	En arkivsida med löpande handskriven text i stycken från arkiv: Kommerskollegium, från serie: Sjöpasshandlingar, daterat: 1800..
A0075697_00293.jpg	TEXT	En arkivsida med löpande text bestående av blandade stilar, såsom handskriven, tryckt och maskinskriven text från arkiv: Kommerskollegium, från serie: Sjöpasshandlingar, daterat: 1800..
A0075697_00298.jpg	TEXT_HW	En arkivsida med löpande handskriven text i stycken från arkiv: Kommerskollegium, från serie: Sjöpasshandlingar, daterat: 1800..
A0075697_00037.jpg	TEXT	En arkivsida med löpande text bestående av blandade stilar, såsom handskriven, tryckt och maskinskriven text från arkiv: Kommerskollegium, från serie: Sjöpasshandlingar, daterat: 1800..
A0075697_00059.jpg	TEXT_HW	En arkivsida med löpande handskriven text i stycken från arkiv: Kommerskollegium, från serie: Sjöpasshandlingar, daterat: 1800..
A0075993_00089.jpg	TEXT	En arkivsida med löpande text bestående av blandade stilar, såsom handskriven, tryckt och maskinskriven text från arkiv: Kommerskollegium, från serie: Serie 1, daterat: 1838..
A0075993_00330.jpg	TEXT	En arkivsida med löpande text bestående av blandade stilar, såsom handskriven, tryckt och maskinskriven text från arkiv: Kommerskollegium, från serie: Serie 1, daterat: 1838..
A0075993_00151.jpg	TEXT	En arkivsida med löpande text bestående av blandade stilar, såsom handskriven, tryckt och maskinskriven text från arkiv: Kommerskollegium, från serie: Serie 1, daterat: 1838..
A0075993_00141.jpg	TEXT	En arkivsida med löpande text bestående av blandade stilar, såsom handskriven, tryckt och maskinskriven text från arkiv: Kommerskollegium, från serie: Serie 1, daterat: 1838..
A0075993_00121.jpg	TEXT	En arkivsida med löpande text bestående av blandade stilar, såsom handskriven, tryckt och maskinskriven text från arkiv: Kommerskollegium, från serie: Serie 1, daterat: 1838..
A0075993_00226.jpg	TEXT	En arkivsida med löpande text bestående av blandade stilar, såsom handskriven, tryckt och maskinskriven text från arkiv: Kommerskollegium, från serie: Serie 1, daterat: 1838..
A0075664_00227.jpg	LINE_HW	En arkivsida med handskriven text organiserad i tabell- eller formulärstruktur från arkiv: Kommerskollegium, från serie: Fribrevsdiarier, daterat: 1800..
A0075664_00237.jpg	LINE_HW	En arkivsida med handskriven text organiserad i tabell- eller formulärstruktur från arkiv: Kommerskollegium, från serie: Fribrevsdiarier, daterat: 1800..
A0075664_00230.jpg	LINE_HW	En arkivsida med handskriven text organiserad i tabell- eller formulärstruktur från arkiv: Kommerskollegium, från serie: Fribrevsdiarier, daterat: 1800..
A0075664_00005.jpg	LINE_HW	En arkivsida med handskriven text organiserad i tabell- eller formulärstruktur från arkiv: Kommerskollegium, från serie: Fribrevsdiarier, daterat: 1800..
A0075664_00008.jpg	LINE_HW	En arkivsida med handskriven text organiserad i tabell- eller formulärstruktur från arkiv: Kommerskollegium, från serie: Fribrevsdiarier, daterat: 1800..
A0075664_00094.jpg	LINE_HW	En arkivsida med handskriven text organiserad i tabell- eller formulärstruktur från arkiv: Kommerskollegium, från serie: Fribrevsdiarier, daterat: 1800..
71000717_00532.jpg	LINE_MIX	En arkivsida i tabell- eller formulärlayout med blandade textstilar, inklusive handskriven, tryckt och maskinskriven text från arkiv: Kommerskollegium, från serie: Fjärde serien, daterat: 1872-1872..
71000717_00447.jpg	LINE_MIX	En arkivsida i tabell- eller formulärlayout med blandade textstilar, inklusive handskriven, tryckt och maskinskriven text från arkiv: Kommerskollegium, från serie: Fjärde serien, daterat: 1872-1872..
71000717_00264.jpg	LINE_MIX	En arkivsida i tabell- eller formulärlayout med blandade textstilar, inklusive handskriven, tryckt och maskinskriven text från arkiv: Kommerskollegium, från serie: Fjärde serien, daterat: 1872-1872..
71000717_00051.jpg	LINE_MIX	En arkivsida i tabell- eller formulärlayout med blandade textstilar, inklusive handskriven, tryckt och maskinskriven text från arkiv: Kommerskollegium, från serie: Fjärde serien, daterat: 1872-1872..
71000717_00315.jpg	LINE_HW	En arkivsida med handskriven text organiserad i tabell- eller formulärstruktur från arkiv: Kommerskollegium, från serie: Fjärde serien, daterat: 1872-1872..
71000717_00304.jpg	LINE_MIX	En arkivsida i tabell- eller formulärlayout med blandade textstilar, inklusive handskriven, tryckt och maskinskriven text från arkiv: Kommerskollegium, från serie: Fjärde serien, daterat: 1872-1872..
A0075969_00038.jpg	TEXT	En arkivsida med löpande text bestående av blandade stilar, såsom handskriven, tryckt och maskinskriven text från arkiv: Kommerskollegium, från serie: Serie 1, daterat: 1834..
A0075969_00292.jpg	TEXT	En arkivsida med löpande text bestående av blandade stilar, såsom handskriven, tryckt och maskinskriven text från arkiv: Kommerskollegium, från serie: Serie 1, daterat: 1834..
A0075969_00135.jpg	TEXT	En arkivsida med löpande text bestående av blandade stilar, såsom handskriven, tryckt och maskinskriven text från arkiv: Kommerskollegium, från serie: Serie 1, daterat: 1834..
A0075969_00410.jpg	TEXT	En arkivsida med löpande text bestående av blandade stilar, såsom handskriven, tryckt och maskinskriven text från arkiv: Kommerskollegium, från serie: Serie 1, daterat: 1834..
A0075969_00399.jpg	TEXT	En arkivsida med löpande text bestående av blandade stilar, såsom handskriven, tryckt och maskinskriven text från arkiv: Kommerskollegium, från serie: Serie 1, daterat: 1834..
A0075969_00049.jpg	TEXT	En arkivsida med löpande text bestående av blandade stilar, såsom handskriven, tryckt och maskinskriven text från arkiv: Kommerskollegium, från serie: Serie 1, daterat: 1834..
A0039244_00029.jpg	LINE_HW	En arkivsida med handskriven text organiserad i tabell- eller formulärstruktur från arkiv: Register till riksregistraturet, från serie: Adressatregister till Riksregistraturet, daterat: 1610..
A0039244_00044.jpg	MISC	En arkivsida med paratextuellt eller blandat innehåll, såsom omslag, titelblad eller annat material utanför huvudtexten från arkiv: Register till riksregistraturet, från serie: Adressatregister till Riksregistraturet, daterat: 1610..
A0039244_00004.jpg	MISC	En arkivsida med paratextuellt eller blandat innehåll, såsom omslag, titelblad eller annat material utanför huvudtexten från arkiv: Register till riksregistraturet, från serie: Adressatregister till Riksregistraturet, daterat: 1610..
A0039244_00038.jpg	LINE_HW	En arkivsida med handskriven text organiserad i tabell- eller formulärstruktur från arkiv: Register till riksregistraturet, från serie: Adressatregister till Riksregistraturet, daterat: 1610..
A0075775_00215.jpg	TEXT	En arkivsida med löpande text bestående av blandade stilar, såsom handskriven, tryckt och maskinskriven text från arkiv: Kommerskollegium, från serie: Sjöpasshandlingar, daterat: 1821..
A0075775_00118.jpg	TEXT_HW	En arkivsida med löpande handskriven text i stycken från arkiv: Kommerskollegium, från serie: Sjöpasshandlingar, daterat: 1821..
A0075775_00326.jpg	TEXT	En arkivsida med löpande text bestående av blandade stilar, såsom handskriven, tryckt och maskinskriven text från arkiv: Kommerskollegium, från serie: Sjöpasshandlingar, daterat: 1821..
A0075775_00344.jpg	TEXT	En arkivsida med löpande text bestående av blandade stilar, såsom handskriven, tryckt och maskinskriven text från arkiv: Kommerskollegium, från serie: Sjöpasshandlingar, daterat: 1821..
A0075775_00370.jpg	TEXT	En arkivsida med löpande text bestående av blandade stilar, såsom handskriven, tryckt och maskinskriven text från arkiv: Kommerskollegium, från serie: Sjöpasshandlingar, daterat: 1821..
A0075775_00048.jpg	TEXT_HW	En arkivsida med löpande handskriven text i stycken från arkiv: Kommerskollegium, från serie: Sjöpasshandlingar, daterat: 1821..
A0075979_00327.jpg	TEXT_HW	En arkivsida med löpande handskriven text i stycken från arkiv: Kommerskollegium, från serie: Serie 1, daterat: 1836..
A0075979_00089.jpg	TEXT	En arkivsida med löpande text bestående av blandade stilar, såsom handskriven, tryckt och maskinskriven text från arkiv: Kommerskollegium, från serie: Serie 1, daterat: 1836..
A0075979_00285.jpg	TEXT	En arkivsida med löpande text bestående av blandade stilar, såsom handskriven, tryckt och maskinskriven text från arkiv: Kommerskollegium, från serie: Serie 1, daterat: 1836..
A0075979_00155.jpg	TEXT	En arkivsida med löpande text bestående av blandade stilar, såsom handskriven, tryckt och maskinskriven text från arkiv: Kommerskollegium, från serie: Serie 1, daterat: 1836..
A0075979_00200.jpg	TEXT	En arkivsida med löpande text bestående av blandade stilar, såsom handskriven, tryckt och maskinskriven text från arkiv: Kommerskollegium, från serie: Serie 1, daterat: 1836..
A0075979_00252.jpg	TEXT	En arkivsida med löpande text bestående av blandade stilar, såsom handskriven, tryckt och maskinskriven text från arkiv: Kommerskollegium, från serie: Serie 1, daterat: 1836..
A0075726_00211.jpg	TEXT_HW	En arkivsida med löpande handskriven text i stycken från arkiv: Kommerskollegium, från serie: Sjöpasshandlingar, daterat: 1808..
A0075726_00244.jpg	TEXT	En arkivsida med löpande text bestående av blandade stilar, såsom handskriven, tryckt och maskinskriven text från arkiv: Kommerskollegium, från serie: Sjöpasshandlingar, daterat: 1808..
A0075726_00512.jpg	TEXT	En arkivsida med löpande text bestående av blandade stilar, såsom handskriven, tryckt och maskinskriven text från arkiv: Kommerskollegium, från serie: Sjöpasshandlingar, daterat: 1808..
A0075726_00278.jpg	TEXT	En arkivsida med löpande text bestående av blandade stilar, såsom handskriven, tryckt och maskinskriven text från arkiv: Kommerskollegium, från serie: Sjöpasshandlingar, daterat: 1808..
A0075726_00245.jpg	TEXT_HW	En arkivsida med löpande handskriven text i stycken från arkiv: Kommerskollegium, från serie: Sjöpasshandlingar, daterat: 1808..
A0075726_00398.jpg	TEXT	En arkivsida med löpande text bestående av blandade stilar, såsom handskriven, tryckt och maskinskriven text från arkiv: Kommerskollegium, från serie: Sjöpasshandlingar, daterat: 1808..
A0039316_00196.jpg	LINE_HW	En arkivsida med handskriven text organiserad i tabell- eller formulärstruktur från arkiv: Register till riksregistraturet, från serie: Adressatregister till Riksregistraturet, daterat: 1712..
A0039316_00192.jpg	LINE_HW	En arkivsida med handskriven text organiserad i tabell- eller formulärstruktur från arkiv: Register till riksregistraturet, från serie: Adressatregister till Riksregistraturet, daterat: 1712..
A0039316_00046.jpg	LINE_HW	En arkivsida med handskriven text organiserad i tabell- eller formulärstruktur från arkiv: Register till riksregistraturet, från serie: Adressatregister till Riksregistraturet, daterat: 1712..
A0039316_00182.jpg	LINE_HW	En arkivsida med handskriven text organiserad i tabell- eller formulärstruktur från arkiv: Register till riksregistraturet, från serie: Adressatregister till Riksregistraturet, daterat: 1712..
A0039316_00235.jpg	LINE_HW	En arkivsida med handskriven text organiserad i tabell- eller formulärstruktur från arkiv: Register till riksregistraturet, från serie: Adressatregister till Riksregistraturet, daterat: 1712..
A0039316_00069.jpg	LINE_HW	En arkivsida med handskriven text organiserad i tabell- eller formulärstruktur från arkiv: Register till riksregistraturet, från serie: Adressatregister till Riksregistraturet, daterat: 1712..
40008966_00463.jpg	LINE_HW	En arkivsida med handskriven text organiserad i tabell- eller formulärstruktur från arkiv: Kommerskollegium, från serie: Tredje serien, daterat: 1862-1862..
40008966_00663.jpg	LINE_HW	En arkivsida med handskriven text organiserad i tabell- eller formulärstruktur från arkiv: Kommerskollegium, från serie: Tredje serien, daterat: 1862-1862..
40008966_00154.jpg	LINE_HW	En arkivsida med handskriven text organiserad i tabell- eller formulärstruktur från arkiv: Kommerskollegium, från serie: Tredje serien, daterat: 1862-1862..
40008966_00511.jpg	LINE_HW	En arkivsida med handskriven text organiserad i tabell- eller formulärstruktur från arkiv: Kommerskollegium, från serie: Tredje serien, daterat: 1862-1862..
40008966_00816.jpg	LINE_HW	En arkivsida med handskriven text organiserad i tabell- eller formulärstruktur från arkiv: Kommerskollegium, från serie: Tredje serien, daterat: 1862-1862..
40008966_00393.jpg	LINE_HW	En arkivsida med handskriven text organiserad i tabell- eller formulärstruktur från arkiv: Kommerskollegium, från serie: Tredje serien, daterat: 1862-1862..
A0076702_00844.jpg	LINE_HW	En arkivsida med handskriven text organiserad i tabell- eller formulärstruktur från arkiv: Kommerskollegium, från serie: Tredje serien, daterat: 1862-1862..
A0076702_00018.jpg	TEXT_HW	En arkivsida med löpande handskriven text i stycken från arkiv: Kommerskollegium, från serie: Tredje serien, daterat: 1862-1862..
A0076702_00540.jpg	LINE_HW	En arkivsida med handskriven text organiserad i tabell- eller formulärstruktur från arkiv: Kommerskollegium, från serie: Tredje serien, daterat: 1862-1862..
A0076702_00044.jpg	LINE_HW	En arkivsida med handskriven text organiserad i tabell- eller formulärstruktur från arkiv: Kommerskollegium, från serie: Tredje serien, daterat: 1862-1862..
A0076702_00638.jpg	LINE_HW	En arkivsida med handskriven text organiserad i tabell- eller formulärstruktur från arkiv: Kommerskollegium, från serie: Tredje serien, daterat: 1862-1862..
A0076702_00385.jpg	LINE_HW	En arkivsida med handskriven text organiserad i tabell- eller formulärstruktur från arkiv: Kommerskollegium, från serie: Tredje serien, daterat: 1862-1862..
A0075968_00269.jpg	TEXT	En arkivsida med löpande text bestående av blandade stilar, såsom handskriven, tryckt och maskinskriven text från arkiv: Kommerskollegium, från serie: Serie 1, daterat: 1834..
A0075968_00327.jpg	TEXT	En arkivsida med löpande text bestående av blandade stilar, såsom handskriven, tryckt och maskinskriven text från arkiv: Kommerskollegium, från serie: Serie 1, daterat: 1834..
A0075968_00291.jpg	TEXT	En arkivsida med löpande text bestående av blandade stilar, såsom handskriven, tryckt och maskinskriven text från arkiv: Kommerskollegium, från serie: Serie 1, daterat: 1834..
A0075968_00134.jpg	TEXT	En arkivsida med löpande text bestående av blandade stilar, såsom handskriven, tryckt och maskinskriven text från arkiv: Kommerskollegium, från serie: Serie 1, daterat: 1834..
A0075968_00030.jpg	TEXT	En arkivsida med löpande text bestående av blandade stilar, såsom handskriven, tryckt och maskinskriven text från arkiv: Kommerskollegium, från serie: Serie 1, daterat: 1834..
A0075968_00042.jpg	TEXT	En arkivsida med löpande text bestående av blandade stilar, såsom handskriven, tryckt och maskinskriven text från arkiv: Kommerskollegium, från serie: Serie 1, daterat: 1834..
40008955_00651.jpg	TEXT_HW	En arkivsida med löpande handskriven text i stycken från arkiv: Kommerskollegium, från serie: Andra serien, daterat: 1846-1846..
40008955_00403.jpg	TEXT_HW	En arkivsida med löpande handskriven text i stycken från arkiv: Kommerskollegium, från serie: Andra serien, daterat: 1846-1846..
40008955_00790.jpg	TEXT_HW	En arkivsida med löpande handskriven text i stycken från arkiv: Kommerskollegium, från serie: Andra serien, daterat: 1846-1846..
40008955_00320.jpg	LINE_HW	En arkivsida med handskriven text organiserad i tabell- eller formulärstruktur från arkiv: Kommerskollegium, från serie: Andra serien, daterat: 1846-1846..
40008955_00083.jpg	LINE_HW	En arkivsida med handskriven text organiserad i tabell- eller formulärstruktur från arkiv: Kommerskollegium, från serie: Andra serien, daterat: 1846-1846..
40008955_00787.jpg	TEXT_HW	En arkivsida med löpande handskriven text i stycken från arkiv: Kommerskollegium, från serie: Andra serien, daterat: 1846-1846..
A0076653_00595.jpg	LINE_HW	En arkivsida med handskriven text organiserad i tabell- eller formulärstruktur från arkiv: Kommerskollegium, från serie: Andra serien, daterat: 1846-1846..
A0076653_00594.jpg	LINE_HW	En arkivsida med handskriven text organiserad i tabell- eller formulärstruktur från arkiv: Kommerskollegium, från serie: Andra serien, daterat: 1846-1846..
A0076653_00220.jpg	LINE_HW	En arkivsida med handskriven text organiserad i tabell- eller formulärstruktur från arkiv: Kommerskollegium, från serie: Andra serien, daterat: 1846-1846..
A0076653_00340.jpg	LINE_HW	En arkivsida med handskriven text organiserad i tabell- eller formulärstruktur från arkiv: Kommerskollegium, från serie: Andra serien, daterat: 1846-1846..
A0076653_00019.jpg	LINE_HW	En arkivsida med handskriven text organiserad i tabell- eller formulärstruktur från arkiv: Kommerskollegium, från serie: Andra serien, daterat: 1846-1846..
A0076653_00556.jpg	LINE_HW	En arkivsida med handskriven text organiserad i tabell- eller formulärstruktur från arkiv: Kommerskollegium, från serie: Andra serien, daterat: 1846-1846..
A0039233_00226.jpg	LINE_HW	En arkivsida med handskriven text organiserad i tabell- eller formulärstruktur från arkiv: Register till riksregistraturet, från serie: Adressatregister till Riksregistraturet, daterat: 1585-1587..
A0039233_00362.jpg	LINE_HW	En arkivsida med handskriven text organiserad i tabell- eller formulärstruktur från arkiv: Register till riksregistraturet, från serie: Adressatregister till Riksregistraturet, daterat: 1585-1587..
A0039233_00115.jpg	LINE_HW	En arkivsida med handskriven text organiserad i tabell- eller formulärstruktur från arkiv: Register till riksregistraturet, från serie: Adressatregister till Riksregistraturet, daterat: 1585-1587..
A0039233_00363.jpg	LINE_HW	En arkivsida med handskriven text organiserad i tabell- eller formulärstruktur från arkiv: Register till riksregistraturet, från serie: Adressatregister till Riksregistraturet, daterat: 1585-1587..
A0039233_00077.jpg	LINE_HW	En arkivsida med handskriven text organiserad i tabell- eller formulärstruktur från arkiv: Register till riksregistraturet, från serie: Adressatregister till Riksregistraturet, daterat: 1585-1587..
A0039233_00427.jpg	LINE_HW	En arkivsida med handskriven text organiserad i tabell- eller formulärstruktur från arkiv: Register till riksregistraturet, från serie: Adressatregister till Riksregistraturet, daterat: 1585-1587..
71000715_00380.jpg	LINE_HW	En arkivsida med handskriven text organiserad i tabell- eller formulärstruktur från arkiv: Kommerskollegium, från serie: Tredje serien, daterat: 1857-1857..
71000715_00160.jpg	LINE_HW	En arkivsida med handskriven text organiserad i tabell- eller formulärstruktur från arkiv: Kommerskollegium, från serie: Tredje serien, daterat: 1857-1857..
71000715_00455.jpg	TEXT_HW	En arkivsida med löpande handskriven text i stycken från arkiv: Kommerskollegium, från serie: Tredje serien, daterat: 1857-1857..
71000715_00615.jpg	LINE_HW	En arkivsida med handskriven text organiserad i tabell- eller formulärstruktur från arkiv: Kommerskollegium, från serie: Tredje serien, daterat: 1857-1857..
71000715_00057.jpg	LINE_HW	En arkivsida med handskriven text organiserad i tabell- eller formulärstruktur från arkiv: Kommerskollegium, från serie: Tredje serien, daterat: 1857-1857..
71000715_00670.jpg	LINE_HW	En arkivsida med handskriven text organiserad i tabell- eller formulärstruktur från arkiv: Kommerskollegium, från serie: Tredje serien, daterat: 1857-1857..
A0075795_00392.jpg	TEXT	En arkivsida med löpande text bestående av blandade stilar, såsom handskriven, tryckt och maskinskriven text från arkiv: Kommerskollegium, från serie: Sjöpasshandlingar, daterat: 1830..
A0075795_00388.jpg	TEXT_HW	En arkivsida med löpande handskriven text i stycken från arkiv: Kommerskollegium, från serie: Sjöpasshandlingar, daterat: 1830..
A0075795_00086.jpg	TEXT	En arkivsida med löpande text bestående av blandade stilar, såsom handskriven, tryckt och maskinskriven text från arkiv: Kommerskollegium, från serie: Sjöpasshandlingar, daterat: 1830..
A0075795_00279.jpg	TEXT	En arkivsida med löpande text bestående av blandade stilar, såsom handskriven, tryckt och maskinskriven text från arkiv: Kommerskollegium, från serie: Sjöpasshandlingar, daterat: 1830..
A0075795_00143.jpg	TEXT	En arkivsida med löpande text bestående av blandade stilar, såsom handskriven, tryckt och maskinskriven text från arkiv: Kommerskollegium, från serie: Sjöpasshandlingar, daterat: 1830..
A0075795_00244.jpg	TEXT	En arkivsida med löpande text bestående av blandade stilar, såsom handskriven, tryckt och maskinskriven text från arkiv: Kommerskollegium, från serie: Sjöpasshandlingar, daterat: 1830..
A0039293_00128.jpg	LINE_HW	En arkivsida med handskriven text organiserad i tabell- eller formulärstruktur från arkiv: Register till riksregistraturet, från serie: Adressatregister till Riksregistraturet, daterat: 1686..
A0039293_00068.jpg	LINE_HW	En arkivsida med handskriven text organiserad i tabell- eller formulärstruktur från arkiv: Register till riksregistraturet, från serie: Adressatregister till Riksregistraturet, daterat: 1686..
A0039293_00115.jpg	LINE_HW	En arkivsida med handskriven text organiserad i tabell- eller formulärstruktur från arkiv: Register till riksregistraturet, från serie: Adressatregister till Riksregistraturet, daterat: 1686..
A0039293_00051.jpg	LINE_HW	En arkivsida med handskriven text organiserad i tabell- eller formulärstruktur från arkiv: Register till riksregistraturet, från serie: Adressatregister till Riksregistraturet, daterat: 1686..
A0039293_00032.jpg	LINE_HW	En arkivsida med handskriven text organiserad i tabell- eller formulärstruktur från arkiv: Register till riksregistraturet, från serie: Adressatregister till Riksregistraturet, daterat: 1686..
A0039293_00126.jpg	LINE_HW	En arkivsida med handskriven text organiserad i tabell- eller formulärstruktur från arkiv: Register till riksregistraturet, från serie: Adressatregister till Riksregistraturet, daterat: 1686..
A0075759_00258.jpg	TEXT	En arkivsida med löpande text bestående av blandade stilar, såsom handskriven, tryckt och maskinskriven text från arkiv: Kommerskollegium, från serie: Sjöpasshandlingar, daterat: 1816..
A0075759_00352.jpg	TEXT_HW	En arkivsida med löpande handskriven text i stycken från arkiv: Kommerskollegium, från serie: Sjöpasshandlingar, daterat: 1816..
A0075759_00001.jpg	MISC	En arkivsida med paratextuellt eller blandat innehåll, såsom omslag, titelblad eller annat material utanför huvudtexten från arkiv: Kommerskollegium, från serie: Sjöpasshandlingar, daterat: 1816..
A0075759_00205.jpg	TEXT	En arkivsida med löpande text bestående av blandade stilar, såsom handskriven, tryckt och maskinskriven text från arkiv: Kommerskollegium, från serie: Sjöpasshandlingar, daterat: 1816..
A0075759_00310.jpg	TEXT_HW	En arkivsida med löpande handskriven text i stycken från arkiv: Kommerskollegium, från serie: Sjöpasshandlingar, daterat: 1816..
A0075759_00052.jpg	TEXT_HW	En arkivsida med löpande handskriven text i stycken från arkiv: Kommerskollegium, från serie: Sjöpasshandlingar, daterat: 1816..
A0039200_00009.jpg	LINE_HW	En arkivsida med handskriven text organiserad i tabell- eller formulärstruktur från arkiv: Titularregister till riksregistraturet, från serie: Titularregister till riksregistraturet, daterat: 1655-1659..
A0039200_00005.jpg	MISC	En arkivsida med paratextuellt eller blandat innehåll, såsom omslag, titelblad eller annat material utanför huvudtexten från arkiv: Titularregister till riksregistraturet, från serie: Titularregister till riksregistraturet, daterat: 1655-1659..
A0039200_00004.jpg	MISC	En arkivsida med paratextuellt eller blandat innehåll, såsom omslag, titelblad eller annat material utanför huvudtexten från arkiv: Titularregister till riksregistraturet, från serie: Titularregister till riksregistraturet, daterat: 1655-1659..
A0075792_00625.jpg	TEXT	En arkivsida med löpande text bestående av blandade stilar, såsom handskriven, tryckt och maskinskriven text från arkiv: Kommerskollegium, från serie: Sjöpasshandlingar, daterat: 1828..
A0075792_00200.jpg	TEXT_HW	En arkivsida med löpande handskriven text i stycken från arkiv: Kommerskollegium, från serie: Sjöpasshandlingar, daterat: 1828..
A0075792_00386.jpg	TEXT	En arkivsida med löpande text bestående av blandade stilar, såsom handskriven, tryckt och maskinskriven text från arkiv: Kommerskollegium, från serie: Sjöpasshandlingar, daterat: 1828..
A0075792_00260.jpg	TEXT	En arkivsida med löpande text bestående av blandade stilar, såsom handskriven, tryckt och maskinskriven text från arkiv: Kommerskollegium, från serie: Sjöpasshandlingar, daterat: 1828..
A0075792_00300.jpg	TEXT	En arkivsida med löpande text bestående av blandade stilar, såsom handskriven, tryckt och maskinskriven text från arkiv: Kommerskollegium, från serie: Sjöpasshandlingar, daterat: 1828..
A0075792_00125.jpg	TEXT	En arkivsida med löpande text bestående av blandade stilar, såsom handskriven, tryckt och maskinskriven text från arkiv: Kommerskollegium, från serie: Sjöpasshandlingar, daterat: 1828..
A0075756_00517.jpg	TEXT_HW	En arkivsida med löpande handskriven text i stycken från arkiv: Kommerskollegium, från serie: Sjöpasshandlingar, daterat: 1815..
A0075756_00321.jpg	TEXT_HW	En arkivsida med löpande handskriven text i stycken från arkiv: Kommerskollegium, från serie: Sjöpasshandlingar, daterat: 1815..
A0075756_00558.jpg	TEXT	En arkivsida med löpande text bestående av blandade stilar, såsom handskriven, tryckt och maskinskriven text från arkiv: Kommerskollegium, från serie: Sjöpasshandlingar, daterat: 1815..
A0075756_00046.jpg	TEXT	En arkivsida med löpande text bestående av blandade stilar, såsom handskriven, tryckt och maskinskriven text från arkiv: Kommerskollegium, från serie: Sjöpasshandlingar, daterat: 1815..
A0075756_00551.jpg	TEXT_HW	En arkivsida med löpande handskriven text i stycken från arkiv: Kommerskollegium, från serie: Sjöpasshandlingar, daterat: 1815..
A0075756_00192.jpg	TEXT_HW	En arkivsida med löpande handskriven text i stycken från arkiv: Kommerskollegium, från serie: Sjöpasshandlingar, daterat: 1815..
A0075672_00044.jpg	LINE_HW	En arkivsida med handskriven text organiserad i tabell- eller formulärstruktur från arkiv: Kommerskollegium, från serie: Fribrevsdiarier, daterat: 1808..
A0075672_00045.jpg	LINE_HW	En arkivsida med handskriven text organiserad i tabell- eller formulärstruktur från arkiv: Kommerskollegium, från serie: Fribrevsdiarier, daterat: 1808..
A0075672_00034.jpg	LINE_HW	En arkivsida med handskriven text organiserad i tabell- eller formulärstruktur från arkiv: Kommerskollegium, från serie: Fribrevsdiarier, daterat: 1808..
A0075672_00025.jpg	LINE_HW	En arkivsida med handskriven text organiserad i tabell- eller formulärstruktur från arkiv: Kommerskollegium, från serie: Fribrevsdiarier, daterat: 1808..
A0075672_00011.jpg	LINE_HW	En arkivsida med handskriven text organiserad i tabell- eller formulärstruktur från arkiv: Kommerskollegium, från serie: Fribrevsdiarier, daterat: 1808..
A0075672_00014.jpg	LINE_HW	En arkivsida med handskriven text organiserad i tabell- eller formulärstruktur från arkiv: Kommerskollegium, från serie: Fribrevsdiarier, daterat: 1808..
A0039290_00047.jpg	LINE_HW	En arkivsida med handskriven text organiserad i tabell- eller formulärstruktur från arkiv: Register till riksregistraturet, från serie: Adressatregister till Riksregistraturet, daterat: 1683..
A0039290_00122.jpg	LINE_HW	En arkivsida med handskriven text organiserad i tabell- eller formulärstruktur från arkiv: Register till riksregistraturet, från serie: Adressatregister till Riksregistraturet, daterat: 1683..
A0039290_00118.jpg	LINE_HW	En arkivsida med handskriven text organiserad i tabell- eller formulärstruktur från arkiv: Register till riksregistraturet, från serie: Adressatregister till Riksregistraturet, daterat: 1683..
A0039290_00010.jpg	LINE_HW	En arkivsida med handskriven text organiserad i tabell- eller formulärstruktur från arkiv: Register till riksregistraturet, från serie: Adressatregister till Riksregistraturet, daterat: 1683..
A0039290_00087.jpg	LINE_HW	En arkivsida med handskriven text organiserad i tabell- eller formulärstruktur från arkiv: Register till riksregistraturet, från serie: Adressatregister till Riksregistraturet, daterat: 1683..
A0039194_00017.jpg	LINE_HW	En arkivsida med handskriven text organiserad i tabell- eller formulärstruktur från arkiv: Titularregister till riksregistraturet, från serie: Titularregister till riksregistraturet, daterat: 1611-1632..
A0039194_00043.jpg	LINE_HW	En arkivsida med handskriven text organiserad i tabell- eller formulärstruktur från arkiv: Titularregister till riksregistraturet, från serie: Titularregister till riksregistraturet, daterat: 1611-1632..
A0039194_00124.jpg	LINE_HW	En arkivsida med handskriven text organiserad i tabell- eller formulärstruktur från arkiv: Titularregister till riksregistraturet, från serie: Titularregister till riksregistraturet, daterat: 1611-1632..
A0039194_00163.jpg	LINE_HW	En arkivsida med handskriven text organiserad i tabell- eller formulärstruktur från arkiv: Titularregister till riksregistraturet, från serie: Titularregister till riksregistraturet, daterat: 1611-1632..
A0039194_00095.jpg	LINE_HW	En arkivsida med handskriven text organiserad i tabell- eller formulärstruktur från arkiv: Titularregister till riksregistraturet, från serie: Titularregister till riksregistraturet, daterat: 1611-1632..
A0039194_00040.jpg	LINE_HW	En arkivsida med handskriven text organiserad i tabell- eller formulärstruktur från arkiv: Titularregister till riksregistraturet, från serie: Titularregister till riksregistraturet, daterat: 1611-1632..
A0075736_00220.jpg	TEXT	En arkivsida med löpande text bestående av blandade stilar, såsom handskriven, tryckt och maskinskriven text från arkiv: Kommerskollegium, från serie: Sjöpasshandlingar, daterat: 1811..
A0075736_00410.jpg	TEXT	En arkivsida med löpande text bestående av blandade stilar, såsom handskriven, tryckt och maskinskriven text från arkiv: Kommerskollegium, från serie: Sjöpasshandlingar, daterat: 1811..
A0075736_00370.jpg	TEXT	En arkivsida med löpande text bestående av blandade stilar, såsom handskriven, tryckt och maskinskriven text från arkiv: Kommerskollegium, från serie: Sjöpasshandlingar, daterat: 1811..
A0075736_00246.jpg	TEXT	En arkivsida med löpande text bestående av blandade stilar, såsom handskriven, tryckt och maskinskriven text från arkiv: Kommerskollegium, från serie: Sjöpasshandlingar, daterat: 1811..
A0075736_00358.jpg	TEXT	En arkivsida med löpande text bestående av blandade stilar, såsom handskriven, tryckt och maskinskriven text från arkiv: Kommerskollegium, från serie: Sjöpasshandlingar, daterat: 1811..
A0075736_00339.jpg	TEXT_HW	En arkivsida med löpande handskriven text i stycken från arkiv: Kommerskollegium, från serie: Sjöpasshandlingar, daterat: 1811..
A0075762_00232.jpg	TEXT_HW	En arkivsida med löpande handskriven text i stycken från arkiv: Kommerskollegium, från serie: Sjöpasshandlingar, daterat: 1817..
A0075762_00009.jpg	TEXT	En arkivsida med löpande text bestående av blandade stilar, såsom handskriven, tryckt och maskinskriven text från arkiv: Kommerskollegium, från serie: Sjöpasshandlingar, daterat: 1817..
A0075762_00168.jpg	TEXT	En arkivsida med löpande text bestående av blandade stilar, såsom handskriven, tryckt och maskinskriven text från arkiv: Kommerskollegium, från serie: Sjöpasshandlingar, daterat: 1817..
A0075762_00296.jpg	TEXT	En arkivsida med löpande text bestående av blandade stilar, såsom handskriven, tryckt och maskinskriven text från arkiv: Kommerskollegium, från serie: Sjöpasshandlingar, daterat: 1817..
A0075762_00203.jpg	TEXT	En arkivsida med löpande text bestående av blandade stilar, såsom handskriven, tryckt och maskinskriven text från arkiv: Kommerskollegium, från serie: Sjöpasshandlingar, daterat: 1817..
A0075762_00271.jpg	TEXT_HW	En arkivsida med löpande handskriven text i stycken från arkiv: Kommerskollegium, från serie: Sjöpasshandlingar, daterat: 1817..
40008948_00012.jpg	LINE_HW	En arkivsida med handskriven text organiserad i tabell- eller formulärstruktur från arkiv: Kommerskollegium, från serie: Andra serien, daterat: 1822-1822..
40008948_00041.jpg	LINE_HW	En arkivsida med handskriven text organiserad i tabell- eller formulärstruktur från arkiv: Kommerskollegium, från serie: Andra serien, daterat: 1822-1822..
40008948_00056.jpg	TEXT_HW	En arkivsida med löpande handskriven text i stycken från arkiv: Kommerskollegium, från serie: Andra serien, daterat: 1822-1822..
40008948_00647.jpg	LINE_HW	En arkivsida med handskriven text organiserad i tabell- eller formulärstruktur från arkiv: Kommerskollegium, från serie: Andra serien, daterat: 1822-1822..
40008948_00186.jpg	LINE_HW	En arkivsida med handskriven text organiserad i tabell- eller formulärstruktur från arkiv: Kommerskollegium, från serie: Andra serien, daterat: 1822-1822..
40008948_00350.jpg	LINE_HW	En arkivsida med handskriven text organiserad i tabell- eller formulärstruktur från arkiv: Kommerskollegium, från serie: Andra serien, daterat: 1822-1822..
A0076603_00497.jpg	TEXT_HW	En arkivsida med löpande handskriven text i stycken från arkiv: Kommerskollegium, från serie: Andra serien, daterat: 1822-1822..
A0076603_00448.jpg	LINE_HW	En arkivsida med handskriven text organiserad i tabell- eller formulärstruktur från arkiv: Kommerskollegium, från serie: Andra serien, daterat: 1822-1822..
A0076603_00518.jpg	TEXT_HW	En arkivsida med löpande handskriven text i stycken från arkiv: Kommerskollegium, från serie: Andra serien, daterat: 1822-1822..
A0076603_00456.jpg	LINE_HW	En arkivsida med handskriven text organiserad i tabell- eller formulärstruktur från arkiv: Kommerskollegium, från serie: Andra serien, daterat: 1822-1822..
A0076603_00187.jpg	TEXT_HW	En arkivsida med löpande handskriven text i stycken från arkiv: Kommerskollegium, från serie: Andra serien, daterat: 1822-1822..
A0076603_00582.jpg	MISC	En arkivsida med paratextuellt eller blandat innehåll, såsom omslag, titelblad eller annat material utanför huvudtexten från arkiv: Kommerskollegium, från serie: Andra serien, daterat: 1822-1822..
A0075992_00403.jpg	TEXT	En arkivsida med löpande text bestående av blandade stilar, såsom handskriven, tryckt och maskinskriven text från arkiv: Kommerskollegium, från serie: Serie 1, daterat: 1838..
A0075992_00339.jpg	TEXT	En arkivsida med löpande text bestående av blandade stilar, såsom handskriven, tryckt och maskinskriven text från arkiv: Kommerskollegium, från serie: Serie 1, daterat: 1838..
A0075992_00365.jpg	TEXT	En arkivsida med löpande text bestående av blandade stilar, såsom handskriven, tryckt och maskinskriven text från arkiv: Kommerskollegium, från serie: Serie 1, daterat: 1838..
A0075992_00406.jpg	TEXT	En arkivsida med löpande text bestående av blandade stilar, såsom handskriven, tryckt och maskinskriven text från arkiv: Kommerskollegium, från serie: Serie 1, daterat: 1838..
A0075992_00022.jpg	TEXT	En arkivsida med löpande text bestående av blandade stilar, såsom handskriven, tryckt och maskinskriven text från arkiv: Kommerskollegium, från serie: Serie 1, daterat: 1838..
A0075992_00069.jpg	TEXT	En arkivsida med löpande text bestående av blandade stilar, såsom handskriven, tryckt och maskinskriven text från arkiv: Kommerskollegium, från serie: Serie 1, daterat: 1838..
A0075776_00178.jpg	TEXT	En arkivsida med löpande text bestående av blandade stilar, såsom handskriven, tryckt och maskinskriven text från arkiv: Kommerskollegium, från serie: Sjöpasshandlingar, daterat: 1821..
A0075776_00015.jpg	TEXT	En arkivsida med löpande text bestående av blandade stilar, såsom handskriven, tryckt och maskinskriven text från arkiv: Kommerskollegium, från serie: Sjöpasshandlingar, daterat: 1821..
A0075776_00175.jpg	TEXT	En arkivsida med löpande text bestående av blandade stilar, såsom handskriven, tryckt och maskinskriven text från arkiv: Kommerskollegium, från serie: Sjöpasshandlingar, daterat: 1821..
A0075776_00099.jpg	TEXT	En arkivsida med löpande text bestående av blandade stilar, såsom handskriven, tryckt och maskinskriven text från arkiv: Kommerskollegium, från serie: Sjöpasshandlingar, daterat: 1821..
A0075776_00098.jpg	TEXT	En arkivsida med löpande text bestående av blandade stilar, såsom handskriven, tryckt och maskinskriven text från arkiv: Kommerskollegium, från serie: Sjöpasshandlingar, daterat: 1821..
A0075776_00208.jpg	TEXT	En arkivsida med löpande text bestående av blandade stilar, såsom handskriven, tryckt och maskinskriven text från arkiv: Kommerskollegium, från serie: Sjöpasshandlingar, daterat: 1821..
71000585_00044.jpg	LINE_HW	En arkivsida med handskriven text organiserad i tabell- eller formulärstruktur från arkiv: Register till riksregistraturet, från serie: Adressatregister till Riksregistraturet, daterat: 1623..
71000585_00014.jpg	LINE_HW	En arkivsida med handskriven text organiserad i tabell- eller formulärstruktur från arkiv: Register till riksregistraturet, från serie: Adressatregister till Riksregistraturet, daterat: 1623..
71000585_00024.jpg	LINE_HW	En arkivsida med handskriven text organiserad i tabell- eller formulärstruktur från arkiv: Register till riksregistraturet, från serie: Adressatregister till Riksregistraturet, daterat: 1623..
71000585_00012.jpg	LINE_HW	En arkivsida med handskriven text organiserad i tabell- eller formulärstruktur från arkiv: Register till riksregistraturet, från serie: Adressatregister till Riksregistraturet, daterat: 1623..
71000585_00143.jpg	LINE_HW	En arkivsida med handskriven text organiserad i tabell- eller formulärstruktur från arkiv: Register till riksregistraturet, från serie: Adressatregister till Riksregistraturet, daterat: 1623..
71000585_00036.jpg	LINE_HW	En arkivsida med handskriven text organiserad i tabell- eller formulärstruktur från arkiv: Register till riksregistraturet, från serie: Adressatregister till Riksregistraturet, daterat: 1623..
A0039254_00141.jpg	LINE_HW	En arkivsida med handskriven text organiserad i tabell- eller formulärstruktur från arkiv: Register till riksregistraturet, från serie: Adressatregister till Riksregistraturet, daterat: 1623..
A0039254_00022.jpg	LINE_HW	En arkivsida med handskriven text organiserad i tabell- eller formulärstruktur från arkiv: Register till riksregistraturet, från serie: Adressatregister till Riksregistraturet, daterat: 1623..
A0039254_00099.jpg	LINE_HW	En arkivsida med handskriven text organiserad i tabell- eller formulärstruktur från arkiv: Register till riksregistraturet, från serie: Adressatregister till Riksregistraturet, daterat: 1623..
A0039254_00125.jpg	LINE_HW	En arkivsida med handskriven text organiserad i tabell- eller formulärstruktur från arkiv: Register till riksregistraturet, från serie: Adressatregister till Riksregistraturet, daterat: 1623..
A0039254_00119.jpg	LINE_HW	En arkivsida med handskriven text organiserad i tabell- eller formulärstruktur från arkiv: Register till riksregistraturet, från serie: Adressatregister till Riksregistraturet, daterat: 1623..
A0039254_00102.jpg	LINE_HW	En arkivsida med handskriven text organiserad i tabell- eller formulärstruktur från arkiv: Register till riksregistraturet, från serie: Adressatregister till Riksregistraturet, daterat: 1623..
A0075977_00041.jpg	TEXT	En arkivsida med löpande text bestående av blandade stilar, såsom handskriven, tryckt och maskinskriven text från arkiv: Kommerskollegium, från serie: Serie 1, daterat: 1836..
A0075977_00108.jpg	TEXT	En arkivsida med löpande text bestående av blandade stilar, såsom handskriven, tryckt och maskinskriven text från arkiv: Kommerskollegium, från serie: Serie 1, daterat: 1836..
A0075977_00121.jpg	TEXT	En arkivsida med löpande text bestående av blandade stilar, såsom handskriven, tryckt och maskinskriven text från arkiv: Kommerskollegium, från serie: Serie 1, daterat: 1836..
A0075977_00354.jpg	TEXT	En arkivsida med löpande text bestående av blandade stilar, såsom handskriven, tryckt och maskinskriven text från arkiv: Kommerskollegium, från serie: Serie 1, daterat: 1836..
A0075977_00183.jpg	TEXT	En arkivsida med löpande text bestående av blandade stilar, såsom handskriven, tryckt och maskinskriven text från arkiv: Kommerskollegium, från serie: Serie 1, daterat: 1836..
A0075977_00029.jpg	TEXT	En arkivsida med löpande text bestående av blandade stilar, såsom handskriven, tryckt och maskinskriven text från arkiv: Kommerskollegium, från serie: Serie 1, daterat: 1836..
A0075988_00394.jpg	TEXT	En arkivsida med löpande text bestående av blandade stilar, såsom handskriven, tryckt och maskinskriven text från arkiv: Kommerskollegium, från serie: Serie 1, daterat: 1838..
A0075988_00108.jpg	TEXT	En arkivsida med löpande text bestående av blandade stilar, såsom handskriven, tryckt och maskinskriven text från arkiv: Kommerskollegium, från serie: Serie 1, daterat: 1838..
A0075988_00044.jpg	TEXT	En arkivsida med löpande text bestående av blandade stilar, såsom handskriven, tryckt och maskinskriven text från arkiv: Kommerskollegium, från serie: Serie 1, daterat: 1838..
A0075988_00086.jpg	TEXT	En arkivsida med löpande text bestående av blandade stilar, såsom handskriven, tryckt och maskinskriven text från arkiv: Kommerskollegium, från serie: Serie 1, daterat: 1838..
A0075988_00194.jpg	TEXT	En arkivsida med löpande text bestående av blandade stilar, såsom handskriven, tryckt och maskinskriven text från arkiv: Kommerskollegium, från serie: Serie 1, daterat: 1838..
A0075988_00170.jpg	TEXT	En arkivsida med löpande text bestående av blandade stilar, såsom handskriven, tryckt och maskinskriven text från arkiv: Kommerskollegium, från serie: Serie 1, daterat: 1838..
A0075785_00043.jpg	TEXT	En arkivsida med löpande text bestående av blandade stilar, såsom handskriven, tryckt och maskinskriven text från arkiv: Kommerskollegium, från serie: Sjöpasshandlingar, daterat: 1825..
A0075785_00427.jpg	TEXT	En arkivsida med löpande text bestående av blandade stilar, såsom handskriven, tryckt och maskinskriven text från arkiv: Kommerskollegium, från serie: Sjöpasshandlingar, daterat: 1825..
A0075785_00404.jpg	TEXT_HW	En arkivsida med löpande handskriven text i stycken från arkiv: Kommerskollegium, från serie: Sjöpasshandlingar, daterat: 1825..
A0075785_00212.jpg	TEXT	En arkivsida med löpande text bestående av blandade stilar, såsom handskriven, tryckt och maskinskriven text från arkiv: Kommerskollegium, från serie: Sjöpasshandlingar, daterat: 1825..
A0075785_00163.jpg	TEXT	En arkivsida med löpande text bestående av blandade stilar, såsom handskriven, tryckt och maskinskriven text från arkiv: Kommerskollegium, från serie: Sjöpasshandlingar, daterat: 1825..
A0075785_00342.jpg	TEXT	En arkivsida med löpande text bestående av blandade stilar, såsom handskriven, tryckt och maskinskriven text från arkiv: Kommerskollegium, från serie: Sjöpasshandlingar, daterat: 1825..
A0075769_00259.jpg	TEXT	En arkivsida med löpande text bestående av blandade stilar, såsom handskriven, tryckt och maskinskriven text från arkiv: Kommerskollegium, från serie: Sjöpasshandlingar, daterat: 1819..
A0075769_00208.jpg	TEXT	En arkivsida med löpande text bestående av blandade stilar, såsom handskriven, tryckt och maskinskriven text från arkiv: Kommerskollegium, från serie: Sjöpasshandlingar, daterat: 1819..
A0075769_00128.jpg	TEXT_HW	En arkivsida med löpande handskriven text i stycken från arkiv: Kommerskollegium, från serie: Sjöpasshandlingar, daterat: 1819..
A0075769_00320.jpg	TEXT_HW	En arkivsida med löpande handskriven text i stycken från arkiv: Kommerskollegium, från serie: Sjöpasshandlingar, daterat: 1819..
A0075769_00012.jpg	TEXT	En arkivsida med löpande text bestående av blandade stilar, såsom handskriven, tryckt och maskinskriven text från arkiv: Kommerskollegium, från serie: Sjöpasshandlingar, daterat: 1819..
A0075769_00249.jpg	TEXT	En arkivsida med löpande text bestående av blandade stilar, såsom handskriven, tryckt och maskinskriven text från arkiv: Kommerskollegium, från serie: Sjöpasshandlingar, daterat: 1819..
A0039204_00202.jpg	LINE_HW	En arkivsida med handskriven text organiserad i tabell- eller formulärstruktur från arkiv: Titularregister till riksregistraturet, från serie: Titularregister till riksregistraturet, daterat: 1677-1682..
A0039204_00187.jpg	LINE_HW	En arkivsida med handskriven text organiserad i tabell- eller formulärstruktur från arkiv: Titularregister till riksregistraturet, från serie: Titularregister till riksregistraturet, daterat: 1677-1682..
A0039204_00090.jpg	LINE_HW	En arkivsida med handskriven text organiserad i tabell- eller formulärstruktur från arkiv: Titularregister till riksregistraturet, från serie: Titularregister till riksregistraturet, daterat: 1677-1682..
A0039204_00134.jpg	LINE_HW	En arkivsida med handskriven text organiserad i tabell- eller formulärstruktur från arkiv: Titularregister till riksregistraturet, från serie: Titularregister till riksregistraturet, daterat: 1677-1682..
A0039204_00012.jpg	LINE_HW	En arkivsida med handskriven text organiserad i tabell- eller formulärstruktur från arkiv: Titularregister till riksregistraturet, från serie: Titularregister till riksregistraturet, daterat: 1677-1682..
A0039204_00036.jpg	LINE_HW	En arkivsida med handskriven text organiserad i tabell- eller formulärstruktur från arkiv: Titularregister till riksregistraturet, från serie: Titularregister till riksregistraturet, daterat: 1677-1682..
A0075749_00432.jpg	TEXT	En arkivsida med löpande text bestående av blandade stilar, såsom handskriven, tryckt och maskinskriven text från arkiv: Kommerskollegium, från serie: Sjöpasshandlingar, daterat: 1814..
A0075749_00270.jpg	TEXT_HW	En arkivsida med löpande handskriven text i stycken från arkiv: Kommerskollegium, från serie: Sjöpasshandlingar, daterat: 1814..
A0075749_00107.jpg	TEXT	En arkivsida med löpande text bestående av blandade stilar, såsom handskriven, tryckt och maskinskriven text från arkiv: Kommerskollegium, från serie: Sjöpasshandlingar, daterat: 1814..
A0075749_00204.jpg	TEXT	En arkivsida med löpande text bestående av blandade stilar, såsom handskriven, tryckt och maskinskriven text från arkiv: Kommerskollegium, från serie: Sjöpasshandlingar, daterat: 1814..
A0075749_00357.jpg	TEXT	En arkivsida med löpande text bestående av blandade stilar, såsom handskriven, tryckt och maskinskriven text från arkiv: Kommerskollegium, från serie: Sjöpasshandlingar, daterat: 1814..
A0075749_00105.jpg	TEXT	En arkivsida med löpande text bestående av blandade stilar, såsom handskriven, tryckt och maskinskriven text från arkiv: Kommerskollegium, från serie: Sjöpasshandlingar, daterat: 1814..
A0039313_00031.jpg	LINE_HW	En arkivsida med handskriven text organiserad i tabell- eller formulärstruktur från arkiv: Register till riksregistraturet, från serie: Adressatregister till Riksregistraturet, daterat: 1710-1711..
A0039313_00109.jpg	LINE_HW	En arkivsida med handskriven text organiserad i tabell- eller formulärstruktur från arkiv: Register till riksregistraturet, från serie: Adressatregister till Riksregistraturet, daterat: 1710-1711..
A0039313_00083.jpg	LINE_HW	En arkivsida med handskriven text organiserad i tabell- eller formulärstruktur från arkiv: Register till riksregistraturet, från serie: Adressatregister till Riksregistraturet, daterat: 1710-1711..
A0039313_00026.jpg	LINE_HW	En arkivsida med handskriven text organiserad i tabell- eller formulärstruktur från arkiv: Register till riksregistraturet, från serie: Adressatregister till Riksregistraturet, daterat: 1710-1711..
A0039313_00087.jpg	LINE_HW	En arkivsida med handskriven text organiserad i tabell- eller formulärstruktur från arkiv: Register till riksregistraturet, från serie: Adressatregister till Riksregistraturet, daterat: 1710-1711..
A0039313_00010.jpg	LINE_HW	En arkivsida med handskriven text organiserad i tabell- eller formulärstruktur från arkiv: Register till riksregistraturet, från serie: Adressatregister till Riksregistraturet, daterat: 1710-1711..
A0075980_00131.jpg	TEXT	En arkivsida med löpande text bestående av blandade stilar, såsom handskriven, tryckt och maskinskriven text från arkiv: Kommerskollegium, från serie: Serie 1, daterat: 1836..
A0075980_00187.jpg	TEXT	En arkivsida med löpande text bestående av blandade stilar, såsom handskriven, tryckt och maskinskriven text från arkiv: Kommerskollegium, från serie: Serie 1, daterat: 1836..
A0075980_00082.jpg	TEXT	En arkivsida med löpande text bestående av blandade stilar, såsom handskriven, tryckt och maskinskriven text från arkiv: Kommerskollegium, från serie: Serie 1, daterat: 1836..
A0075980_00175.jpg	TEXT	En arkivsida med löpande text bestående av blandade stilar, såsom handskriven, tryckt och maskinskriven text från arkiv: Kommerskollegium, från serie: Serie 1, daterat: 1836..
A0075980_00234.jpg	TEXT_HW	En arkivsida med löpande handskriven text i stycken från arkiv: Kommerskollegium, från serie: Serie 1, daterat: 1836..
A0075980_00099.jpg	TEXT	En arkivsida med löpande text bestående av blandade stilar, såsom handskriven, tryckt och maskinskriven text från arkiv: Kommerskollegium, från serie: Serie 1, daterat: 1836..
A0039296_00133.jpg	LINE_HW	En arkivsida med handskriven text organiserad i tabell- eller formulärstruktur från arkiv: Register till riksregistraturet, från serie: Adressatregister till Riksregistraturet, daterat: 1689..
A0039296_00061.jpg	LINE_HW	En arkivsida med handskriven text organiserad i tabell- eller formulärstruktur från arkiv: Register till riksregistraturet, från serie: Adressatregister till Riksregistraturet, daterat: 1689..
A0039296_00022.jpg	LINE_HW	En arkivsida med handskriven text organiserad i tabell- eller formulärstruktur från arkiv: Register till riksregistraturet, från serie: Adressatregister till Riksregistraturet, daterat: 1689..
A0039296_00070.jpg	LINE_HW	En arkivsida med handskriven text organiserad i tabell- eller formulärstruktur från arkiv: Register till riksregistraturet, från serie: Adressatregister till Riksregistraturet, daterat: 1689..
A0039296_00200.jpg	LINE_HW	En arkivsida med handskriven text organiserad i tabell- eller formulärstruktur från arkiv: Register till riksregistraturet, från serie: Adressatregister till Riksregistraturet, daterat: 1689..
A0039296_00052.jpg	LINE_HW	En arkivsida med handskriven text organiserad i tabell- eller formulärstruktur från arkiv: Register till riksregistraturet, från serie: Adressatregister till Riksregistraturet, daterat: 1689..
A0075989_00072.jpg	TEXT	En arkivsida med löpande text bestående av blandade stilar, såsom handskriven, tryckt och maskinskriven text från arkiv: Kommerskollegium, från serie: Serie 1, daterat: 1838..
A0075989_00230.jpg	TEXT	En arkivsida med löpande text bestående av blandade stilar, såsom handskriven, tryckt och maskinskriven text från arkiv: Kommerskollegium, från serie: Serie 1, daterat: 1838..
A0075989_00246.jpg	TEXT	En arkivsida med löpande text bestående av blandade stilar, såsom handskriven, tryckt och maskinskriven text från arkiv: Kommerskollegium, från serie: Serie 1, daterat: 1838..
A0075989_00025.jpg	TEXT	En arkivsida med löpande text bestående av blandade stilar, såsom handskriven, tryckt och maskinskriven text från arkiv: Kommerskollegium, från serie: Serie 1, daterat: 1838..
A0075989_00151.jpg	TEXT	En arkivsida med löpande text bestående av blandade stilar, såsom handskriven, tryckt och maskinskriven text från arkiv: Kommerskollegium, från serie: Serie 1, daterat: 1838..
A0075989_00278.jpg	TEXT	En arkivsida med löpande text bestående av blandade stilar, såsom handskriven, tryckt och maskinskriven text från arkiv: Kommerskollegium, från serie: Serie 1, daterat: 1838..
A0039225_00134.jpg	TEXT	En arkivsida med löpande text bestående av blandade stilar, såsom handskriven, tryckt och maskinskriven text från arkiv: Register till riksregistraturet, från serie: Adressatregister till Riksregistraturet, daterat: 1552-1554..
A0039225_00128.jpg	LINE_HW	En arkivsida med handskriven text organiserad i tabell- eller formulärstruktur från arkiv: Register till riksregistraturet, från serie: Adressatregister till Riksregistraturet, daterat: 1552-1554..
A0039225_00140.jpg	LINE_HW	En arkivsida med handskriven text organiserad i tabell- eller formulärstruktur från arkiv: Register till riksregistraturet, från serie: Adressatregister till Riksregistraturet, daterat: 1552-1554..
A0039225_00083.jpg	LINE_HW	En arkivsida med handskriven text organiserad i tabell- eller formulärstruktur från arkiv: Register till riksregistraturet, från serie: Adressatregister till Riksregistraturet, daterat: 1552-1554..
A0039225_00133.jpg	LINE_HW	En arkivsida med handskriven text organiserad i tabell- eller formulärstruktur från arkiv: Register till riksregistraturet, från serie: Adressatregister till Riksregistraturet, daterat: 1552-1554..
A0039225_00077.jpg	LINE_HW	En arkivsida med handskriven text organiserad i tabell- eller formulärstruktur från arkiv: Register till riksregistraturet, från serie: Adressatregister till Riksregistraturet, daterat: 1552-1554..
A0075727_00380.jpg	TEXT	En arkivsida med löpande text bestående av blandade stilar, såsom handskriven, tryckt och maskinskriven text från arkiv: Kommerskollegium, från serie: Sjöpasshandlingar, daterat: 1808..
A0075727_00484.jpg	TEXT	En arkivsida med löpande text bestående av blandade stilar, såsom handskriven, tryckt och maskinskriven text från arkiv: Kommerskollegium, från serie: Sjöpasshandlingar, daterat: 1808..
A0075727_00038.jpg	TEXT	En arkivsida med löpande text bestående av blandade stilar, såsom handskriven, tryckt och maskinskriven text från arkiv: Kommerskollegium, från serie: Sjöpasshandlingar, daterat: 1808..
A0075727_00374.jpg	TEXT	En arkivsida med löpande text bestående av blandade stilar, såsom handskriven, tryckt och maskinskriven text från arkiv: Kommerskollegium, från serie: Sjöpasshandlingar, daterat: 1808..
A0075727_00032.jpg	TEXT	En arkivsida med löpande text bestående av blandade stilar, såsom handskriven, tryckt och maskinskriven text från arkiv: Kommerskollegium, från serie: Sjöpasshandlingar, daterat: 1808..
A0075727_00059.jpg	TEXT_HW	En arkivsida med löpande handskriven text i stycken från arkiv: Kommerskollegium, från serie: Sjöpasshandlingar, daterat: 1808..
A0075787_00208.jpg	TEXT	En arkivsida med löpande text bestående av blandade stilar, såsom handskriven, tryckt och maskinskriven text från arkiv: Kommerskollegium, från serie: Sjöpasshandlingar, daterat: 1826..
A0075787_00143.jpg	TEXT	En arkivsida med löpande text bestående av blandade stilar, såsom handskriven, tryckt och maskinskriven text från arkiv: Kommerskollegium, från serie: Sjöpasshandlingar, daterat: 1826..
A0075787_00232.jpg	TEXT_HW	En arkivsida med löpande handskriven text i stycken från arkiv: Kommerskollegium, från serie: Sjöpasshandlingar, daterat: 1826..
A0075787_00200.jpg	TEXT	En arkivsida med löpande text bestående av blandade stilar, såsom handskriven, tryckt och maskinskriven text från arkiv: Kommerskollegium, från serie: Sjöpasshandlingar, daterat: 1826..
A0075787_00068.jpg	TEXT_HW	En arkivsida med löpande handskriven text i stycken från arkiv: Kommerskollegium, från serie: Sjöpasshandlingar, daterat: 1826..
A0075787_00006.jpg	TEXT	En arkivsida med löpande text bestående av blandade stilar, såsom handskriven, tryckt och maskinskriven text från arkiv: Kommerskollegium, från serie: Sjöpasshandlingar, daterat: 1826..
A0075797_00121.jpg	TEXT	En arkivsida med löpande text bestående av blandade stilar, såsom handskriven, tryckt och maskinskriven text från arkiv: Kommerskollegium, från serie: Sjöpasshandlingar, daterat: 1831..
A0075797_00322.jpg	TEXT	En arkivsida med löpande text bestående av blandade stilar, såsom handskriven, tryckt och maskinskriven text från arkiv: Kommerskollegium, från serie: Sjöpasshandlingar, daterat: 1831..
A0075797_00152.jpg	TEXT	En arkivsida med löpande text bestående av blandade stilar, såsom handskriven, tryckt och maskinskriven text från arkiv: Kommerskollegium, från serie: Sjöpasshandlingar, daterat: 1831..
A0075797_00356.jpg	TEXT	En arkivsida med löpande text bestående av blandade stilar, såsom handskriven, tryckt och maskinskriven text från arkiv: Kommerskollegium, från serie: Sjöpasshandlingar, daterat: 1831..
A0075797_00249.jpg	TEXT_HW	En arkivsida med löpande handskriven text i stycken från arkiv: Kommerskollegium, från serie: Sjöpasshandlingar, daterat: 1831..
A0075797_00160.jpg	TEXT_HW	En arkivsida med löpande handskriven text i stycken från arkiv: Kommerskollegium, från serie: Sjöpasshandlingar, daterat: 1831..
A0039252_00167.jpg	LINE_HW	En arkivsida med handskriven text organiserad i tabell- eller formulärstruktur från arkiv: Register till riksregistraturet, från serie: Adressatregister till Riksregistraturet, daterat: 1621..
A0039252_00126.jpg	MISC	En arkivsida med paratextuellt eller blandat innehåll, såsom omslag, titelblad eller annat material utanför huvudtexten från arkiv: Register till riksregistraturet, från serie: Adressatregister till Riksregistraturet, daterat: 1621..
A0039252_00048.jpg	LINE_HW	En arkivsida med handskriven text organiserad i tabell- eller formulärstruktur från arkiv: Register till riksregistraturet, från serie: Adressatregister till Riksregistraturet, daterat: 1621..
A0039252_00059.jpg	LINE_HW	En arkivsida med handskriven text organiserad i tabell- eller formulärstruktur från arkiv: Register till riksregistraturet, från serie: Adressatregister till Riksregistraturet, daterat: 1621..
A0039252_00150.jpg	LINE_HW	En arkivsida med handskriven text organiserad i tabell- eller formulärstruktur från arkiv: Register till riksregistraturet, från serie: Adressatregister till Riksregistraturet, daterat: 1621..
A0039252_00062.jpg	LINE_HW	En arkivsida med handskriven text organiserad i tabell- eller formulärstruktur från arkiv: Register till riksregistraturet, från serie: Adressatregister till Riksregistraturet, daterat: 1621..
R0002336_00296.jpg	TEXT_HW	En arkivsida med löpande handskriven text i stycken från arkiv: Kommerskollegium, från serie: Skrivelser från svenska (svensk-norska) konsuler, daterat: 1890-1905..
R0002336_00016.jpg	TEXT_HW	En arkivsida med löpande handskriven text i stycken från arkiv: Kommerskollegium, från serie: Skrivelser från svenska (svensk-norska) konsuler, daterat: 1890-1905..
R0002336_00135.jpg	TEXT_HW	En arkivsida med löpande handskriven text i stycken från arkiv: Kommerskollegium, från serie: Skrivelser från svenska (svensk-norska) konsuler, daterat: 1890-1905..
R0002336_00290.jpg	TEXT_HW	En arkivsida med löpande handskriven text i stycken från arkiv: Kommerskollegium, från serie: Skrivelser från svenska (svensk-norska) konsuler, daterat: 1890-1905..
R0002336_00043.jpg	TEXT_HW	En arkivsida med löpande handskriven text i stycken från arkiv: Kommerskollegium, från serie: Skrivelser från svenska (svensk-norska) konsuler, daterat: 1890-1905..
R0002336_00314.jpg	TEXT_HW	En arkivsida med löpande handskriven text i stycken från arkiv: Kommerskollegium, från serie: Skrivelser från svenska (svensk-norska) konsuler, daterat: 1890-1905..
A0075978_00163.jpg	TEXT	En arkivsida med löpande text bestående av blandade stilar, såsom handskriven, tryckt och maskinskriven text från arkiv: Kommerskollegium, från serie: Serie 1, daterat: 1836..
A0075978_00137.jpg	TEXT	En arkivsida med löpande text bestående av blandade stilar, såsom handskriven, tryckt och maskinskriven text från arkiv: Kommerskollegium, från serie: Serie 1, daterat: 1836..
A0075978_00401.jpg	TEXT	En arkivsida med löpande text bestående av blandade stilar, såsom handskriven, tryckt och maskinskriven text från arkiv: Kommerskollegium, från serie: Serie 1, daterat: 1836..
A0075978_00304.jpg	TEXT	En arkivsida med löpande text bestående av blandade stilar, såsom handskriven, tryckt och maskinskriven text från arkiv: Kommerskollegium, från serie: Serie 1, daterat: 1836..
A0075978_00084.jpg	TEXT	En arkivsida med löpande text bestående av blandade stilar, såsom handskriven, tryckt och maskinskriven text från arkiv: Kommerskollegium, från serie: Serie 1, daterat: 1836..
A0075978_00027.jpg	TEXT	En arkivsida med löpande text bestående av blandade stilar, såsom handskriven, tryckt och maskinskriven text från arkiv: Kommerskollegium, från serie: Serie 1, daterat: 1836..
A0075991_00084.jpg	TEXT	En arkivsida med löpande text bestående av blandade stilar, såsom handskriven, tryckt och maskinskriven text från arkiv: Kommerskollegium, från serie: Serie 1, daterat: 1838..
A0075991_00309.jpg	TEXT	En arkivsida med löpande text bestående av blandade stilar, såsom handskriven, tryckt och maskinskriven text från arkiv: Kommerskollegium, från serie: Serie 1, daterat: 1838..
A0075991_00130.jpg	TEXT	En arkivsida med löpande text bestående av blandade stilar, såsom handskriven, tryckt och maskinskriven text från arkiv: Kommerskollegium, från serie: Serie 1, daterat: 1838..
A0075991_00447.jpg	TEXT	En arkivsida med löpande text bestående av blandade stilar, såsom handskriven, tryckt och maskinskriven text från arkiv: Kommerskollegium, från serie: Serie 1, daterat: 1838..
A0075991_00240.jpg	TEXT	En arkivsida med löpande text bestående av blandade stilar, såsom handskriven, tryckt och maskinskriven text från arkiv: Kommerskollegium, från serie: Serie 1, daterat: 1838..
A0075991_00021.jpg	TEXT	En arkivsida med löpande text bestående av blandade stilar, såsom handskriven, tryckt och maskinskriven text från arkiv: Kommerskollegium, från serie: Serie 1, daterat: 1838..
A0075972_00166.jpg	TEXT	En arkivsida med löpande text bestående av blandade stilar, såsom handskriven, tryckt och maskinskriven text från arkiv: Kommerskollegium, från serie: Serie 1, daterat: 1835..
A0075972_00269.jpg	TEXT	En arkivsida med löpande text bestående av blandade stilar, såsom handskriven, tryckt och maskinskriven text från arkiv: Kommerskollegium, från serie: Serie 1, daterat: 1835..
A0075972_00374.jpg	TEXT	En arkivsida med löpande text bestående av blandade stilar, såsom handskriven, tryckt och maskinskriven text från arkiv: Kommerskollegium, från serie: Serie 1, daterat: 1835..
A0075972_00195.jpg	TEXT	En arkivsida med löpande text bestående av blandade stilar, såsom handskriven, tryckt och maskinskriven text från arkiv: Kommerskollegium, från serie: Serie 1, daterat: 1835..
A0075972_00250.jpg	TEXT	En arkivsida med löpande text bestående av blandade stilar, såsom handskriven, tryckt och maskinskriven text från arkiv: Kommerskollegium, från serie: Serie 1, daterat: 1835..
A0075972_00146.jpg	TEXT	En arkivsida med löpande text bestående av blandade stilar, såsom handskriven, tryckt och maskinskriven text från arkiv: Kommerskollegium, från serie: Serie 1, daterat: 1835..
A0075791_00204.jpg	TEXT_HW	En arkivsida med löpande handskriven text i stycken från arkiv: Kommerskollegium, från serie: Sjöpasshandlingar, daterat: 1828..
A0075791_00068.jpg	TEXT	En arkivsida med löpande text bestående av blandade stilar, såsom handskriven, tryckt och maskinskriven text från arkiv: Kommerskollegium, från serie: Sjöpasshandlingar, daterat: 1828..
A0075791_00258.jpg	TEXT	En arkivsida med löpande text bestående av blandade stilar, såsom handskriven, tryckt och maskinskriven text från arkiv: Kommerskollegium, från serie: Sjöpasshandlingar, daterat: 1828..
A0075791_00069.jpg	TEXT	En arkivsida med löpande text bestående av blandade stilar, såsom handskriven, tryckt och maskinskriven text från arkiv: Kommerskollegium, från serie: Sjöpasshandlingar, daterat: 1828..
A0075791_00349.jpg	TEXT	En arkivsida med löpande text bestående av blandade stilar, såsom handskriven, tryckt och maskinskriven text från arkiv: Kommerskollegium, från serie: Sjöpasshandlingar, daterat: 1828..
A0075791_00110.jpg	TEXT	En arkivsida med löpande text bestående av blandade stilar, såsom handskriven, tryckt och maskinskriven text från arkiv: Kommerskollegium, från serie: Sjöpasshandlingar, daterat: 1828..
A0039239_00209.jpg	LINE_TP	En arkivsida med tryckt eller maskinskriven text organiserad i tabell- eller formulärstruktur från arkiv: Register till riksregistraturet, från serie: Adressatregister till Riksregistraturet, daterat: 1602-1604..
A0039239_00223.jpg	LINE_TP	En arkivsida med tryckt eller maskinskriven text organiserad i tabell- eller formulärstruktur från arkiv: Register till riksregistraturet, från serie: Adressatregister till Riksregistraturet, daterat: 1602-1604..
A0039239_00132.jpg	LINE_TP	En arkivsida med tryckt eller maskinskriven text organiserad i tabell- eller formulärstruktur från arkiv: Register till riksregistraturet, från serie: Adressatregister till Riksregistraturet, daterat: 1602-1604..
A0039239_00073.jpg	LINE_TP	En arkivsida med tryckt eller maskinskriven text organiserad i tabell- eller formulärstruktur från arkiv: Register till riksregistraturet, från serie: Adressatregister till Riksregistraturet, daterat: 1602-1604..
A0039239_00167.jpg	LINE_TP	En arkivsida med tryckt eller maskinskriven text organiserad i tabell- eller formulärstruktur från arkiv: Register till riksregistraturet, från serie: Adressatregister till Riksregistraturet, daterat: 1602-1604..
A0039239_00251.jpg	LINE_TP	En arkivsida med tryckt eller maskinskriven text organiserad i tabell- eller formulärstruktur från arkiv: Register till riksregistraturet, från serie: Adressatregister till Riksregistraturet, daterat: 1602-1604..
A0039257_00101.jpg	LINE_HW	En arkivsida med handskriven text organiserad i tabell- eller formulärstruktur från arkiv: Register till riksregistraturet, från serie: Adressatregister till Riksregistraturet, daterat: 1628..
A0039257_00111.jpg	LINE_HW	En arkivsida med handskriven text organiserad i tabell- eller formulärstruktur från arkiv: Register till riksregistraturet, från serie: Adressatregister till Riksregistraturet, daterat: 1628..
A0039257_00021.jpg	LINE_HW	En arkivsida med handskriven text organiserad i tabell- eller formulärstruktur från arkiv: Register till riksregistraturet, från serie: Adressatregister till Riksregistraturet, daterat: 1628..
A0039257_00044.jpg	LINE_HW	En arkivsida med handskriven text organiserad i tabell- eller formulärstruktur från arkiv: Register till riksregistraturet, från serie: Adressatregister till Riksregistraturet, daterat: 1628..
A0039257_00112.jpg	LINE_HW	En arkivsida med handskriven text organiserad i tabell- eller formulärstruktur från arkiv: Register till riksregistraturet, från serie: Adressatregister till Riksregistraturet, daterat: 1628..
A0039257_00033.jpg	LINE_HW	En arkivsida med handskriven text organiserad i tabell- eller formulärstruktur från arkiv: Register till riksregistraturet, från serie: Adressatregister till Riksregistraturet, daterat: 1628..
A0039319_00176.jpg	LINE_HW	En arkivsida med handskriven text organiserad i tabell- eller formulärstruktur från arkiv: Register till riksregistraturet, från serie: Adressatregister till Riksregistraturet, daterat: 1714-1715..
A0039319_00256.jpg	LINE_HW	En arkivsida med handskriven text organiserad i tabell- eller formulärstruktur från arkiv: Register till riksregistraturet, från serie: Adressatregister till Riksregistraturet, daterat: 1714-1715..
A0039319_00065.jpg	LINE_HW	En arkivsida med handskriven text organiserad i tabell- eller formulärstruktur från arkiv: Register till riksregistraturet, från serie: Adressatregister till Riksregistraturet, daterat: 1714-1715..
A0039319_00206.jpg	LINE_HW	En arkivsida med handskriven text organiserad i tabell- eller formulärstruktur från arkiv: Register till riksregistraturet, från serie: Adressatregister till Riksregistraturet, daterat: 1714-1715..
A0039319_00082.jpg	LINE_HW	En arkivsida med handskriven text organiserad i tabell- eller formulärstruktur från arkiv: Register till riksregistraturet, från serie: Adressatregister till Riksregistraturet, daterat: 1714-1715..
A0039319_00193.jpg	MISC	En arkivsida med paratextuellt eller blandat innehåll, såsom omslag, titelblad eller annat material utanför huvudtexten från arkiv: Register till riksregistraturet, från serie: Adressatregister till Riksregistraturet, daterat: 1714-1715..
A0075760_00640.jpg	TEXT	En arkivsida med löpande text bestående av blandade stilar, såsom handskriven, tryckt och maskinskriven text från arkiv: Kommerskollegium, från serie: Sjöpasshandlingar, daterat: 1817..
A0075760_00295.jpg	TEXT	En arkivsida med löpande text bestående av blandade stilar, såsom handskriven, tryckt och maskinskriven text från arkiv: Kommerskollegium, från serie: Sjöpasshandlingar, daterat: 1817..
A0075760_00593.jpg	TEXT_HW	En arkivsida med löpande handskriven text i stycken från arkiv: Kommerskollegium, från serie: Sjöpasshandlingar, daterat: 1817..
A0075760_00371.jpg	TEXT	En arkivsida med löpande text bestående av blandade stilar, såsom handskriven, tryckt och maskinskriven text från arkiv: Kommerskollegium, från serie: Sjöpasshandlingar, daterat: 1817..
A0075760_00234.jpg	TEXT_HW	En arkivsida med löpande handskriven text i stycken från arkiv: Kommerskollegium, från serie: Sjöpasshandlingar, daterat: 1817..
A0075760_00057.jpg	TEXT	En arkivsida med löpande text bestående av blandade stilar, såsom handskriven, tryckt och maskinskriven text från arkiv: Kommerskollegium, från serie: Sjöpasshandlingar, daterat: 1817..
A0075974_00005.jpg	TEXT	En arkivsida med löpande text bestående av blandade stilar, såsom handskriven, tryckt och maskinskriven text från arkiv: Kommerskollegium, från serie: Serie 1, daterat: 1835..
A0075974_00110.jpg	TEXT	En arkivsida med löpande text bestående av blandade stilar, såsom handskriven, tryckt och maskinskriven text från arkiv: Kommerskollegium, från serie: Serie 1, daterat: 1835..
A0075974_00312.jpg	TEXT	En arkivsida med löpande text bestående av blandade stilar, såsom handskriven, tryckt och maskinskriven text från arkiv: Kommerskollegium, från serie: Serie 1, daterat: 1835..
A0075974_00394.jpg	TEXT	En arkivsida med löpande text bestående av blandade stilar, såsom handskriven, tryckt och maskinskriven text från arkiv: Kommerskollegium, från serie: Serie 1, daterat: 1835..
A0075974_00386.jpg	TEXT	En arkivsida med löpande text bestående av blandade stilar, såsom handskriven, tryckt och maskinskriven text från arkiv: Kommerskollegium, från serie: Serie 1, daterat: 1835..
A0075974_00295.jpg	TEXT_HW	En arkivsida med löpande handskriven text i stycken från arkiv: Kommerskollegium, från serie: Serie 1, daterat: 1835..
A0075622_00145.jpg	LINE_HW	En arkivsida med handskriven text organiserad i tabell- eller formulärstruktur från arkiv: Kommerskollegium, från serie: Sjöpassdiarier, daterat: 1825-1827..
A0075622_00076.jpg	LINE_HW	En arkivsida med handskriven text organiserad i tabell- eller formulärstruktur från arkiv: Kommerskollegium, från serie: Sjöpassdiarier, daterat: 1825-1827..
A0075622_00058.jpg	LINE_HW	En arkivsida med handskriven text organiserad i tabell- eller formulärstruktur från arkiv: Kommerskollegium, från serie: Sjöpassdiarier, daterat: 1825-1827..
A0075622_00135.jpg	LINE_HW	En arkivsida med handskriven text organiserad i tabell- eller formulärstruktur från arkiv: Kommerskollegium, från serie: Sjöpassdiarier, daterat: 1825-1827..
A0075622_00001.jpg	MISC	En arkivsida med paratextuellt eller blandat innehåll, såsom omslag, titelblad eller annat material utanför huvudtexten från arkiv: Kommerskollegium, från serie: Sjöpassdiarier, daterat: 1825-1827..
A0075622_00048.jpg	LINE_HW	En arkivsida med handskriven text organiserad i tabell- eller formulärstruktur från arkiv: Kommerskollegium, från serie: Sjöpassdiarier, daterat: 1825-1827..
A0039274_00073.jpg	LINE_HW	En arkivsida med handskriven text organiserad i tabell- eller formulärstruktur från arkiv: Register till riksregistraturet, från serie: Adressatregister till Riksregistraturet, daterat: 1662-1663..
A0039274_00136.jpg	LINE_HW	En arkivsida med handskriven text organiserad i tabell- eller formulärstruktur från arkiv: Register till riksregistraturet, från serie: Adressatregister till Riksregistraturet, daterat: 1662-1663..
A0039274_00121.jpg	LINE_HW	En arkivsida med handskriven text organiserad i tabell- eller formulärstruktur från arkiv: Register till riksregistraturet, från serie: Adressatregister till Riksregistraturet, daterat: 1662-1663..
A0039274_00134.jpg	LINE_HW	En arkivsida med handskriven text organiserad i tabell- eller formulärstruktur från arkiv: Register till riksregistraturet, från serie: Adressatregister till Riksregistraturet, daterat: 1662-1663..
A0039274_00036.jpg	LINE_HW	En arkivsida med handskriven text organiserad i tabell- eller formulärstruktur från arkiv: Register till riksregistraturet, från serie: Adressatregister till Riksregistraturet, daterat: 1662-1663..
A0039274_00029.jpg	LINE_HW	En arkivsida med handskriven text organiserad i tabell- eller formulärstruktur från arkiv: Register till riksregistraturet, från serie: Adressatregister till Riksregistraturet, daterat: 1662-1663..
30004283_00064.jpg	TEXT_TP	En arkivsida. Metadata: från arkiv: Kommerskollegium, från serie: Patentbrev kungjorda i Post- och inrikes tidningar, daterat: 1878..
30004283_00124.jpg	TEXT_TP	En arkivsida. Metadata: från arkiv: Kommerskollegium, från serie: Patentbrev kungjorda i Post- och inrikes tidningar, daterat: 1878..
30004283_00101.jpg	MISC	En arkivsida med paratextuellt eller blandat innehåll, såsom omslag, titelblad eller annat material utanför huvudtexten från arkiv: Kommerskollegium, från serie: Patentbrev kungjorda i Post- och inrikes tidningar, daterat: 1878..
30004283_00028.jpg	TEXT_TP	En arkivsida. Metadata: från arkiv: Kommerskollegium, från serie: Patentbrev kungjorda i Post- och inrikes tidningar, daterat: 1878..
30004283_00071.jpg	TEXT_TP	En arkivsida. Metadata: från arkiv: Kommerskollegium, från serie: Patentbrev kungjorda i Post- och inrikes tidningar, daterat: 1878..
30004283_00044.jpg	TEXT_TP	En arkivsida. Metadata: från arkiv: Kommerskollegium, från serie: Patentbrev kungjorda i Post- och inrikes tidningar, daterat: 1878..
A0075731_00212.jpg	TEXT	En arkivsida med löpande text bestående av blandade stilar, såsom handskriven, tryckt och maskinskriven text från arkiv: Kommerskollegium, från serie: Sjöpasshandlingar, daterat: 1809..
A0075731_00015.jpg	TEXT	En arkivsida med löpande text bestående av blandade stilar, såsom handskriven, tryckt och maskinskriven text från arkiv: Kommerskollegium, från serie: Sjöpasshandlingar, daterat: 1809..
A0075731_00226.jpg	TEXT	En arkivsida med löpande text bestående av blandade stilar, såsom handskriven, tryckt och maskinskriven text från arkiv: Kommerskollegium, från serie: Sjöpasshandlingar, daterat: 1809..
A0075731_00053.jpg	TEXT	En arkivsida med löpande text bestående av blandade stilar, såsom handskriven, tryckt och maskinskriven text från arkiv: Kommerskollegium, från serie: Sjöpasshandlingar, daterat: 1809..
A0075731_00040.jpg	TEXT_HW	En arkivsida med löpande handskriven text i stycken från arkiv: Kommerskollegium, från serie: Sjöpasshandlingar, daterat: 1809..
A0075731_00029.jpg	TEXT	En arkivsida med löpande text bestående av blandade stilar, såsom handskriven, tryckt och maskinskriven text från arkiv: Kommerskollegium, från serie: Sjöpasshandlingar, daterat: 1809..
A0075796_00223.jpg	TEXT	En arkivsida med löpande text bestående av blandade stilar, såsom handskriven, tryckt och maskinskriven text från arkiv: Kommerskollegium, från serie: Sjöpasshandlingar, daterat: 1830..
A0075796_00220.jpg	TEXT	En arkivsida med löpande text bestående av blandade stilar, såsom handskriven, tryckt och maskinskriven text från arkiv: Kommerskollegium, från serie: Sjöpasshandlingar, daterat: 1830..
A0075796_00363.jpg	TEXT	En arkivsida med löpande text bestående av blandade stilar, såsom handskriven, tryckt och maskinskriven text från arkiv: Kommerskollegium, från serie: Sjöpasshandlingar, daterat: 1830..
A0075796_00313.jpg	TEXT_HW	En arkivsida med löpande handskriven text i stycken från arkiv: Kommerskollegium, från serie: Sjöpasshandlingar, daterat: 1830..
A0075796_00147.jpg	TEXT	En arkivsida med löpande text bestående av blandade stilar, såsom handskriven, tryckt och maskinskriven text från arkiv: Kommerskollegium, från serie: Sjöpasshandlingar, daterat: 1830..
A0075796_00194.jpg	TEXT	En arkivsida med löpande text bestående av blandade stilar, såsom handskriven, tryckt och maskinskriven text från arkiv: Kommerskollegium, från serie: Sjöpasshandlingar, daterat: 1830..
A0075793_00213.jpg	TEXT	En arkivsida med löpande text bestående av blandade stilar, såsom handskriven, tryckt och maskinskriven text från arkiv: Kommerskollegium, från serie: Sjöpasshandlingar, daterat: 1829..
A0075793_00075.jpg	TEXT	En arkivsida med löpande text bestående av blandade stilar, såsom handskriven, tryckt och maskinskriven text från arkiv: Kommerskollegium, från serie: Sjöpasshandlingar, daterat: 1829..
A0075793_00360.jpg	TEXT_HW	En arkivsida med löpande handskriven text i stycken från arkiv: Kommerskollegium, från serie: Sjöpasshandlingar, daterat: 1829..
A0075793_00502.jpg	TEXT	En arkivsida med löpande text bestående av blandade stilar, såsom handskriven, tryckt och maskinskriven text från arkiv: Kommerskollegium, från serie: Sjöpasshandlingar, daterat: 1829..
A0075793_00384.jpg	TEXT	En arkivsida med löpande text bestående av blandade stilar, såsom handskriven, tryckt och maskinskriven text från arkiv: Kommerskollegium, från serie: Sjöpasshandlingar, daterat: 1829..
A0075793_00457.jpg	TEXT_HW	En arkivsida med löpande handskriven text i stycken från arkiv: Kommerskollegium, från serie: Sjöpasshandlingar, daterat: 1829..
A0075710_00421.jpg	TEXT_HW	En arkivsida med löpande handskriven text i stycken från arkiv: Kommerskollegium, från serie: Sjöpasshandlingar, daterat: 1803..
A0075710_00123.jpg	TEXT	En arkivsida med löpande text bestående av blandade stilar, såsom handskriven, tryckt och maskinskriven text från arkiv: Kommerskollegium, från serie: Sjöpasshandlingar, daterat: 1803..
A0075710_00170.jpg	TEXT	En arkivsida med löpande text bestående av blandade stilar, såsom handskriven, tryckt och maskinskriven text från arkiv: Kommerskollegium, från serie: Sjöpasshandlingar, daterat: 1803..
A0075710_00298.jpg	TEXT	En arkivsida med löpande text bestående av blandade stilar, såsom handskriven, tryckt och maskinskriven text från arkiv: Kommerskollegium, från serie: Sjöpasshandlingar, daterat: 1803..
A0075710_00144.jpg	TEXT	En arkivsida med löpande text bestående av blandade stilar, såsom handskriven, tryckt och maskinskriven text från arkiv: Kommerskollegium, från serie: Sjöpasshandlingar, daterat: 1803..
A0075710_00032.jpg	TEXT	En arkivsida med löpande text bestående av blandade stilar, såsom handskriven, tryckt och maskinskriven text från arkiv: Kommerskollegium, från serie: Sjöpasshandlingar, daterat: 1803..
A0075981_00174.jpg	TEXT	En arkivsida med löpande text bestående av blandade stilar, såsom handskriven, tryckt och maskinskriven text från arkiv: Kommerskollegium, från serie: Serie 1, daterat: 1836..
A0075981_00519.jpg	TEXT	En arkivsida med löpande text bestående av blandade stilar, såsom handskriven, tryckt och maskinskriven text från arkiv: Kommerskollegium, från serie: Serie 1, daterat: 1836..
A0075981_00259.jpg	TEXT	En arkivsida med löpande text bestående av blandade stilar, såsom handskriven, tryckt och maskinskriven text från arkiv: Kommerskollegium, från serie: Serie 1, daterat: 1836..
A0075981_00035.jpg	TEXT	En arkivsida med löpande text bestående av blandade stilar, såsom handskriven, tryckt och maskinskriven text från arkiv: Kommerskollegium, från serie: Serie 1, daterat: 1836..
A0075981_00589.jpg	TEXT	En arkivsida med löpande text bestående av blandade stilar, såsom handskriven, tryckt och maskinskriven text från arkiv: Kommerskollegium, från serie: Serie 1, daterat: 1836..
A0075981_00068.jpg	TEXT	En arkivsida med löpande text bestående av blandade stilar, såsom handskriven, tryckt och maskinskriven text från arkiv: Kommerskollegium, från serie: Serie 1, daterat: 1836..
A0075987_00176.jpg	TEXT_HW	En arkivsida med löpande handskriven text i stycken från arkiv: Kommerskollegium, från serie: Serie 1, daterat: 1837..
A0075987_00050.jpg	TEXT	En arkivsida med löpande text bestående av blandade stilar, såsom handskriven, tryckt och maskinskriven text från arkiv: Kommerskollegium, från serie: Serie 1, daterat: 1837..
A0075987_00220.jpg	TEXT	En arkivsida med löpande text bestående av blandade stilar, såsom handskriven, tryckt och maskinskriven text från arkiv: Kommerskollegium, från serie: Serie 1, daterat: 1837..
A0075987_00009.jpg	TEXT	En arkivsida med löpande text bestående av blandade stilar, såsom handskriven, tryckt och maskinskriven text från arkiv: Kommerskollegium, från serie: Serie 1, daterat: 1837..
A0075987_00394.jpg	TEXT	En arkivsida med löpande text bestående av blandade stilar, såsom handskriven, tryckt och maskinskriven text från arkiv: Kommerskollegium, från serie: Serie 1, daterat: 1837..
A0075987_00386.jpg	TEXT	En arkivsida med löpande text bestående av blandade stilar, såsom handskriven, tryckt och maskinskriven text från arkiv: Kommerskollegium, från serie: Serie 1, daterat: 1837..
A0039251_00043.jpg	LINE_HW	En arkivsida med handskriven text organiserad i tabell- eller formulärstruktur från arkiv: Register till riksregistraturet, från serie: Adressatregister till Riksregistraturet, daterat: 1618-1620..
A0039251_00200.jpg	LINE_HW	En arkivsida med handskriven text organiserad i tabell- eller formulärstruktur från arkiv: Register till riksregistraturet, från serie: Adressatregister till Riksregistraturet, daterat: 1618-1620..
A0039251_00258.jpg	LINE_HW	En arkivsida med handskriven text organiserad i tabell- eller formulärstruktur från arkiv: Register till riksregistraturet, från serie: Adressatregister till Riksregistraturet, daterat: 1618-1620..
A0039251_00199.jpg	LINE_HW	En arkivsida med handskriven text organiserad i tabell- eller formulärstruktur från arkiv: Register till riksregistraturet, från serie: Adressatregister till Riksregistraturet, daterat: 1618-1620..
A0039251_00425.jpg	LINE_HW	En arkivsida med handskriven text organiserad i tabell- eller formulärstruktur från arkiv: Register till riksregistraturet, från serie: Adressatregister till Riksregistraturet, daterat: 1618-1620..
A0039251_00355.jpg	LINE_HW	En arkivsida med handskriven text organiserad i tabell- eller formulärstruktur från arkiv: Register till riksregistraturet, från serie: Adressatregister till Riksregistraturet, daterat: 1618-1620..
A0075714_00589.jpg	TEXT	En arkivsida med löpande text bestående av blandade stilar, såsom handskriven, tryckt och maskinskriven text från arkiv: Kommerskollegium, från serie: Sjöpasshandlingar, daterat: 1804..
A0075714_00043.jpg	TEXT_HW	En arkivsida med löpande handskriven text i stycken från arkiv: Kommerskollegium, från serie: Sjöpasshandlingar, daterat: 1804..
A0075714_00225.jpg	TEXT	En arkivsida med löpande text bestående av blandade stilar, såsom handskriven, tryckt och maskinskriven text från arkiv: Kommerskollegium, från serie: Sjöpasshandlingar, daterat: 1804..
A0075714_00312.jpg	TEXT	En arkivsida med löpande text bestående av blandade stilar, såsom handskriven, tryckt och maskinskriven text från arkiv: Kommerskollegium, från serie: Sjöpasshandlingar, daterat: 1804..
A0075714_00072.jpg	TEXT	En arkivsida med löpande text bestående av blandade stilar, såsom handskriven, tryckt och maskinskriven text från arkiv: Kommerskollegium, från serie: Sjöpasshandlingar, daterat: 1804..
A0075714_00204.jpg	TEXT_HW	En arkivsida med löpande handskriven text i stycken från arkiv: Kommerskollegium, från serie: Sjöpasshandlingar, daterat: 1804..
A0039234_00170.jpg	LINE_HW	En arkivsida med handskriven text organiserad i tabell- eller formulärstruktur från arkiv: Register till riksregistraturet, från serie: Adressatregister till Riksregistraturet, daterat: 1588-1592..
A0039234_00043.jpg	LINE_HW	En arkivsida med handskriven text organiserad i tabell- eller formulärstruktur från arkiv: Register till riksregistraturet, från serie: Adressatregister till Riksregistraturet, daterat: 1588-1592..
A0039234_00477.jpg	LINE_HW	En arkivsida med handskriven text organiserad i tabell- eller formulärstruktur från arkiv: Register till riksregistraturet, från serie: Adressatregister till Riksregistraturet, daterat: 1588-1592..
A0039234_00161.jpg	LINE_HW	En arkivsida med handskriven text organiserad i tabell- eller formulärstruktur från arkiv: Register till riksregistraturet, från serie: Adressatregister till Riksregistraturet, daterat: 1588-1592..
A0039234_00431.jpg	LINE_HW	En arkivsida med handskriven text organiserad i tabell- eller formulärstruktur från arkiv: Register till riksregistraturet, från serie: Adressatregister till Riksregistraturet, daterat: 1588-1592..
A0039234_00334.jpg	LINE_HW	En arkivsida med handskriven text organiserad i tabell- eller formulärstruktur från arkiv: Register till riksregistraturet, från serie: Adressatregister till Riksregistraturet, daterat: 1588-1592..
A0075990_00402.jpg	TEXT	En arkivsida med löpande text bestående av blandade stilar, såsom handskriven, tryckt och maskinskriven text från arkiv: Kommerskollegium, från serie: Serie 1, daterat: 1838..
A0075990_00115.jpg	TEXT	En arkivsida med löpande text bestående av blandade stilar, såsom handskriven, tryckt och maskinskriven text från arkiv: Kommerskollegium, från serie: Serie 1, daterat: 1838..
A0075990_00256.jpg	TEXT	En arkivsida med löpande text bestående av blandade stilar, såsom handskriven, tryckt och maskinskriven text från arkiv: Kommerskollegium, från serie: Serie 1, daterat: 1838..
A0075990_00051.jpg	TEXT_HW	En arkivsida med löpande handskriven text i stycken från arkiv: Kommerskollegium, från serie: Serie 1, daterat: 1838..
A0075990_00043.jpg	TEXT	En arkivsida med löpande text bestående av blandade stilar, såsom handskriven, tryckt och maskinskriven text från arkiv: Kommerskollegium, från serie: Serie 1, daterat: 1838..
A0075990_00044.jpg	TEXT	En arkivsida med löpande text bestående av blandade stilar, såsom handskriven, tryckt och maskinskriven text från arkiv: Kommerskollegium, från serie: Serie 1, daterat: 1838..
A0075945_00159.jpg	TEXT	En arkivsida med löpande text bestående av blandade stilar, såsom handskriven, tryckt och maskinskriven text från arkiv: Kommerskollegium, från serie: SJÖPASSHANDLINGAR, daterat: 1836..
A0075945_00235.jpg	TEXT	En arkivsida med löpande text bestående av blandade stilar, såsom handskriven, tryckt och maskinskriven text från arkiv: Kommerskollegium, från serie: SJÖPASSHANDLINGAR, daterat: 1836..
A0075945_00037.jpg	TEXT	En arkivsida med löpande text bestående av blandade stilar, såsom handskriven, tryckt och maskinskriven text från arkiv: Kommerskollegium, från serie: SJÖPASSHANDLINGAR, daterat: 1836..
A0075945_00042.jpg	TEXT	En arkivsida med löpande text bestående av blandade stilar, såsom handskriven, tryckt och maskinskriven text från arkiv: Kommerskollegium, från serie: SJÖPASSHANDLINGAR, daterat: 1836..
A0075945_00097.jpg	TEXT	En arkivsida med löpande text bestående av blandade stilar, såsom handskriven, tryckt och maskinskriven text från arkiv: Kommerskollegium, från serie: SJÖPASSHANDLINGAR, daterat: 1836..
A0075945_00214.jpg	TEXT	En arkivsida med löpande text bestående av blandade stilar, såsom handskriven, tryckt och maskinskriven text från arkiv: Kommerskollegium, från serie: SJÖPASSHANDLINGAR, daterat: 1836..
A0039306_00365.jpg	LINE_HW	En arkivsida med handskriven text organiserad i tabell- eller formulärstruktur från arkiv: Register till riksregistraturet, från serie: Adressatregister till Riksregistraturet, daterat: 1700-1710..
A0039306_00079.jpg	MISC	En arkivsida med paratextuellt eller blandat innehåll, såsom omslag, titelblad eller annat material utanför huvudtexten från arkiv: Register till riksregistraturet, från serie: Adressatregister till Riksregistraturet, daterat: 1700-1710..
A0039306_00532.jpg	LINE_HW	En arkivsida med handskriven text organiserad i tabell- eller formulärstruktur från arkiv: Register till riksregistraturet, från serie: Adressatregister till Riksregistraturet, daterat: 1700-1710..
A0039306_00280.jpg	LINE_HW	En arkivsida med handskriven text organiserad i tabell- eller formulärstruktur från arkiv: Register till riksregistraturet, från serie: Adressatregister till Riksregistraturet, daterat: 1700-1710..
A0039306_00445.jpg	LINE_HW	En arkivsida med handskriven text organiserad i tabell- eller formulärstruktur från arkiv: Register till riksregistraturet, från serie: Adressatregister till Riksregistraturet, daterat: 1700-1710..
A0039306_00395.jpg	LINE_HW	En arkivsida med handskriven text organiserad i tabell- eller formulärstruktur från arkiv: Register till riksregistraturet, från serie: Adressatregister till Riksregistraturet, daterat: 1700-1710..
A0075766_00097.jpg	TEXT	En arkivsida med löpande text bestående av blandade stilar, såsom handskriven, tryckt och maskinskriven text från arkiv: Kommerskollegium, från serie: Sjöpasshandlingar, daterat: 1818..
A0075766_00169.jpg	TEXT	En arkivsida med löpande text bestående av blandade stilar, såsom handskriven, tryckt och maskinskriven text från arkiv: Kommerskollegium, från serie: Sjöpasshandlingar, daterat: 1818..
A0075766_00045.jpg	TEXT	En arkivsida med löpande text bestående av blandade stilar, såsom handskriven, tryckt och maskinskriven text från arkiv: Kommerskollegium, från serie: Sjöpasshandlingar, daterat: 1818..
A0075766_00124.jpg	TEXT	En arkivsida med löpande text bestående av blandade stilar, såsom handskriven, tryckt och maskinskriven text från arkiv: Kommerskollegium, från serie: Sjöpasshandlingar, daterat: 1818..
A0075766_00125.jpg	TEXT	En arkivsida med löpande text bestående av blandade stilar, såsom handskriven, tryckt och maskinskriven text från arkiv: Kommerskollegium, från serie: Sjöpasshandlingar, daterat: 1818..
A0075766_00148.jpg	TEXT	En arkivsida med löpande text bestående av blandade stilar, såsom handskriven, tryckt och maskinskriven text från arkiv: Kommerskollegium, från serie: Sjöpasshandlingar, daterat: 1818..
A0039295_00129.jpg	MISC	En arkivsida med paratextuellt eller blandat innehåll, såsom omslag, titelblad eller annat material utanför huvudtexten från arkiv: Register till riksregistraturet, från serie: Adressatregister till Riksregistraturet, daterat: 1688..
A0039295_00069.jpg	LINE_HW	En arkivsida med handskriven text organiserad i tabell- eller formulärstruktur från arkiv: Register till riksregistraturet, från serie: Adressatregister till Riksregistraturet, daterat: 1688..
A0039295_00107.jpg	LINE_HW	En arkivsida med handskriven text organiserad i tabell- eller formulärstruktur från arkiv: Register till riksregistraturet, från serie: Adressatregister till Riksregistraturet, daterat: 1688..
A0039295_00025.jpg	LINE_HW	En arkivsida med handskriven text organiserad i tabell- eller formulärstruktur från arkiv: Register till riksregistraturet, från serie: Adressatregister till Riksregistraturet, daterat: 1688..
A0039295_00155.jpg	LINE_HW	En arkivsida med handskriven text organiserad i tabell- eller formulärstruktur från arkiv: Register till riksregistraturet, från serie: Adressatregister till Riksregistraturet, daterat: 1688..
A0039295_00122.jpg	LINE_HW	En arkivsida med handskriven text organiserad i tabell- eller formulärstruktur från arkiv: Register till riksregistraturet, från serie: Adressatregister till Riksregistraturet, daterat: 1688..
30004275_00163.jpg	TEXT_TP	En arkivsida. Metadata: från arkiv: Kommerskollegium, från serie: Patentbrev kungjorda i Post- och inrikes tidningar, daterat: 1872..
30004275_00140.jpg	TEXT_TP	En arkivsida. Metadata: från arkiv: Kommerskollegium, från serie: Patentbrev kungjorda i Post- och inrikes tidningar, daterat: 1872..
30004275_00214.jpg	TEXT_TP	En arkivsida. Metadata: från arkiv: Kommerskollegium, från serie: Patentbrev kungjorda i Post- och inrikes tidningar, daterat: 1872..
30004275_00084.jpg	TEXT_TP	En arkivsida. Metadata: från arkiv: Kommerskollegium, från serie: Patentbrev kungjorda i Post- och inrikes tidningar, daterat: 1872..
30004275_00036.jpg	TEXT_TP	En arkivsida. Metadata: från arkiv: Kommerskollegium, från serie: Patentbrev kungjorda i Post- och inrikes tidningar, daterat: 1872..
30004275_00078.jpg	TEXT_TP	En arkivsida. Metadata: från arkiv: Kommerskollegium, från serie: Patentbrev kungjorda i Post- och inrikes tidningar, daterat: 1872..
A0075986_00032.jpg	TEXT_HW	En arkivsida med löpande handskriven text i stycken från arkiv: Kommerskollegium, från serie: Serie 1, daterat: 1837..
A0075986_00079.jpg	TEXT	En arkivsida med löpande text bestående av blandade stilar, såsom handskriven, tryckt och maskinskriven text från arkiv: Kommerskollegium, från serie: Serie 1, daterat: 1837..
A0075986_00015.jpg	TEXT	En arkivsida med löpande text bestående av blandade stilar, såsom handskriven, tryckt och maskinskriven text från arkiv: Kommerskollegium, från serie: Serie 1, daterat: 1837..
A0075986_00141.jpg	TEXT	En arkivsida med löpande text bestående av blandade stilar, såsom handskriven, tryckt och maskinskriven text från arkiv: Kommerskollegium, från serie: Serie 1, daterat: 1837..
A0075986_00340.jpg	TEXT	En arkivsida med löpande text bestående av blandade stilar, såsom handskriven, tryckt och maskinskriven text från arkiv: Kommerskollegium, från serie: Serie 1, daterat: 1837..
A0075986_00072.jpg	TEXT	En arkivsida med löpande text bestående av blandade stilar, såsom handskriven, tryckt och maskinskriven text från arkiv: Kommerskollegium, från serie: Serie 1, daterat: 1837..
30004278_00028.jpg	TEXT_TP	En arkivsida. Metadata: från arkiv: Kommerskollegium, från serie: Patentbrev kungjorda i Post- och inrikes tidningar, daterat: 1875..
30004278_00113.jpg	TEXT_TP	En arkivsida. Metadata: från arkiv: Kommerskollegium, från serie: Patentbrev kungjorda i Post- och inrikes tidningar, daterat: 1875..
30004278_00172.jpg	TEXT_TP	En arkivsida. Metadata: från arkiv: Kommerskollegium, från serie: Patentbrev kungjorda i Post- och inrikes tidningar, daterat: 1875..
30004278_00205.jpg	TEXT_TP	En arkivsida. Metadata: från arkiv: Kommerskollegium, från serie: Patentbrev kungjorda i Post- och inrikes tidningar, daterat: 1875..
30004278_00147.jpg	TEXT_TP	En arkivsida. Metadata: från arkiv: Kommerskollegium, från serie: Patentbrev kungjorda i Post- och inrikes tidningar, daterat: 1875..
30004278_00130.jpg	TEXT_TP	En arkivsida. Metadata: från arkiv: Kommerskollegium, från serie: Patentbrev kungjorda i Post- och inrikes tidningar, daterat: 1875..
A0075953_00304.jpg	TEXT	En arkivsida med löpande text bestående av blandade stilar, såsom handskriven, tryckt och maskinskriven text från arkiv: Kommerskollegium, från serie: SJÖPASSHANDLINGAR, daterat: 1840..
A0075953_00447.jpg	TEXT	En arkivsida med löpande text bestående av blandade stilar, såsom handskriven, tryckt och maskinskriven text från arkiv: Kommerskollegium, från serie: SJÖPASSHANDLINGAR, daterat: 1840..
A0075953_00131.jpg	TEXT	En arkivsida med löpande text bestående av blandade stilar, såsom handskriven, tryckt och maskinskriven text från arkiv: Kommerskollegium, från serie: SJÖPASSHANDLINGAR, daterat: 1840..
A0075953_00367.jpg	TEXT_HW	En arkivsida med löpande handskriven text i stycken från arkiv: Kommerskollegium, från serie: SJÖPASSHANDLINGAR, daterat: 1840..
A0075953_00154.jpg	TEXT	En arkivsida med löpande text bestående av blandade stilar, såsom handskriven, tryckt och maskinskriven text från arkiv: Kommerskollegium, från serie: SJÖPASSHANDLINGAR, daterat: 1840..
A0075953_00313.jpg	TEXT	En arkivsida med löpande text bestående av blandade stilar, såsom handskriven, tryckt och maskinskriven text från arkiv: Kommerskollegium, från serie: SJÖPASSHANDLINGAR, daterat: 1840..
40008950_00641.jpg	LINE_HW	En arkivsida med handskriven text organiserad i tabell- eller formulärstruktur från arkiv: Kommerskollegium, från serie: Andra serien, daterat: 1841-1841..
40008950_00325.jpg	LINE_HW	En arkivsida med handskriven text organiserad i tabell- eller formulärstruktur från arkiv: Kommerskollegium, från serie: Andra serien, daterat: 1841-1841..
40008950_00078.jpg	LINE_HW	En arkivsida med handskriven text organiserad i tabell- eller formulärstruktur från arkiv: Kommerskollegium, från serie: Andra serien, daterat: 1841-1841..
40008950_00209.jpg	LINE_HW	En arkivsida med handskriven text organiserad i tabell- eller formulärstruktur från arkiv: Kommerskollegium, från serie: Andra serien, daterat: 1841-1841..
40008950_00149.jpg	LINE_HW	En arkivsida med handskriven text organiserad i tabell- eller formulärstruktur från arkiv: Kommerskollegium, från serie: Andra serien, daterat: 1841-1841..
40008950_00524.jpg	LINE_HW	En arkivsida med handskriven text organiserad i tabell- eller formulärstruktur från arkiv: Kommerskollegium, från serie: Andra serien, daterat: 1841-1841..
A0076643_00095.jpg	TEXT_HW	En arkivsida med löpande handskriven text i stycken från arkiv: Kommerskollegium, från serie: Andra serien, daterat: 1841-1841..
A0076643_00167.jpg	LINE_HW	En arkivsida med handskriven text organiserad i tabell- eller formulärstruktur från arkiv: Kommerskollegium, från serie: Andra serien, daterat: 1841-1841..
A0076643_00242.jpg	LINE_HW	En arkivsida med handskriven text organiserad i tabell- eller formulärstruktur från arkiv: Kommerskollegium, från serie: Andra serien, daterat: 1841-1841..
A0076643_00365.jpg	LINE_HW	En arkivsida med handskriven text organiserad i tabell- eller formulärstruktur från arkiv: Kommerskollegium, från serie: Andra serien, daterat: 1841-1841..
A0076643_00184.jpg	LINE_HW	En arkivsida med handskriven text organiserad i tabell- eller formulärstruktur från arkiv: Kommerskollegium, från serie: Andra serien, daterat: 1841-1841..
A0076643_00719.jpg	LINE_HW	En arkivsida med handskriven text organiserad i tabell- eller formulärstruktur från arkiv: Kommerskollegium, från serie: Andra serien, daterat: 1841-1841..
A0075732_00428.jpg	TEXT_HW	En arkivsida med löpande handskriven text i stycken från arkiv: Kommerskollegium, från serie: Sjöpasshandlingar, daterat: 1810..
A0075732_00075.jpg	TEXT_HW	En arkivsida med löpande handskriven text i stycken från arkiv: Kommerskollegium, från serie: Sjöpasshandlingar, daterat: 1810..
A0075732_00118.jpg	TEXT	En arkivsida med löpande text bestående av blandade stilar, såsom handskriven, tryckt och maskinskriven text från arkiv: Kommerskollegium, från serie: Sjöpasshandlingar, daterat: 1810..
A0075732_00296.jpg	TEXT	En arkivsida med löpande text bestående av blandade stilar, såsom handskriven, tryckt och maskinskriven text från arkiv: Kommerskollegium, från serie: Sjöpasshandlingar, daterat: 1810..
A0075732_00284.jpg	TEXT	En arkivsida med löpande text bestående av blandade stilar, såsom handskriven, tryckt och maskinskriven text från arkiv: Kommerskollegium, från serie: Sjöpasshandlingar, daterat: 1810..
A0075732_00293.jpg	TEXT	En arkivsida med löpande text bestående av blandade stilar, såsom handskriven, tryckt och maskinskriven text från arkiv: Kommerskollegium, från serie: Sjöpasshandlingar, daterat: 1810..
A0075712_00659.jpg	MISC	En arkivsida med paratextuellt eller blandat innehåll, såsom omslag, titelblad eller annat material utanför huvudtexten från arkiv: Kommerskollegium, från serie: Sjöpasshandlingar, daterat: 1803..
A0075712_00460.jpg	TEXT	En arkivsida med löpande text bestående av blandade stilar, såsom handskriven, tryckt och maskinskriven text från arkiv: Kommerskollegium, från serie: Sjöpasshandlingar, daterat: 1803..
A0075712_00542.jpg	TEXT	En arkivsida med löpande text bestående av blandade stilar, såsom handskriven, tryckt och maskinskriven text från arkiv: Kommerskollegium, från serie: Sjöpasshandlingar, daterat: 1803..
A0075712_00529.jpg	TEXT	En arkivsida med löpande text bestående av blandade stilar, såsom handskriven, tryckt och maskinskriven text från arkiv: Kommerskollegium, från serie: Sjöpasshandlingar, daterat: 1803..
A0075712_00822.jpg	TEXT	En arkivsida med löpande text bestående av blandade stilar, såsom handskriven, tryckt och maskinskriven text från arkiv: Kommerskollegium, från serie: Sjöpasshandlingar, daterat: 1803..
A0075712_00145.jpg	TEXT	En arkivsida med löpande text bestående av blandade stilar, såsom handskriven, tryckt och maskinskriven text från arkiv: Kommerskollegium, från serie: Sjöpasshandlingar, daterat: 1803..
A0075928_00048.jpg	LINE_HW	En arkivsida med handskriven text organiserad i tabell- eller formulärstruktur från arkiv: Kommerskollegium, från serie: Serie 1, daterat: 1836..
A0075928_00104.jpg	LINE_HW	En arkivsida med handskriven text organiserad i tabell- eller formulärstruktur från arkiv: Kommerskollegium, från serie: Serie 1, daterat: 1836..
A0075928_00024.jpg	LINE_HW	En arkivsida med handskriven text organiserad i tabell- eller formulärstruktur från arkiv: Kommerskollegium, från serie: Serie 1, daterat: 1836..
A0075928_00014.jpg	LINE_HW	En arkivsida med handskriven text organiserad i tabell- eller formulärstruktur från arkiv: Kommerskollegium, från serie: Serie 1, daterat: 1836..
A0075928_00064.jpg	LINE_HW	En arkivsida med handskriven text organiserad i tabell- eller formulärstruktur från arkiv: Kommerskollegium, från serie: Serie 1, daterat: 1836..
A0075928_00009.jpg	LINE_HW	En arkivsida med handskriven text organiserad i tabell- eller formulärstruktur från arkiv: Kommerskollegium, från serie: Serie 1, daterat: 1836..
A0075757_00205.jpg	TEXT_HW	En arkivsida med löpande handskriven text i stycken från arkiv: Kommerskollegium, från serie: Sjöpasshandlingar, daterat: 1816..
A0075757_00647.jpg	TEXT_HW	En arkivsida med löpande handskriven text i stycken från arkiv: Kommerskollegium, från serie: Sjöpasshandlingar, daterat: 1816..
A0075757_00542.jpg	TEXT	En arkivsida med löpande text bestående av blandade stilar, såsom handskriven, tryckt och maskinskriven text från arkiv: Kommerskollegium, från serie: Sjöpasshandlingar, daterat: 1816..
A0075757_00354.jpg	TEXT_HW	En arkivsida med löpande handskriven text i stycken från arkiv: Kommerskollegium, från serie: Sjöpasshandlingar, daterat: 1816..
A0075757_00311.jpg	TEXT_HW	En arkivsida med löpande handskriven text i stycken från arkiv: Kommerskollegium, från serie: Sjöpasshandlingar, daterat: 1816..
A0075757_00014.jpg	TEXT	En arkivsida med löpande text bestående av blandade stilar, såsom handskriven, tryckt och maskinskriven text från arkiv: Kommerskollegium, från serie: Sjöpasshandlingar, daterat: 1816..
A0076013_00349.jpg	TEXT	En arkivsida med löpande text bestående av blandade stilar, såsom handskriven, tryckt och maskinskriven text från arkiv: Kommerskollegium, från serie: Serie 1, daterat: 1841..
A0076013_00158.jpg	TEXT	En arkivsida med löpande text bestående av blandade stilar, såsom handskriven, tryckt och maskinskriven text från arkiv: Kommerskollegium, från serie: Serie 1, daterat: 1841..
A0076013_00424.jpg	TEXT	En arkivsida med löpande text bestående av blandade stilar, såsom handskriven, tryckt och maskinskriven text från arkiv: Kommerskollegium, från serie: Serie 1, daterat: 1841..
A0076013_00550.jpg	MISC	En arkivsida med paratextuellt eller blandat innehåll, såsom omslag, titelblad eller annat material utanför huvudtexten från arkiv: Kommerskollegium, från serie: Serie 1, daterat: 1841..
A0076013_00050.jpg	TEXT	En arkivsida med löpande text bestående av blandade stilar, såsom handskriven, tryckt och maskinskriven text från arkiv: Kommerskollegium, från serie: Serie 1, daterat: 1841..
A0076013_00255.jpg	TEXT	En arkivsida med löpande text bestående av blandade stilar, såsom handskriven, tryckt och maskinskriven text från arkiv: Kommerskollegium, från serie: Serie 1, daterat: 1841..
A0075938_00160.jpg	MISC	En arkivsida med paratextuellt eller blandat innehåll, såsom omslag, titelblad eller annat material utanför huvudtexten från arkiv: Kommerskollegium, från serie: SJÖPASSHANDLINGAR, daterat: 1834..
A0075938_00237.jpg	TEXT_HW	En arkivsida med löpande handskriven text i stycken från arkiv: Kommerskollegium, från serie: SJÖPASSHANDLINGAR, daterat: 1834..
A0075938_00158.jpg	TEXT	En arkivsida med löpande text bestående av blandade stilar, såsom handskriven, tryckt och maskinskriven text från arkiv: Kommerskollegium, från serie: SJÖPASSHANDLINGAR, daterat: 1834..
A0075938_00221.jpg	TEXT_HW	En arkivsida med löpande handskriven text i stycken från arkiv: Kommerskollegium, från serie: SJÖPASSHANDLINGAR, daterat: 1834..
A0075938_00172.jpg	TEXT	En arkivsida med löpande text bestående av blandade stilar, såsom handskriven, tryckt och maskinskriven text från arkiv: Kommerskollegium, från serie: SJÖPASSHANDLINGAR, daterat: 1834..
A0075938_00245.jpg	TEXT_HW	En arkivsida med löpande handskriven text i stycken från arkiv: Kommerskollegium, från serie: SJÖPASSHANDLINGAR, daterat: 1834..
A0075923_00232.jpg	LINE_HW	En arkivsida med handskriven text organiserad i tabell- eller formulärstruktur från arkiv: Kommerskollegium, från serie: Sjöpassdiarier, daterat: 1832-1841..
A0075923_00214.jpg	LINE_HW	En arkivsida med handskriven text organiserad i tabell- eller formulärstruktur från arkiv: Kommerskollegium, från serie: Sjöpassdiarier, daterat: 1832-1841..
A0075923_00113.jpg	LINE_HW	En arkivsida med handskriven text organiserad i tabell- eller formulärstruktur från arkiv: Kommerskollegium, från serie: Sjöpassdiarier, daterat: 1832-1841..
A0075923_00174.jpg	LINE_HW	En arkivsida med handskriven text organiserad i tabell- eller formulärstruktur från arkiv: Kommerskollegium, från serie: Sjöpassdiarier, daterat: 1832-1841..
A0075923_00269.jpg	LINE_HW	En arkivsida med handskriven text organiserad i tabell- eller formulärstruktur från arkiv: Kommerskollegium, från serie: Sjöpassdiarier, daterat: 1832-1841..
A0075923_00103.jpg	LINE_HW	En arkivsida med handskriven text organiserad i tabell- eller formulärstruktur från arkiv: Kommerskollegium, från serie: Sjöpassdiarier, daterat: 1832-1841..
A0039309_00077.jpg	LINE_HW	En arkivsida med handskriven text organiserad i tabell- eller formulärstruktur från arkiv: Register till riksregistraturet, från serie: Adressatregister till Riksregistraturet, daterat: 1703..
A0039309_00012.jpg	LINE_HW	En arkivsida med handskriven text organiserad i tabell- eller formulärstruktur från arkiv: Register till riksregistraturet, från serie: Adressatregister till Riksregistraturet, daterat: 1703..
A0039309_00063.jpg	LINE_HW	En arkivsida med handskriven text organiserad i tabell- eller formulärstruktur från arkiv: Register till riksregistraturet, från serie: Adressatregister till Riksregistraturet, daterat: 1703..
A0039309_00035.jpg	LINE_HW	En arkivsida med handskriven text organiserad i tabell- eller formulärstruktur från arkiv: Register till riksregistraturet, från serie: Adressatregister till Riksregistraturet, daterat: 1703..
A0039309_00029.jpg	LINE_HW	En arkivsida med handskriven text organiserad i tabell- eller formulärstruktur från arkiv: Register till riksregistraturet, från serie: Adressatregister till Riksregistraturet, daterat: 1703..
A0039309_00067.jpg	LINE_HW	En arkivsida med handskriven text organiserad i tabell- eller formulärstruktur från arkiv: Register till riksregistraturet, från serie: Adressatregister till Riksregistraturet, daterat: 1703..
A0039242_00062.jpg	LINE_TP	En arkivsida med tryckt eller maskinskriven text organiserad i tabell- eller formulärstruktur från arkiv: Register till riksregistraturet, från serie: Adressatregister till Riksregistraturet, daterat: 1608..
A0039242_00111.jpg	LINE_TP	En arkivsida med tryckt eller maskinskriven text organiserad i tabell- eller formulärstruktur från arkiv: Register till riksregistraturet, från serie: Adressatregister till Riksregistraturet, daterat: 1608..
A0039242_00143.jpg	LINE_TP	En arkivsida med tryckt eller maskinskriven text organiserad i tabell- eller formulärstruktur från arkiv: Register till riksregistraturet, från serie: Adressatregister till Riksregistraturet, daterat: 1608..
A0039242_00132.jpg	LINE_TP	En arkivsida med tryckt eller maskinskriven text organiserad i tabell- eller formulärstruktur från arkiv: Register till riksregistraturet, från serie: Adressatregister till Riksregistraturet, daterat: 1608..
A0039242_00005.jpg	MISC	En arkivsida med paratextuellt eller blandat innehåll, såsom omslag, titelblad eller annat material utanför huvudtexten från arkiv: Register till riksregistraturet, från serie: Adressatregister till Riksregistraturet, daterat: 1608..
A0039242_00070.jpg	LINE_TP	En arkivsida med tryckt eller maskinskriven text organiserad i tabell- eller formulärstruktur från arkiv: Register till riksregistraturet, från serie: Adressatregister till Riksregistraturet, daterat: 1608..
71000587_00007.jpg	MISC	En arkivsida med paratextuellt eller blandat innehåll, såsom omslag, titelblad eller annat material utanför huvudtexten från arkiv: Register till riksregistraturet, från serie: Adressatregister till Riksregistraturet, daterat: 1633..
71000587_00057.jpg	LINE_HW	En arkivsida med handskriven text organiserad i tabell- eller formulärstruktur från arkiv: Register till riksregistraturet, från serie: Adressatregister till Riksregistraturet, daterat: 1633..
71000587_00015.jpg	LINE_HW	En arkivsida med handskriven text organiserad i tabell- eller formulärstruktur från arkiv: Register till riksregistraturet, från serie: Adressatregister till Riksregistraturet, daterat: 1633..
71000587_00043.jpg	LINE_HW	En arkivsida med handskriven text organiserad i tabell- eller formulärstruktur från arkiv: Register till riksregistraturet, från serie: Adressatregister till Riksregistraturet, daterat: 1633..
71000587_00086.jpg	LINE_HW	En arkivsida med handskriven text organiserad i tabell- eller formulärstruktur från arkiv: Register till riksregistraturet, från serie: Adressatregister till Riksregistraturet, daterat: 1633..
71000587_00020.jpg	LINE_HW	En arkivsida med handskriven text organiserad i tabell- eller formulärstruktur från arkiv: Register till riksregistraturet, från serie: Adressatregister till Riksregistraturet, daterat: 1633..
A0039261_00040.jpg	LINE_HW	En arkivsida med handskriven text organiserad i tabell- eller formulärstruktur från arkiv: Register till riksregistraturet, från serie: Adressatregister till Riksregistraturet, daterat: 1633..
A0039261_00200.jpg	LINE_HW	En arkivsida med handskriven text organiserad i tabell- eller formulärstruktur från arkiv: Register till riksregistraturet, från serie: Adressatregister till Riksregistraturet, daterat: 1633..
A0039261_00086.jpg	LINE_HW	En arkivsida med handskriven text organiserad i tabell- eller formulärstruktur från arkiv: Register till riksregistraturet, från serie: Adressatregister till Riksregistraturet, daterat: 1633..
A0039261_00187.jpg	LINE_HW	En arkivsida med handskriven text organiserad i tabell- eller formulärstruktur från arkiv: Register till riksregistraturet, från serie: Adressatregister till Riksregistraturet, daterat: 1633..
A0039261_00116.jpg	LINE_HW	En arkivsida med handskriven text organiserad i tabell- eller formulärstruktur från arkiv: Register till riksregistraturet, från serie: Adressatregister till Riksregistraturet, daterat: 1633..
A0039261_00177.jpg	LINE_HW	En arkivsida med handskriven text organiserad i tabell- eller formulärstruktur från arkiv: Register till riksregistraturet, från serie: Adressatregister till Riksregistraturet, daterat: 1633..
A0039193_00042.jpg	LINE_HW	En arkivsida med handskriven text organiserad i tabell- eller formulärstruktur från arkiv: Titularregister till riksregistraturet, från serie: Titularregister till riksregistraturet, daterat: 1568-1611..
A0039193_00092.jpg	LINE_HW	En arkivsida med handskriven text organiserad i tabell- eller formulärstruktur från arkiv: Titularregister till riksregistraturet, från serie: Titularregister till riksregistraturet, daterat: 1568-1611..
A0039193_00008.jpg	LINE_HW	En arkivsida med handskriven text organiserad i tabell- eller formulärstruktur från arkiv: Titularregister till riksregistraturet, från serie: Titularregister till riksregistraturet, daterat: 1568-1611..
A0039193_00064.jpg	LINE_HW	En arkivsida med handskriven text organiserad i tabell- eller formulärstruktur från arkiv: Titularregister till riksregistraturet, från serie: Titularregister till riksregistraturet, daterat: 1568-1611..
A0039193_00076.jpg	LINE_HW	En arkivsida med handskriven text organiserad i tabell- eller formulärstruktur från arkiv: Titularregister till riksregistraturet, från serie: Titularregister till riksregistraturet, daterat: 1568-1611..
A0039206_00032.jpg	TEXT_HW	En arkivsida med löpande handskriven text i stycken från arkiv: Titularregister till riksregistraturet, från serie: Titularregister till riksregistraturet, daterat: 1686..
A0039206_00179.jpg	TEXT_HW	En arkivsida med löpande handskriven text i stycken från arkiv: Titularregister till riksregistraturet, från serie: Titularregister till riksregistraturet, daterat: 1686..
A0039206_00098.jpg	TEXT_HW	En arkivsida med löpande handskriven text i stycken från arkiv: Titularregister till riksregistraturet, från serie: Titularregister till riksregistraturet, daterat: 1686..
A0039206_00155.jpg	TEXT_HW	En arkivsida med löpande handskriven text i stycken från arkiv: Titularregister till riksregistraturet, från serie: Titularregister till riksregistraturet, daterat: 1686..
A0039206_00089.jpg	TEXT_HW	En arkivsida med löpande handskriven text i stycken från arkiv: Titularregister till riksregistraturet, från serie: Titularregister till riksregistraturet, daterat: 1686..
A0039206_00141.jpg	TEXT_HW	En arkivsida med löpande handskriven text i stycken från arkiv: Titularregister till riksregistraturet, från serie: Titularregister till riksregistraturet, daterat: 1686..
A0075681_00036.jpg	LINE_HW	En arkivsida med handskriven text organiserad i tabell- eller formulärstruktur från arkiv: Kommerskollegium, från serie: Fribrevsdiarier, daterat: 1817..
A0075681_00020.jpg	LINE_HW	En arkivsida med handskriven text organiserad i tabell- eller formulärstruktur från arkiv: Kommerskollegium, från serie: Fribrevsdiarier, daterat: 1817..
A0075681_00133.jpg	LINE_HW	En arkivsida med handskriven text organiserad i tabell- eller formulärstruktur från arkiv: Kommerskollegium, från serie: Fribrevsdiarier, daterat: 1817..
A0075681_00108.jpg	LINE_HW	En arkivsida med handskriven text organiserad i tabell- eller formulärstruktur från arkiv: Kommerskollegium, från serie: Fribrevsdiarier, daterat: 1817..
A0075681_00006.jpg	LINE_HW	En arkivsida med handskriven text organiserad i tabell- eller formulärstruktur från arkiv: Kommerskollegium, från serie: Fribrevsdiarier, daterat: 1817..
A0075681_00012.jpg	LINE_HW	En arkivsida med handskriven text organiserad i tabell- eller formulärstruktur från arkiv: Kommerskollegium, från serie: Fribrevsdiarier, daterat: 1817..
A0039205_00095.jpg	LINE_HW	En arkivsida med handskriven text organiserad i tabell- eller formulärstruktur från arkiv: Titularregister till riksregistraturet, från serie: Titularregister till riksregistraturet, daterat: 1683-1686..
A0039205_00014.jpg	LINE_HW	En arkivsida med handskriven text organiserad i tabell- eller formulärstruktur från arkiv: Titularregister till riksregistraturet, från serie: Titularregister till riksregistraturet, daterat: 1683-1686..
A0039205_00140.jpg	MISC	En arkivsida med paratextuellt eller blandat innehåll, såsom omslag, titelblad eller annat material utanför huvudtexten från arkiv: Titularregister till riksregistraturet, från serie: Titularregister till riksregistraturet, daterat: 1683-1686..
A0039205_00040.jpg	LINE_HW	En arkivsida med handskriven text organiserad i tabell- eller formulärstruktur från arkiv: Titularregister till riksregistraturet, från serie: Titularregister till riksregistraturet, daterat: 1683-1686..
A0039205_00056.jpg	LINE_HW	En arkivsida med handskriven text organiserad i tabell- eller formulärstruktur från arkiv: Titularregister till riksregistraturet, från serie: Titularregister till riksregistraturet, daterat: 1683-1686..
A0039205_00058.jpg	LINE_HW	En arkivsida med handskriven text organiserad i tabell- eller formulärstruktur från arkiv: Titularregister till riksregistraturet, från serie: Titularregister till riksregistraturet, daterat: 1683-1686..
A0039298_00082.jpg	LINE_HW	En arkivsida med handskriven text organiserad i tabell- eller formulärstruktur från arkiv: Register till riksregistraturet, från serie: Adressatregister till Riksregistraturet, daterat: 1691..
A0039298_00018.jpg	LINE_HW	En arkivsida med handskriven text organiserad i tabell- eller formulärstruktur från arkiv: Register till riksregistraturet, från serie: Adressatregister till Riksregistraturet, daterat: 1691..
A0039298_00188.jpg	LINE_HW	En arkivsida med handskriven text organiserad i tabell- eller formulärstruktur från arkiv: Register till riksregistraturet, från serie: Adressatregister till Riksregistraturet, daterat: 1691..
A0039298_00095.jpg	LINE_HW	En arkivsida med handskriven text organiserad i tabell- eller formulärstruktur från arkiv: Register till riksregistraturet, från serie: Adressatregister till Riksregistraturet, daterat: 1691..
A0039298_00099.jpg	LINE_HW	En arkivsida med handskriven text organiserad i tabell- eller formulärstruktur från arkiv: Register till riksregistraturet, från serie: Adressatregister till Riksregistraturet, daterat: 1691..
A0039298_00172.jpg	LINE_HW	En arkivsida med handskriven text organiserad i tabell- eller formulärstruktur från arkiv: Register till riksregistraturet, från serie: Adressatregister till Riksregistraturet, daterat: 1691..
A0075932_00050.jpg	LINE_HW	En arkivsida med handskriven text organiserad i tabell- eller formulärstruktur från arkiv: Kommerskollegium, från serie: Serie 1, daterat: 1840..
A0075932_00117.jpg	LINE_HW	En arkivsida med handskriven text organiserad i tabell- eller formulärstruktur från arkiv: Kommerskollegium, från serie: Serie 1, daterat: 1840..
A0075932_00104.jpg	LINE_HW	En arkivsida med handskriven text organiserad i tabell- eller formulärstruktur från arkiv: Kommerskollegium, från serie: Serie 1, daterat: 1840..
A0075932_00078.jpg	LINE_HW	En arkivsida med handskriven text organiserad i tabell- eller formulärstruktur från arkiv: Kommerskollegium, från serie: Serie 1, daterat: 1840..
A0075932_00145.jpg	LINE_HW	En arkivsida med handskriven text organiserad i tabell- eller formulärstruktur från arkiv: Kommerskollegium, från serie: Serie 1, daterat: 1840..
A0075932_00019.jpg	LINE_HW	En arkivsida med handskriven text organiserad i tabell- eller formulärstruktur från arkiv: Kommerskollegium, från serie: Serie 1, daterat: 1840..
A0076010_00383.jpg	TEXT	En arkivsida med löpande text bestående av blandade stilar, såsom handskriven, tryckt och maskinskriven text från arkiv: Kommerskollegium, från serie: Serie 1, daterat: 1841..
A0076010_00335.jpg	TEXT	En arkivsida med löpande text bestående av blandade stilar, såsom handskriven, tryckt och maskinskriven text från arkiv: Kommerskollegium, från serie: Serie 1, daterat: 1841..
A0076010_00260.jpg	TEXT	En arkivsida med löpande text bestående av blandade stilar, såsom handskriven, tryckt och maskinskriven text från arkiv: Kommerskollegium, från serie: Serie 1, daterat: 1841..
A0076010_00173.jpg	TEXT	En arkivsida med löpande text bestående av blandade stilar, såsom handskriven, tryckt och maskinskriven text från arkiv: Kommerskollegium, från serie: Serie 1, daterat: 1841..
A0076010_00366.jpg	TEXT	En arkivsida med löpande text bestående av blandade stilar, såsom handskriven, tryckt och maskinskriven text från arkiv: Kommerskollegium, från serie: Serie 1, daterat: 1841..
A0076010_00243.jpg	TEXT	En arkivsida med löpande text bestående av blandade stilar, såsom handskriven, tryckt och maskinskriven text från arkiv: Kommerskollegium, från serie: Serie 1, daterat: 1841..
A0039302_00167.jpg	LINE_HW	En arkivsida med handskriven text organiserad i tabell- eller formulärstruktur från arkiv: Register till riksregistraturet, från serie: Adressatregister till Riksregistraturet, daterat: 1697..
A0039302_00069.jpg	LINE_HW	En arkivsida med handskriven text organiserad i tabell- eller formulärstruktur från arkiv: Register till riksregistraturet, från serie: Adressatregister till Riksregistraturet, daterat: 1697..
A0039302_00147.jpg	LINE_HW	En arkivsida med handskriven text organiserad i tabell- eller formulärstruktur från arkiv: Register till riksregistraturet, från serie: Adressatregister till Riksregistraturet, daterat: 1697..
A0039302_00128.jpg	LINE_HW	En arkivsida med handskriven text organiserad i tabell- eller formulärstruktur från arkiv: Register till riksregistraturet, från serie: Adressatregister till Riksregistraturet, daterat: 1697..
A0039302_00196.jpg	LINE_HW	En arkivsida med handskriven text organiserad i tabell- eller formulärstruktur från arkiv: Register till riksregistraturet, från serie: Adressatregister till Riksregistraturet, daterat: 1697..
A0039302_00108.jpg	LINE_HW	En arkivsida med handskriven text organiserad i tabell- eller formulärstruktur från arkiv: Register till riksregistraturet, från serie: Adressatregister till Riksregistraturet, daterat: 1697..
A0075671_00128.jpg	LINE_HW	En arkivsida med handskriven text organiserad i tabell- eller formulärstruktur från arkiv: Kommerskollegium, från serie: Fribrevsdiarier, daterat: 1807..
A0075671_00015.jpg	LINE_HW	En arkivsida med handskriven text organiserad i tabell- eller formulärstruktur från arkiv: Kommerskollegium, från serie: Fribrevsdiarier, daterat: 1807..
A0075671_00030.jpg	LINE_HW	En arkivsida med handskriven text organiserad i tabell- eller formulärstruktur från arkiv: Kommerskollegium, från serie: Fribrevsdiarier, daterat: 1807..
A0075671_00011.jpg	LINE_HW	En arkivsida med handskriven text organiserad i tabell- eller formulärstruktur från arkiv: Kommerskollegium, från serie: Fribrevsdiarier, daterat: 1807..
A0075671_00062.jpg	LINE_HW	En arkivsida med handskriven text organiserad i tabell- eller formulärstruktur från arkiv: Kommerskollegium, från serie: Fribrevsdiarier, daterat: 1807..
A0075671_00038.jpg	LINE_HW	En arkivsida med handskriven text organiserad i tabell- eller formulärstruktur från arkiv: Kommerskollegium, från serie: Fribrevsdiarier, daterat: 1807..
71000674_00004.jpg	LINE_HW	En arkivsida med handskriven text organiserad i tabell- eller formulärstruktur från arkiv: Kommerskollegium, från serie: Fjärde serien, daterat: 1871-1871..
71000674_00433.jpg	LINE_MIX	En arkivsida i tabell- eller formulärlayout med blandade textstilar, inklusive handskriven, tryckt och maskinskriven text från arkiv: Kommerskollegium, från serie: Fjärde serien, daterat: 1871-1871..
71000674_00212.jpg	LINE_MIX	En arkivsida i tabell- eller formulärlayout med blandade textstilar, inklusive handskriven, tryckt och maskinskriven text från arkiv: Kommerskollegium, från serie: Fjärde serien, daterat: 1871-1871..
71000674_00435.jpg	LINE_MIX	En arkivsida i tabell- eller formulärlayout med blandade textstilar, inklusive handskriven, tryckt och maskinskriven text från arkiv: Kommerskollegium, från serie: Fjärde serien, daterat: 1871-1871..
71000674_00432.jpg	LINE_MIX	En arkivsida i tabell- eller formulärlayout med blandade textstilar, inklusive handskriven, tryckt och maskinskriven text från arkiv: Kommerskollegium, från serie: Fjärde serien, daterat: 1871-1871..
71000674_00269.jpg	LINE_MIX	En arkivsida i tabell- eller formulärlayout med blandade textstilar, inklusive handskriven, tryckt och maskinskriven text från arkiv: Kommerskollegium, från serie: Fjärde serien, daterat: 1871-1871..
A0039303_00044.jpg	LINE_HW	En arkivsida med handskriven text organiserad i tabell- eller formulärstruktur från arkiv: Register till riksregistraturet, från serie: Adressatregister till Riksregistraturet, daterat: 1698..
A0039303_00088.jpg	LINE_HW	En arkivsida med handskriven text organiserad i tabell- eller formulärstruktur från arkiv: Register till riksregistraturet, från serie: Adressatregister till Riksregistraturet, daterat: 1698..
A0039303_00095.jpg	MISC	En arkivsida med paratextuellt eller blandat innehåll, såsom omslag, titelblad eller annat material utanför huvudtexten från arkiv: Register till riksregistraturet, från serie: Adressatregister till Riksregistraturet, daterat: 1698..
A0039303_00109.jpg	LINE_HW	En arkivsida med handskriven text organiserad i tabell- eller formulärstruktur från arkiv: Register till riksregistraturet, från serie: Adressatregister till Riksregistraturet, daterat: 1698..
A0039303_00041.jpg	LINE_HW	En arkivsida med handskriven text organiserad i tabell- eller formulärstruktur från arkiv: Register till riksregistraturet, från serie: Adressatregister till Riksregistraturet, daterat: 1698..
A0039303_00149.jpg	LINE_HW	En arkivsida med handskriven text organiserad i tabell- eller formulärstruktur från arkiv: Register till riksregistraturet, från serie: Adressatregister till Riksregistraturet, daterat: 1698..
40008957_00259.jpg	LINE_HW	En arkivsida med handskriven text organiserad i tabell- eller formulärstruktur från arkiv: Kommerskollegium, från serie: Tredje serien, daterat: 1849-1849..
40008957_00510.jpg	LINE_HW	En arkivsida med handskriven text organiserad i tabell- eller formulärstruktur från arkiv: Kommerskollegium, från serie: Tredje serien, daterat: 1849-1849..
40008957_00230.jpg	LINE_HW	En arkivsida med handskriven text organiserad i tabell- eller formulärstruktur från arkiv: Kommerskollegium, från serie: Tredje serien, daterat: 1849-1849..
40008957_00532.jpg	LINE_HW	En arkivsida med handskriven text organiserad i tabell- eller formulärstruktur från arkiv: Kommerskollegium, från serie: Tredje serien, daterat: 1849-1849..
40008957_00446.jpg	LINE_HW	En arkivsida med handskriven text organiserad i tabell- eller formulärstruktur från arkiv: Kommerskollegium, från serie: Tredje serien, daterat: 1849-1849..
40008957_00115.jpg	LINE_HW	En arkivsida med handskriven text organiserad i tabell- eller formulärstruktur från arkiv: Kommerskollegium, från serie: Tredje serien, daterat: 1849-1849..
A0076664_00308.jpg	LINE_HW	En arkivsida med handskriven text organiserad i tabell- eller formulärstruktur från arkiv: Kommerskollegium, från serie: Tredje serien, daterat: 1849-1849..
A0076664_00291.jpg	LINE_HW	En arkivsida med handskriven text organiserad i tabell- eller formulärstruktur från arkiv: Kommerskollegium, från serie: Tredje serien, daterat: 1849-1849..
A0076664_00520.jpg	TEXT_HW	En arkivsida med löpande handskriven text i stycken från arkiv: Kommerskollegium, från serie: Tredje serien, daterat: 1849-1849..
A0076664_00395.jpg	LINE_HW	En arkivsida med handskriven text organiserad i tabell- eller formulärstruktur från arkiv: Kommerskollegium, från serie: Tredje serien, daterat: 1849-1849..
A0076664_00126.jpg	TEXT_HW	En arkivsida med löpande handskriven text i stycken från arkiv: Kommerskollegium, från serie: Tredje serien, daterat: 1849-1849..
A0076664_00663.jpg	TEXT_HW	En arkivsida med löpande handskriven text i stycken från arkiv: Kommerskollegium, från serie: Tredje serien, daterat: 1849-1849..
A0039271_00168.jpg	LINE_HW	En arkivsida med handskriven text organiserad i tabell- eller formulärstruktur från arkiv: Register till riksregistraturet, från serie: Adressatregister till Riksregistraturet, daterat: 1654-1659..
A0039271_00018.jpg	MISC	En arkivsida med paratextuellt eller blandat innehåll, såsom omslag, titelblad eller annat material utanför huvudtexten från arkiv: Register till riksregistraturet, från serie: Adressatregister till Riksregistraturet, daterat: 1654-1659..
A0039271_00052.jpg	LINE_HW	En arkivsida med handskriven text organiserad i tabell- eller formulärstruktur från arkiv: Register till riksregistraturet, från serie: Adressatregister till Riksregistraturet, daterat: 1654-1659..
A0039271_00106.jpg	MISC	En arkivsida med paratextuellt eller blandat innehåll, såsom omslag, titelblad eller annat material utanför huvudtexten från arkiv: Register till riksregistraturet, från serie: Adressatregister till Riksregistraturet, daterat: 1654-1659..
A0039271_00105.jpg	MISC	En arkivsida med paratextuellt eller blandat innehåll, såsom omslag, titelblad eller annat material utanför huvudtexten från arkiv: Register till riksregistraturet, från serie: Adressatregister till Riksregistraturet, daterat: 1654-1659..
A0039271_00012.jpg	MISC	En arkivsida med paratextuellt eller blandat innehåll, såsom omslag, titelblad eller annat material utanför huvudtexten från arkiv: Register till riksregistraturet, från serie: Adressatregister till Riksregistraturet, daterat: 1654-1659..
A0039267_00094.jpg	LINE_HW	En arkivsida med handskriven text organiserad i tabell- eller formulärstruktur från arkiv: Register till riksregistraturet, från serie: Adressatregister till Riksregistraturet, daterat: 1645-1654..
A0039267_00088.jpg	MISC	En arkivsida med paratextuellt eller blandat innehåll, såsom omslag, titelblad eller annat material utanför huvudtexten från arkiv: Register till riksregistraturet, från serie: Adressatregister till Riksregistraturet, daterat: 1645-1654..
A0039267_00046.jpg	LINE_HW	En arkivsida med handskriven text organiserad i tabell- eller formulärstruktur från arkiv: Register till riksregistraturet, från serie: Adressatregister till Riksregistraturet, daterat: 1645-1654..
A0039267_00020.jpg	LINE_HW	En arkivsida med handskriven text organiserad i tabell- eller formulärstruktur från arkiv: Register till riksregistraturet, från serie: Adressatregister till Riksregistraturet, daterat: 1645-1654..
A0039267_00138.jpg	LINE_HW	En arkivsida med handskriven text organiserad i tabell- eller formulärstruktur från arkiv: Register till riksregistraturet, från serie: Adressatregister till Riksregistraturet, daterat: 1645-1654..
A0039267_00155.jpg	MISC	En arkivsida med paratextuellt eller blandat innehåll, såsom omslag, titelblad eller annat material utanför huvudtexten från arkiv: Register till riksregistraturet, från serie: Adressatregister till Riksregistraturet, daterat: 1645-1654..
A0075718_00128.jpg	TEXT	En arkivsida med löpande text bestående av blandade stilar, såsom handskriven, tryckt och maskinskriven text från arkiv: Kommerskollegium, från serie: Sjöpasshandlingar, daterat: 1805..
A0075718_00411.jpg	TEXT	En arkivsida med löpande text bestående av blandade stilar, såsom handskriven, tryckt och maskinskriven text från arkiv: Kommerskollegium, från serie: Sjöpasshandlingar, daterat: 1805..
A0075718_00194.jpg	TEXT_HW	En arkivsida med löpande handskriven text i stycken från arkiv: Kommerskollegium, från serie: Sjöpasshandlingar, daterat: 1805..
A0075718_00166.jpg	TEXT	En arkivsida med löpande text bestående av blandade stilar, såsom handskriven, tryckt och maskinskriven text från arkiv: Kommerskollegium, från serie: Sjöpasshandlingar, daterat: 1805..
A0075718_00446.jpg	TEXT	En arkivsida med löpande text bestående av blandade stilar, såsom handskriven, tryckt och maskinskriven text från arkiv: Kommerskollegium, från serie: Sjöpasshandlingar, daterat: 1805..
A0075718_00224.jpg	TEXT	En arkivsida med löpande text bestående av blandade stilar, såsom handskriven, tryckt och maskinskriven text från arkiv: Kommerskollegium, från serie: Sjöpasshandlingar, daterat: 1805..
71000589_00033.jpg	LINE_HW	En arkivsida med handskriven text organiserad i tabell- eller formulärstruktur från arkiv: Register till riksregistraturet, från serie: Adressatregister till Riksregistraturet, daterat: 1676..
71000589_00073.jpg	LINE_HW	En arkivsida med handskriven text organiserad i tabell- eller formulärstruktur från arkiv: Register till riksregistraturet, från serie: Adressatregister till Riksregistraturet, daterat: 1676..
71000589_00087.jpg	LINE_HW	En arkivsida med handskriven text organiserad i tabell- eller formulärstruktur från arkiv: Register till riksregistraturet, från serie: Adressatregister till Riksregistraturet, daterat: 1676..
71000589_00071.jpg	LINE_HW	En arkivsida med handskriven text organiserad i tabell- eller formulärstruktur från arkiv: Register till riksregistraturet, från serie: Adressatregister till Riksregistraturet, daterat: 1676..
71000589_00030.jpg	LINE_HW	En arkivsida med handskriven text organiserad i tabell- eller formulärstruktur från arkiv: Register till riksregistraturet, från serie: Adressatregister till Riksregistraturet, daterat: 1676..
71000589_00113.jpg	LINE_HW	En arkivsida med handskriven text organiserad i tabell- eller formulärstruktur från arkiv: Register till riksregistraturet, från serie: Adressatregister till Riksregistraturet, daterat: 1676..
A0039281_00056.jpg	LINE_HW	En arkivsida med handskriven text organiserad i tabell- eller formulärstruktur från arkiv: Register till riksregistraturet, från serie: Adressatregister till Riksregistraturet, daterat: 1676..
A0039281_00049.jpg	LINE_HW	En arkivsida med handskriven text organiserad i tabell- eller formulärstruktur från arkiv: Register till riksregistraturet, från serie: Adressatregister till Riksregistraturet, daterat: 1676..
A0039281_00137.jpg	LINE_HW	En arkivsida med handskriven text organiserad i tabell- eller formulärstruktur från arkiv: Register till riksregistraturet, från serie: Adressatregister till Riksregistraturet, daterat: 1676..
A0039281_00095.jpg	LINE_HW	En arkivsida med handskriven text organiserad i tabell- eller formulärstruktur från arkiv: Register till riksregistraturet, från serie: Adressatregister till Riksregistraturet, daterat: 1676..
A0039281_00070.jpg	LINE_HW	En arkivsida med handskriven text organiserad i tabell- eller formulärstruktur från arkiv: Register till riksregistraturet, från serie: Adressatregister till Riksregistraturet, daterat: 1676..
A0039226_00302.jpg	LINE_HW	En arkivsida med handskriven text organiserad i tabell- eller formulärstruktur från arkiv: Register till riksregistraturet, från serie: Adressatregister till Riksregistraturet, daterat: 1555-1560..
A0039226_00014.jpg	LINE_HW	En arkivsida med handskriven text organiserad i tabell- eller formulärstruktur från arkiv: Register till riksregistraturet, från serie: Adressatregister till Riksregistraturet, daterat: 1555-1560..
A0039226_00272.jpg	LINE_HW	En arkivsida med handskriven text organiserad i tabell- eller formulärstruktur från arkiv: Register till riksregistraturet, från serie: Adressatregister till Riksregistraturet, daterat: 1555-1560..
A0039226_00123.jpg	MISC	En arkivsida med paratextuellt eller blandat innehåll, såsom omslag, titelblad eller annat material utanför huvudtexten från arkiv: Register till riksregistraturet, från serie: Adressatregister till Riksregistraturet, daterat: 1555-1560..
A0039226_00317.jpg	LINE_HW	En arkivsida med handskriven text organiserad i tabell- eller formulärstruktur från arkiv: Register till riksregistraturet, från serie: Adressatregister till Riksregistraturet, daterat: 1555-1560..
A0039226_00072.jpg	LINE_HW	En arkivsida med handskriven text organiserad i tabell- eller formulärstruktur från arkiv: Register till riksregistraturet, från serie: Adressatregister till Riksregistraturet, daterat: 1555-1560..
A0039202_00190.jpg	LINE_HW	En arkivsida med handskriven text organiserad i tabell- eller formulärstruktur från arkiv: Titularregister till riksregistraturet, från serie: Titularregister till riksregistraturet, daterat: 1666-1672..
A0039202_00098.jpg	LINE_HW	En arkivsida med handskriven text organiserad i tabell- eller formulärstruktur från arkiv: Titularregister till riksregistraturet, från serie: Titularregister till riksregistraturet, daterat: 1666-1672..
A0039202_00102.jpg	LINE_HW	En arkivsida med handskriven text organiserad i tabell- eller formulärstruktur från arkiv: Titularregister till riksregistraturet, från serie: Titularregister till riksregistraturet, daterat: 1666-1672..
A0039202_00225.jpg	LINE_HW	En arkivsida med handskriven text organiserad i tabell- eller formulärstruktur från arkiv: Titularregister till riksregistraturet, från serie: Titularregister till riksregistraturet, daterat: 1666-1672..
A0039202_00226.jpg	LINE_HW	En arkivsida med handskriven text organiserad i tabell- eller formulärstruktur från arkiv: Titularregister till riksregistraturet, från serie: Titularregister till riksregistraturet, daterat: 1666-1672..
A0039202_00209.jpg	LINE_HW	En arkivsida med handskriven text organiserad i tabell- eller formulärstruktur från arkiv: Titularregister till riksregistraturet, från serie: Titularregister till riksregistraturet, daterat: 1666-1672..
A0039227_00018.jpg	LINE_HW	En arkivsida med handskriven text organiserad i tabell- eller formulärstruktur från arkiv: Register till riksregistraturet, från serie: Adressatregister till Riksregistraturet, daterat: 1561-1564..
A0039227_00066.jpg	LINE_HW	En arkivsida med handskriven text organiserad i tabell- eller formulärstruktur från arkiv: Register till riksregistraturet, från serie: Adressatregister till Riksregistraturet, daterat: 1561-1564..
A0039227_00394.jpg	LINE_HW	En arkivsida med handskriven text organiserad i tabell- eller formulärstruktur från arkiv: Register till riksregistraturet, från serie: Adressatregister till Riksregistraturet, daterat: 1561-1564..
A0039227_00383.jpg	LINE_HW	En arkivsida med handskriven text organiserad i tabell- eller formulärstruktur från arkiv: Register till riksregistraturet, från serie: Adressatregister till Riksregistraturet, daterat: 1561-1564..
A0039227_00422.jpg	LINE_HW	En arkivsida med handskriven text organiserad i tabell- eller formulärstruktur från arkiv: Register till riksregistraturet, från serie: Adressatregister till Riksregistraturet, daterat: 1561-1564..
A0039227_00144.jpg	LINE_HW	En arkivsida med handskriven text organiserad i tabell- eller formulärstruktur från arkiv: Register till riksregistraturet, från serie: Adressatregister till Riksregistraturet, daterat: 1561-1564..
A0075682_00071.jpg	LINE_HW	En arkivsida med handskriven text organiserad i tabell- eller formulärstruktur från arkiv: Kommerskollegium, från serie: Fribrevsdiarier, daterat: 1818..
A0075682_00049.jpg	LINE_HW	En arkivsida med handskriven text organiserad i tabell- eller formulärstruktur från arkiv: Kommerskollegium, från serie: Fribrevsdiarier, daterat: 1818..
A0075682_00137.jpg	LINE_HW	En arkivsida med handskriven text organiserad i tabell- eller formulärstruktur från arkiv: Kommerskollegium, från serie: Fribrevsdiarier, daterat: 1818..
A0075682_00011.jpg	LINE_HW	En arkivsida med handskriven text organiserad i tabell- eller formulärstruktur från arkiv: Kommerskollegium, från serie: Fribrevsdiarier, daterat: 1818..
A0075682_00079.jpg	LINE_HW	En arkivsida med handskriven text organiserad i tabell- eller formulärstruktur från arkiv: Kommerskollegium, från serie: Fribrevsdiarier, daterat: 1818..
A0075682_00130.jpg	LINE_HW	En arkivsida med handskriven text organiserad i tabell- eller formulärstruktur från arkiv: Kommerskollegium, från serie: Fribrevsdiarier, daterat: 1818..
A0039317_00100.jpg	LINE_HW	En arkivsida med handskriven text organiserad i tabell- eller formulärstruktur från arkiv: Register till riksregistraturet, från serie: Adressatregister till Riksregistraturet, daterat: 1713-1714..
A0039317_00101.jpg	LINE_HW	En arkivsida med handskriven text organiserad i tabell- eller formulärstruktur från arkiv: Register till riksregistraturet, från serie: Adressatregister till Riksregistraturet, daterat: 1713-1714..
A0039317_00093.jpg	LINE_HW	En arkivsida med handskriven text organiserad i tabell- eller formulärstruktur från arkiv: Register till riksregistraturet, från serie: Adressatregister till Riksregistraturet, daterat: 1713-1714..
A0039317_00162.jpg	LINE_HW	En arkivsida med handskriven text organiserad i tabell- eller formulärstruktur från arkiv: Register till riksregistraturet, från serie: Adressatregister till Riksregistraturet, daterat: 1713-1714..
A0039317_00057.jpg	LINE_HW	En arkivsida med handskriven text organiserad i tabell- eller formulärstruktur från arkiv: Register till riksregistraturet, från serie: Adressatregister till Riksregistraturet, daterat: 1713-1714..
A0039317_00059.jpg	LINE_HW	En arkivsida med handskriven text organiserad i tabell- eller formulärstruktur från arkiv: Register till riksregistraturet, från serie: Adressatregister till Riksregistraturet, daterat: 1713-1714..
A0039229_00280.jpg	LINE_HW	En arkivsida med handskriven text organiserad i tabell- eller formulärstruktur från arkiv: Register till riksregistraturet, från serie: Adressatregister till Riksregistraturet, daterat: 1569-1572..
A0039229_00383.jpg	LINE_HW	En arkivsida med handskriven text organiserad i tabell- eller formulärstruktur från arkiv: Register till riksregistraturet, från serie: Adressatregister till Riksregistraturet, daterat: 1569-1572..
A0039229_00119.jpg	LINE_HW	En arkivsida med handskriven text organiserad i tabell- eller formulärstruktur från arkiv: Register till riksregistraturet, från serie: Adressatregister till Riksregistraturet, daterat: 1569-1572..
A0039229_00317.jpg	LINE_HW	En arkivsida med handskriven text organiserad i tabell- eller formulärstruktur från arkiv: Register till riksregistraturet, från serie: Adressatregister till Riksregistraturet, daterat: 1569-1572..
A0039229_00389.jpg	LINE_HW	En arkivsida med handskriven text organiserad i tabell- eller formulärstruktur från arkiv: Register till riksregistraturet, från serie: Adressatregister till Riksregistraturet, daterat: 1569-1572..
A0039229_00078.jpg	LINE_HW	En arkivsida med handskriven text organiserad i tabell- eller formulärstruktur från arkiv: Register till riksregistraturet, från serie: Adressatregister till Riksregistraturet, daterat: 1569-1572..
A0039283_00060.jpg	LINE_HW	En arkivsida med handskriven text organiserad i tabell- eller formulärstruktur från arkiv: Register till riksregistraturet, från serie: Adressatregister till Riksregistraturet, daterat: 1677..
A0039283_00031.jpg	LINE_HW	En arkivsida med handskriven text organiserad i tabell- eller formulärstruktur från arkiv: Register till riksregistraturet, från serie: Adressatregister till Riksregistraturet, daterat: 1677..
A0039283_00114.jpg	LINE_HW	En arkivsida med handskriven text organiserad i tabell- eller formulärstruktur från arkiv: Register till riksregistraturet, från serie: Adressatregister till Riksregistraturet, daterat: 1677..
A0039283_00105.jpg	LINE_HW	En arkivsida med handskriven text organiserad i tabell- eller formulärstruktur från arkiv: Register till riksregistraturet, från serie: Adressatregister till Riksregistraturet, daterat: 1677..
A0039283_00079.jpg	LINE_HW	En arkivsida med handskriven text organiserad i tabell- eller formulärstruktur från arkiv: Register till riksregistraturet, från serie: Adressatregister till Riksregistraturet, daterat: 1677..
A0039283_00095.jpg	LINE_HW	En arkivsida med handskriven text organiserad i tabell- eller formulärstruktur från arkiv: Register till riksregistraturet, från serie: Adressatregister till Riksregistraturet, daterat: 1677..
A0075794_00106.jpg	TEXT	En arkivsida med löpande text bestående av blandade stilar, såsom handskriven, tryckt och maskinskriven text från arkiv: Kommerskollegium, från serie: Sjöpasshandlingar, daterat: 1829..
A0075794_00019.jpg	TEXT	En arkivsida med löpande text bestående av blandade stilar, såsom handskriven, tryckt och maskinskriven text från arkiv: Kommerskollegium, från serie: Sjöpasshandlingar, daterat: 1829..
A0075794_00181.jpg	TEXT_HW	En arkivsida med löpande handskriven text i stycken från arkiv: Kommerskollegium, från serie: Sjöpasshandlingar, daterat: 1829..
A0075794_00324.jpg	TEXT	En arkivsida med löpande text bestående av blandade stilar, såsom handskriven, tryckt och maskinskriven text från arkiv: Kommerskollegium, från serie: Sjöpasshandlingar, daterat: 1829..
A0075794_00118.jpg	TEXT_HW	En arkivsida med löpande handskriven text i stycken från arkiv: Kommerskollegium, från serie: Sjöpasshandlingar, daterat: 1829..
A0075794_00166.jpg	TEXT	En arkivsida med löpande text bestående av blandade stilar, såsom handskriven, tryckt och maskinskriven text från arkiv: Kommerskollegium, från serie: Sjöpasshandlingar, daterat: 1829..
A0039256_00100.jpg	LINE_HW	En arkivsida med handskriven text organiserad i tabell- eller formulärstruktur från arkiv: Register till riksregistraturet, från serie: Adressatregister till Riksregistraturet, daterat: 1627..
A0039256_00056.jpg	LINE_HW	En arkivsida med handskriven text organiserad i tabell- eller formulärstruktur från arkiv: Register till riksregistraturet, från serie: Adressatregister till Riksregistraturet, daterat: 1627..
A0039256_00089.jpg	LINE_HW	En arkivsida med handskriven text organiserad i tabell- eller formulärstruktur från arkiv: Register till riksregistraturet, från serie: Adressatregister till Riksregistraturet, daterat: 1627..
A0039256_00039.jpg	LINE_HW	En arkivsida med handskriven text organiserad i tabell- eller formulärstruktur från arkiv: Register till riksregistraturet, från serie: Adressatregister till Riksregistraturet, daterat: 1627..
A0039256_00011.jpg	LINE_HW	En arkivsida med handskriven text organiserad i tabell- eller formulärstruktur från arkiv: Register till riksregistraturet, från serie: Adressatregister till Riksregistraturet, daterat: 1627..
A0039256_00044.jpg	LINE_HW	En arkivsida med handskriven text organiserad i tabell- eller formulärstruktur från arkiv: Register till riksregistraturet, från serie: Adressatregister till Riksregistraturet, daterat: 1627..
71000673_00406.jpg	LINE_MIX	En arkivsida i tabell- eller formulärlayout med blandade textstilar, inklusive handskriven, tryckt och maskinskriven text från arkiv: Kommerskollegium, från serie: Fjärde serien, daterat: 1869-1869..
71000673_00037.jpg	LINE_MIX	En arkivsida i tabell- eller formulärlayout med blandade textstilar, inklusive handskriven, tryckt och maskinskriven text från arkiv: Kommerskollegium, från serie: Fjärde serien, daterat: 1869-1869..
71000673_00106.jpg	LINE_MIX	En arkivsida i tabell- eller formulärlayout med blandade textstilar, inklusive handskriven, tryckt och maskinskriven text från arkiv: Kommerskollegium, från serie: Fjärde serien, daterat: 1869-1869..
71000673_00069.jpg	LINE_MIX	En arkivsida i tabell- eller formulärlayout med blandade textstilar, inklusive handskriven, tryckt och maskinskriven text från arkiv: Kommerskollegium, från serie: Fjärde serien, daterat: 1869-1869..
71000673_00338.jpg	LINE_MIX	En arkivsida i tabell- eller formulärlayout med blandade textstilar, inklusive handskriven, tryckt och maskinskriven text från arkiv: Kommerskollegium, från serie: Fjärde serien, daterat: 1869-1869..
71000673_00293.jpg	LINE_MIX	En arkivsida i tabell- eller formulärlayout med blandade textstilar, inklusive handskriven, tryckt och maskinskriven text från arkiv: Kommerskollegium, från serie: Fjärde serien, daterat: 1869-1869..
A0075693_00095.jpg	LINE_HW	En arkivsida med handskriven text organiserad i tabell- eller formulärstruktur från arkiv: Kommerskollegium, från serie: Fribrevsdiarier, daterat: 1829..
A0075693_00139.jpg	LINE_HW	En arkivsida med handskriven text organiserad i tabell- eller formulärstruktur från arkiv: Kommerskollegium, från serie: Fribrevsdiarier, daterat: 1829..
A0075693_00077.jpg	LINE_HW	En arkivsida med handskriven text organiserad i tabell- eller formulärstruktur från arkiv: Kommerskollegium, från serie: Fribrevsdiarier, daterat: 1829..
A0075693_00090.jpg	LINE_HW	En arkivsida med handskriven text organiserad i tabell- eller formulärstruktur från arkiv: Kommerskollegium, från serie: Fribrevsdiarier, daterat: 1829..
A0075693_00120.jpg	LINE_HW	En arkivsida med handskriven text organiserad i tabell- eller formulärstruktur från arkiv: Kommerskollegium, från serie: Fribrevsdiarier, daterat: 1829..
A0075693_00134.jpg	LINE_HW	En arkivsida med handskriven text organiserad i tabell- eller formulärstruktur från arkiv: Kommerskollegium, från serie: Fribrevsdiarier, daterat: 1829..
A0075674_00023.jpg	LINE_HW	En arkivsida med handskriven text organiserad i tabell- eller formulärstruktur från arkiv: Kommerskollegium, från serie: Fribrevsdiarier, daterat: 1810..
A0075674_00040.jpg	LINE_HW	En arkivsida med handskriven text organiserad i tabell- eller formulärstruktur från arkiv: Kommerskollegium, från serie: Fribrevsdiarier, daterat: 1810..
A0075674_00145.jpg	LINE_HW	En arkivsida med handskriven text organiserad i tabell- eller formulärstruktur från arkiv: Kommerskollegium, från serie: Fribrevsdiarier, daterat: 1810..
A0075674_00101.jpg	LINE_HW	En arkivsida med handskriven text organiserad i tabell- eller formulärstruktur från arkiv: Kommerskollegium, från serie: Fribrevsdiarier, daterat: 1810..
A0075674_00141.jpg	LINE_HW	En arkivsida med handskriven text organiserad i tabell- eller formulärstruktur från arkiv: Kommerskollegium, från serie: Fribrevsdiarier, daterat: 1810..
A0075674_00169.jpg	LINE_HW	En arkivsida med handskriven text organiserad i tabell- eller formulärstruktur från arkiv: Kommerskollegium, från serie: Fribrevsdiarier, daterat: 1810..
A0075676_00093.jpg	LINE_HW	En arkivsida med handskriven text organiserad i tabell- eller formulärstruktur från arkiv: Kommerskollegium, från serie: Fribrevsdiarier, daterat: 1812..
A0075676_00066.jpg	LINE_HW	En arkivsida med handskriven text organiserad i tabell- eller formulärstruktur från arkiv: Kommerskollegium, från serie: Fribrevsdiarier, daterat: 1812..
A0075676_00079.jpg	LINE_HW	En arkivsida med handskriven text organiserad i tabell- eller formulärstruktur från arkiv: Kommerskollegium, från serie: Fribrevsdiarier, daterat: 1812..
A0075676_00084.jpg	LINE_HW	En arkivsida med handskriven text organiserad i tabell- eller formulärstruktur från arkiv: Kommerskollegium, från serie: Fribrevsdiarier, daterat: 1812..
A0075676_00012.jpg	LINE_HW	En arkivsida med handskriven text organiserad i tabell- eller formulärstruktur från arkiv: Kommerskollegium, från serie: Fribrevsdiarier, daterat: 1812..
A0075676_00029.jpg	LINE_HW	En arkivsida med handskriven text organiserad i tabell- eller formulärstruktur från arkiv: Kommerskollegium, från serie: Fribrevsdiarier, daterat: 1812..
30004281_00034.jpg	TEXT_TP	En arkivsida. Metadata: från arkiv: Kommerskollegium, från serie: Patentbrev kungjorda i Post- och inrikes tidningar, daterat: 1877..
30004281_00024.jpg	TEXT_TP	En arkivsida. Metadata: från arkiv: Kommerskollegium, från serie: Patentbrev kungjorda i Post- och inrikes tidningar, daterat: 1877..
30004281_00040.jpg	TEXT_TP	En arkivsida. Metadata: från arkiv: Kommerskollegium, från serie: Patentbrev kungjorda i Post- och inrikes tidningar, daterat: 1877..
30004281_00064.jpg	TEXT_TP	En arkivsida. Metadata: från arkiv: Kommerskollegium, från serie: Patentbrev kungjorda i Post- och inrikes tidningar, daterat: 1877..
30004281_00054.jpg	MISC	En arkivsida med paratextuellt eller blandat innehåll, såsom omslag, titelblad eller annat material utanför huvudtexten från arkiv: Kommerskollegium, från serie: Patentbrev kungjorda i Post- och inrikes tidningar, daterat: 1877..
30004281_00012.jpg	TEXT_TP	En arkivsida. Metadata: från arkiv: Kommerskollegium, från serie: Patentbrev kungjorda i Post- och inrikes tidningar, daterat: 1877..
A0075719_00574.jpg	TEXT	En arkivsida med löpande text bestående av blandade stilar, såsom handskriven, tryckt och maskinskriven text från arkiv: Kommerskollegium, från serie: Sjöpasshandlingar, daterat: 1805..
A0075719_00203.jpg	TEXT	En arkivsida med löpande text bestående av blandade stilar, såsom handskriven, tryckt och maskinskriven text från arkiv: Kommerskollegium, från serie: Sjöpasshandlingar, daterat: 1805..
A0075719_00249.jpg	TEXT	En arkivsida med löpande text bestående av blandade stilar, såsom handskriven, tryckt och maskinskriven text från arkiv: Kommerskollegium, från serie: Sjöpasshandlingar, daterat: 1805..
A0075719_00065.jpg	TEXT	En arkivsida med löpande text bestående av blandade stilar, såsom handskriven, tryckt och maskinskriven text från arkiv: Kommerskollegium, från serie: Sjöpasshandlingar, daterat: 1805..
A0075719_00318.jpg	TEXT_HW	En arkivsida med löpande handskriven text i stycken från arkiv: Kommerskollegium, från serie: Sjöpasshandlingar, daterat: 1805..
A0075719_00609.jpg	TEXT	En arkivsida med löpande text bestående av blandade stilar, såsom handskriven, tryckt och maskinskriven text från arkiv: Kommerskollegium, från serie: Sjöpasshandlingar, daterat: 1805..
A0075729_00064.jpg	TEXT_HW	En arkivsida med löpande handskriven text i stycken från arkiv: Kommerskollegium, från serie: Sjöpasshandlingar, daterat: 1809..
A0075729_00287.jpg	TEXT	En arkivsida med löpande text bestående av blandade stilar, såsom handskriven, tryckt och maskinskriven text från arkiv: Kommerskollegium, från serie: Sjöpasshandlingar, daterat: 1809..
A0075729_00258.jpg	TEXT_HW	En arkivsida med löpande handskriven text i stycken från arkiv: Kommerskollegium, från serie: Sjöpasshandlingar, daterat: 1809..
A0075729_00052.jpg	TEXT_HW	En arkivsida med löpande handskriven text i stycken från arkiv: Kommerskollegium, från serie: Sjöpasshandlingar, daterat: 1809..
A0075729_00328.jpg	TEXT_HW	En arkivsida med löpande handskriven text i stycken från arkiv: Kommerskollegium, från serie: Sjöpasshandlingar, daterat: 1809..
A0075729_00035.jpg	TEXT	En arkivsida med löpande text bestående av blandade stilar, såsom handskriven, tryckt och maskinskriven text från arkiv: Kommerskollegium, från serie: Sjöpasshandlingar, daterat: 1809..
A0039294_00072.jpg	LINE_HW	En arkivsida med handskriven text organiserad i tabell- eller formulärstruktur från arkiv: Register till riksregistraturet, från serie: Adressatregister till Riksregistraturet, daterat: 1687..
A0039294_00032.jpg	LINE_HW	En arkivsida med handskriven text organiserad i tabell- eller formulärstruktur från arkiv: Register till riksregistraturet, från serie: Adressatregister till Riksregistraturet, daterat: 1687..
A0039294_00080.jpg	LINE_HW	En arkivsida med handskriven text organiserad i tabell- eller formulärstruktur från arkiv: Register till riksregistraturet, från serie: Adressatregister till Riksregistraturet, daterat: 1687..
A0039294_00066.jpg	LINE_HW	En arkivsida med handskriven text organiserad i tabell- eller formulärstruktur från arkiv: Register till riksregistraturet, från serie: Adressatregister till Riksregistraturet, daterat: 1687..
A0039294_00083.jpg	LINE_HW	En arkivsida med handskriven text organiserad i tabell- eller formulärstruktur från arkiv: Register till riksregistraturet, från serie: Adressatregister till Riksregistraturet, daterat: 1687..
A0039294_00099.jpg	LINE_HW	En arkivsida med handskriven text organiserad i tabell- eller formulärstruktur från arkiv: Register till riksregistraturet, från serie: Adressatregister till Riksregistraturet, daterat: 1687..
A0075959_00179.jpg	TEXT	En arkivsida med löpande text bestående av blandade stilar, såsom handskriven, tryckt och maskinskriven text från arkiv: Kommerskollegium, från serie: Serie 1, daterat: 1833..
A0075959_00544.jpg	TEXT	En arkivsida med löpande text bestående av blandade stilar, såsom handskriven, tryckt och maskinskriven text från arkiv: Kommerskollegium, från serie: Serie 1, daterat: 1833..
A0075959_00305.jpg	TEXT	En arkivsida med löpande text bestående av blandade stilar, såsom handskriven, tryckt och maskinskriven text från arkiv: Kommerskollegium, från serie: Serie 1, daterat: 1833..
A0075959_00362.jpg	TEXT	En arkivsida med löpande text bestående av blandade stilar, såsom handskriven, tryckt och maskinskriven text från arkiv: Kommerskollegium, från serie: Serie 1, daterat: 1833..
A0075959_00245.jpg	TEXT	En arkivsida med löpande text bestående av blandade stilar, såsom handskriven, tryckt och maskinskriven text från arkiv: Kommerskollegium, från serie: Serie 1, daterat: 1833..
A0075959_00129.jpg	TEXT	En arkivsida med löpande text bestående av blandade stilar, såsom handskriven, tryckt och maskinskriven text från arkiv: Kommerskollegium, från serie: Serie 1, daterat: 1833..
A0039196_00005.jpg	MISC	En arkivsida med paratextuellt eller blandat innehåll, såsom omslag, titelblad eller annat material utanför huvudtexten från arkiv: Titularregister till riksregistraturet, från serie: Titularregister till riksregistraturet, daterat: 1633-1644..
A0039196_00077.jpg	LINE_HW	En arkivsida med handskriven text organiserad i tabell- eller formulärstruktur från arkiv: Titularregister till riksregistraturet, från serie: Titularregister till riksregistraturet, daterat: 1633-1644..
A0039196_00108.jpg	LINE_HW	En arkivsida med handskriven text organiserad i tabell- eller formulärstruktur från arkiv: Titularregister till riksregistraturet, från serie: Titularregister till riksregistraturet, daterat: 1633-1644..
A0039196_00102.jpg	LINE_HW	En arkivsida med handskriven text organiserad i tabell- eller formulärstruktur från arkiv: Titularregister till riksregistraturet, från serie: Titularregister till riksregistraturet, daterat: 1633-1644..
A0039196_00056.jpg	LINE_HW	En arkivsida med handskriven text organiserad i tabell- eller formulärstruktur från arkiv: Titularregister till riksregistraturet, från serie: Titularregister till riksregistraturet, daterat: 1633-1644..
30004279_00141.jpg	TEXT_TP	En arkivsida. Metadata: från arkiv: Kommerskollegium, från serie: Patentbrev kungjorda i Post- och inrikes tidningar, daterat: 1876..
30004279_00005.jpg	MISC	En arkivsida med paratextuellt eller blandat innehåll, såsom omslag, titelblad eller annat material utanför huvudtexten från arkiv: Kommerskollegium, från serie: Patentbrev kungjorda i Post- och inrikes tidningar, daterat: 1876..
30004279_00046.jpg	TEXT_TP	En arkivsida. Metadata: från arkiv: Kommerskollegium, från serie: Patentbrev kungjorda i Post- och inrikes tidningar, daterat: 1876..
30004279_00108.jpg	TEXT_TP	En arkivsida. Metadata: från arkiv: Kommerskollegium, från serie: Patentbrev kungjorda i Post- och inrikes tidningar, daterat: 1876..
30004279_00113.jpg	TEXT_TP	En arkivsida. Metadata: från arkiv: Kommerskollegium, från serie: Patentbrev kungjorda i Post- och inrikes tidningar, daterat: 1876..
30004279_00043.jpg	MISC	En arkivsida med paratextuellt eller blandat innehåll, såsom omslag, titelblad eller annat material utanför huvudtexten från arkiv: Kommerskollegium, från serie: Patentbrev kungjorda i Post- och inrikes tidningar, daterat: 1876..
A0076006_00080.jpg	TEXT	En arkivsida med löpande text bestående av blandade stilar, såsom handskriven, tryckt och maskinskriven text från arkiv: Kommerskollegium, från serie: Serie 1, daterat: 1840..
A0076006_00093.jpg	TEXT	En arkivsida med löpande text bestående av blandade stilar, såsom handskriven, tryckt och maskinskriven text från arkiv: Kommerskollegium, från serie: Serie 1, daterat: 1840..
A0076006_00353.jpg	TEXT	En arkivsida med löpande text bestående av blandade stilar, såsom handskriven, tryckt och maskinskriven text från arkiv: Kommerskollegium, från serie: Serie 1, daterat: 1840..
A0076006_00001.jpg	MISC	En arkivsida med paratextuellt eller blandat innehåll, såsom omslag, titelblad eller annat material utanför huvudtexten från arkiv: Kommerskollegium, från serie: Serie 1, daterat: 1840..
A0076006_00009.jpg	TEXT	En arkivsida med löpande text bestående av blandade stilar, såsom handskriven, tryckt och maskinskriven text från arkiv: Kommerskollegium, från serie: Serie 1, daterat: 1840..
A0076006_00046.jpg	TEXT	En arkivsida med löpande text bestående av blandade stilar, såsom handskriven, tryckt och maskinskriven text från arkiv: Kommerskollegium, från serie: Serie 1, daterat: 1840..
A0075930_00029.jpg	LINE_HW	En arkivsida med handskriven text organiserad i tabell- eller formulärstruktur från arkiv: Kommerskollegium, från serie: Serie 1, daterat: 1838..
A0075930_00043.jpg	LINE_HW	En arkivsida med handskriven text organiserad i tabell- eller formulärstruktur från arkiv: Kommerskollegium, från serie: Serie 1, daterat: 1838..
A0075930_00122.jpg	LINE_HW	En arkivsida med handskriven text organiserad i tabell- eller formulärstruktur från arkiv: Kommerskollegium, från serie: Serie 1, daterat: 1838..
A0075930_00074.jpg	LINE_HW	En arkivsida med handskriven text organiserad i tabell- eller formulärstruktur från arkiv: Kommerskollegium, från serie: Serie 1, daterat: 1838..
A0075930_00143.jpg	LINE_HW	En arkivsida med handskriven text organiserad i tabell- eller formulärstruktur från arkiv: Kommerskollegium, från serie: Serie 1, daterat: 1838..
A0075930_00022.jpg	LINE_HW	En arkivsida med handskriven text organiserad i tabell- eller formulärstruktur från arkiv: Kommerskollegium, från serie: Serie 1, daterat: 1838..
71000586_00222.jpg	LINE_HW	En arkivsida med handskriven text organiserad i tabell- eller formulärstruktur från arkiv: Register till riksregistraturet, från serie: Adressatregister till Riksregistraturet, daterat: 1630-1631..
71000586_00278.jpg	LINE_HW	En arkivsida med handskriven text organiserad i tabell- eller formulärstruktur från arkiv: Register till riksregistraturet, från serie: Adressatregister till Riksregistraturet, daterat: 1630-1631..
71000586_00181.jpg	LINE_HW	En arkivsida med handskriven text organiserad i tabell- eller formulärstruktur från arkiv: Register till riksregistraturet, från serie: Adressatregister till Riksregistraturet, daterat: 1630-1631..
71000586_00271.jpg	LINE_HW	En arkivsida med handskriven text organiserad i tabell- eller formulärstruktur från arkiv: Register till riksregistraturet, från serie: Adressatregister till Riksregistraturet, daterat: 1630-1631..
71000586_00113.jpg	LINE_HW	En arkivsida med handskriven text organiserad i tabell- eller formulärstruktur från arkiv: Register till riksregistraturet, från serie: Adressatregister till Riksregistraturet, daterat: 1630-1631..
71000586_00146.jpg	LINE_HW	En arkivsida med handskriven text organiserad i tabell- eller formulärstruktur från arkiv: Register till riksregistraturet, från serie: Adressatregister till Riksregistraturet, daterat: 1630-1631..
A0039259_00169.jpg	LINE_HW	En arkivsida med handskriven text organiserad i tabell- eller formulärstruktur från arkiv: Register till riksregistraturet, från serie: Adressatregister till Riksregistraturet, daterat: 1630-1631..
A0039259_00322.jpg	LINE_HW	En arkivsida med handskriven text organiserad i tabell- eller formulärstruktur från arkiv: Register till riksregistraturet, från serie: Adressatregister till Riksregistraturet, daterat: 1630-1631..
A0039259_00126.jpg	LINE_HW	En arkivsida med handskriven text organiserad i tabell- eller formulärstruktur från arkiv: Register till riksregistraturet, från serie: Adressatregister till Riksregistraturet, daterat: 1630-1631..
A0039259_00282.jpg	LINE_HW	En arkivsida med handskriven text organiserad i tabell- eller formulärstruktur från arkiv: Register till riksregistraturet, från serie: Adressatregister till Riksregistraturet, daterat: 1630-1631..
A0039259_00174.jpg	MISC	En arkivsida med paratextuellt eller blandat innehåll, såsom omslag, titelblad eller annat material utanför huvudtexten från arkiv: Register till riksregistraturet, från serie: Adressatregister till Riksregistraturet, daterat: 1630-1631..
A0039259_00056.jpg	LINE_HW	En arkivsida med handskriven text organiserad i tabell- eller formulärstruktur från arkiv: Register till riksregistraturet, från serie: Adressatregister till Riksregistraturet, daterat: 1630-1631..
A0039235_00152.jpg	LINE_HW	En arkivsida med handskriven text organiserad i tabell- eller formulärstruktur från arkiv: Register till riksregistraturet, från serie: Adressatregister till Riksregistraturet, daterat: 1593-1594..
A0039235_00056.jpg	LINE_HW	En arkivsida med handskriven text organiserad i tabell- eller formulärstruktur från arkiv: Register till riksregistraturet, från serie: Adressatregister till Riksregistraturet, daterat: 1593-1594..
A0039235_00410.jpg	LINE_HW	En arkivsida med handskriven text organiserad i tabell- eller formulärstruktur från arkiv: Register till riksregistraturet, från serie: Adressatregister till Riksregistraturet, daterat: 1593-1594..
A0039235_00103.jpg	LINE_HW	En arkivsida med handskriven text organiserad i tabell- eller formulärstruktur från arkiv: Register till riksregistraturet, från serie: Adressatregister till Riksregistraturet, daterat: 1593-1594..
A0039235_00252.jpg	LINE_HW	En arkivsida med handskriven text organiserad i tabell- eller formulärstruktur från arkiv: Register till riksregistraturet, från serie: Adressatregister till Riksregistraturet, daterat: 1593-1594..
A0039235_00071.jpg	LINE_HW	En arkivsida med handskriven text organiserad i tabell- eller formulärstruktur från arkiv: Register till riksregistraturet, från serie: Adressatregister till Riksregistraturet, daterat: 1593-1594..
A0075725_00125.jpg	TEXT_HW	En arkivsida med löpande handskriven text i stycken från arkiv: Kommerskollegium, från serie: Sjöpasshandlingar, daterat: 1807..
A0075725_00120.jpg	TEXT_HW	En arkivsida med löpande handskriven text i stycken från arkiv: Kommerskollegium, från serie: Sjöpasshandlingar, daterat: 1807..
A0075725_00013.jpg	TEXT_HW	En arkivsida med löpande handskriven text i stycken från arkiv: Kommerskollegium, från serie: Sjöpasshandlingar, daterat: 1807..
A0075725_00017.jpg	TEXT_HW	En arkivsida med löpande handskriven text i stycken från arkiv: Kommerskollegium, från serie: Sjöpasshandlingar, daterat: 1807..
A0075725_00075.jpg	TEXT_HW	En arkivsida med löpande handskriven text i stycken från arkiv: Kommerskollegium, från serie: Sjöpasshandlingar, daterat: 1807..
A0075725_00048.jpg	TEXT	En arkivsida med löpande text bestående av blandade stilar, såsom handskriven, tryckt och maskinskriven text från arkiv: Kommerskollegium, från serie: Sjöpasshandlingar, daterat: 1807..
A0039284_00120.jpg	LINE_HW	En arkivsida med handskriven text organiserad i tabell- eller formulärstruktur från arkiv: Register till riksregistraturet, från serie: Adressatregister till Riksregistraturet, daterat: 1678..
A0039284_00104.jpg	LINE_HW	En arkivsida med handskriven text organiserad i tabell- eller formulärstruktur från arkiv: Register till riksregistraturet, från serie: Adressatregister till Riksregistraturet, daterat: 1678..
A0039284_00117.jpg	LINE_HW	En arkivsida med handskriven text organiserad i tabell- eller formulärstruktur från arkiv: Register till riksregistraturet, från serie: Adressatregister till Riksregistraturet, daterat: 1678..
A0039284_00053.jpg	LINE_HW	En arkivsida med handskriven text organiserad i tabell- eller formulärstruktur från arkiv: Register till riksregistraturet, från serie: Adressatregister till Riksregistraturet, daterat: 1678..
A0039284_00029.jpg	LINE_HW	En arkivsida med handskriven text organiserad i tabell- eller formulärstruktur från arkiv: Register till riksregistraturet, från serie: Adressatregister till Riksregistraturet, daterat: 1678..
A0039284_00007.jpg	LINE_HW	En arkivsida med handskriven text organiserad i tabell- eller formulärstruktur från arkiv: Register till riksregistraturet, från serie: Adressatregister till Riksregistraturet, daterat: 1678..
30004011_01052.jpg	LINE_MIX	En arkivsida i tabell- eller formulärlayout med blandade textstilar, inklusive handskriven, tryckt och maskinskriven text från arkiv: Kommerskollegium, från serie: Uppgifter om arbetskraft och drivkraft, daterat: 1908..
30004011_00488.jpg	LINE_MIX	En arkivsida i tabell- eller formulärlayout med blandade textstilar, inklusive handskriven, tryckt och maskinskriven text från arkiv: Kommerskollegium, från serie: Uppgifter om arbetskraft och drivkraft, daterat: 1908..
30004011_00162.jpg	LINE_MIX	En arkivsida i tabell- eller formulärlayout med blandade textstilar, inklusive handskriven, tryckt och maskinskriven text från arkiv: Kommerskollegium, från serie: Uppgifter om arbetskraft och drivkraft, daterat: 1908..
30004011_00535.jpg	LINE_MIX	En arkivsida i tabell- eller formulärlayout med blandade textstilar, inklusive handskriven, tryckt och maskinskriven text från arkiv: Kommerskollegium, från serie: Uppgifter om arbetskraft och drivkraft, daterat: 1908..
30004011_01179.jpg	LINE_TP	En arkivsida med tryckt eller maskinskriven text organiserad i tabell- eller formulärstruktur från arkiv: Kommerskollegium, från serie: Uppgifter om arbetskraft och drivkraft, daterat: 1908..
30004011_00818.jpg	LINE_MIX	En arkivsida i tabell- eller formulärlayout med blandade textstilar, inklusive handskriven, tryckt och maskinskriven text från arkiv: Kommerskollegium, från serie: Uppgifter om arbetskraft och drivkraft, daterat: 1908..
A0039269_00241.jpg	LINE_HW	En arkivsida med handskriven text organiserad i tabell- eller formulärstruktur från arkiv: Register till riksregistraturet, från serie: Adressatregister till Riksregistraturet, daterat: 1650-1654..
A0039269_00194.jpg	LINE_HW	En arkivsida med handskriven text organiserad i tabell- eller formulärstruktur från arkiv: Register till riksregistraturet, från serie: Adressatregister till Riksregistraturet, daterat: 1650-1654..
A0039269_00003.jpg	MISC	En arkivsida med paratextuellt eller blandat innehåll, såsom omslag, titelblad eller annat material utanför huvudtexten från arkiv: Register till riksregistraturet, från serie: Adressatregister till Riksregistraturet, daterat: 1650-1654..
A0039269_00255.jpg	LINE_HW	En arkivsida med handskriven text organiserad i tabell- eller formulärstruktur från arkiv: Register till riksregistraturet, från serie: Adressatregister till Riksregistraturet, daterat: 1650-1654..
A0039269_00292.jpg	MISC	En arkivsida med paratextuellt eller blandat innehåll, såsom omslag, titelblad eller annat material utanför huvudtexten från arkiv: Register till riksregistraturet, från serie: Adressatregister till Riksregistraturet, daterat: 1650-1654..
30004005_00364.jpg	LINE_MIX	En arkivsida i tabell- eller formulärlayout med blandade textstilar, inklusive handskriven, tryckt och maskinskriven text från arkiv: Kommerskollegium, från serie: Uppgifter om arbetskraft och drivkraft, daterat: 1906..
30004005_01352.jpg	LINE_MIX	En arkivsida i tabell- eller formulärlayout med blandade textstilar, inklusive handskriven, tryckt och maskinskriven text från arkiv: Kommerskollegium, från serie: Uppgifter om arbetskraft och drivkraft, daterat: 1906..
30004005_00089.jpg	LINE_MIX	En arkivsida i tabell- eller formulärlayout med blandade textstilar, inklusive handskriven, tryckt och maskinskriven text från arkiv: Kommerskollegium, från serie: Uppgifter om arbetskraft och drivkraft, daterat: 1906..
30004005_00114.jpg	LINE_MIX	En arkivsida i tabell- eller formulärlayout med blandade textstilar, inklusive handskriven, tryckt och maskinskriven text från arkiv: Kommerskollegium, från serie: Uppgifter om arbetskraft och drivkraft, daterat: 1906..
30004005_00446.jpg	LINE_MIX	En arkivsida i tabell- eller formulärlayout med blandade textstilar, inklusive handskriven, tryckt och maskinskriven text från arkiv: Kommerskollegium, från serie: Uppgifter om arbetskraft och drivkraft, daterat: 1906..
A0039301_00118.jpg	LINE_HW	En arkivsida med handskriven text organiserad i tabell- eller formulärstruktur från arkiv: Register till riksregistraturet, från serie: Adressatregister till Riksregistraturet, daterat: 1696..
A0039301_00213.jpg	LINE_HW	En arkivsida med handskriven text organiserad i tabell- eller formulärstruktur från arkiv: Register till riksregistraturet, från serie: Adressatregister till Riksregistraturet, daterat: 1696..
A0039301_00110.jpg	LINE_HW	En arkivsida med handskriven text organiserad i tabell- eller formulärstruktur från arkiv: Register till riksregistraturet, från serie: Adressatregister till Riksregistraturet, daterat: 1696..
A0039301_00036.jpg	LINE_HW	En arkivsida med handskriven text organiserad i tabell- eller formulärstruktur från arkiv: Register till riksregistraturet, från serie: Adressatregister till Riksregistraturet, daterat: 1696..
A0039301_00112.jpg	LINE_HW	En arkivsida med handskriven text organiserad i tabell- eller formulärstruktur från arkiv: Register till riksregistraturet, från serie: Adressatregister till Riksregistraturet, daterat: 1696..
A0039301_00041.jpg	LINE_HW	En arkivsida med handskriven text organiserad i tabell- eller formulärstruktur från arkiv: Register till riksregistraturet, från serie: Adressatregister till Riksregistraturet, daterat: 1696..
A0039257_00038.jpg	LINE_HW	En arkivsida med handskriven text organiserad i tabell- eller formulärstruktur från arkiv: Register till riksregistraturet, från serie: Adressatregister till Riksregistraturet, daterat: 1628..
A0039257_00052.jpg	LINE_HW	En arkivsida med handskriven text organiserad i tabell- eller formulärstruktur från arkiv: Register till riksregistraturet, från serie: Adressatregister till Riksregistraturet, daterat: 1628..
A0039257_00110.jpg	LINE_HW	En arkivsida med handskriven text organiserad i tabell- eller formulärstruktur från arkiv: Register till riksregistraturet, från serie: Adressatregister till Riksregistraturet, daterat: 1628..
A0039257_00015.jpg	LINE_HW	En arkivsida med handskriven text organiserad i tabell- eller formulärstruktur från arkiv: Register till riksregistraturet, från serie: Adressatregister till Riksregistraturet, daterat: 1628..
A0039257_00092.jpg	LINE_HW	En arkivsida med handskriven text organiserad i tabell- eller formulärstruktur från arkiv: Register till riksregistraturet, från serie: Adressatregister till Riksregistraturet, daterat: 1628..
A0039231_00154.jpg	LINE_HW	En arkivsida med handskriven text organiserad i tabell- eller formulärstruktur från arkiv: Register till riksregistraturet, från serie: Adressatregister till Riksregistraturet, daterat: 1577-1580..
A0039231_00070.jpg	LINE_HW	En arkivsida med handskriven text organiserad i tabell- eller formulärstruktur från arkiv: Register till riksregistraturet, från serie: Adressatregister till Riksregistraturet, daterat: 1577-1580..
A0039231_00139.jpg	LINE_HW	En arkivsida med handskriven text organiserad i tabell- eller formulärstruktur från arkiv: Register till riksregistraturet, från serie: Adressatregister till Riksregistraturet, daterat: 1577-1580..
A0039231_00107.jpg	LINE_HW	En arkivsida med handskriven text organiserad i tabell- eller formulärstruktur från arkiv: Register till riksregistraturet, från serie: Adressatregister till Riksregistraturet, daterat: 1577-1580..
A0039231_00072.jpg	LINE_HW	En arkivsida med handskriven text organiserad i tabell- eller formulärstruktur från arkiv: Register till riksregistraturet, från serie: Adressatregister till Riksregistraturet, daterat: 1577-1580..
A0039231_00266.jpg	LINE_HW	En arkivsida med handskriven text organiserad i tabell- eller formulärstruktur från arkiv: Register till riksregistraturet, från serie: Adressatregister till Riksregistraturet, daterat: 1577-1580..
A0039256_00055.jpg	LINE_HW	En arkivsida med handskriven text organiserad i tabell- eller formulärstruktur från arkiv: Register till riksregistraturet, från serie: Adressatregister till Riksregistraturet, daterat: 1627..
A0039256_00065.jpg	LINE_HW	En arkivsida med handskriven text organiserad i tabell- eller formulärstruktur från arkiv: Register till riksregistraturet, från serie: Adressatregister till Riksregistraturet, daterat: 1627..
A0039256_00066.jpg	LINE_HW	En arkivsida med handskriven text organiserad i tabell- eller formulärstruktur från arkiv: Register till riksregistraturet, från serie: Adressatregister till Riksregistraturet, daterat: 1627..
A0039256_00038.jpg	LINE_HW	En arkivsida med handskriven text organiserad i tabell- eller formulärstruktur från arkiv: Register till riksregistraturet, från serie: Adressatregister till Riksregistraturet, daterat: 1627..
A0039256_00041.jpg	LINE_HW	En arkivsida med handskriven text organiserad i tabell- eller formulärstruktur från arkiv: Register till riksregistraturet, från serie: Adressatregister till Riksregistraturet, daterat: 1627..
A0039256_00075.jpg	LINE_HW	En arkivsida med handskriven text organiserad i tabell- eller formulärstruktur från arkiv: Register till riksregistraturet, från serie: Adressatregister till Riksregistraturet, daterat: 1627..
30004018_01051.jpg	LINE_TP	En arkivsida med tryckt eller maskinskriven text organiserad i tabell- eller formulärstruktur från arkiv: Kommerskollegium, från serie: Uppgifter om arbetskraft och drivkraft, daterat: 1910..
30004018_00783.jpg	LINE_TP	En arkivsida med tryckt eller maskinskriven text organiserad i tabell- eller formulärstruktur från arkiv: Kommerskollegium, från serie: Uppgifter om arbetskraft och drivkraft, daterat: 1910..
30004018_00835.jpg	LINE_TP	En arkivsida med tryckt eller maskinskriven text organiserad i tabell- eller formulärstruktur från arkiv: Kommerskollegium, från serie: Uppgifter om arbetskraft och drivkraft, daterat: 1910..
30004018_00318.jpg	LINE_MIX	En arkivsida i tabell- eller formulärlayout med blandade textstilar, inklusive handskriven, tryckt och maskinskriven text från arkiv: Kommerskollegium, från serie: Uppgifter om arbetskraft och drivkraft, daterat: 1910..
30004018_00179.jpg	LINE_TP	En arkivsida med tryckt eller maskinskriven text organiserad i tabell- eller formulärstruktur från arkiv: Kommerskollegium, från serie: Uppgifter om arbetskraft och drivkraft, daterat: 1910..
30004018_01670.jpg	LINE_MIX	En arkivsida i tabell- eller formulärlayout med blandade textstilar, inklusive handskriven, tryckt och maskinskriven text från arkiv: Kommerskollegium, från serie: Uppgifter om arbetskraft och drivkraft, daterat: 1910..
A0039297_00008.jpg	LINE_HW	En arkivsida med handskriven text organiserad i tabell- eller formulärstruktur från arkiv: Register till riksregistraturet, från serie: Adressatregister till Riksregistraturet, daterat: 1690..
A0039297_00166.jpg	MISC	En arkivsida med paratextuellt eller blandat innehåll, såsom omslag, titelblad eller annat material utanför huvudtexten från arkiv: Register till riksregistraturet, från serie: Adressatregister till Riksregistraturet, daterat: 1690..
A0039297_00037.jpg	LINE_HW	En arkivsida med handskriven text organiserad i tabell- eller formulärstruktur från arkiv: Register till riksregistraturet, från serie: Adressatregister till Riksregistraturet, daterat: 1690..
A0039297_00109.jpg	LINE_HW	En arkivsida med handskriven text organiserad i tabell- eller formulärstruktur från arkiv: Register till riksregistraturet, från serie: Adressatregister till Riksregistraturet, daterat: 1690..
A0039297_00132.jpg	LINE_HW	En arkivsida med handskriven text organiserad i tabell- eller formulärstruktur från arkiv: Register till riksregistraturet, från serie: Adressatregister till Riksregistraturet, daterat: 1690..
A0039297_00076.jpg	LINE_HW	En arkivsida med handskriven text organiserad i tabell- eller formulärstruktur från arkiv: Register till riksregistraturet, från serie: Adressatregister till Riksregistraturet, daterat: 1690..
30004312_02060.jpg	LINE_MIX	En arkivsida i tabell- eller formulärlayout med blandade textstilar, inklusive handskriven, tryckt och maskinskriven text från arkiv: Kommerskollegium, från serie: Uppgifter om arbetskraft och drivkraft, daterat: 1902..
30004312_00845.jpg	LINE_TP	En arkivsida med tryckt eller maskinskriven text organiserad i tabell- eller formulärstruktur från arkiv: Kommerskollegium, från serie: Uppgifter om arbetskraft och drivkraft, daterat: 1902..
30004312_02496.jpg	LINE_MIX	En arkivsida i tabell- eller formulärlayout med blandade textstilar, inklusive handskriven, tryckt och maskinskriven text från arkiv: Kommerskollegium, från serie: Uppgifter om arbetskraft och drivkraft, daterat: 1902..
30004312_04159.jpg	LINE_TP	En arkivsida med tryckt eller maskinskriven text organiserad i tabell- eller formulärstruktur från arkiv: Kommerskollegium, från serie: Uppgifter om arbetskraft och drivkraft, daterat: 1902..
30004312_02508.jpg	LINE_MIX	En arkivsida i tabell- eller formulärlayout med blandade textstilar, inklusive handskriven, tryckt och maskinskriven text från arkiv: Kommerskollegium, från serie: Uppgifter om arbetskraft och drivkraft, daterat: 1902..
30004312_04657.jpg	LINE_TP	En arkivsida med tryckt eller maskinskriven text organiserad i tabell- eller formulärstruktur från arkiv: Kommerskollegium, från serie: Uppgifter om arbetskraft och drivkraft, daterat: 1902..
71000588_00014.jpg	LINE_HW	En arkivsida med handskriven text organiserad i tabell- eller formulärstruktur från arkiv: Register till riksregistraturet, från serie: Adressatregister till Riksregistraturet, daterat: 1640..
71000588_00057.jpg	LINE_HW	En arkivsida med handskriven text organiserad i tabell- eller formulärstruktur från arkiv: Register till riksregistraturet, från serie: Adressatregister till Riksregistraturet, daterat: 1640..
71000588_00159.jpg	LINE_HW	En arkivsida med handskriven text organiserad i tabell- eller formulärstruktur från arkiv: Register till riksregistraturet, från serie: Adressatregister till Riksregistraturet, daterat: 1640..
71000588_00173.jpg	MISC	En arkivsida med paratextuellt eller blandat innehåll, såsom omslag, titelblad eller annat material utanför huvudtexten från arkiv: Register till riksregistraturet, från serie: Adressatregister till Riksregistraturet, daterat: 1640..
71000588_00071.jpg	LINE_HW	En arkivsida med handskriven text organiserad i tabell- eller formulärstruktur från arkiv: Register till riksregistraturet, från serie: Adressatregister till Riksregistraturet, daterat: 1640..
71000588_00105.jpg	LINE_HW	En arkivsida med handskriven text organiserad i tabell- eller formulärstruktur från arkiv: Register till riksregistraturet, från serie: Adressatregister till Riksregistraturet, daterat: 1640..
A0039265_00054.jpg	LINE_HW	En arkivsida med handskriven text organiserad i tabell- eller formulärstruktur från arkiv: Register till riksregistraturet, från serie: Adressatregister till Riksregistraturet, daterat: 1640..
A0039265_00041.jpg	LINE_HW	En arkivsida med handskriven text organiserad i tabell- eller formulärstruktur från arkiv: Register till riksregistraturet, från serie: Adressatregister till Riksregistraturet, daterat: 1640..
A0039265_00004.jpg	MISC	En arkivsida med paratextuellt eller blandat innehåll, såsom omslag, titelblad eller annat material utanför huvudtexten från arkiv: Register till riksregistraturet, från serie: Adressatregister till Riksregistraturet, daterat: 1640..
A0039265_00034.jpg	LINE_HW	En arkivsida med handskriven text organiserad i tabell- eller formulärstruktur från arkiv: Register till riksregistraturet, från serie: Adressatregister till Riksregistraturet, daterat: 1640..
A0039265_00097.jpg	LINE_HW	En arkivsida med handskriven text organiserad i tabell- eller formulärstruktur från arkiv: Register till riksregistraturet, från serie: Adressatregister till Riksregistraturet, daterat: 1640..
A0039265_00008.jpg	LINE_HW	En arkivsida med handskriven text organiserad i tabell- eller formulärstruktur från arkiv: Register till riksregistraturet, från serie: Adressatregister till Riksregistraturet, daterat: 1640..
A0039233_00229.jpg	LINE_HW	En arkivsida med handskriven text organiserad i tabell- eller formulärstruktur från arkiv: Register till riksregistraturet, från serie: Adressatregister till Riksregistraturet, daterat: 1585-1587..
A0039233_00356.jpg	LINE_HW	En arkivsida med handskriven text organiserad i tabell- eller formulärstruktur från arkiv: Register till riksregistraturet, från serie: Adressatregister till Riksregistraturet, daterat: 1585-1587..
A0039233_00463.jpg	LINE_HW	En arkivsida med handskriven text organiserad i tabell- eller formulärstruktur från arkiv: Register till riksregistraturet, från serie: Adressatregister till Riksregistraturet, daterat: 1585-1587..
A0039233_00099.jpg	LINE_HW	En arkivsida med handskriven text organiserad i tabell- eller formulärstruktur från arkiv: Register till riksregistraturet, från serie: Adressatregister till Riksregistraturet, daterat: 1585-1587..
A0039233_00180.jpg	LINE_HW	En arkivsida med handskriven text organiserad i tabell- eller formulärstruktur från arkiv: Register till riksregistraturet, från serie: Adressatregister till Riksregistraturet, daterat: 1585-1587..
A0039233_00402.jpg	LINE_HW	En arkivsida med handskriven text organiserad i tabell- eller formulärstruktur från arkiv: Register till riksregistraturet, från serie: Adressatregister till Riksregistraturet, daterat: 1585-1587..
A0039195_00093.jpg	TEXT_HW	En arkivsida med löpande handskriven text i stycken från arkiv: Titularregister till riksregistraturet, från serie: Titularregister till riksregistraturet, daterat: 1612-1654..
A0039195_00053.jpg	LINE_HW	En arkivsida med handskriven text organiserad i tabell- eller formulärstruktur från arkiv: Titularregister till riksregistraturet, från serie: Titularregister till riksregistraturet, daterat: 1612-1654..
A0039195_00004.jpg	MISC	En arkivsida med paratextuellt eller blandat innehåll, såsom omslag, titelblad eller annat material utanför huvudtexten från arkiv: Titularregister till riksregistraturet, från serie: Titularregister till riksregistraturet, daterat: 1612-1654..
A0039195_00100.jpg	TEXT_HW	En arkivsida med löpande handskriven text i stycken från arkiv: Titularregister till riksregistraturet, från serie: Titularregister till riksregistraturet, daterat: 1612-1654..
A0039195_00072.jpg	LINE_HW	En arkivsida med handskriven text organiserad i tabell- eller formulärstruktur från arkiv: Titularregister till riksregistraturet, från serie: Titularregister till riksregistraturet, daterat: 1612-1654..
A0039195_00027.jpg	MISC	En arkivsida med paratextuellt eller blandat innehåll, såsom omslag, titelblad eller annat material utanför huvudtexten från arkiv: Titularregister till riksregistraturet, från serie: Titularregister till riksregistraturet, daterat: 1612-1654..
30004319_02304.jpg	LINE_MIX	En arkivsida i tabell- eller formulärlayout med blandade textstilar, inklusive handskriven, tryckt och maskinskriven text från arkiv: Kommerskollegium, från serie: Uppgifter om arbetskraft och drivkraft, daterat: 1904..
30004319_00099.jpg	LINE_TP	En arkivsida med tryckt eller maskinskriven text organiserad i tabell- eller formulärstruktur från arkiv: Kommerskollegium, från serie: Uppgifter om arbetskraft och drivkraft, daterat: 1904..
30004319_00365.jpg	LINE_TP	En arkivsida med tryckt eller maskinskriven text organiserad i tabell- eller formulärstruktur från arkiv: Kommerskollegium, från serie: Uppgifter om arbetskraft och drivkraft, daterat: 1904..
30004319_02035.jpg	LINE_MIX	En arkivsida i tabell- eller formulärlayout med blandade textstilar, inklusive handskriven, tryckt och maskinskriven text från arkiv: Kommerskollegium, från serie: Uppgifter om arbetskraft och drivkraft, daterat: 1904..
30004319_00511.jpg	LINE_TP	En arkivsida med tryckt eller maskinskriven text organiserad i tabell- eller formulärstruktur från arkiv: Kommerskollegium, från serie: Uppgifter om arbetskraft och drivkraft, daterat: 1904..
30004319_01441.jpg	LINE_TP	En arkivsida med tryckt eller maskinskriven text organiserad i tabell- eller formulärstruktur från arkiv: Kommerskollegium, från serie: Uppgifter om arbetskraft och drivkraft, daterat: 1904..
A0039203_00162.jpg	LINE_HW	En arkivsida med handskriven text organiserad i tabell- eller formulärstruktur från arkiv: Titularregister till riksregistraturet, från serie: Titularregister till riksregistraturet, daterat: 1673-1676..
A0039203_00067.jpg	LINE_HW	En arkivsida med handskriven text organiserad i tabell- eller formulärstruktur från arkiv: Titularregister till riksregistraturet, från serie: Titularregister till riksregistraturet, daterat: 1673-1676..
A0039203_00024.jpg	LINE_HW	En arkivsida med handskriven text organiserad i tabell- eller formulärstruktur från arkiv: Titularregister till riksregistraturet, från serie: Titularregister till riksregistraturet, daterat: 1673-1676..
A0039203_00118.jpg	LINE_HW	En arkivsida med handskriven text organiserad i tabell- eller formulärstruktur från arkiv: Titularregister till riksregistraturet, från serie: Titularregister till riksregistraturet, daterat: 1673-1676..
A0039203_00006.jpg	LINE_HW	En arkivsida med handskriven text organiserad i tabell- eller formulärstruktur från arkiv: Titularregister till riksregistraturet, från serie: Titularregister till riksregistraturet, daterat: 1673-1676..
A0039203_00016.jpg	LINE_HW	En arkivsida med handskriven text organiserad i tabell- eller formulärstruktur från arkiv: Titularregister till riksregistraturet, från serie: Titularregister till riksregistraturet, daterat: 1673-1676..
A0039206_00075.jpg	TEXT_HW	En arkivsida med löpande handskriven text i stycken från arkiv: Titularregister till riksregistraturet, från serie: Titularregister till riksregistraturet, daterat: 1686..
A0039206_00109.jpg	TEXT_HW	En arkivsida med löpande handskriven text i stycken från arkiv: Titularregister till riksregistraturet, från serie: Titularregister till riksregistraturet, daterat: 1686..
A0039206_00124.jpg	TEXT_HW	En arkivsida med löpande handskriven text i stycken från arkiv: Titularregister till riksregistraturet, från serie: Titularregister till riksregistraturet, daterat: 1686..
A0039206_00050.jpg	TEXT_HW	En arkivsida med löpande handskriven text i stycken från arkiv: Titularregister till riksregistraturet, från serie: Titularregister till riksregistraturet, daterat: 1686..
A0039206_00153.jpg	TEXT_HW	En arkivsida med löpande handskriven text i stycken från arkiv: Titularregister till riksregistraturet, från serie: Titularregister till riksregistraturet, daterat: 1686..
A0039206_00137.jpg	TEXT_HW	En arkivsida med löpande handskriven text i stycken från arkiv: Titularregister till riksregistraturet, från serie: Titularregister till riksregistraturet, daterat: 1686..
A0039236_00438.jpg	LINE_HW	En arkivsida med handskriven text organiserad i tabell- eller formulärstruktur från arkiv: Register till riksregistraturet, från serie: Adressatregister till Riksregistraturet, daterat: 1595-1596..
A0039236_00327.jpg	LINE_HW	En arkivsida med handskriven text organiserad i tabell- eller formulärstruktur från arkiv: Register till riksregistraturet, från serie: Adressatregister till Riksregistraturet, daterat: 1595-1596..
A0039236_00320.jpg	LINE_HW	En arkivsida med handskriven text organiserad i tabell- eller formulärstruktur från arkiv: Register till riksregistraturet, från serie: Adressatregister till Riksregistraturet, daterat: 1595-1596..
A0039236_00252.jpg	LINE_HW	En arkivsida med handskriven text organiserad i tabell- eller formulärstruktur från arkiv: Register till riksregistraturet, från serie: Adressatregister till Riksregistraturet, daterat: 1595-1596..
A0039236_00065.jpg	LINE_HW	En arkivsida med handskriven text organiserad i tabell- eller formulärstruktur från arkiv: Register till riksregistraturet, från serie: Adressatregister till Riksregistraturet, daterat: 1595-1596..
A0039236_00403.jpg	LINE_HW	En arkivsida med handskriven text organiserad i tabell- eller formulärstruktur från arkiv: Register till riksregistraturet, från serie: Adressatregister till Riksregistraturet, daterat: 1595-1596..
A0039270_00038.jpg	LINE_HW	En arkivsida med handskriven text organiserad i tabell- eller formulärstruktur från arkiv: Register till riksregistraturet, från serie: Adressatregister till Riksregistraturet, daterat: 1654-1656..
A0039270_00151.jpg	LINE_HW	En arkivsida med handskriven text organiserad i tabell- eller formulärstruktur från arkiv: Register till riksregistraturet, från serie: Adressatregister till Riksregistraturet, daterat: 1654-1656..
A0039270_00110.jpg	LINE_HW	En arkivsida med handskriven text organiserad i tabell- eller formulärstruktur från arkiv: Register till riksregistraturet, från serie: Adressatregister till Riksregistraturet, daterat: 1654-1656..
A0039270_00056.jpg	LINE_HW	En arkivsida med handskriven text organiserad i tabell- eller formulärstruktur från arkiv: Register till riksregistraturet, från serie: Adressatregister till Riksregistraturet, daterat: 1654-1656..
A0039270_00006.jpg	MISC	En arkivsida med paratextuellt eller blandat innehåll, såsom omslag, titelblad eller annat material utanför huvudtexten från arkiv: Register till riksregistraturet, från serie: Adressatregister till Riksregistraturet, daterat: 1654-1656..
A0039270_00004.jpg	MISC	En arkivsida med paratextuellt eller blandat innehåll, såsom omslag, titelblad eller annat material utanför huvudtexten från arkiv: Register till riksregistraturet, från serie: Adressatregister till Riksregistraturet, daterat: 1654-1656..
A0039230_00200.jpg	LINE_HW	En arkivsida med handskriven text organiserad i tabell- eller formulärstruktur från arkiv: Register till riksregistraturet, från serie: Adressatregister till Riksregistraturet, daterat: 1573-1576..
A0039230_00137.jpg	LINE_HW	En arkivsida med handskriven text organiserad i tabell- eller formulärstruktur från arkiv: Register till riksregistraturet, från serie: Adressatregister till Riksregistraturet, daterat: 1573-1576..
A0039230_00375.jpg	LINE_HW	En arkivsida med handskriven text organiserad i tabell- eller formulärstruktur från arkiv: Register till riksregistraturet, från serie: Adressatregister till Riksregistraturet, daterat: 1573-1576..
A0039230_00167.jpg	LINE_HW	En arkivsida med handskriven text organiserad i tabell- eller formulärstruktur från arkiv: Register till riksregistraturet, från serie: Adressatregister till Riksregistraturet, daterat: 1573-1576..
A0039230_00151.jpg	LINE_HW	En arkivsida med handskriven text organiserad i tabell- eller formulärstruktur från arkiv: Register till riksregistraturet, från serie: Adressatregister till Riksregistraturet, daterat: 1573-1576..
A0039230_00074.jpg	LINE_HW	En arkivsida med handskriven text organiserad i tabell- eller formulärstruktur från arkiv: Register till riksregistraturet, från serie: Adressatregister till Riksregistraturet, daterat: 1573-1576..
A0039244_00039.jpg	LINE_HW	En arkivsida med handskriven text organiserad i tabell- eller formulärstruktur från arkiv: Register till riksregistraturet, från serie: Adressatregister till Riksregistraturet, daterat: 1610..
A0039244_00007.jpg	LINE_HW	En arkivsida med handskriven text organiserad i tabell- eller formulärstruktur från arkiv: Register till riksregistraturet, från serie: Adressatregister till Riksregistraturet, daterat: 1610..
A0039244_00018.jpg	LINE_HW	En arkivsida med handskriven text organiserad i tabell- eller formulärstruktur från arkiv: Register till riksregistraturet, från serie: Adressatregister till Riksregistraturet, daterat: 1610..
A0039244_00019.jpg	LINE_HW	En arkivsida med handskriven text organiserad i tabell- eller formulärstruktur från arkiv: Register till riksregistraturet, från serie: Adressatregister till Riksregistraturet, daterat: 1610..
A0039244_00024.jpg	LINE_HW	En arkivsida med handskriven text organiserad i tabell- eller formulärstruktur från arkiv: Register till riksregistraturet, från serie: Adressatregister till Riksregistraturet, daterat: 1610..
A0039302_00076.jpg	LINE_HW	En arkivsida med handskriven text organiserad i tabell- eller formulärstruktur från arkiv: Register till riksregistraturet, från serie: Adressatregister till Riksregistraturet, daterat: 1697..
A0039302_00045.jpg	LINE_HW	En arkivsida med handskriven text organiserad i tabell- eller formulärstruktur från arkiv: Register till riksregistraturet, från serie: Adressatregister till Riksregistraturet, daterat: 1697..
A0039302_00233.jpg	LINE_HW	En arkivsida med handskriven text organiserad i tabell- eller formulärstruktur från arkiv: Register till riksregistraturet, från serie: Adressatregister till Riksregistraturet, daterat: 1697..
A0039302_00009.jpg	LINE_HW	En arkivsida med handskriven text organiserad i tabell- eller formulärstruktur från arkiv: Register till riksregistraturet, från serie: Adressatregister till Riksregistraturet, daterat: 1697..
A0039302_00101.jpg	LINE_HW	En arkivsida med handskriven text organiserad i tabell- eller formulärstruktur från arkiv: Register till riksregistraturet, från serie: Adressatregister till Riksregistraturet, daterat: 1697..
A0039302_00100.jpg	LINE_HW	En arkivsida med handskriven text organiserad i tabell- eller formulärstruktur från arkiv: Register till riksregistraturet, från serie: Adressatregister till Riksregistraturet, daterat: 1697..
30004009_01011.jpg	LINE_TP	En arkivsida med tryckt eller maskinskriven text organiserad i tabell- eller formulärstruktur från arkiv: Kommerskollegium, från serie: Uppgifter om arbetskraft och drivkraft, daterat: 1907..
30004009_01368.jpg	LINE_MIX	En arkivsida i tabell- eller formulärlayout med blandade textstilar, inklusive handskriven, tryckt och maskinskriven text från arkiv: Kommerskollegium, från serie: Uppgifter om arbetskraft och drivkraft, daterat: 1907..
30004009_01319.jpg	LINE_MIX	En arkivsida i tabell- eller formulärlayout med blandade textstilar, inklusive handskriven, tryckt och maskinskriven text från arkiv: Kommerskollegium, från serie: Uppgifter om arbetskraft och drivkraft, daterat: 1907..
30004009_01856.jpg	LINE_MIX	En arkivsida i tabell- eller formulärlayout med blandade textstilar, inklusive handskriven, tryckt och maskinskriven text från arkiv: Kommerskollegium, från serie: Uppgifter om arbetskraft och drivkraft, daterat: 1907..
30004009_01078.jpg	LINE_MIX	En arkivsida i tabell- eller formulärlayout med blandade textstilar, inklusive handskriven, tryckt och maskinskriven text från arkiv: Kommerskollegium, från serie: Uppgifter om arbetskraft och drivkraft, daterat: 1907..
30004009_00799.jpg	LINE_TP	En arkivsida med tryckt eller maskinskriven text organiserad i tabell- eller formulärstruktur från arkiv: Kommerskollegium, från serie: Uppgifter om arbetskraft och drivkraft, daterat: 1907..
A0039298_00167.jpg	LINE_HW	En arkivsida med handskriven text organiserad i tabell- eller formulärstruktur från arkiv: Register till riksregistraturet, från serie: Adressatregister till Riksregistraturet, daterat: 1691..
A0039298_00025.jpg	LINE_HW	En arkivsida med handskriven text organiserad i tabell- eller formulärstruktur från arkiv: Register till riksregistraturet, från serie: Adressatregister till Riksregistraturet, daterat: 1691..
A0039298_00069.jpg	LINE_HW	En arkivsida med handskriven text organiserad i tabell- eller formulärstruktur från arkiv: Register till riksregistraturet, från serie: Adressatregister till Riksregistraturet, daterat: 1691..
A0039298_00152.jpg	LINE_HW	En arkivsida med handskriven text organiserad i tabell- eller formulärstruktur från arkiv: Register till riksregistraturet, från serie: Adressatregister till Riksregistraturet, daterat: 1691..
A0039298_00083.jpg	LINE_HW	En arkivsida med handskriven text organiserad i tabell- eller formulärstruktur från arkiv: Register till riksregistraturet, från serie: Adressatregister till Riksregistraturet, daterat: 1691..
30004320_00432.jpg	LINE_MIX	En arkivsida i tabell- eller formulärlayout med blandade textstilar, inklusive handskriven, tryckt och maskinskriven text från arkiv: Kommerskollegium, från serie: Uppgifter om arbetskraft och drivkraft, daterat: 1905..
30004320_01445.jpg	LINE_TP	En arkivsida med tryckt eller maskinskriven text organiserad i tabell- eller formulärstruktur från arkiv: Kommerskollegium, från serie: Uppgifter om arbetskraft och drivkraft, daterat: 1905..
30004320_01246.jpg	LINE_MIX	En arkivsida i tabell- eller formulärlayout med blandade textstilar, inklusive handskriven, tryckt och maskinskriven text från arkiv: Kommerskollegium, från serie: Uppgifter om arbetskraft och drivkraft, daterat: 1905..
30004320_01208.jpg	LINE_MIX	En arkivsida i tabell- eller formulärlayout med blandade textstilar, inklusive handskriven, tryckt och maskinskriven text från arkiv: Kommerskollegium, från serie: Uppgifter om arbetskraft och drivkraft, daterat: 1905..
30004320_01127.jpg	LINE_TP	En arkivsida med tryckt eller maskinskriven text organiserad i tabell- eller formulärstruktur från arkiv: Kommerskollegium, från serie: Uppgifter om arbetskraft och drivkraft, daterat: 1905..
30004320_01141.jpg	LINE_TP	En arkivsida med tryckt eller maskinskriven text organiserad i tabell- eller formulärstruktur från arkiv: Kommerskollegium, från serie: Uppgifter om arbetskraft och drivkraft, daterat: 1905..
A0039196_00132.jpg	LINE_HW	En arkivsida med handskriven text organiserad i tabell- eller formulärstruktur från arkiv: Titularregister till riksregistraturet, från serie: Titularregister till riksregistraturet, daterat: 1633-1644..
A0039196_00076.jpg	LINE_HW	En arkivsida med handskriven text organiserad i tabell- eller formulärstruktur från arkiv: Titularregister till riksregistraturet, från serie: Titularregister till riksregistraturet, daterat: 1633-1644..
A0039196_00125.jpg	LINE_HW	En arkivsida med handskriven text organiserad i tabell- eller formulärstruktur från arkiv: Titularregister till riksregistraturet, från serie: Titularregister till riksregistraturet, daterat: 1633-1644..
A0039196_00039.jpg	LINE_HW	En arkivsida med handskriven text organiserad i tabell- eller formulärstruktur från arkiv: Titularregister till riksregistraturet, från serie: Titularregister till riksregistraturet, daterat: 1633-1644..
A0039196_00133.jpg	LINE_HW	En arkivsida med handskriven text organiserad i tabell- eller formulärstruktur från arkiv: Titularregister till riksregistraturet, från serie: Titularregister till riksregistraturet, daterat: 1633-1644..
A0039196_00012.jpg	LINE_HW	En arkivsida med handskriven text organiserad i tabell- eller formulärstruktur från arkiv: Titularregister till riksregistraturet, från serie: Titularregister till riksregistraturet, daterat: 1633-1644..
A0039286_00120.jpg	LINE_HW	En arkivsida med handskriven text organiserad i tabell- eller formulärstruktur från arkiv: Register till riksregistraturet, från serie: Adressatregister till Riksregistraturet, daterat: 1680..
A0039286_00147.jpg	LINE_HW	En arkivsida med handskriven text organiserad i tabell- eller formulärstruktur från arkiv: Register till riksregistraturet, från serie: Adressatregister till Riksregistraturet, daterat: 1680..
A0039286_00059.jpg	LINE_HW	En arkivsida med handskriven text organiserad i tabell- eller formulärstruktur från arkiv: Register till riksregistraturet, från serie: Adressatregister till Riksregistraturet, daterat: 1680..
A0039286_00096.jpg	LINE_HW	En arkivsida med handskriven text organiserad i tabell- eller formulärstruktur från arkiv: Register till riksregistraturet, från serie: Adressatregister till Riksregistraturet, daterat: 1680..
A0039286_00021.jpg	LINE_HW	En arkivsida med handskriven text organiserad i tabell- eller formulärstruktur från arkiv: Register till riksregistraturet, från serie: Adressatregister till Riksregistraturet, daterat: 1680..
A0039286_00112.jpg	MISC	En arkivsida med paratextuellt eller blandat innehåll, såsom omslag, titelblad eller annat material utanför huvudtexten från arkiv: Register till riksregistraturet, från serie: Adressatregister till Riksregistraturet, daterat: 1680..
A0039292_00168.jpg	MISC	En arkivsida med paratextuellt eller blandat innehåll, såsom omslag, titelblad eller annat material utanför huvudtexten från arkiv: Register till riksregistraturet, från serie: Adressatregister till Riksregistraturet, daterat: 1685..
A0039292_00001.jpg	MISC	En arkivsida med paratextuellt eller blandat innehåll, såsom omslag, titelblad eller annat material utanför huvudtexten från arkiv: Register till riksregistraturet, från serie: Adressatregister till Riksregistraturet, daterat: 1685..
A0039292_00009.jpg	LINE_HW	En arkivsida med handskriven text organiserad i tabell- eller formulärstruktur från arkiv: Register till riksregistraturet, från serie: Adressatregister till Riksregistraturet, daterat: 1685..
A0039292_00007.jpg	LINE_HW	En arkivsida med handskriven text organiserad i tabell- eller formulärstruktur från arkiv: Register till riksregistraturet, från serie: Adressatregister till Riksregistraturet, daterat: 1685..
A0039292_00147.jpg	LINE_HW	En arkivsida med handskriven text organiserad i tabell- eller formulärstruktur från arkiv: Register till riksregistraturet, från serie: Adressatregister till Riksregistraturet, daterat: 1685..
A0039292_00141.jpg	LINE_HW	En arkivsida med handskriven text organiserad i tabell- eller formulärstruktur från arkiv: Register till riksregistraturet, från serie: Adressatregister till Riksregistraturet, daterat: 1685..
A0039283_00087.jpg	LINE_HW	En arkivsida med handskriven text organiserad i tabell- eller formulärstruktur från arkiv: Register till riksregistraturet, från serie: Adressatregister till Riksregistraturet, daterat: 1677..
A0039283_00109.jpg	LINE_HW	En arkivsida med handskriven text organiserad i tabell- eller formulärstruktur från arkiv: Register till riksregistraturet, från serie: Adressatregister till Riksregistraturet, daterat: 1677..
A0039283_00016.jpg	LINE_HW	En arkivsida med handskriven text organiserad i tabell- eller formulärstruktur från arkiv: Register till riksregistraturet, från serie: Adressatregister till Riksregistraturet, daterat: 1677..
A0039283_00012.jpg	LINE_HW	En arkivsida med handskriven text organiserad i tabell- eller formulärstruktur från arkiv: Register till riksregistraturet, från serie: Adressatregister till Riksregistraturet, daterat: 1677..
A0039283_00085.jpg	LINE_HW	En arkivsida med handskriven text organiserad i tabell- eller formulärstruktur från arkiv: Register till riksregistraturet, från serie: Adressatregister till Riksregistraturet, daterat: 1677..
A0039283_00061.jpg	LINE_HW	En arkivsida med handskriven text organiserad i tabell- eller formulärstruktur från arkiv: Register till riksregistraturet, från serie: Adressatregister till Riksregistraturet, daterat: 1677..
30004318_04150.jpg	LINE_MIX	En arkivsida i tabell- eller formulärlayout med blandade textstilar, inklusive handskriven, tryckt och maskinskriven text från arkiv: Kommerskollegium, från serie: Uppgifter om arbetskraft och drivkraft, daterat: 1904..
30004318_02027.jpg	LINE_TP	En arkivsida med tryckt eller maskinskriven text organiserad i tabell- eller formulärstruktur från arkiv: Kommerskollegium, från serie: Uppgifter om arbetskraft och drivkraft, daterat: 1904..
30004318_00049.jpg	LINE_TP	En arkivsida med tryckt eller maskinskriven text organiserad i tabell- eller formulärstruktur från arkiv: Kommerskollegium, från serie: Uppgifter om arbetskraft och drivkraft, daterat: 1904..
30004318_04432.jpg	LINE_MIX	En arkivsida i tabell- eller formulärlayout med blandade textstilar, inklusive handskriven, tryckt och maskinskriven text från arkiv: Kommerskollegium, från serie: Uppgifter om arbetskraft och drivkraft, daterat: 1904..
30004318_01667.jpg	LINE_TP	En arkivsida med tryckt eller maskinskriven text organiserad i tabell- eller formulärstruktur från arkiv: Kommerskollegium, från serie: Uppgifter om arbetskraft och drivkraft, daterat: 1904..
30004318_01845.jpg	LINE_TP	En arkivsida med tryckt eller maskinskriven text organiserad i tabell- eller formulärstruktur från arkiv: Kommerskollegium, från serie: Uppgifter om arbetskraft och drivkraft, daterat: 1904..
30004025_02350.jpg	LINE_MIX	En arkivsida i tabell- eller formulärlayout med blandade textstilar, inklusive handskriven, tryckt och maskinskriven text från arkiv: Kommerskollegium, från serie: Uppgifter om arbetskraft och drivkraft, daterat: 1913..
30004025_01478.jpg	LINE_MIX	En arkivsida i tabell- eller formulärlayout med blandade textstilar, inklusive handskriven, tryckt och maskinskriven text från arkiv: Kommerskollegium, från serie: Uppgifter om arbetskraft och drivkraft, daterat: 1913..
30004025_02941.jpg	LINE_MIX	En arkivsida i tabell- eller formulärlayout med blandade textstilar, inklusive handskriven, tryckt och maskinskriven text från arkiv: Kommerskollegium, från serie: Uppgifter om arbetskraft och drivkraft, daterat: 1913..
30004025_02676.jpg	LINE_MIX	En arkivsida i tabell- eller formulärlayout med blandade textstilar, inklusive handskriven, tryckt och maskinskriven text från arkiv: Kommerskollegium, från serie: Uppgifter om arbetskraft och drivkraft, daterat: 1913..
30004025_00302.jpg	LINE_MIX	En arkivsida i tabell- eller formulärlayout med blandade textstilar, inklusive handskriven, tryckt och maskinskriven text från arkiv: Kommerskollegium, från serie: Uppgifter om arbetskraft och drivkraft, daterat: 1913..
30004025_02385.jpg	LINE_MIX	En arkivsida i tabell- eller formulärlayout med blandade textstilar, inklusive handskriven, tryckt och maskinskriven text från arkiv: Kommerskollegium, från serie: Uppgifter om arbetskraft och drivkraft, daterat: 1913..
30004012_01555.jpg	LINE_MIX	En arkivsida i tabell- eller formulärlayout med blandade textstilar, inklusive handskriven, tryckt och maskinskriven text från arkiv: Kommerskollegium, från serie: Uppgifter om arbetskraft och drivkraft, daterat: 1908..
30004012_00748.jpg	LINE_TP	En arkivsida med tryckt eller maskinskriven text organiserad i tabell- eller formulärstruktur från arkiv: Kommerskollegium, från serie: Uppgifter om arbetskraft och drivkraft, daterat: 1908..
30004012_01793.jpg	LINE_MIX	En arkivsida i tabell- eller formulärlayout med blandade textstilar, inklusive handskriven, tryckt och maskinskriven text från arkiv: Kommerskollegium, från serie: Uppgifter om arbetskraft och drivkraft, daterat: 1908..
30004012_00659.jpg	LINE_MIX	En arkivsida i tabell- eller formulärlayout med blandade textstilar, inklusive handskriven, tryckt och maskinskriven text från arkiv: Kommerskollegium, från serie: Uppgifter om arbetskraft och drivkraft, daterat: 1908..
30004012_00170.jpg	LINE_TP	En arkivsida med tryckt eller maskinskriven text organiserad i tabell- eller formulärstruktur från arkiv: Kommerskollegium, från serie: Uppgifter om arbetskraft och drivkraft, daterat: 1908..
30004012_00374.jpg	LINE_TP	En arkivsida med tryckt eller maskinskriven text organiserad i tabell- eller formulärstruktur från arkiv: Kommerskollegium, från serie: Uppgifter om arbetskraft och drivkraft, daterat: 1908..
71000556_00050.jpg	LINE_HW	En arkivsida med handskriven text organiserad i tabell- eller formulärstruktur från arkiv: Register till riksregistraturet, från serie: Adressatregister till Riksregistraturet, daterat: 1549-1551..
71000556_00061.jpg	LINE_HW	En arkivsida med handskriven text organiserad i tabell- eller formulärstruktur från arkiv: Register till riksregistraturet, från serie: Adressatregister till Riksregistraturet, daterat: 1549-1551..
71000556_00041.jpg	LINE_HW	En arkivsida med handskriven text organiserad i tabell- eller formulärstruktur från arkiv: Register till riksregistraturet, från serie: Adressatregister till Riksregistraturet, daterat: 1549-1551..
71000556_00020.jpg	LINE_HW	En arkivsida med handskriven text organiserad i tabell- eller formulärstruktur från arkiv: Register till riksregistraturet, från serie: Adressatregister till Riksregistraturet, daterat: 1549-1551..
A0039224_00202.jpg	LINE_HW	En arkivsida med handskriven text organiserad i tabell- eller formulärstruktur från arkiv: Register till riksregistraturet, från serie: Adressatregister till Riksregistraturet, daterat: 1549-1551..
A0039224_00016.jpg	LINE_HW	En arkivsida med handskriven text organiserad i tabell- eller formulärstruktur från arkiv: Register till riksregistraturet, från serie: Adressatregister till Riksregistraturet, daterat: 1549-1551..
A0039224_00173.jpg	LINE_HW	En arkivsida med handskriven text organiserad i tabell- eller formulärstruktur från arkiv: Register till riksregistraturet, från serie: Adressatregister till Riksregistraturet, daterat: 1549-1551..
A0039224_00055.jpg	LINE_HW	En arkivsida med handskriven text organiserad i tabell- eller formulärstruktur från arkiv: Register till riksregistraturet, från serie: Adressatregister till Riksregistraturet, daterat: 1549-1551..
A0039224_00152.jpg	LINE_HW	En arkivsida med handskriven text organiserad i tabell- eller formulärstruktur från arkiv: Register till riksregistraturet, från serie: Adressatregister till Riksregistraturet, daterat: 1549-1551..
A0039224_00036.jpg	LINE_HW	En arkivsida med handskriven text organiserad i tabell- eller formulärstruktur från arkiv: Register till riksregistraturet, från serie: Adressatregister till Riksregistraturet, daterat: 1549-1551..
A0039249_00120.jpg	LINE_HW	En arkivsida med handskriven text organiserad i tabell- eller formulärstruktur från arkiv: Register till riksregistraturet, från serie: Adressatregister till Riksregistraturet, daterat: 1616..
A0039249_00100.jpg	LINE_HW	En arkivsida med handskriven text organiserad i tabell- eller formulärstruktur från arkiv: Register till riksregistraturet, från serie: Adressatregister till Riksregistraturet, daterat: 1616..
A0039249_00243.jpg	LINE_HW	En arkivsida med handskriven text organiserad i tabell- eller formulärstruktur från arkiv: Register till riksregistraturet, från serie: Adressatregister till Riksregistraturet, daterat: 1616..
A0039249_00021.jpg	LINE_HW	En arkivsida med handskriven text organiserad i tabell- eller formulärstruktur från arkiv: Register till riksregistraturet, från serie: Adressatregister till Riksregistraturet, daterat: 1616..
A0039249_00090.jpg	LINE_HW	En arkivsida med handskriven text organiserad i tabell- eller formulärstruktur från arkiv: Register till riksregistraturet, från serie: Adressatregister till Riksregistraturet, daterat: 1616..
A0039249_00252.jpg	LINE_HW	En arkivsida med handskriven text organiserad i tabell- eller formulärstruktur från arkiv: Register till riksregistraturet, från serie: Adressatregister till Riksregistraturet, daterat: 1616..
30004024_00821.jpg	LINE_TP	En arkivsida med tryckt eller maskinskriven text organiserad i tabell- eller formulärstruktur från arkiv: Kommerskollegium, från serie: Uppgifter om arbetskraft och drivkraft, daterat: 1912..
30004024_01994.jpg	LINE_MIX	En arkivsida i tabell- eller formulärlayout med blandade textstilar, inklusive handskriven, tryckt och maskinskriven text från arkiv: Kommerskollegium, från serie: Uppgifter om arbetskraft och drivkraft, daterat: 1912..
30004024_00013.jpg	LINE_TP	En arkivsida med tryckt eller maskinskriven text organiserad i tabell- eller formulärstruktur från arkiv: Kommerskollegium, från serie: Uppgifter om arbetskraft och drivkraft, daterat: 1912..
30004024_01989.jpg	LINE_TP	En arkivsida med tryckt eller maskinskriven text organiserad i tabell- eller formulärstruktur från arkiv: Kommerskollegium, från serie: Uppgifter om arbetskraft och drivkraft, daterat: 1912..
30004024_01377.jpg	LINE_MIX	En arkivsida i tabell- eller formulärlayout med blandade textstilar, inklusive handskriven, tryckt och maskinskriven text från arkiv: Kommerskollegium, från serie: Uppgifter om arbetskraft och drivkraft, daterat: 1912..
30004024_01492.jpg	LINE_MIX	En arkivsida i tabell- eller formulärlayout med blandade textstilar, inklusive handskriven, tryckt och maskinskriven text från arkiv: Kommerskollegium, från serie: Uppgifter om arbetskraft och drivkraft, daterat: 1912..
A0039260_00368.jpg	LINE_HW	En arkivsida med handskriven text organiserad i tabell- eller formulärstruktur från arkiv: Register till riksregistraturet, från serie: Adressatregister till Riksregistraturet, daterat: 1633-1638..
A0039260_00209.jpg	LINE_HW	En arkivsida med handskriven text organiserad i tabell- eller formulärstruktur från arkiv: Register till riksregistraturet, från serie: Adressatregister till Riksregistraturet, daterat: 1633-1638..
A0039260_00102.jpg	MISC	En arkivsida med paratextuellt eller blandat innehåll, såsom omslag, titelblad eller annat material utanför huvudtexten från arkiv: Register till riksregistraturet, från serie: Adressatregister till Riksregistraturet, daterat: 1633-1638..
A0039260_00025.jpg	LINE_HW	En arkivsida med handskriven text organiserad i tabell- eller formulärstruktur från arkiv: Register till riksregistraturet, från serie: Adressatregister till Riksregistraturet, daterat: 1633-1638..
A0039260_00196.jpg	LINE_HW	En arkivsida med handskriven text organiserad i tabell- eller formulärstruktur från arkiv: Register till riksregistraturet, från serie: Adressatregister till Riksregistraturet, daterat: 1633-1638..
A0039260_00367.jpg	LINE_HW	En arkivsida med handskriven text organiserad i tabell- eller formulärstruktur från arkiv: Register till riksregistraturet, från serie: Adressatregister till Riksregistraturet, daterat: 1633-1638..
A0039194_00129.jpg	LINE_HW	En arkivsida med handskriven text organiserad i tabell- eller formulärstruktur från arkiv: Titularregister till riksregistraturet, från serie: Titularregister till riksregistraturet, daterat: 1611-1632..
A0039194_00027.jpg	LINE_HW	En arkivsida med handskriven text organiserad i tabell- eller formulärstruktur från arkiv: Titularregister till riksregistraturet, från serie: Titularregister till riksregistraturet, daterat: 1611-1632..
A0039194_00103.jpg	LINE_HW	En arkivsida med handskriven text organiserad i tabell- eller formulärstruktur från arkiv: Titularregister till riksregistraturet, från serie: Titularregister till riksregistraturet, daterat: 1611-1632..
A0039194_00089.jpg	LINE_HW	En arkivsida med handskriven text organiserad i tabell- eller formulärstruktur från arkiv: Titularregister till riksregistraturet, från serie: Titularregister till riksregistraturet, daterat: 1611-1632..
A0039194_00116.jpg	LINE_HW	En arkivsida med handskriven text organiserad i tabell- eller formulärstruktur från arkiv: Titularregister till riksregistraturet, från serie: Titularregister till riksregistraturet, daterat: 1611-1632..
30004022_01110.jpg	LINE_MIX	En arkivsida i tabell- eller formulärlayout med blandade textstilar, inklusive handskriven, tryckt och maskinskriven text från arkiv: Kommerskollegium, från serie: Uppgifter om arbetskraft och drivkraft, daterat: 1912..
30004022_01189.jpg	LINE_MIX	En arkivsida i tabell- eller formulärlayout med blandade textstilar, inklusive handskriven, tryckt och maskinskriven text från arkiv: Kommerskollegium, från serie: Uppgifter om arbetskraft och drivkraft, daterat: 1912..
30004022_00830.jpg	LINE_MIX	En arkivsida i tabell- eller formulärlayout med blandade textstilar, inklusive handskriven, tryckt och maskinskriven text från arkiv: Kommerskollegium, från serie: Uppgifter om arbetskraft och drivkraft, daterat: 1912..
30004022_00409.jpg	LINE_MIX	En arkivsida i tabell- eller formulärlayout med blandade textstilar, inklusive handskriven, tryckt och maskinskriven text från arkiv: Kommerskollegium, från serie: Uppgifter om arbetskraft och drivkraft, daterat: 1912..
30004022_00841.jpg	LINE_TP	En arkivsida med tryckt eller maskinskriven text organiserad i tabell- eller formulärstruktur från arkiv: Kommerskollegium, från serie: Uppgifter om arbetskraft och drivkraft, daterat: 1912..
30004022_00188.jpg	LINE_MIX	En arkivsida i tabell- eller formulärlayout med blandade textstilar, inklusive handskriven, tryckt och maskinskriven text från arkiv: Kommerskollegium, från serie: Uppgifter om arbetskraft och drivkraft, daterat: 1912..
A0039318_00069.jpg	TEXT_HW	En arkivsida med löpande handskriven text i stycken från arkiv: Register till riksregistraturet, från serie: Adressatregister till Riksregistraturet, daterat: 1713..
A0039318_00115.jpg	TEXT_HW	En arkivsida med löpande handskriven text i stycken från arkiv: Register till riksregistraturet, från serie: Adressatregister till Riksregistraturet, daterat: 1713..
A0039318_00008.jpg	TEXT_HW	En arkivsida med löpande handskriven text i stycken från arkiv: Register till riksregistraturet, från serie: Adressatregister till Riksregistraturet, daterat: 1713..
A0039318_00158.jpg	TEXT_HW	En arkivsida med löpande handskriven text i stycken från arkiv: Register till riksregistraturet, från serie: Adressatregister till Riksregistraturet, daterat: 1713..
A0039318_00138.jpg	TEXT_HW	En arkivsida med löpande handskriven text i stycken från arkiv: Register till riksregistraturet, från serie: Adressatregister till Riksregistraturet, daterat: 1713..
A0039318_00163.jpg	TEXT_HW	En arkivsida med löpande handskriven text i stycken från arkiv: Register till riksregistraturet, från serie: Adressatregister till Riksregistraturet, daterat: 1713..
30004314_03710.jpg	LINE_MIX	En arkivsida i tabell- eller formulärlayout med blandade textstilar, inklusive handskriven, tryckt och maskinskriven text från arkiv: Kommerskollegium, från serie: Uppgifter om arbetskraft och drivkraft, daterat: 1903..
30004314_02914.jpg	LINE_MIX	En arkivsida i tabell- eller formulärlayout med blandade textstilar, inklusive handskriven, tryckt och maskinskriven text från arkiv: Kommerskollegium, från serie: Uppgifter om arbetskraft och drivkraft, daterat: 1903..
30004314_02671.jpg	LINE_TP	En arkivsida med tryckt eller maskinskriven text organiserad i tabell- eller formulärstruktur från arkiv: Kommerskollegium, från serie: Uppgifter om arbetskraft och drivkraft, daterat: 1903..
30004314_01230.jpg	LINE_MIX	En arkivsida i tabell- eller formulärlayout med blandade textstilar, inklusive handskriven, tryckt och maskinskriven text från arkiv: Kommerskollegium, från serie: Uppgifter om arbetskraft och drivkraft, daterat: 1903..
30004314_00724.jpg	LINE_MIX	En arkivsida i tabell- eller formulärlayout med blandade textstilar, inklusive handskriven, tryckt och maskinskriven text från arkiv: Kommerskollegium, från serie: Uppgifter om arbetskraft och drivkraft, daterat: 1903..
30004314_02353.jpg	LINE_TP	En arkivsida med tryckt eller maskinskriven text organiserad i tabell- eller formulärstruktur från arkiv: Kommerskollegium, från serie: Uppgifter om arbetskraft och drivkraft, daterat: 1903..
A0039303_00081.jpg	LINE_HW	En arkivsida med handskriven text organiserad i tabell- eller formulärstruktur från arkiv: Register till riksregistraturet, från serie: Adressatregister till Riksregistraturet, daterat: 1698..
A0039303_00083.jpg	LINE_HW	En arkivsida med handskriven text organiserad i tabell- eller formulärstruktur från arkiv: Register till riksregistraturet, från serie: Adressatregister till Riksregistraturet, daterat: 1698..
A0039303_00076.jpg	LINE_HW	En arkivsida med handskriven text organiserad i tabell- eller formulärstruktur från arkiv: Register till riksregistraturet, från serie: Adressatregister till Riksregistraturet, daterat: 1698..
A0039303_00116.jpg	LINE_HW	En arkivsida med handskriven text organiserad i tabell- eller formulärstruktur från arkiv: Register till riksregistraturet, från serie: Adressatregister till Riksregistraturet, daterat: 1698..
A0039303_00136.jpg	LINE_HW	En arkivsida med handskriven text organiserad i tabell- eller formulärstruktur från arkiv: Register till riksregistraturet, från serie: Adressatregister till Riksregistraturet, daterat: 1698..
A0039303_00062.jpg	LINE_HW	En arkivsida med handskriven text organiserad i tabell- eller formulärstruktur från arkiv: Register till riksregistraturet, från serie: Adressatregister till Riksregistraturet, daterat: 1698..
A0039192_00052.jpg	TEXT_HW	En arkivsida med löpande handskriven text i stycken från arkiv: Titularregister till riksregistraturet, från serie: Titularregister till riksregistraturet, daterat: 1522-1592..
A0039192_00105.jpg	LINE_HW	En arkivsida med handskriven text organiserad i tabell- eller formulärstruktur från arkiv: Titularregister till riksregistraturet, från serie: Titularregister till riksregistraturet, daterat: 1522-1592..
A0039192_00177.jpg	LINE_HW	En arkivsida med handskriven text organiserad i tabell- eller formulärstruktur från arkiv: Titularregister till riksregistraturet, från serie: Titularregister till riksregistraturet, daterat: 1522-1592..
A0039192_00109.jpg	MISC	En arkivsida med paratextuellt eller blandat innehåll, såsom omslag, titelblad eller annat material utanför huvudtexten från arkiv: Titularregister till riksregistraturet, från serie: Titularregister till riksregistraturet, daterat: 1522-1592..
A0039192_00022.jpg	LINE_HW	En arkivsida med handskriven text organiserad i tabell- eller formulärstruktur från arkiv: Titularregister till riksregistraturet, från serie: Titularregister till riksregistraturet, daterat: 1522-1592..
A0039192_00065.jpg	LINE_HW	En arkivsida med handskriven text organiserad i tabell- eller formulärstruktur från arkiv: Titularregister till riksregistraturet, från serie: Titularregister till riksregistraturet, daterat: 1522-1592..
A0039315_00085.jpg	LINE_HW	En arkivsida med handskriven text organiserad i tabell- eller formulärstruktur från arkiv: Register till riksregistraturet, från serie: Adressatregister till Riksregistraturet, daterat: 1712..
A0039315_00027.jpg	LINE_HW	En arkivsida med handskriven text organiserad i tabell- eller formulärstruktur från arkiv: Register till riksregistraturet, från serie: Adressatregister till Riksregistraturet, daterat: 1712..
A0039315_00069.jpg	LINE_HW	En arkivsida med handskriven text organiserad i tabell- eller formulärstruktur från arkiv: Register till riksregistraturet, från serie: Adressatregister till Riksregistraturet, daterat: 1712..
A0039315_00037.jpg	LINE_HW	En arkivsida med handskriven text organiserad i tabell- eller formulärstruktur från arkiv: Register till riksregistraturet, från serie: Adressatregister till Riksregistraturet, daterat: 1712..
A0039315_00029.jpg	LINE_HW	En arkivsida med handskriven text organiserad i tabell- eller formulärstruktur från arkiv: Register till riksregistraturet, från serie: Adressatregister till Riksregistraturet, daterat: 1712..
A0039315_00045.jpg	LINE_HW	En arkivsida med handskriven text organiserad i tabell- eller formulärstruktur från arkiv: Register till riksregistraturet, från serie: Adressatregister till Riksregistraturet, daterat: 1712..
A0039323_00008.jpg	LINE_HW	En arkivsida med handskriven text organiserad i tabell- eller formulärstruktur från arkiv: Register till riksregistraturet, från serie: Adressatregister till Riksregistraturet, daterat: 1718..
A0039323_00154.jpg	LINE_HW	En arkivsida med handskriven text organiserad i tabell- eller formulärstruktur från arkiv: Register till riksregistraturet, från serie: Adressatregister till Riksregistraturet, daterat: 1718..
A0039323_00108.jpg	LINE_HW	En arkivsida med handskriven text organiserad i tabell- eller formulärstruktur från arkiv: Register till riksregistraturet, från serie: Adressatregister till Riksregistraturet, daterat: 1718..
A0039323_00107.jpg	LINE_HW	En arkivsida med handskriven text organiserad i tabell- eller formulärstruktur från arkiv: Register till riksregistraturet, från serie: Adressatregister till Riksregistraturet, daterat: 1718..
A0039323_00089.jpg	LINE_HW	En arkivsida med handskriven text organiserad i tabell- eller formulärstruktur från arkiv: Register till riksregistraturet, från serie: Adressatregister till Riksregistraturet, daterat: 1718..
A0039323_00227.jpg	LINE_HW	En arkivsida med handskriven text organiserad i tabell- eller formulärstruktur från arkiv: Register till riksregistraturet, från serie: Adressatregister till Riksregistraturet, daterat: 1718..
A0039262_00035.jpg	LINE_HW	En arkivsida med handskriven text organiserad i tabell- eller formulärstruktur från arkiv: Register till riksregistraturet, från serie: Adressatregister till Riksregistraturet, daterat: 1634..
A0039262_00207.jpg	LINE_HW	En arkivsida med handskriven text organiserad i tabell- eller formulärstruktur från arkiv: Register till riksregistraturet, från serie: Adressatregister till Riksregistraturet, daterat: 1634..
A0039262_00069.jpg	LINE_HW	En arkivsida med handskriven text organiserad i tabell- eller formulärstruktur från arkiv: Register till riksregistraturet, från serie: Adressatregister till Riksregistraturet, daterat: 1634..
A0039262_00223.jpg	LINE_HW	En arkivsida med handskriven text organiserad i tabell- eller formulärstruktur från arkiv: Register till riksregistraturet, från serie: Adressatregister till Riksregistraturet, daterat: 1634..
A0039262_00191.jpg	LINE_HW	En arkivsida med handskriven text organiserad i tabell- eller formulärstruktur från arkiv: Register till riksregistraturet, från serie: Adressatregister till Riksregistraturet, daterat: 1634..
A0039262_00240.jpg	LINE_HW	En arkivsida med handskriven text organiserad i tabell- eller formulärstruktur från arkiv: Register till riksregistraturet, från serie: Adressatregister till Riksregistraturet, daterat: 1634..
A0039242_00133.jpg	LINE_TP	En arkivsida med tryckt eller maskinskriven text organiserad i tabell- eller formulärstruktur från arkiv: Register till riksregistraturet, från serie: Adressatregister till Riksregistraturet, daterat: 1608..
A0039242_00168.jpg	LINE_TP	En arkivsida med tryckt eller maskinskriven text organiserad i tabell- eller formulärstruktur från arkiv: Register till riksregistraturet, från serie: Adressatregister till Riksregistraturet, daterat: 1608..
A0039242_00156.jpg	LINE_TP	En arkivsida med tryckt eller maskinskriven text organiserad i tabell- eller formulärstruktur från arkiv: Register till riksregistraturet, från serie: Adressatregister till Riksregistraturet, daterat: 1608..
A0039242_00103.jpg	LINE_TP	En arkivsida med tryckt eller maskinskriven text organiserad i tabell- eller formulärstruktur från arkiv: Register till riksregistraturet, från serie: Adressatregister till Riksregistraturet, daterat: 1608..
A0039242_00096.jpg	LINE_TP	En arkivsida med tryckt eller maskinskriven text organiserad i tabell- eller formulärstruktur från arkiv: Register till riksregistraturet, från serie: Adressatregister till Riksregistraturet, daterat: 1608..
A0039242_00163.jpg	LINE_TP	En arkivsida med tryckt eller maskinskriven text organiserad i tabell- eller formulärstruktur från arkiv: Register till riksregistraturet, från serie: Adressatregister till Riksregistraturet, daterat: 1608..
A0039232_00083.jpg	LINE_HW	En arkivsida med handskriven text organiserad i tabell- eller formulärstruktur från arkiv: Register till riksregistraturet, från serie: Adressatregister till Riksregistraturet, daterat: 1581-1584..
A0039232_00155.jpg	MISC	En arkivsida med paratextuellt eller blandat innehåll, såsom omslag, titelblad eller annat material utanför huvudtexten från arkiv: Register till riksregistraturet, från serie: Adressatregister till Riksregistraturet, daterat: 1581-1584..
A0039232_00008.jpg	LINE_HW	En arkivsida med handskriven text organiserad i tabell- eller formulärstruktur från arkiv: Register till riksregistraturet, från serie: Adressatregister till Riksregistraturet, daterat: 1581-1584..
A0039232_00334.jpg	LINE_HW	En arkivsida med handskriven text organiserad i tabell- eller formulärstruktur från arkiv: Register till riksregistraturet, från serie: Adressatregister till Riksregistraturet, daterat: 1581-1584..
A0039232_00326.jpg	LINE_HW	En arkivsida med handskriven text organiserad i tabell- eller formulärstruktur från arkiv: Register till riksregistraturet, från serie: Adressatregister till Riksregistraturet, daterat: 1581-1584..
A0039232_00152.jpg	LINE_HW	En arkivsida med handskriven text organiserad i tabell- eller formulärstruktur från arkiv: Register till riksregistraturet, från serie: Adressatregister till Riksregistraturet, daterat: 1581-1584..
A0039288_00077.jpg	LINE_HW	En arkivsida med handskriven text organiserad i tabell- eller formulärstruktur från arkiv: Register till riksregistraturet, från serie: Adressatregister till Riksregistraturet, daterat: 1681..
A0039288_00121.jpg	LINE_HW	En arkivsida med handskriven text organiserad i tabell- eller formulärstruktur från arkiv: Register till riksregistraturet, från serie: Adressatregister till Riksregistraturet, daterat: 1681..
A0039288_00097.jpg	LINE_HW	En arkivsida med handskriven text organiserad i tabell- eller formulärstruktur från arkiv: Register till riksregistraturet, från serie: Adressatregister till Riksregistraturet, daterat: 1681..
A0039288_00080.jpg	LINE_HW	En arkivsida med handskriven text organiserad i tabell- eller formulärstruktur från arkiv: Register till riksregistraturet, från serie: Adressatregister till Riksregistraturet, daterat: 1681..
A0039204_00078.jpg	LINE_HW	En arkivsida med handskriven text organiserad i tabell- eller formulärstruktur från arkiv: Titularregister till riksregistraturet, från serie: Titularregister till riksregistraturet, daterat: 1677-1682..
A0039204_00121.jpg	LINE_HW	En arkivsida med handskriven text organiserad i tabell- eller formulärstruktur från arkiv: Titularregister till riksregistraturet, från serie: Titularregister till riksregistraturet, daterat: 1677-1682..
A0039204_00237.jpg	LINE_HW	En arkivsida med handskriven text organiserad i tabell- eller formulärstruktur från arkiv: Titularregister till riksregistraturet, från serie: Titularregister till riksregistraturet, daterat: 1677-1682..
A0039204_00007.jpg	LINE_HW	En arkivsida med handskriven text organiserad i tabell- eller formulärstruktur från arkiv: Titularregister till riksregistraturet, från serie: Titularregister till riksregistraturet, daterat: 1677-1682..
A0039204_00122.jpg	LINE_HW	En arkivsida med handskriven text organiserad i tabell- eller formulärstruktur från arkiv: Titularregister till riksregistraturet, från serie: Titularregister till riksregistraturet, daterat: 1677-1682..
A0039204_00083.jpg	LINE_HW	En arkivsida med handskriven text organiserad i tabell- eller formulärstruktur från arkiv: Titularregister till riksregistraturet, från serie: Titularregister till riksregistraturet, daterat: 1677-1682..
A0039266_00164.jpg	LINE_HW	En arkivsida med handskriven text organiserad i tabell- eller formulärstruktur från arkiv: Register till riksregistraturet, från serie: Adressatregister till Riksregistraturet, daterat: 1643-1645..
A0039266_00129.jpg	LINE_HW	En arkivsida med handskriven text organiserad i tabell- eller formulärstruktur från arkiv: Register till riksregistraturet, från serie: Adressatregister till Riksregistraturet, daterat: 1643-1645..
A0039266_00094.jpg	LINE_HW	En arkivsida med handskriven text organiserad i tabell- eller formulärstruktur från arkiv: Register till riksregistraturet, från serie: Adressatregister till Riksregistraturet, daterat: 1643-1645..
A0039266_00082.jpg	LINE_HW	En arkivsida med handskriven text organiserad i tabell- eller formulärstruktur från arkiv: Register till riksregistraturet, från serie: Adressatregister till Riksregistraturet, daterat: 1643-1645..
A0039266_00191.jpg	LINE_HW	En arkivsida med handskriven text organiserad i tabell- eller formulärstruktur från arkiv: Register till riksregistraturet, från serie: Adressatregister till Riksregistraturet, daterat: 1643-1645..
A0039266_00181.jpg	LINE_HW	En arkivsida med handskriven text organiserad i tabell- eller formulärstruktur från arkiv: Register till riksregistraturet, från serie: Adressatregister till Riksregistraturet, daterat: 1643-1645..
A0039234_00201.jpg	LINE_HW	En arkivsida med handskriven text organiserad i tabell- eller formulärstruktur från arkiv: Register till riksregistraturet, från serie: Adressatregister till Riksregistraturet, daterat: 1588-1592..
A0039234_00169.jpg	LINE_HW	En arkivsida med handskriven text organiserad i tabell- eller formulärstruktur från arkiv: Register till riksregistraturet, från serie: Adressatregister till Riksregistraturet, daterat: 1588-1592..
A0039234_00237.jpg	LINE_HW	En arkivsida med handskriven text organiserad i tabell- eller formulärstruktur från arkiv: Register till riksregistraturet, från serie: Adressatregister till Riksregistraturet, daterat: 1588-1592..
A0039234_00522.jpg	LINE_HW	En arkivsida med handskriven text organiserad i tabell- eller formulärstruktur från arkiv: Register till riksregistraturet, från serie: Adressatregister till Riksregistraturet, daterat: 1588-1592..
A0039234_00294.jpg	LINE_HW	En arkivsida med handskriven text organiserad i tabell- eller formulärstruktur från arkiv: Register till riksregistraturet, från serie: Adressatregister till Riksregistraturet, daterat: 1588-1592..
A0039234_00018.jpg	LINE_HW	En arkivsida med handskriven text organiserad i tabell- eller formulärstruktur från arkiv: Register till riksregistraturet, från serie: Adressatregister till Riksregistraturet, daterat: 1588-1592..
A0039193_00058.jpg	LINE_HW	En arkivsida med handskriven text organiserad i tabell- eller formulärstruktur från arkiv: Titularregister till riksregistraturet, från serie: Titularregister till riksregistraturet, daterat: 1568-1611..
A0039193_00033.jpg	LINE_HW	En arkivsida med handskriven text organiserad i tabell- eller formulärstruktur från arkiv: Titularregister till riksregistraturet, från serie: Titularregister till riksregistraturet, daterat: 1568-1611..
A0039193_00106.jpg	LINE_HW	En arkivsida med handskriven text organiserad i tabell- eller formulärstruktur från arkiv: Titularregister till riksregistraturet, från serie: Titularregister till riksregistraturet, daterat: 1568-1611..
A0039193_00022.jpg	LINE_HW	En arkivsida med handskriven text organiserad i tabell- eller formulärstruktur från arkiv: Titularregister till riksregistraturet, från serie: Titularregister till riksregistraturet, daterat: 1568-1611..
A0039193_00047.jpg	LINE_HW	En arkivsida med handskriven text organiserad i tabell- eller formulärstruktur från arkiv: Titularregister till riksregistraturet, från serie: Titularregister till riksregistraturet, daterat: 1568-1611..
A0039193_00067.jpg	LINE_HW	En arkivsida med handskriven text organiserad i tabell- eller formulärstruktur från arkiv: Titularregister till riksregistraturet, från serie: Titularregister till riksregistraturet, daterat: 1568-1611..
30004014_00613.jpg	LINE_TP	En arkivsida med tryckt eller maskinskriven text organiserad i tabell- eller formulärstruktur från arkiv: Kommerskollegium, från serie: Uppgifter om arbetskraft och drivkraft, daterat: 1909..
30004014_00974.jpg	LINE_MIX	En arkivsida i tabell- eller formulärlayout med blandade textstilar, inklusive handskriven, tryckt och maskinskriven text från arkiv: Kommerskollegium, från serie: Uppgifter om arbetskraft och drivkraft, daterat: 1909..
30004014_00460.jpg	LINE_MIX	En arkivsida i tabell- eller formulärlayout med blandade textstilar, inklusive handskriven, tryckt och maskinskriven text från arkiv: Kommerskollegium, från serie: Uppgifter om arbetskraft och drivkraft, daterat: 1909..
30004014_01502.jpg	LINE_MIX	En arkivsida i tabell- eller formulärlayout med blandade textstilar, inklusive handskriven, tryckt och maskinskriven text från arkiv: Kommerskollegium, från serie: Uppgifter om arbetskraft och drivkraft, daterat: 1909..
30004014_00578.jpg	LINE_MIX	En arkivsida i tabell- eller formulärlayout med blandade textstilar, inklusive handskriven, tryckt och maskinskriven text från arkiv: Kommerskollegium, från serie: Uppgifter om arbetskraft och drivkraft, daterat: 1909..
30004014_01181.jpg	LINE_TP	En arkivsida med tryckt eller maskinskriven text organiserad i tabell- eller formulärstruktur från arkiv: Kommerskollegium, från serie: Uppgifter om arbetskraft och drivkraft, daterat: 1909..
A0039235_00187.jpg	LINE_HW	En arkivsida med handskriven text organiserad i tabell- eller formulärstruktur från arkiv: Register till riksregistraturet, från serie: Adressatregister till Riksregistraturet, daterat: 1593-1594..
A0039235_00123.jpg	LINE_HW	En arkivsida med handskriven text organiserad i tabell- eller formulärstruktur från arkiv: Register till riksregistraturet, från serie: Adressatregister till Riksregistraturet, daterat: 1593-1594..
A0039235_00226.jpg	LINE_HW	En arkivsida med handskriven text organiserad i tabell- eller formulärstruktur från arkiv: Register till riksregistraturet, från serie: Adressatregister till Riksregistraturet, daterat: 1593-1594..
A0039235_00188.jpg	LINE_HW	En arkivsida med handskriven text organiserad i tabell- eller formulärstruktur från arkiv: Register till riksregistraturet, från serie: Adressatregister till Riksregistraturet, daterat: 1593-1594..
A0039235_00235.jpg	MISC	En arkivsida med paratextuellt eller blandat innehåll, såsom omslag, titelblad eller annat material utanför huvudtexten från arkiv: Register till riksregistraturet, från serie: Adressatregister till Riksregistraturet, daterat: 1593-1594..
A0039235_00294.jpg	LINE_HW	En arkivsida med handskriven text organiserad i tabell- eller formulärstruktur från arkiv: Register till riksregistraturet, från serie: Adressatregister till Riksregistraturet, daterat: 1593-1594..
A0039291_00008.jpg	LINE_HW	En arkivsida med handskriven text organiserad i tabell- eller formulärstruktur från arkiv: Register till riksregistraturet, från serie: Adressatregister till Riksregistraturet, daterat: 1684..
A0039291_00151.jpg	LINE_HW	En arkivsida med handskriven text organiserad i tabell- eller formulärstruktur från arkiv: Register till riksregistraturet, från serie: Adressatregister till Riksregistraturet, daterat: 1684..
A0039291_00066.jpg	LINE_HW	En arkivsida med handskriven text organiserad i tabell- eller formulärstruktur från arkiv: Register till riksregistraturet, från serie: Adressatregister till Riksregistraturet, daterat: 1684..
A0039291_00016.jpg	LINE_HW	En arkivsida med handskriven text organiserad i tabell- eller formulärstruktur från arkiv: Register till riksregistraturet, från serie: Adressatregister till Riksregistraturet, daterat: 1684..
A0039291_00002.jpg	MISC	En arkivsida med paratextuellt eller blandat innehåll, såsom omslag, titelblad eller annat material utanför huvudtexten från arkiv: Register till riksregistraturet, från serie: Adressatregister till Riksregistraturet, daterat: 1684..
A0039291_00025.jpg	LINE_HW	En arkivsida med handskriven text organiserad i tabell- eller formulärstruktur från arkiv: Register till riksregistraturet, från serie: Adressatregister till Riksregistraturet, daterat: 1684..
71000587_00179.jpg	LINE_HW	En arkivsida med handskriven text organiserad i tabell- eller formulärstruktur från arkiv: Register till riksregistraturet, från serie: Adressatregister till Riksregistraturet, daterat: 1633..
71000587_00183.jpg	LINE_HW	En arkivsida med handskriven text organiserad i tabell- eller formulärstruktur från arkiv: Register till riksregistraturet, från serie: Adressatregister till Riksregistraturet, daterat: 1633..
71000587_00177.jpg	LINE_HW	En arkivsida med handskriven text organiserad i tabell- eller formulärstruktur från arkiv: Register till riksregistraturet, från serie: Adressatregister till Riksregistraturet, daterat: 1633..
71000587_00067.jpg	LINE_HW	En arkivsida med handskriven text organiserad i tabell- eller formulärstruktur från arkiv: Register till riksregistraturet, från serie: Adressatregister till Riksregistraturet, daterat: 1633..
71000587_00040.jpg	LINE_HW	En arkivsida med handskriven text organiserad i tabell- eller formulärstruktur från arkiv: Register till riksregistraturet, från serie: Adressatregister till Riksregistraturet, daterat: 1633..
71000587_00001.jpg	MISC	En arkivsida med paratextuellt eller blandat innehåll, såsom omslag, titelblad eller annat material utanför huvudtexten från arkiv: Register till riksregistraturet, från serie: Adressatregister till Riksregistraturet, daterat: 1633..
A0039261_00154.jpg	LINE_HW	En arkivsida med handskriven text organiserad i tabell- eller formulärstruktur från arkiv: Register till riksregistraturet, från serie: Adressatregister till Riksregistraturet, daterat: 1633..
A0039261_00106.jpg	LINE_HW	En arkivsida med handskriven text organiserad i tabell- eller formulärstruktur från arkiv: Register till riksregistraturet, från serie: Adressatregister till Riksregistraturet, daterat: 1633..
A0039261_00201.jpg	LINE_HW	En arkivsida med handskriven text organiserad i tabell- eller formulärstruktur från arkiv: Register till riksregistraturet, från serie: Adressatregister till Riksregistraturet, daterat: 1633..
A0039261_00052.jpg	LINE_HW	En arkivsida med handskriven text organiserad i tabell- eller formulärstruktur från arkiv: Register till riksregistraturet, från serie: Adressatregister till Riksregistraturet, daterat: 1633..
A0039261_00168.jpg	LINE_HW	En arkivsida med handskriven text organiserad i tabell- eller formulärstruktur från arkiv: Register till riksregistraturet, från serie: Adressatregister till Riksregistraturet, daterat: 1633..
A0039225_00091.jpg	LINE_HW	En arkivsida med handskriven text organiserad i tabell- eller formulärstruktur från arkiv: Register till riksregistraturet, från serie: Adressatregister till Riksregistraturet, daterat: 1552-1554..
A0039225_00066.jpg	MISC	En arkivsida med paratextuellt eller blandat innehåll, såsom omslag, titelblad eller annat material utanför huvudtexten från arkiv: Register till riksregistraturet, från serie: Adressatregister till Riksregistraturet, daterat: 1552-1554..
A0039225_00150.jpg	LINE_HW	En arkivsida med handskriven text organiserad i tabell- eller formulärstruktur från arkiv: Register till riksregistraturet, från serie: Adressatregister till Riksregistraturet, daterat: 1552-1554..
A0039225_00036.jpg	LINE_HW	En arkivsida med handskriven text organiserad i tabell- eller formulärstruktur från arkiv: Register till riksregistraturet, från serie: Adressatregister till Riksregistraturet, daterat: 1552-1554..
A0039225_00122.jpg	LINE_HW	En arkivsida med handskriven text organiserad i tabell- eller formulärstruktur från arkiv: Register till riksregistraturet, från serie: Adressatregister till Riksregistraturet, daterat: 1552-1554..
A0039225_00099.jpg	LINE_HW	En arkivsida med handskriven text organiserad i tabell- eller formulärstruktur från arkiv: Register till riksregistraturet, från serie: Adressatregister till Riksregistraturet, daterat: 1552-1554..
71000585_00140.jpg	LINE_HW	En arkivsida med handskriven text organiserad i tabell- eller formulärstruktur från arkiv: Register till riksregistraturet, från serie: Adressatregister till Riksregistraturet, daterat: 1623..
71000585_00001.jpg	MISC	En arkivsida med paratextuellt eller blandat innehåll, såsom omslag, titelblad eller annat material utanför huvudtexten från arkiv: Register till riksregistraturet, från serie: Adressatregister till Riksregistraturet, daterat: 1623..
71000585_00060.jpg	LINE_HW	En arkivsida med handskriven text organiserad i tabell- eller formulärstruktur från arkiv: Register till riksregistraturet, från serie: Adressatregister till Riksregistraturet, daterat: 1623..
71000585_00108.jpg	LINE_HW	En arkivsida med handskriven text organiserad i tabell- eller formulärstruktur från arkiv: Register till riksregistraturet, från serie: Adressatregister till Riksregistraturet, daterat: 1623..
71000585_00095.jpg	LINE_HW	En arkivsida med handskriven text organiserad i tabell- eller formulärstruktur från arkiv: Register till riksregistraturet, från serie: Adressatregister till Riksregistraturet, daterat: 1623..
71000585_00118.jpg	LINE_HW	En arkivsida med handskriven text organiserad i tabell- eller formulärstruktur från arkiv: Register till riksregistraturet, från serie: Adressatregister till Riksregistraturet, daterat: 1623..
A0039254_00117.jpg	LINE_HW	En arkivsida med handskriven text organiserad i tabell- eller formulärstruktur från arkiv: Register till riksregistraturet, från serie: Adressatregister till Riksregistraturet, daterat: 1623..
A0039254_00136.jpg	LINE_HW	En arkivsida med handskriven text organiserad i tabell- eller formulärstruktur från arkiv: Register till riksregistraturet, från serie: Adressatregister till Riksregistraturet, daterat: 1623..
A0039254_00078.jpg	LINE_HW	En arkivsida med handskriven text organiserad i tabell- eller formulärstruktur från arkiv: Register till riksregistraturet, från serie: Adressatregister till Riksregistraturet, daterat: 1623..
A0039254_00014.jpg	LINE_HW	En arkivsida med handskriven text organiserad i tabell- eller formulärstruktur från arkiv: Register till riksregistraturet, från serie: Adressatregister till Riksregistraturet, daterat: 1623..
A0039254_00112.jpg	LINE_HW	En arkivsida med handskriven text organiserad i tabell- eller formulärstruktur från arkiv: Register till riksregistraturet, från serie: Adressatregister till Riksregistraturet, daterat: 1623..
30004026_02482.jpg	LINE_MIX	En arkivsida i tabell- eller formulärlayout med blandade textstilar, inklusive handskriven, tryckt och maskinskriven text från arkiv: Kommerskollegium, från serie: Uppgifter om arbetskraft och drivkraft, daterat: 1913..
30004026_01365.jpg	LINE_MIX	En arkivsida i tabell- eller formulärlayout med blandade textstilar, inklusive handskriven, tryckt och maskinskriven text från arkiv: Kommerskollegium, från serie: Uppgifter om arbetskraft och drivkraft, daterat: 1913..
30004026_02867.jpg	LINE_MIX	En arkivsida i tabell- eller formulärlayout med blandade textstilar, inklusive handskriven, tryckt och maskinskriven text från arkiv: Kommerskollegium, från serie: Uppgifter om arbetskraft och drivkraft, daterat: 1913..
30004026_01688.jpg	LINE_MIX	En arkivsida i tabell- eller formulärlayout med blandade textstilar, inklusive handskriven, tryckt och maskinskriven text från arkiv: Kommerskollegium, från serie: Uppgifter om arbetskraft och drivkraft, daterat: 1913..
30004026_01716.jpg	LINE_MIX	En arkivsida i tabell- eller formulärlayout med blandade textstilar, inklusive handskriven, tryckt och maskinskriven text från arkiv: Kommerskollegium, från serie: Uppgifter om arbetskraft och drivkraft, daterat: 1913..
30004026_01909.jpg	LINE_MIX	En arkivsida i tabell- eller formulärlayout med blandade textstilar, inklusive handskriven, tryckt och maskinskriven text från arkiv: Kommerskollegium, från serie: Uppgifter om arbetskraft och drivkraft, daterat: 1913..
A0039306_00442.jpg	LINE_HW	En arkivsida med handskriven text organiserad i tabell- eller formulärstruktur från arkiv: Register till riksregistraturet, från serie: Adressatregister till Riksregistraturet, daterat: 1700-1710..
A0039306_00039.jpg	MISC	En arkivsida med paratextuellt eller blandat innehåll, såsom omslag, titelblad eller annat material utanför huvudtexten från arkiv: Register till riksregistraturet, från serie: Adressatregister till Riksregistraturet, daterat: 1700-1710..
A0039306_00090.jpg	LINE_HW	En arkivsida med handskriven text organiserad i tabell- eller formulärstruktur från arkiv: Register till riksregistraturet, från serie: Adressatregister till Riksregistraturet, daterat: 1700-1710..
A0039306_00431.jpg	LINE_HW	En arkivsida med handskriven text organiserad i tabell- eller formulärstruktur från arkiv: Register till riksregistraturet, från serie: Adressatregister till Riksregistraturet, daterat: 1700-1710..
A0039306_00168.jpg	LINE_HW	En arkivsida med handskriven text organiserad i tabell- eller formulärstruktur från arkiv: Register till riksregistraturet, från serie: Adressatregister till Riksregistraturet, daterat: 1700-1710..
A0039306_00147.jpg	LINE_HW	En arkivsida med handskriven text organiserad i tabell- eller formulärstruktur från arkiv: Register till riksregistraturet, från serie: Adressatregister till Riksregistraturet, daterat: 1700-1710..
A0039284_00063.jpg	LINE_HW	En arkivsida med handskriven text organiserad i tabell- eller formulärstruktur från arkiv: Register till riksregistraturet, från serie: Adressatregister till Riksregistraturet, daterat: 1678..
A0039284_00074.jpg	LINE_HW	En arkivsida med handskriven text organiserad i tabell- eller formulärstruktur från arkiv: Register till riksregistraturet, från serie: Adressatregister till Riksregistraturet, daterat: 1678..
A0039284_00078.jpg	LINE_HW	En arkivsida med handskriven text organiserad i tabell- eller formulärstruktur från arkiv: Register till riksregistraturet, från serie: Adressatregister till Riksregistraturet, daterat: 1678..
A0039284_00125.jpg	LINE_HW	En arkivsida med handskriven text organiserad i tabell- eller formulärstruktur från arkiv: Register till riksregistraturet, från serie: Adressatregister till Riksregistraturet, daterat: 1678..
A0039309_00080.jpg	LINE_HW	En arkivsida med handskriven text organiserad i tabell- eller formulärstruktur från arkiv: Register till riksregistraturet, från serie: Adressatregister till Riksregistraturet, daterat: 1703..
A0039309_00090.jpg	LINE_HW	En arkivsida med handskriven text organiserad i tabell- eller formulärstruktur från arkiv: Register till riksregistraturet, från serie: Adressatregister till Riksregistraturet, daterat: 1703..
A0039309_00151.jpg	LINE_HW	En arkivsida med handskriven text organiserad i tabell- eller formulärstruktur från arkiv: Register till riksregistraturet, från serie: Adressatregister till Riksregistraturet, daterat: 1703..
A0039309_00115.jpg	LINE_HW	En arkivsida med handskriven text organiserad i tabell- eller formulärstruktur från arkiv: Register till riksregistraturet, från serie: Adressatregister till Riksregistraturet, daterat: 1703..
A0039309_00167.jpg	LINE_HW	En arkivsida med handskriven text organiserad i tabell- eller formulärstruktur från arkiv: Register till riksregistraturet, från serie: Adressatregister till Riksregistraturet, daterat: 1703..
A0039243_00234.jpg	LINE_TP	En arkivsida med tryckt eller maskinskriven text organiserad i tabell- eller formulärstruktur från arkiv: Register till riksregistraturet, från serie: Adressatregister till Riksregistraturet, daterat: 1609-1611..
A0039243_00057.jpg	LINE_TP	En arkivsida med tryckt eller maskinskriven text organiserad i tabell- eller formulärstruktur från arkiv: Register till riksregistraturet, från serie: Adressatregister till Riksregistraturet, daterat: 1609-1611..
A0039243_00181.jpg	LINE_TP	En arkivsida med tryckt eller maskinskriven text organiserad i tabell- eller formulärstruktur från arkiv: Register till riksregistraturet, från serie: Adressatregister till Riksregistraturet, daterat: 1609-1611..
A0039243_00160.jpg	LINE_TP	En arkivsida med tryckt eller maskinskriven text organiserad i tabell- eller formulärstruktur från arkiv: Register till riksregistraturet, från serie: Adressatregister till Riksregistraturet, daterat: 1609-1611..
A0039243_00185.jpg	LINE_TP	En arkivsida med tryckt eller maskinskriven text organiserad i tabell- eller formulärstruktur från arkiv: Register till riksregistraturet, från serie: Adressatregister till Riksregistraturet, daterat: 1609-1611..
A0039243_00129.jpg	LINE_TP	En arkivsida med tryckt eller maskinskriven text organiserad i tabell- eller formulärstruktur från arkiv: Register till riksregistraturet, från serie: Adressatregister till Riksregistraturet, daterat: 1609-1611..
30004027_01891.jpg	LINE_MIX	En arkivsida i tabell- eller formulärlayout med blandade textstilar, inklusive handskriven, tryckt och maskinskriven text från arkiv: Kommerskollegium, från serie: Uppgifter om arbetskraft och drivkraft, daterat: 1914..
30004027_02832.jpg	LINE_MIX	En arkivsida i tabell- eller formulärlayout med blandade textstilar, inklusive handskriven, tryckt och maskinskriven text från arkiv: Kommerskollegium, från serie: Uppgifter om arbetskraft och drivkraft, daterat: 1914..
30004027_03481.jpg	LINE_MIX	En arkivsida i tabell- eller formulärlayout med blandade textstilar, inklusive handskriven, tryckt och maskinskriven text från arkiv: Kommerskollegium, från serie: Uppgifter om arbetskraft och drivkraft, daterat: 1914..
30004027_03808.jpg	LINE_MIX	En arkivsida i tabell- eller formulärlayout med blandade textstilar, inklusive handskriven, tryckt och maskinskriven text från arkiv: Kommerskollegium, från serie: Uppgifter om arbetskraft och drivkraft, daterat: 1914..
30004027_02377.jpg	LINE_MIX	En arkivsida i tabell- eller formulärlayout med blandade textstilar, inklusive handskriven, tryckt och maskinskriven text från arkiv: Kommerskollegium, från serie: Uppgifter om arbetskraft och drivkraft, daterat: 1914..
30004027_03336.jpg	LINE_MIX	En arkivsida i tabell- eller formulärlayout med blandade textstilar, inklusive handskriven, tryckt och maskinskriven text från arkiv: Kommerskollegium, från serie: Uppgifter om arbetskraft och drivkraft, daterat: 1914..
A0039279_00195.jpg	LINE_HW	En arkivsida med handskriven text organiserad i tabell- eller formulärstruktur från arkiv: Register till riksregistraturet, från serie: Adressatregister till Riksregistraturet, daterat: 1673-1674..
A0039279_00011.jpg	LINE_HW	En arkivsida med handskriven text organiserad i tabell- eller formulärstruktur från arkiv: Register till riksregistraturet, från serie: Adressatregister till Riksregistraturet, daterat: 1673-1674..
A0039279_00235.jpg	MISC	En arkivsida med paratextuellt eller blandat innehåll, såsom omslag, titelblad eller annat material utanför huvudtexten från arkiv: Register till riksregistraturet, från serie: Adressatregister till Riksregistraturet, daterat: 1673-1674..
A0039279_00066.jpg	LINE_HW	En arkivsida med handskriven text organiserad i tabell- eller formulärstruktur från arkiv: Register till riksregistraturet, från serie: Adressatregister till Riksregistraturet, daterat: 1673-1674..
A0039279_00230.jpg	LINE_HW	En arkivsida med handskriven text organiserad i tabell- eller formulärstruktur från arkiv: Register till riksregistraturet, från serie: Adressatregister till Riksregistraturet, daterat: 1673-1674..
A0039279_00209.jpg	LINE_HW	En arkivsida med handskriven text organiserad i tabell- eller formulärstruktur från arkiv: Register till riksregistraturet, från serie: Adressatregister till Riksregistraturet, daterat: 1673-1674..
A0039267_00036.jpg	LINE_HW	En arkivsida med handskriven text organiserad i tabell- eller formulärstruktur från arkiv: Register till riksregistraturet, från serie: Adressatregister till Riksregistraturet, daterat: 1645-1654..
A0039267_00084.jpg	LINE_HW	En arkivsida med handskriven text organiserad i tabell- eller formulärstruktur från arkiv: Register till riksregistraturet, från serie: Adressatregister till Riksregistraturet, daterat: 1645-1654..
A0039267_00179.jpg	LINE_HW	En arkivsida med handskriven text organiserad i tabell- eller formulärstruktur från arkiv: Register till riksregistraturet, från serie: Adressatregister till Riksregistraturet, daterat: 1645-1654..
A0039267_00170.jpg	LINE_HW	En arkivsida med handskriven text organiserad i tabell- eller formulärstruktur från arkiv: Register till riksregistraturet, från serie: Adressatregister till Riksregistraturet, daterat: 1645-1654..
A0039267_00141.jpg	LINE_HW	En arkivsida med handskriven text organiserad i tabell- eller formulärstruktur från arkiv: Register till riksregistraturet, från serie: Adressatregister till Riksregistraturet, daterat: 1645-1654..
30004017_00777.jpg	LINE_TP	En arkivsida med tryckt eller maskinskriven text organiserad i tabell- eller formulärstruktur från arkiv: Kommerskollegium, från serie: Uppgifter om arbetskraft och drivkraft, daterat: 1910..
30004017_00336.jpg	LINE_MIX	En arkivsida i tabell- eller formulärlayout med blandade textstilar, inklusive handskriven, tryckt och maskinskriven text från arkiv: Kommerskollegium, från serie: Uppgifter om arbetskraft och drivkraft, daterat: 1910..
30004017_00416.jpg	LINE_MIX	En arkivsida i tabell- eller formulärlayout med blandade textstilar, inklusive handskriven, tryckt och maskinskriven text från arkiv: Kommerskollegium, från serie: Uppgifter om arbetskraft och drivkraft, daterat: 1910..
30004017_00648.jpg	LINE_MIX	En arkivsida i tabell- eller formulärlayout med blandade textstilar, inklusive handskriven, tryckt och maskinskriven text från arkiv: Kommerskollegium, från serie: Uppgifter om arbetskraft och drivkraft, daterat: 1910..
30004017_00650.jpg	LINE_MIX	En arkivsida i tabell- eller formulärlayout med blandade textstilar, inklusive handskriven, tryckt och maskinskriven text från arkiv: Kommerskollegium, från serie: Uppgifter om arbetskraft och drivkraft, daterat: 1910..
30004017_01469.jpg	LINE_TP	En arkivsida med tryckt eller maskinskriven text organiserad i tabell- eller formulärstruktur från arkiv: Kommerskollegium, från serie: Uppgifter om arbetskraft och drivkraft, daterat: 1910..
71000586_00282.jpg	LINE_HW	En arkivsida med handskriven text organiserad i tabell- eller formulärstruktur från arkiv: Register till riksregistraturet, från serie: Adressatregister till Riksregistraturet, daterat: 1630-1631..
71000586_00008.jpg	MISC	En arkivsida med paratextuellt eller blandat innehåll, såsom omslag, titelblad eller annat material utanför huvudtexten från arkiv: Register till riksregistraturet, från serie: Adressatregister till Riksregistraturet, daterat: 1630-1631..
71000586_00158.jpg	LINE_HW	En arkivsida med handskriven text organiserad i tabell- eller formulärstruktur från arkiv: Register till riksregistraturet, från serie: Adressatregister till Riksregistraturet, daterat: 1630-1631..
71000586_00157.jpg	LINE_HW	En arkivsida med handskriven text organiserad i tabell- eller formulärstruktur från arkiv: Register till riksregistraturet, från serie: Adressatregister till Riksregistraturet, daterat: 1630-1631..
71000586_00176.jpg	MISC	En arkivsida med paratextuellt eller blandat innehåll, såsom omslag, titelblad eller annat material utanför huvudtexten från arkiv: Register till riksregistraturet, från serie: Adressatregister till Riksregistraturet, daterat: 1630-1631..
71000586_00259.jpg	LINE_HW	En arkivsida med handskriven text organiserad i tabell- eller formulärstruktur från arkiv: Register till riksregistraturet, från serie: Adressatregister till Riksregistraturet, daterat: 1630-1631..
A0039259_00291.jpg	LINE_HW	En arkivsida med handskriven text organiserad i tabell- eller formulärstruktur från arkiv: Register till riksregistraturet, från serie: Adressatregister till Riksregistraturet, daterat: 1630-1631..
A0039259_00326.jpg	LINE_HW	En arkivsida med handskriven text organiserad i tabell- eller formulärstruktur från arkiv: Register till riksregistraturet, från serie: Adressatregister till Riksregistraturet, daterat: 1630-1631..
A0039259_00167.jpg	LINE_HW	En arkivsida med handskriven text organiserad i tabell- eller formulärstruktur från arkiv: Register till riksregistraturet, från serie: Adressatregister till Riksregistraturet, daterat: 1630-1631..
A0039259_00264.jpg	LINE_HW	En arkivsida med handskriven text organiserad i tabell- eller formulärstruktur från arkiv: Register till riksregistraturet, från serie: Adressatregister till Riksregistraturet, daterat: 1630-1631..
A0039259_00217.jpg	LINE_HW	En arkivsida med handskriven text organiserad i tabell- eller formulärstruktur från arkiv: Register till riksregistraturet, från serie: Adressatregister till Riksregistraturet, daterat: 1630-1631..
A0039259_00270.jpg	LINE_HW	En arkivsida med handskriven text organiserad i tabell- eller formulärstruktur från arkiv: Register till riksregistraturet, från serie: Adressatregister till Riksregistraturet, daterat: 1630-1631..
A0039285_00014.jpg	LINE_HW	En arkivsida med handskriven text organiserad i tabell- eller formulärstruktur från arkiv: Register till riksregistraturet, från serie: Adressatregister till Riksregistraturet, daterat: 1679..
A0039285_00062.jpg	LINE_HW	En arkivsida med handskriven text organiserad i tabell- eller formulärstruktur från arkiv: Register till riksregistraturet, från serie: Adressatregister till Riksregistraturet, daterat: 1679..
A0039285_00128.jpg	LINE_HW	En arkivsida med handskriven text organiserad i tabell- eller formulärstruktur från arkiv: Register till riksregistraturet, från serie: Adressatregister till Riksregistraturet, daterat: 1679..
A0039285_00123.jpg	LINE_HW	En arkivsida med handskriven text organiserad i tabell- eller formulärstruktur från arkiv: Register till riksregistraturet, från serie: Adressatregister till Riksregistraturet, daterat: 1679..
A0039285_00129.jpg	LINE_HW	En arkivsida med handskriven text organiserad i tabell- eller formulärstruktur från arkiv: Register till riksregistraturet, från serie: Adressatregister till Riksregistraturet, daterat: 1679..
A0039285_00054.jpg	LINE_HW	En arkivsida med handskriven text organiserad i tabell- eller formulärstruktur från arkiv: Register till riksregistraturet, från serie: Adressatregister till Riksregistraturet, daterat: 1679..
A0039311_00200.jpg	LINE_HW	En arkivsida med handskriven text organiserad i tabell- eller formulärstruktur från arkiv: Register till riksregistraturet, från serie: Adressatregister till Riksregistraturet, daterat: 1705-1706..
A0039311_00038.jpg	LINE_HW	En arkivsida med handskriven text organiserad i tabell- eller formulärstruktur från arkiv: Register till riksregistraturet, från serie: Adressatregister till Riksregistraturet, daterat: 1705-1706..
A0039311_00060.jpg	LINE_HW	En arkivsida med handskriven text organiserad i tabell- eller formulärstruktur från arkiv: Register till riksregistraturet, från serie: Adressatregister till Riksregistraturet, daterat: 1705-1706..
A0039311_00002.jpg	MISC	En arkivsida med paratextuellt eller blandat innehåll, såsom omslag, titelblad eller annat material utanför huvudtexten från arkiv: Register till riksregistraturet, från serie: Adressatregister till Riksregistraturet, daterat: 1705-1706..
A0039311_00012.jpg	LINE_HW	En arkivsida med handskriven text organiserad i tabell- eller formulärstruktur från arkiv: Register till riksregistraturet, från serie: Adressatregister till Riksregistraturet, daterat: 1705-1706..
A0039311_00247.jpg	LINE_HW	En arkivsida med handskriven text organiserad i tabell- eller formulärstruktur från arkiv: Register till riksregistraturet, från serie: Adressatregister till Riksregistraturet, daterat: 1705-1706..
30004008_00935.jpg	LINE_MIX	En arkivsida i tabell- eller formulärlayout med blandade textstilar, inklusive handskriven, tryckt och maskinskriven text från arkiv: Kommerskollegium, från serie: Uppgifter om arbetskraft och drivkraft, daterat: 1907..
30004008_00187.jpg	LINE_TP	En arkivsida med tryckt eller maskinskriven text organiserad i tabell- eller formulärstruktur från arkiv: Kommerskollegium, från serie: Uppgifter om arbetskraft och drivkraft, daterat: 1907..
30004008_00841.jpg	LINE_TP	En arkivsida med tryckt eller maskinskriven text organiserad i tabell- eller formulärstruktur från arkiv: Kommerskollegium, från serie: Uppgifter om arbetskraft och drivkraft, daterat: 1907..
30004008_00440.jpg	LINE_MIX	En arkivsida i tabell- eller formulärlayout med blandade textstilar, inklusive handskriven, tryckt och maskinskriven text från arkiv: Kommerskollegium, från serie: Uppgifter om arbetskraft och drivkraft, daterat: 1907..
30004008_00197.jpg	LINE_TP	En arkivsida med tryckt eller maskinskriven text organiserad i tabell- eller formulärstruktur från arkiv: Kommerskollegium, från serie: Uppgifter om arbetskraft och drivkraft, daterat: 1907..
30004008_00856.jpg	LINE_MIX	En arkivsida i tabell- eller formulärlayout med blandade textstilar, inklusive handskriven, tryckt och maskinskriven text från arkiv: Kommerskollegium, från serie: Uppgifter om arbetskraft och drivkraft, daterat: 1907..
30004316_03968.jpg	LINE_MIX	En arkivsida i tabell- eller formulärlayout med blandade textstilar, inklusive handskriven, tryckt och maskinskriven text från arkiv: Kommerskollegium, från serie: Uppgifter om arbetskraft och drivkraft, daterat: 1903..
30004316_04826.jpg	LINE_MIX	En arkivsida i tabell- eller formulärlayout med blandade textstilar, inklusive handskriven, tryckt och maskinskriven text från arkiv: Kommerskollegium, från serie: Uppgifter om arbetskraft och drivkraft, daterat: 1903..
30004316_05116.jpg	LINE_MIX	En arkivsida i tabell- eller formulärlayout med blandade textstilar, inklusive handskriven, tryckt och maskinskriven text från arkiv: Kommerskollegium, från serie: Uppgifter om arbetskraft och drivkraft, daterat: 1903..
30004316_03057.jpg	LINE_TP	En arkivsida med tryckt eller maskinskriven text organiserad i tabell- eller formulärstruktur från arkiv: Kommerskollegium, från serie: Uppgifter om arbetskraft och drivkraft, daterat: 1903..
30004316_05432.jpg	LINE_MIX	En arkivsida i tabell- eller formulärlayout med blandade textstilar, inklusive handskriven, tryckt och maskinskriven text från arkiv: Kommerskollegium, från serie: Uppgifter om arbetskraft och drivkraft, daterat: 1903..
30004316_01849.jpg	LINE_TP	En arkivsida med tryckt eller maskinskriven text organiserad i tabell- eller formulärstruktur från arkiv: Kommerskollegium, från serie: Uppgifter om arbetskraft och drivkraft, daterat: 1903..
A0039310_00159.jpg	MISC	En arkivsida med paratextuellt eller blandat innehåll, såsom omslag, titelblad eller annat material utanför huvudtexten från arkiv: Register till riksregistraturet, från serie: Adressatregister till Riksregistraturet, daterat: 1704..
A0039310_00029.jpg	LINE_HW	En arkivsida med handskriven text organiserad i tabell- eller formulärstruktur från arkiv: Register till riksregistraturet, från serie: Adressatregister till Riksregistraturet, daterat: 1704..
A0039310_00138.jpg	LINE_HW	En arkivsida med handskriven text organiserad i tabell- eller formulärstruktur från arkiv: Register till riksregistraturet, från serie: Adressatregister till Riksregistraturet, daterat: 1704..
A0039310_00115.jpg	LINE_HW	En arkivsida med handskriven text organiserad i tabell- eller formulärstruktur från arkiv: Register till riksregistraturet, från serie: Adressatregister till Riksregistraturet, daterat: 1704..
A0039310_00152.jpg	LINE_HW	En arkivsida med handskriven text organiserad i tabell- eller formulärstruktur från arkiv: Register till riksregistraturet, från serie: Adressatregister till Riksregistraturet, daterat: 1704..
A0039310_00008.jpg	LINE_HW	En arkivsida med handskriven text organiserad i tabell- eller formulärstruktur från arkiv: Register till riksregistraturet, från serie: Adressatregister till Riksregistraturet, daterat: 1704..
A0039207_00023.jpg	TEXT_HW	En arkivsida med löpande handskriven text i stycken från arkiv: Titularregister till riksregistraturet, från serie: Titularregister till riksregistraturet, daterat: 1687-1690..
A0039207_00157.jpg	TEXT_HW	En arkivsida med löpande handskriven text i stycken från arkiv: Titularregister till riksregistraturet, från serie: Titularregister till riksregistraturet, daterat: 1687-1690..
A0039207_00024.jpg	TEXT_HW	En arkivsida med löpande handskriven text i stycken från arkiv: Titularregister till riksregistraturet, från serie: Titularregister till riksregistraturet, daterat: 1687-1690..
A0039207_00043.jpg	TEXT_HW	En arkivsida med löpande handskriven text i stycken från arkiv: Titularregister till riksregistraturet, från serie: Titularregister till riksregistraturet, daterat: 1687-1690..
A0039207_00042.jpg	TEXT_HW	En arkivsida med löpande handskriven text i stycken från arkiv: Titularregister till riksregistraturet, från serie: Titularregister till riksregistraturet, daterat: 1687-1690..
A0039253_00035.jpg	LINE_HW	En arkivsida med handskriven text organiserad i tabell- eller formulärstruktur från arkiv: Register till riksregistraturet, från serie: Adressatregister till Riksregistraturet, daterat: 1622..
A0039253_00117.jpg	LINE_HW	En arkivsida med handskriven text organiserad i tabell- eller formulärstruktur från arkiv: Register till riksregistraturet, från serie: Adressatregister till Riksregistraturet, daterat: 1622..
A0039253_00020.jpg	LINE_HW	En arkivsida med handskriven text organiserad i tabell- eller formulärstruktur från arkiv: Register till riksregistraturet, från serie: Adressatregister till Riksregistraturet, daterat: 1622..
A0039253_00023.jpg	LINE_HW	En arkivsida med handskriven text organiserad i tabell- eller formulärstruktur från arkiv: Register till riksregistraturet, från serie: Adressatregister till Riksregistraturet, daterat: 1622..
A0039253_00041.jpg	LINE_HW	En arkivsida med handskriven text organiserad i tabell- eller formulärstruktur från arkiv: Register till riksregistraturet, från serie: Adressatregister till Riksregistraturet, daterat: 1622..
A0039205_00062.jpg	LINE_HW	En arkivsida med handskriven text organiserad i tabell- eller formulärstruktur från arkiv: Titularregister till riksregistraturet, från serie: Titularregister till riksregistraturet, daterat: 1683-1686..
A0039205_00085.jpg	LINE_HW	En arkivsida med handskriven text organiserad i tabell- eller formulärstruktur från arkiv: Titularregister till riksregistraturet, från serie: Titularregister till riksregistraturet, daterat: 1683-1686..
A0039205_00019.jpg	LINE_HW	En arkivsida med handskriven text organiserad i tabell- eller formulärstruktur från arkiv: Titularregister till riksregistraturet, från serie: Titularregister till riksregistraturet, daterat: 1683-1686..
A0039205_00049.jpg	LINE_HW	En arkivsida med handskriven text organiserad i tabell- eller formulärstruktur från arkiv: Titularregister till riksregistraturet, från serie: Titularregister till riksregistraturet, daterat: 1683-1686..
A0039205_00004.jpg	MISC	En arkivsida med paratextuellt eller blandat innehåll, såsom omslag, titelblad eller annat material utanför huvudtexten från arkiv: Titularregister till riksregistraturet, från serie: Titularregister till riksregistraturet, daterat: 1683-1686..
30004004_00316.jpg	LINE_MIX	En arkivsida i tabell- eller formulärlayout med blandade textstilar, inklusive handskriven, tryckt och maskinskriven text från arkiv: Kommerskollegium, från serie: Uppgifter om arbetskraft och drivkraft, daterat: 1906..
30004004_00818.jpg	LINE_MIX	En arkivsida i tabell- eller formulärlayout med blandade textstilar, inklusive handskriven, tryckt och maskinskriven text från arkiv: Kommerskollegium, från serie: Uppgifter om arbetskraft och drivkraft, daterat: 1906..
30004004_01060.jpg	LINE_MIX	En arkivsida i tabell- eller formulärlayout med blandade textstilar, inklusive handskriven, tryckt och maskinskriven text från arkiv: Kommerskollegium, från serie: Uppgifter om arbetskraft och drivkraft, daterat: 1906..
30004004_01040.jpg	LINE_MIX	En arkivsida i tabell- eller formulärlayout med blandade textstilar, inklusive handskriven, tryckt och maskinskriven text från arkiv: Kommerskollegium, från serie: Uppgifter om arbetskraft och drivkraft, daterat: 1906..
30004004_01065.jpg	LINE_MIX	En arkivsida i tabell- eller formulärlayout med blandade textstilar, inklusive handskriven, tryckt och maskinskriven text från arkiv: Kommerskollegium, från serie: Uppgifter om arbetskraft och drivkraft, daterat: 1906..
30004004_00265.jpg	LINE_MIX	En arkivsida i tabell- eller formulärlayout med blandade textstilar, inklusive handskriven, tryckt och maskinskriven text från arkiv: Kommerskollegium, från serie: Uppgifter om arbetskraft och drivkraft, daterat: 1906..
A0039239_00020.jpg	LINE_TP	En arkivsida med tryckt eller maskinskriven text organiserad i tabell- eller formulärstruktur från arkiv: Register till riksregistraturet, från serie: Adressatregister till Riksregistraturet, daterat: 1602-1604..
A0039239_00322.jpg	LINE_TP	En arkivsida med tryckt eller maskinskriven text organiserad i tabell- eller formulärstruktur från arkiv: Register till riksregistraturet, från serie: Adressatregister till Riksregistraturet, daterat: 1602-1604..
A0039239_00025.jpg	LINE_TP	En arkivsida med tryckt eller maskinskriven text organiserad i tabell- eller formulärstruktur från arkiv: Register till riksregistraturet, från serie: Adressatregister till Riksregistraturet, daterat: 1602-1604..
A0039239_00079.jpg	LINE_TP	En arkivsida med tryckt eller maskinskriven text organiserad i tabell- eller formulärstruktur från arkiv: Register till riksregistraturet, från serie: Adressatregister till Riksregistraturet, daterat: 1602-1604..
A0039239_00159.jpg	LINE_TP	En arkivsida med tryckt eller maskinskriven text organiserad i tabell- eller formulärstruktur från arkiv: Register till riksregistraturet, från serie: Adressatregister till Riksregistraturet, daterat: 1602-1604..
A0039239_00033.jpg	LINE_TP	En arkivsida med tryckt eller maskinskriven text organiserad i tabell- eller formulärstruktur från arkiv: Register till riksregistraturet, från serie: Adressatregister till Riksregistraturet, daterat: 1602-1604..
A0039201_00214.jpg	LINE_HW	En arkivsida med handskriven text organiserad i tabell- eller formulärstruktur från arkiv: Titularregister till riksregistraturet, från serie: Titularregister till riksregistraturet, daterat: 1660-1665..
A0039201_00037.jpg	LINE_HW	En arkivsida med handskriven text organiserad i tabell- eller formulärstruktur från arkiv: Titularregister till riksregistraturet, från serie: Titularregister till riksregistraturet, daterat: 1660-1665..
A0039201_00140.jpg	LINE_HW	En arkivsida med handskriven text organiserad i tabell- eller formulärstruktur från arkiv: Titularregister till riksregistraturet, från serie: Titularregister till riksregistraturet, daterat: 1660-1665..
A0039201_00081.jpg	LINE_HW	En arkivsida med handskriven text organiserad i tabell- eller formulärstruktur från arkiv: Titularregister till riksregistraturet, från serie: Titularregister till riksregistraturet, daterat: 1660-1665..
A0039201_00208.jpg	LINE_HW	En arkivsida med handskriven text organiserad i tabell- eller formulärstruktur från arkiv: Titularregister till riksregistraturet, från serie: Titularregister till riksregistraturet, daterat: 1660-1665..
A0039201_00203.jpg	MISC	En arkivsida med paratextuellt eller blandat innehåll, såsom omslag, titelblad eller annat material utanför huvudtexten från arkiv: Titularregister till riksregistraturet, från serie: Titularregister till riksregistraturet, daterat: 1660-1665..
30004028_02503.jpg	LINE_MIX	En arkivsida i tabell- eller formulärlayout med blandade textstilar, inklusive handskriven, tryckt och maskinskriven text från arkiv: Kommerskollegium, från serie: Uppgifter om arbetskraft och drivkraft, daterat: 1915..
30004028_00766.jpg	LINE_MIX	En arkivsida i tabell- eller formulärlayout med blandade textstilar, inklusive handskriven, tryckt och maskinskriven text från arkiv: Kommerskollegium, från serie: Uppgifter om arbetskraft och drivkraft, daterat: 1915..
30004028_05594.jpg	LINE_MIX	En arkivsida i tabell- eller formulärlayout med blandade textstilar, inklusive handskriven, tryckt och maskinskriven text från arkiv: Kommerskollegium, från serie: Uppgifter om arbetskraft och drivkraft, daterat: 1915..
30004028_03913.jpg	LINE_MIX	En arkivsida i tabell- eller formulärlayout med blandade textstilar, inklusive handskriven, tryckt och maskinskriven text från arkiv: Kommerskollegium, från serie: Uppgifter om arbetskraft och drivkraft, daterat: 1915..
30004028_01257.jpg	LINE_MIX	En arkivsida i tabell- eller formulärlayout med blandade textstilar, inklusive handskriven, tryckt och maskinskriven text från arkiv: Kommerskollegium, från serie: Uppgifter om arbetskraft och drivkraft, daterat: 1915..
30004028_03528.jpg	LINE_MIX	En arkivsida i tabell- eller formulärlayout med blandade textstilar, inklusive handskriven, tryckt och maskinskriven text från arkiv: Kommerskollegium, från serie: Uppgifter om arbetskraft och drivkraft, daterat: 1915..
A0039240_00171.jpg	LINE_TP	En arkivsida med tryckt eller maskinskriven text organiserad i tabell- eller formulärstruktur från arkiv: Register till riksregistraturet, från serie: Adressatregister till Riksregistraturet, daterat: 1605-1606..
A0039240_00240.jpg	LINE_TP	En arkivsida med tryckt eller maskinskriven text organiserad i tabell- eller formulärstruktur från arkiv: Register till riksregistraturet, från serie: Adressatregister till Riksregistraturet, daterat: 1605-1606..
A0039240_00151.jpg	LINE_TP	En arkivsida med tryckt eller maskinskriven text organiserad i tabell- eller formulärstruktur från arkiv: Register till riksregistraturet, från serie: Adressatregister till Riksregistraturet, daterat: 1605-1606..
A0039240_00245.jpg	LINE_TP	En arkivsida med tryckt eller maskinskriven text organiserad i tabell- eller formulärstruktur från arkiv: Register till riksregistraturet, från serie: Adressatregister till Riksregistraturet, daterat: 1605-1606..
A0039240_00225.jpg	LINE_TP	En arkivsida med tryckt eller maskinskriven text organiserad i tabell- eller formulärstruktur från arkiv: Register till riksregistraturet, från serie: Adressatregister till Riksregistraturet, daterat: 1605-1606..
A0039240_00144.jpg	LINE_TP	En arkivsida med tryckt eller maskinskriven text organiserad i tabell- eller formulärstruktur från arkiv: Register till riksregistraturet, från serie: Adressatregister till Riksregistraturet, daterat: 1605-1606..
A0039295_00024.jpg	LINE_HW	En arkivsida med handskriven text organiserad i tabell- eller formulärstruktur från arkiv: Register till riksregistraturet, från serie: Adressatregister till Riksregistraturet, daterat: 1688..
A0039295_00168.jpg	LINE_HW	En arkivsida med handskriven text organiserad i tabell- eller formulärstruktur från arkiv: Register till riksregistraturet, från serie: Adressatregister till Riksregistraturet, daterat: 1688..
A0039295_00143.jpg	LINE_HW	En arkivsida med handskriven text organiserad i tabell- eller formulärstruktur från arkiv: Register till riksregistraturet, från serie: Adressatregister till Riksregistraturet, daterat: 1688..
A0039295_00145.jpg	LINE_HW	En arkivsida med handskriven text organiserad i tabell- eller formulärstruktur från arkiv: Register till riksregistraturet, från serie: Adressatregister till Riksregistraturet, daterat: 1688..
A0039295_00016.jpg	LINE_HW	En arkivsida med handskriven text organiserad i tabell- eller formulärstruktur från arkiv: Register till riksregistraturet, från serie: Adressatregister till Riksregistraturet, daterat: 1688..
A0039295_00062.jpg	LINE_HW	En arkivsida med handskriven text organiserad i tabell- eller formulärstruktur från arkiv: Register till riksregistraturet, från serie: Adressatregister till Riksregistraturet, daterat: 1688..
A0039296_00114.jpg	LINE_HW	En arkivsida med handskriven text organiserad i tabell- eller formulärstruktur från arkiv: Register till riksregistraturet, från serie: Adressatregister till Riksregistraturet, daterat: 1689..
A0039296_00013.jpg	LINE_HW	En arkivsida med handskriven text organiserad i tabell- eller formulärstruktur från arkiv: Register till riksregistraturet, från serie: Adressatregister till Riksregistraturet, daterat: 1689..
A0039296_00096.jpg	LINE_HW	En arkivsida med handskriven text organiserad i tabell- eller formulärstruktur från arkiv: Register till riksregistraturet, från serie: Adressatregister till Riksregistraturet, daterat: 1689..
A0039296_00158.jpg	LINE_HW	En arkivsida med handskriven text organiserad i tabell- eller formulärstruktur från arkiv: Register till riksregistraturet, från serie: Adressatregister till Riksregistraturet, daterat: 1689..
A0039296_00106.jpg	LINE_HW	En arkivsida med handskriven text organiserad i tabell- eller formulärstruktur från arkiv: Register till riksregistraturet, från serie: Adressatregister till Riksregistraturet, daterat: 1689..
30004019_00440.jpg	LINE_MIX	En arkivsida i tabell- eller formulärlayout med blandade textstilar, inklusive handskriven, tryckt och maskinskriven text från arkiv: Kommerskollegium, från serie: Uppgifter om arbetskraft och drivkraft, daterat: 1911..
30004019_00965.jpg	LINE_MIX	En arkivsida i tabell- eller formulärlayout med blandade textstilar, inklusive handskriven, tryckt och maskinskriven text från arkiv: Kommerskollegium, från serie: Uppgifter om arbetskraft och drivkraft, daterat: 1911..
30004019_00072.jpg	LINE_MIX	En arkivsida i tabell- eller formulärlayout med blandade textstilar, inklusive handskriven, tryckt och maskinskriven text från arkiv: Kommerskollegium, från serie: Uppgifter om arbetskraft och drivkraft, daterat: 1911..
30004019_01030.jpg	LINE_MIX	En arkivsida i tabell- eller formulärlayout med blandade textstilar, inklusive handskriven, tryckt och maskinskriven text från arkiv: Kommerskollegium, från serie: Uppgifter om arbetskraft och drivkraft, daterat: 1911..
30004019_00787.jpg	LINE_TP	En arkivsida med tryckt eller maskinskriven text organiserad i tabell- eller formulärstruktur från arkiv: Kommerskollegium, från serie: Uppgifter om arbetskraft och drivkraft, daterat: 1911..
30004019_00462.jpg	LINE_MIX	En arkivsida i tabell- eller formulärlayout med blandade textstilar, inklusive handskriven, tryckt och maskinskriven text från arkiv: Kommerskollegium, från serie: Uppgifter om arbetskraft och drivkraft, daterat: 1911..
30004313_04530.jpg	LINE_MIX	En arkivsida i tabell- eller formulärlayout med blandade textstilar, inklusive handskriven, tryckt och maskinskriven text från arkiv: Kommerskollegium, från serie: Uppgifter om arbetskraft och drivkraft, daterat: 1902..
30004313_00768.jpg	LINE_MIX	En arkivsida i tabell- eller formulärlayout med blandade textstilar, inklusive handskriven, tryckt och maskinskriven text från arkiv: Kommerskollegium, från serie: Uppgifter om arbetskraft och drivkraft, daterat: 1902..
30004313_04106.jpg	LINE_MIX	En arkivsida i tabell- eller formulärlayout med blandade textstilar, inklusive handskriven, tryckt och maskinskriven text från arkiv: Kommerskollegium, från serie: Uppgifter om arbetskraft och drivkraft, daterat: 1902..
30004313_03783.jpg	LINE_TP	En arkivsida med tryckt eller maskinskriven text organiserad i tabell- eller formulärstruktur från arkiv: Kommerskollegium, från serie: Uppgifter om arbetskraft och drivkraft, daterat: 1902..
30004313_03998.jpg	LINE_MIX	En arkivsida i tabell- eller formulärlayout med blandade textstilar, inklusive handskriven, tryckt och maskinskriven text från arkiv: Kommerskollegium, från serie: Uppgifter om arbetskraft och drivkraft, daterat: 1902..
30004313_04269.jpg	LINE_TP	En arkivsida med tryckt eller maskinskriven text organiserad i tabell- eller formulärstruktur från arkiv: Kommerskollegium, från serie: Uppgifter om arbetskraft och drivkraft, daterat: 1902..
A0039289_00064.jpg	LINE_HW	En arkivsida med handskriven text organiserad i tabell- eller formulärstruktur från arkiv: Register till riksregistraturet, från serie: Adressatregister till Riksregistraturet, daterat: 1682..
A0039289_00077.jpg	LINE_HW	En arkivsida med handskriven text organiserad i tabell- eller formulärstruktur från arkiv: Register till riksregistraturet, från serie: Adressatregister till Riksregistraturet, daterat: 1682..
A0039289_00162.jpg	LINE_HW	En arkivsida med handskriven text organiserad i tabell- eller formulärstruktur från arkiv: Register till riksregistraturet, från serie: Adressatregister till Riksregistraturet, daterat: 1682..
A0039289_00143.jpg	LINE_HW	En arkivsida med handskriven text organiserad i tabell- eller formulärstruktur från arkiv: Register till riksregistraturet, från serie: Adressatregister till Riksregistraturet, daterat: 1682..
A0039289_00113.jpg	LINE_HW	En arkivsida med handskriven text organiserad i tabell- eller formulärstruktur från arkiv: Register till riksregistraturet, från serie: Adressatregister till Riksregistraturet, daterat: 1682..
A0039289_00051.jpg	LINE_HW	En arkivsida med handskriven text organiserad i tabell- eller formulärstruktur från arkiv: Register till riksregistraturet, från serie: Adressatregister till Riksregistraturet, daterat: 1682..
30004023_00462.jpg	LINE_MIX	En arkivsida i tabell- eller formulärlayout med blandade textstilar, inklusive handskriven, tryckt och maskinskriven text från arkiv: Kommerskollegium, från serie: Uppgifter om arbetskraft och drivkraft, daterat: 1912..
30004023_01424.jpg	LINE_MIX	En arkivsida i tabell- eller formulärlayout med blandade textstilar, inklusive handskriven, tryckt och maskinskriven text från arkiv: Kommerskollegium, från serie: Uppgifter om arbetskraft och drivkraft, daterat: 1912..
30004023_01298.jpg	LINE_MIX	En arkivsida i tabell- eller formulärlayout med blandade textstilar, inklusive handskriven, tryckt och maskinskriven text från arkiv: Kommerskollegium, från serie: Uppgifter om arbetskraft och drivkraft, daterat: 1912..
30004023_01299.jpg	LINE_TP	En arkivsida med tryckt eller maskinskriven text organiserad i tabell- eller formulärstruktur från arkiv: Kommerskollegium, från serie: Uppgifter om arbetskraft och drivkraft, daterat: 1912..
30004023_00912.jpg	LINE_MIX	En arkivsida i tabell- eller formulärlayout med blandade textstilar, inklusive handskriven, tryckt och maskinskriven text från arkiv: Kommerskollegium, från serie: Uppgifter om arbetskraft och drivkraft, daterat: 1912..
30004023_01310.jpg	LINE_MIX	En arkivsida i tabell- eller formulärlayout med blandade textstilar, inklusive handskriven, tryckt och maskinskriven text från arkiv: Kommerskollegium, från serie: Uppgifter om arbetskraft och drivkraft, daterat: 1912..
A0039227_00091.jpg	LINE_HW	En arkivsida med handskriven text organiserad i tabell- eller formulärstruktur från arkiv: Register till riksregistraturet, från serie: Adressatregister till Riksregistraturet, daterat: 1561-1564..
A0039227_00207.jpg	LINE_HW	En arkivsida med handskriven text organiserad i tabell- eller formulärstruktur från arkiv: Register till riksregistraturet, från serie: Adressatregister till Riksregistraturet, daterat: 1561-1564..
A0039227_00348.jpg	LINE_HW	En arkivsida med handskriven text organiserad i tabell- eller formulärstruktur från arkiv: Register till riksregistraturet, från serie: Adressatregister till Riksregistraturet, daterat: 1561-1564..
A0039227_00038.jpg	LINE_HW	En arkivsida med handskriven text organiserad i tabell- eller formulärstruktur från arkiv: Register till riksregistraturet, från serie: Adressatregister till Riksregistraturet, daterat: 1561-1564..
A0039227_00261.jpg	LINE_HW	En arkivsida med handskriven text organiserad i tabell- eller formulärstruktur från arkiv: Register till riksregistraturet, från serie: Adressatregister till Riksregistraturet, daterat: 1561-1564..
A0039227_00148.jpg	LINE_HW	En arkivsida med handskriven text organiserad i tabell- eller formulärstruktur från arkiv: Register till riksregistraturet, från serie: Adressatregister till Riksregistraturet, daterat: 1561-1564..
A0039264_00137.jpg	LINE_HW	En arkivsida med handskriven text organiserad i tabell- eller formulärstruktur från arkiv: Register till riksregistraturet, från serie: Adressatregister till Riksregistraturet, daterat: 1639-1642..
A0039264_00064.jpg	LINE_HW	En arkivsida med handskriven text organiserad i tabell- eller formulärstruktur från arkiv: Register till riksregistraturet, från serie: Adressatregister till Riksregistraturet, daterat: 1639-1642..
A0039264_00074.jpg	LINE_HW	En arkivsida med handskriven text organiserad i tabell- eller formulärstruktur från arkiv: Register till riksregistraturet, från serie: Adressatregister till Riksregistraturet, daterat: 1639-1642..
A0039264_00151.jpg	LINE_HW	En arkivsida med handskriven text organiserad i tabell- eller formulärstruktur från arkiv: Register till riksregistraturet, från serie: Adressatregister till Riksregistraturet, daterat: 1639-1642..
A0039264_00081.jpg	LINE_HW	En arkivsida med handskriven text organiserad i tabell- eller formulärstruktur från arkiv: Register till riksregistraturet, från serie: Adressatregister till Riksregistraturet, daterat: 1639-1642..
A0039264_00015.jpg	LINE_HW	En arkivsida med handskriven text organiserad i tabell- eller formulärstruktur från arkiv: Register till riksregistraturet, från serie: Adressatregister till Riksregistraturet, daterat: 1639-1642..
A0039280_00125.jpg	MISC	En arkivsida med paratextuellt eller blandat innehåll, såsom omslag, titelblad eller annat material utanför huvudtexten från arkiv: Register till riksregistraturet, från serie: Adressatregister till Riksregistraturet, daterat: 1675..
A0039280_00141.jpg	LINE_HW	En arkivsida med handskriven text organiserad i tabell- eller formulärstruktur från arkiv: Register till riksregistraturet, från serie: Adressatregister till Riksregistraturet, daterat: 1675..
A0039280_00057.jpg	LINE_HW	En arkivsida med handskriven text organiserad i tabell- eller formulärstruktur från arkiv: Register till riksregistraturet, från serie: Adressatregister till Riksregistraturet, daterat: 1675..
A0039280_00085.jpg	LINE_HW	En arkivsida med handskriven text organiserad i tabell- eller formulärstruktur från arkiv: Register till riksregistraturet, från serie: Adressatregister till Riksregistraturet, daterat: 1675..
A0039280_00029.jpg	LINE_HW	En arkivsida med handskriven text organiserad i tabell- eller formulärstruktur från arkiv: Register till riksregistraturet, från serie: Adressatregister till Riksregistraturet, daterat: 1675..
A0039280_00079.jpg	LINE_HW	En arkivsida med handskriven text organiserad i tabell- eller formulärstruktur från arkiv: Register till riksregistraturet, från serie: Adressatregister till Riksregistraturet, daterat: 1675..
A0039197_00242.jpg	MISC	En arkivsida med paratextuellt eller blandat innehåll, såsom omslag, titelblad eller annat material utanför huvudtexten från arkiv: Titularregister till riksregistraturet, från serie: Titularregister till riksregistraturet, daterat: 1644-1650..
A0039197_00083.jpg	LINE_HW	En arkivsida med handskriven text organiserad i tabell- eller formulärstruktur från arkiv: Titularregister till riksregistraturet, från serie: Titularregister till riksregistraturet, daterat: 1644-1650..
A0039197_00046.jpg	LINE_HW	En arkivsida med handskriven text organiserad i tabell- eller formulärstruktur från arkiv: Titularregister till riksregistraturet, från serie: Titularregister till riksregistraturet, daterat: 1644-1650..
A0039197_00123.jpg	LINE_HW	En arkivsida med handskriven text organiserad i tabell- eller formulärstruktur från arkiv: Titularregister till riksregistraturet, från serie: Titularregister till riksregistraturet, daterat: 1644-1650..
A0039197_00187.jpg	LINE_HW	En arkivsida med handskriven text organiserad i tabell- eller formulärstruktur från arkiv: Titularregister till riksregistraturet, från serie: Titularregister till riksregistraturet, daterat: 1644-1650..
A0039197_00030.jpg	LINE_HW	En arkivsida med handskriven text organiserad i tabell- eller formulärstruktur från arkiv: Titularregister till riksregistraturet, från serie: Titularregister till riksregistraturet, daterat: 1644-1650..
71000591_00277.jpg	LINE_HW	En arkivsida med handskriven text organiserad i tabell- eller formulärstruktur från arkiv: Register till riksregistraturet, från serie: Adressatregister till Riksregistraturet, daterat: 1701..
71000591_00068.jpg	LINE_HW	En arkivsida med handskriven text organiserad i tabell- eller formulärstruktur från arkiv: Register till riksregistraturet, från serie: Adressatregister till Riksregistraturet, daterat: 1701..
71000591_00094.jpg	LINE_HW	En arkivsida med handskriven text organiserad i tabell- eller formulärstruktur från arkiv: Register till riksregistraturet, från serie: Adressatregister till Riksregistraturet, daterat: 1701..
71000591_00197.jpg	LINE_HW	En arkivsida med handskriven text organiserad i tabell- eller formulärstruktur från arkiv: Register till riksregistraturet, från serie: Adressatregister till Riksregistraturet, daterat: 1701..
71000591_00221.jpg	LINE_HW	En arkivsida med handskriven text organiserad i tabell- eller formulärstruktur från arkiv: Register till riksregistraturet, från serie: Adressatregister till Riksregistraturet, daterat: 1701..
71000591_00263.jpg	LINE_HW	En arkivsida med handskriven text organiserad i tabell- eller formulärstruktur från arkiv: Register till riksregistraturet, från serie: Adressatregister till Riksregistraturet, daterat: 1701..
A0039307_00227.jpg	LINE_HW	En arkivsida med handskriven text organiserad i tabell- eller formulärstruktur från arkiv: Register till riksregistraturet, från serie: Adressatregister till Riksregistraturet, daterat: 1701..
A0039307_00088.jpg	LINE_HW	En arkivsida med handskriven text organiserad i tabell- eller formulärstruktur från arkiv: Register till riksregistraturet, från serie: Adressatregister till Riksregistraturet, daterat: 1701..
A0039307_00180.jpg	LINE_HW	En arkivsida med handskriven text organiserad i tabell- eller formulärstruktur från arkiv: Register till riksregistraturet, från serie: Adressatregister till Riksregistraturet, daterat: 1701..
A0039307_00326.jpg	MISC	En arkivsida med paratextuellt eller blandat innehåll, såsom omslag, titelblad eller annat material utanför huvudtexten från arkiv: Register till riksregistraturet, från serie: Adressatregister till Riksregistraturet, daterat: 1701..
A0039307_00009.jpg	LINE_HW	En arkivsida med handskriven text organiserad i tabell- eller formulärstruktur från arkiv: Register till riksregistraturet, från serie: Adressatregister till Riksregistraturet, daterat: 1701..
A0039274_00011.jpg	LINE_HW	En arkivsida med handskriven text organiserad i tabell- eller formulärstruktur från arkiv: Register till riksregistraturet, från serie: Adressatregister till Riksregistraturet, daterat: 1662-1663..
A0039274_00014.jpg	LINE_HW	En arkivsida med handskriven text organiserad i tabell- eller formulärstruktur från arkiv: Register till riksregistraturet, från serie: Adressatregister till Riksregistraturet, daterat: 1662-1663..
A0039274_00106.jpg	LINE_HW	En arkivsida med handskriven text organiserad i tabell- eller formulärstruktur från arkiv: Register till riksregistraturet, från serie: Adressatregister till Riksregistraturet, daterat: 1662-1663..
A0039274_00160.jpg	LINE_HW	En arkivsida med handskriven text organiserad i tabell- eller formulärstruktur från arkiv: Register till riksregistraturet, från serie: Adressatregister till Riksregistraturet, daterat: 1662-1663..
A0039274_00068.jpg	LINE_HW	En arkivsida med handskriven text organiserad i tabell- eller formulärstruktur från arkiv: Register till riksregistraturet, från serie: Adressatregister till Riksregistraturet, daterat: 1662-1663..
30004003_01654.jpg	LINE_MIX	En arkivsida i tabell- eller formulärlayout med blandade textstilar, inklusive handskriven, tryckt och maskinskriven text från arkiv: Kommerskollegium, från serie: Uppgifter om arbetskraft och drivkraft, daterat: 1905..
30004003_00184.jpg	LINE_MIX	En arkivsida i tabell- eller formulärlayout med blandade textstilar, inklusive handskriven, tryckt och maskinskriven text från arkiv: Kommerskollegium, från serie: Uppgifter om arbetskraft och drivkraft, daterat: 1905..
30004003_01112.jpg	LINE_MIX	En arkivsida i tabell- eller formulärlayout med blandade textstilar, inklusive handskriven, tryckt och maskinskriven text från arkiv: Kommerskollegium, från serie: Uppgifter om arbetskraft och drivkraft, daterat: 1905..
30004003_01722.jpg	LINE_MIX	En arkivsida i tabell- eller formulärlayout med blandade textstilar, inklusive handskriven, tryckt och maskinskriven text från arkiv: Kommerskollegium, från serie: Uppgifter om arbetskraft och drivkraft, daterat: 1905..
30004003_01526.jpg	LINE_MIX	En arkivsida i tabell- eller formulärlayout med blandade textstilar, inklusive handskriven, tryckt och maskinskriven text från arkiv: Kommerskollegium, från serie: Uppgifter om arbetskraft och drivkraft, daterat: 1905..
30004003_00460.jpg	LINE_MIX	En arkivsida i tabell- eller formulärlayout med blandade textstilar, inklusive handskriven, tryckt och maskinskriven text från arkiv: Kommerskollegium, från serie: Uppgifter om arbetskraft och drivkraft, daterat: 1905..
A0039200_00012.jpg	MISC	En arkivsida med paratextuellt eller blandat innehåll, såsom omslag, titelblad eller annat material utanför huvudtexten från arkiv: Titularregister till riksregistraturet, från serie: Titularregister till riksregistraturet, daterat: 1655-1659..
A0039247_00221.jpg	LINE_HW	En arkivsida med handskriven text organiserad i tabell- eller formulärstruktur från arkiv: Register till riksregistraturet, från serie: Adressatregister till Riksregistraturet, daterat: 1614-1615..
A0039247_00216.jpg	LINE_HW	En arkivsida med handskriven text organiserad i tabell- eller formulärstruktur från arkiv: Register till riksregistraturet, från serie: Adressatregister till Riksregistraturet, daterat: 1614-1615..
A0039247_00254.jpg	LINE_HW	En arkivsida med handskriven text organiserad i tabell- eller formulärstruktur från arkiv: Register till riksregistraturet, från serie: Adressatregister till Riksregistraturet, daterat: 1614-1615..
A0039247_00025.jpg	LINE_HW	En arkivsida med handskriven text organiserad i tabell- eller formulärstruktur från arkiv: Register till riksregistraturet, från serie: Adressatregister till Riksregistraturet, daterat: 1614-1615..
A0039247_00007.jpg	LINE_HW	En arkivsida med handskriven text organiserad i tabell- eller formulärstruktur från arkiv: Register till riksregistraturet, från serie: Adressatregister till Riksregistraturet, daterat: 1614-1615..
A0039247_00380.jpg	LINE_HW	En arkivsida med handskriven text organiserad i tabell- eller formulärstruktur från arkiv: Register till riksregistraturet, från serie: Adressatregister till Riksregistraturet, daterat: 1614-1615..
A0039299_00311.jpg	LINE_HW	En arkivsida med handskriven text organiserad i tabell- eller formulärstruktur från arkiv: Register till riksregistraturet, från serie: Adressatregister till Riksregistraturet, daterat: 1692-1693..
A0039299_00192.jpg	MISC	En arkivsida med paratextuellt eller blandat innehåll, såsom omslag, titelblad eller annat material utanför huvudtexten från arkiv: Register till riksregistraturet, från serie: Adressatregister till Riksregistraturet, daterat: 1692-1693..
A0039299_00131.jpg	LINE_HW	En arkivsida med handskriven text organiserad i tabell- eller formulärstruktur från arkiv: Register till riksregistraturet, från serie: Adressatregister till Riksregistraturet, daterat: 1692-1693..
A0039299_00121.jpg	LINE_HW	En arkivsida med handskriven text organiserad i tabell- eller formulärstruktur från arkiv: Register till riksregistraturet, från serie: Adressatregister till Riksregistraturet, daterat: 1692-1693..
A0039299_00063.jpg	LINE_HW	En arkivsida med handskriven text organiserad i tabell- eller formulärstruktur från arkiv: Register till riksregistraturet, från serie: Adressatregister till Riksregistraturet, daterat: 1692-1693..
A0039299_00170.jpg	LINE_HW	En arkivsida med handskriven text organiserad i tabell- eller formulärstruktur från arkiv: Register till riksregistraturet, från serie: Adressatregister till Riksregistraturet, daterat: 1692-1693..
A0039246_00063.jpg	LINE_HW	En arkivsida med handskriven text organiserad i tabell- eller formulärstruktur från arkiv: Register till riksregistraturet, från serie: Adressatregister till Riksregistraturet, daterat: 1612-1613..
A0039246_00279.jpg	LINE_HW	En arkivsida med handskriven text organiserad i tabell- eller formulärstruktur från arkiv: Register till riksregistraturet, från serie: Adressatregister till Riksregistraturet, daterat: 1612-1613..
A0039246_00105.jpg	LINE_HW	En arkivsida med handskriven text organiserad i tabell- eller formulärstruktur från arkiv: Register till riksregistraturet, från serie: Adressatregister till Riksregistraturet, daterat: 1612-1613..
A0039246_00155.jpg	LINE_HW	En arkivsida med handskriven text organiserad i tabell- eller formulärstruktur från arkiv: Register till riksregistraturet, från serie: Adressatregister till Riksregistraturet, daterat: 1612-1613..
A0039246_00226.jpg	LINE_HW	En arkivsida med handskriven text organiserad i tabell- eller formulärstruktur från arkiv: Register till riksregistraturet, från serie: Adressatregister till Riksregistraturet, daterat: 1612-1613..
A0039246_00231.jpg	LINE_HW	En arkivsida med handskriven text organiserad i tabell- eller formulärstruktur från arkiv: Register till riksregistraturet, från serie: Adressatregister till Riksregistraturet, daterat: 1612-1613..
A0039226_00390.jpg	LINE_HW	En arkivsida med handskriven text organiserad i tabell- eller formulärstruktur från arkiv: Register till riksregistraturet, från serie: Adressatregister till Riksregistraturet, daterat: 1555-1560..
A0039226_00226.jpg	LINE_HW	En arkivsida med handskriven text organiserad i tabell- eller formulärstruktur från arkiv: Register till riksregistraturet, från serie: Adressatregister till Riksregistraturet, daterat: 1555-1560..
A0039226_00049.jpg	LINE_HW	En arkivsida med handskriven text organiserad i tabell- eller formulärstruktur från arkiv: Register till riksregistraturet, från serie: Adressatregister till Riksregistraturet, daterat: 1555-1560..
A0039226_00085.jpg	LINE_HW	En arkivsida med handskriven text organiserad i tabell- eller formulärstruktur från arkiv: Register till riksregistraturet, från serie: Adressatregister till Riksregistraturet, daterat: 1555-1560..
A0039226_00415.jpg	LINE_HW	En arkivsida med handskriven text organiserad i tabell- eller formulärstruktur från arkiv: Register till riksregistraturet, från serie: Adressatregister till Riksregistraturet, daterat: 1555-1560..
A0039305_00014.jpg	LINE_HW	En arkivsida med handskriven text organiserad i tabell- eller formulärstruktur från arkiv: Register till riksregistraturet, från serie: Adressatregister till Riksregistraturet, daterat: 1700..
A0039305_00048.jpg	LINE_HW	En arkivsida med handskriven text organiserad i tabell- eller formulärstruktur från arkiv: Register till riksregistraturet, från serie: Adressatregister till Riksregistraturet, daterat: 1700..
A0039305_00232.jpg	LINE_HW	En arkivsida med handskriven text organiserad i tabell- eller formulärstruktur från arkiv: Register till riksregistraturet, från serie: Adressatregister till Riksregistraturet, daterat: 1700..
A0039305_00016.jpg	LINE_HW	En arkivsida med handskriven text organiserad i tabell- eller formulärstruktur från arkiv: Register till riksregistraturet, från serie: Adressatregister till Riksregistraturet, daterat: 1700..
A0039305_00063.jpg	LINE_HW	En arkivsida med handskriven text organiserad i tabell- eller formulärstruktur från arkiv: Register till riksregistraturet, från serie: Adressatregister till Riksregistraturet, daterat: 1700..
A0039305_00086.jpg	LINE_HW	En arkivsida med handskriven text organiserad i tabell- eller formulärstruktur från arkiv: Register till riksregistraturet, från serie: Adressatregister till Riksregistraturet, daterat: 1700..
71000592_00059.jpg	LINE_HW	En arkivsida med handskriven text organiserad i tabell- eller formulärstruktur från arkiv: Register till riksregistraturet, från serie: Adressatregister till Riksregistraturet, daterat: 1707..
71000592_00117.jpg	LINE_HW	En arkivsida med handskriven text organiserad i tabell- eller formulärstruktur från arkiv: Register till riksregistraturet, från serie: Adressatregister till Riksregistraturet, daterat: 1707..
71000592_00146.jpg	LINE_HW	En arkivsida med handskriven text organiserad i tabell- eller formulärstruktur från arkiv: Register till riksregistraturet, från serie: Adressatregister till Riksregistraturet, daterat: 1707..
71000592_00051.jpg	LINE_HW	En arkivsida med handskriven text organiserad i tabell- eller formulärstruktur från arkiv: Register till riksregistraturet, från serie: Adressatregister till Riksregistraturet, daterat: 1707..
71000592_00101.jpg	LINE_HW	En arkivsida med handskriven text organiserad i tabell- eller formulärstruktur från arkiv: Register till riksregistraturet, från serie: Adressatregister till Riksregistraturet, daterat: 1707..
71000592_00135.jpg	LINE_HW	En arkivsida med handskriven text organiserad i tabell- eller formulärstruktur från arkiv: Register till riksregistraturet, från serie: Adressatregister till Riksregistraturet, daterat: 1707..
A0039312_00075.jpg	LINE_HW	En arkivsida med handskriven text organiserad i tabell- eller formulärstruktur från arkiv: Register till riksregistraturet, från serie: Adressatregister till Riksregistraturet, daterat: 1707..
A0039312_00068.jpg	LINE_HW	En arkivsida med handskriven text organiserad i tabell- eller formulärstruktur från arkiv: Register till riksregistraturet, från serie: Adressatregister till Riksregistraturet, daterat: 1707..
A0039312_00109.jpg	LINE_HW	En arkivsida med handskriven text organiserad i tabell- eller formulärstruktur från arkiv: Register till riksregistraturet, från serie: Adressatregister till Riksregistraturet, daterat: 1707..
A0039312_00119.jpg	LINE_HW	En arkivsida med handskriven text organiserad i tabell- eller formulärstruktur från arkiv: Register till riksregistraturet, från serie: Adressatregister till Riksregistraturet, daterat: 1707..
A0039312_00125.jpg	LINE_HW	En arkivsida med handskriven text organiserad i tabell- eller formulärstruktur från arkiv: Register till riksregistraturet, från serie: Adressatregister till Riksregistraturet, daterat: 1707..
A0039312_00147.jpg	LINE_HW	En arkivsida med handskriven text organiserad i tabell- eller formulärstruktur från arkiv: Register till riksregistraturet, från serie: Adressatregister till Riksregistraturet, daterat: 1707..
30004015_01698.jpg	LINE_MIX	En arkivsida i tabell- eller formulärlayout med blandade textstilar, inklusive handskriven, tryckt och maskinskriven text från arkiv: Kommerskollegium, från serie: Uppgifter om arbetskraft och drivkraft, daterat: 1909..
30004015_01108.jpg	LINE_MIX	En arkivsida i tabell- eller formulärlayout med blandade textstilar, inklusive handskriven, tryckt och maskinskriven text från arkiv: Kommerskollegium, från serie: Uppgifter om arbetskraft och drivkraft, daterat: 1909..
30004015_00733.jpg	LINE_MIX	En arkivsida i tabell- eller formulärlayout med blandade textstilar, inklusive handskriven, tryckt och maskinskriven text från arkiv: Kommerskollegium, från serie: Uppgifter om arbetskraft och drivkraft, daterat: 1909..
30004015_00614.jpg	LINE_MIX	En arkivsida i tabell- eller formulärlayout med blandade textstilar, inklusive handskriven, tryckt och maskinskriven text från arkiv: Kommerskollegium, från serie: Uppgifter om arbetskraft och drivkraft, daterat: 1909..
30004015_00238.jpg	LINE_MIX	En arkivsida i tabell- eller formulärlayout med blandade textstilar, inklusive handskriven, tryckt och maskinskriven text från arkiv: Kommerskollegium, från serie: Uppgifter om arbetskraft och drivkraft, daterat: 1909..
30004015_00069.jpg	LINE_TP	En arkivsida med tryckt eller maskinskriven text organiserad i tabell- eller formulärstruktur från arkiv: Kommerskollegium, från serie: Uppgifter om arbetskraft och drivkraft, daterat: 1909..
A0039251_00081.jpg	LINE_HW	En arkivsida med handskriven text organiserad i tabell- eller formulärstruktur från arkiv: Register till riksregistraturet, från serie: Adressatregister till Riksregistraturet, daterat: 1618-1620..
A0039251_00253.jpg	LINE_HW	En arkivsida med handskriven text organiserad i tabell- eller formulärstruktur från arkiv: Register till riksregistraturet, från serie: Adressatregister till Riksregistraturet, daterat: 1618-1620..
A0039251_00014.jpg	LINE_HW	En arkivsida med handskriven text organiserad i tabell- eller formulärstruktur från arkiv: Register till riksregistraturet, från serie: Adressatregister till Riksregistraturet, daterat: 1618-1620..
A0039251_00245.jpg	LINE_HW	En arkivsida med handskriven text organiserad i tabell- eller formulärstruktur från arkiv: Register till riksregistraturet, från serie: Adressatregister till Riksregistraturet, daterat: 1618-1620..
A0039251_00099.jpg	LINE_HW	En arkivsida med handskriven text organiserad i tabell- eller formulärstruktur från arkiv: Register till riksregistraturet, från serie: Adressatregister till Riksregistraturet, daterat: 1618-1620..
A0039251_00240.jpg	LINE_HW	En arkivsida med handskriven text organiserad i tabell- eller formulärstruktur från arkiv: Register till riksregistraturet, från serie: Adressatregister till Riksregistraturet, daterat: 1618-1620..
30003994_05170.jpg	LINE_MIX	En arkivsida i tabell- eller formulärlayout med blandade textstilar, inklusive handskriven, tryckt och maskinskriven text från arkiv: Kommerskollegium, från serie: Uppgifter om arbetskraft och drivkraft, daterat: 1902..
30003994_02793.jpg	LINE_MIX	En arkivsida i tabell- eller formulärlayout med blandade textstilar, inklusive handskriven, tryckt och maskinskriven text från arkiv: Kommerskollegium, från serie: Uppgifter om arbetskraft och drivkraft, daterat: 1902..
30003994_00697.jpg	LINE_TP	En arkivsida med tryckt eller maskinskriven text organiserad i tabell- eller formulärstruktur från arkiv: Kommerskollegium, från serie: Uppgifter om arbetskraft och drivkraft, daterat: 1902..
30003994_01928.jpg	LINE_MIX	En arkivsida i tabell- eller formulärlayout med blandade textstilar, inklusive handskriven, tryckt och maskinskriven text från arkiv: Kommerskollegium, från serie: Uppgifter om arbetskraft och drivkraft, daterat: 1902..
30003994_02046.jpg	LINE_MIX	En arkivsida i tabell- eller formulärlayout med blandade textstilar, inklusive handskriven, tryckt och maskinskriven text från arkiv: Kommerskollegium, från serie: Uppgifter om arbetskraft och drivkraft, daterat: 1902..
30003994_03947.jpg	LINE_TP	En arkivsida med tryckt eller maskinskriven text organiserad i tabell- eller formulärstruktur från arkiv: Kommerskollegium, från serie: Uppgifter om arbetskraft och drivkraft, daterat: 1902..
A0039314_00145.jpg	LINE_HW	En arkivsida med handskriven text organiserad i tabell- eller formulärstruktur från arkiv: Register till riksregistraturet, från serie: Adressatregister till Riksregistraturet, daterat: 1711..
A0039314_00028.jpg	LINE_HW	En arkivsida med handskriven text organiserad i tabell- eller formulärstruktur från arkiv: Register till riksregistraturet, från serie: Adressatregister till Riksregistraturet, daterat: 1711..
A0039314_00244.jpg	LINE_HW	En arkivsida med handskriven text organiserad i tabell- eller formulärstruktur från arkiv: Register till riksregistraturet, från serie: Adressatregister till Riksregistraturet, daterat: 1711..
A0039314_00093.jpg	LINE_HW	En arkivsida med handskriven text organiserad i tabell- eller formulärstruktur från arkiv: Register till riksregistraturet, från serie: Adressatregister till Riksregistraturet, daterat: 1711..
A0039314_00105.jpg	LINE_HW	En arkivsida med handskriven text organiserad i tabell- eller formulärstruktur från arkiv: Register till riksregistraturet, från serie: Adressatregister till Riksregistraturet, daterat: 1711..
A0039314_00170.jpg	LINE_HW	En arkivsida med handskriven text organiserad i tabell- eller formulärstruktur från arkiv: Register till riksregistraturet, från serie: Adressatregister till Riksregistraturet, daterat: 1711..
A0039199_00044.jpg	MISC	En arkivsida med paratextuellt eller blandat innehåll, såsom omslag, titelblad eller annat material utanför huvudtexten från arkiv: Titularregister till riksregistraturet, från serie: Titularregister till riksregistraturet, daterat: 1654-1659..
A0039199_00145.jpg	LINE_HW	En arkivsida med handskriven text organiserad i tabell- eller formulärstruktur från arkiv: Titularregister till riksregistraturet, från serie: Titularregister till riksregistraturet, daterat: 1654-1659..
A0039199_00003.jpg	MISC	En arkivsida med paratextuellt eller blandat innehåll, såsom omslag, titelblad eller annat material utanför huvudtexten från arkiv: Titularregister till riksregistraturet, från serie: Titularregister till riksregistraturet, daterat: 1654-1659..
A0039199_00022.jpg	LINE_HW	En arkivsida med handskriven text organiserad i tabell- eller formulärstruktur från arkiv: Titularregister till riksregistraturet, från serie: Titularregister till riksregistraturet, daterat: 1654-1659..
A0039199_00011.jpg	LINE_HW	En arkivsida med handskriven text organiserad i tabell- eller formulärstruktur från arkiv: Titularregister till riksregistraturet, från serie: Titularregister till riksregistraturet, daterat: 1654-1659..
A0039199_00085.jpg	LINE_HW	En arkivsida med handskriven text organiserad i tabell- eller formulärstruktur från arkiv: Titularregister till riksregistraturet, från serie: Titularregister till riksregistraturet, daterat: 1654-1659..
A0039275_00125.jpg	LINE_HW	En arkivsida med handskriven text organiserad i tabell- eller formulärstruktur från arkiv: Register till riksregistraturet, från serie: Adressatregister till Riksregistraturet, daterat: 1664-1666..
A0039275_00411.jpg	MISC	En arkivsida med paratextuellt eller blandat innehåll, såsom omslag, titelblad eller annat material utanför huvudtexten från arkiv: Register till riksregistraturet, från serie: Adressatregister till Riksregistraturet, daterat: 1664-1666..
A0039275_00379.jpg	LINE_HW	En arkivsida med handskriven text organiserad i tabell- eller formulärstruktur från arkiv: Register till riksregistraturet, från serie: Adressatregister till Riksregistraturet, daterat: 1664-1666..
A0039275_00133.jpg	LINE_HW	En arkivsida med handskriven text organiserad i tabell- eller formulärstruktur från arkiv: Register till riksregistraturet, från serie: Adressatregister till Riksregistraturet, daterat: 1664-1666..
A0039275_00196.jpg	LINE_HW	En arkivsida med handskriven text organiserad i tabell- eller formulärstruktur från arkiv: Register till riksregistraturet, från serie: Adressatregister till Riksregistraturet, daterat: 1664-1666..
A0039275_00391.jpg	LINE_HW	En arkivsida med handskriven text organiserad i tabell- eller formulärstruktur från arkiv: Register till riksregistraturet, från serie: Adressatregister till Riksregistraturet, daterat: 1664-1666..
A0039322_00031.jpg	LINE_HW	En arkivsida med handskriven text organiserad i tabell- eller formulärstruktur från arkiv: Register till riksregistraturet, från serie: Adressatregister till Riksregistraturet, daterat: 1717..
A0039322_00241.jpg	LINE_HW	En arkivsida med handskriven text organiserad i tabell- eller formulärstruktur från arkiv: Register till riksregistraturet, från serie: Adressatregister till Riksregistraturet, daterat: 1717..
A0039322_00239.jpg	LINE_HW	En arkivsida med handskriven text organiserad i tabell- eller formulärstruktur från arkiv: Register till riksregistraturet, från serie: Adressatregister till Riksregistraturet, daterat: 1717..
A0039322_00132.jpg	LINE_HW	En arkivsida med handskriven text organiserad i tabell- eller formulärstruktur från arkiv: Register till riksregistraturet, från serie: Adressatregister till Riksregistraturet, daterat: 1717..
A0039322_00120.jpg	LINE_HW	En arkivsida med handskriven text organiserad i tabell- eller formulärstruktur från arkiv: Register till riksregistraturet, från serie: Adressatregister till Riksregistraturet, daterat: 1717..
A0039322_00002.jpg	MISC	En arkivsida med paratextuellt eller blandat innehåll, såsom omslag, titelblad eller annat material utanför huvudtexten från arkiv: Register till riksregistraturet, från serie: Adressatregister till Riksregistraturet, daterat: 1717..
A0039237_00130.jpg	LINE_HW	En arkivsida med handskriven text organiserad i tabell- eller formulärstruktur från arkiv: Register till riksregistraturet, från serie: Adressatregister till Riksregistraturet, daterat: 1597-1598..
A0039237_00310.jpg	LINE_HW	En arkivsida med handskriven text organiserad i tabell- eller formulärstruktur från arkiv: Register till riksregistraturet, från serie: Adressatregister till Riksregistraturet, daterat: 1597-1598..
A0039237_00291.jpg	LINE_HW	En arkivsida med handskriven text organiserad i tabell- eller formulärstruktur från arkiv: Register till riksregistraturet, från serie: Adressatregister till Riksregistraturet, daterat: 1597-1598..
A0039237_00027.jpg	LINE_HW	En arkivsida med handskriven text organiserad i tabell- eller formulärstruktur från arkiv: Register till riksregistraturet, från serie: Adressatregister till Riksregistraturet, daterat: 1597-1598..
A0039237_00133.jpg	LINE_HW	En arkivsida med handskriven text organiserad i tabell- eller formulärstruktur från arkiv: Register till riksregistraturet, från serie: Adressatregister till Riksregistraturet, daterat: 1597-1598..
A0039237_00375.jpg	LINE_HW	En arkivsida med handskriven text organiserad i tabell- eller formulärstruktur från arkiv: Register till riksregistraturet, från serie: Adressatregister till Riksregistraturet, daterat: 1597-1598..
A0039198_00171.jpg	LINE_HW	En arkivsida med handskriven text organiserad i tabell- eller formulärstruktur från arkiv: Titularregister till riksregistraturet, från serie: Titularregister till riksregistraturet, daterat: 1644-1654..
A0039198_00190.jpg	TEXT_HW	En arkivsida med löpande handskriven text i stycken från arkiv: Titularregister till riksregistraturet, från serie: Titularregister till riksregistraturet, daterat: 1644-1654..
A0039198_00023.jpg	LINE_HW	En arkivsida med handskriven text organiserad i tabell- eller formulärstruktur från arkiv: Titularregister till riksregistraturet, från serie: Titularregister till riksregistraturet, daterat: 1644-1654..
A0039198_00002.jpg	MISC	En arkivsida med paratextuellt eller blandat innehåll, såsom omslag, titelblad eller annat material utanför huvudtexten från arkiv: Titularregister till riksregistraturet, från serie: Titularregister till riksregistraturet, daterat: 1644-1654..
A0039198_00088.jpg	LINE_HW	En arkivsida med handskriven text organiserad i tabell- eller formulärstruktur från arkiv: Titularregister till riksregistraturet, från serie: Titularregister till riksregistraturet, daterat: 1644-1654..
A0039198_00064.jpg	LINE_HW	En arkivsida med handskriven text organiserad i tabell- eller formulärstruktur från arkiv: Titularregister till riksregistraturet, från serie: Titularregister till riksregistraturet, daterat: 1644-1654..
A0039294_00065.jpg	LINE_HW	En arkivsida med handskriven text organiserad i tabell- eller formulärstruktur från arkiv: Register till riksregistraturet, från serie: Adressatregister till Riksregistraturet, daterat: 1687..
A0039294_00024.jpg	LINE_HW	En arkivsida med handskriven text organiserad i tabell- eller formulärstruktur från arkiv: Register till riksregistraturet, från serie: Adressatregister till Riksregistraturet, daterat: 1687..
A0039294_00093.jpg	LINE_HW	En arkivsida med handskriven text organiserad i tabell- eller formulärstruktur från arkiv: Register till riksregistraturet, från serie: Adressatregister till Riksregistraturet, daterat: 1687..
A0039294_00130.jpg	LINE_HW	En arkivsida med handskriven text organiserad i tabell- eller formulärstruktur från arkiv: Register till riksregistraturet, från serie: Adressatregister till Riksregistraturet, daterat: 1687..
A0039294_00082.jpg	LINE_HW	En arkivsida med handskriven text organiserad i tabell- eller formulärstruktur från arkiv: Register till riksregistraturet, från serie: Adressatregister till Riksregistraturet, daterat: 1687..
A0039294_00026.jpg	LINE_HW	En arkivsida med handskriven text organiserad i tabell- eller formulärstruktur från arkiv: Register till riksregistraturet, från serie: Adressatregister till Riksregistraturet, daterat: 1687..
A0039250_00261.jpg	LINE_HW	En arkivsida med handskriven text organiserad i tabell- eller formulärstruktur från arkiv: Register till riksregistraturet, från serie: Adressatregister till Riksregistraturet, daterat: 1617..
A0039250_00063.jpg	LINE_HW	En arkivsida med handskriven text organiserad i tabell- eller formulärstruktur från arkiv: Register till riksregistraturet, från serie: Adressatregister till Riksregistraturet, daterat: 1617..
A0039250_00160.jpg	LINE_HW	En arkivsida med handskriven text organiserad i tabell- eller formulärstruktur från arkiv: Register till riksregistraturet, från serie: Adressatregister till Riksregistraturet, daterat: 1617..
A0039250_00175.jpg	LINE_HW	En arkivsida med handskriven text organiserad i tabell- eller formulärstruktur från arkiv: Register till riksregistraturet, från serie: Adressatregister till Riksregistraturet, daterat: 1617..
A0039250_00115.jpg	LINE_HW	En arkivsida med handskriven text organiserad i tabell- eller formulärstruktur från arkiv: Register till riksregistraturet, från serie: Adressatregister till Riksregistraturet, daterat: 1617..
A0039250_00097.jpg	LINE_HW	En arkivsida med handskriven text organiserad i tabell- eller formulärstruktur från arkiv: Register till riksregistraturet, från serie: Adressatregister till Riksregistraturet, daterat: 1617..
A0039238_00186.jpg	LINE_HW	En arkivsida med handskriven text organiserad i tabell- eller formulärstruktur från arkiv: Register till riksregistraturet, från serie: Adressatregister till Riksregistraturet, daterat: 1599-1602..
A0039238_00444.jpg	LINE_HW	En arkivsida med handskriven text organiserad i tabell- eller formulärstruktur från arkiv: Register till riksregistraturet, från serie: Adressatregister till Riksregistraturet, daterat: 1599-1602..
A0039238_00144.jpg	LINE_HW	En arkivsida med handskriven text organiserad i tabell- eller formulärstruktur från arkiv: Register till riksregistraturet, från serie: Adressatregister till Riksregistraturet, daterat: 1599-1602..
A0039238_00303.jpg	LINE_HW	En arkivsida med handskriven text organiserad i tabell- eller formulärstruktur från arkiv: Register till riksregistraturet, från serie: Adressatregister till Riksregistraturet, daterat: 1599-1602..
A0039238_00448.jpg	LINE_HW	En arkivsida med handskriven text organiserad i tabell- eller formulärstruktur från arkiv: Register till riksregistraturet, från serie: Adressatregister till Riksregistraturet, daterat: 1599-1602..
A0039238_00069.jpg	LINE_HW	En arkivsida med handskriven text organiserad i tabell- eller formulärstruktur från arkiv: Register till riksregistraturet, från serie: Adressatregister till Riksregistraturet, daterat: 1599-1602..
30004006_00673.jpg	LINE_TP	En arkivsida med tryckt eller maskinskriven text organiserad i tabell- eller formulärstruktur från arkiv: Kommerskollegium, från serie: Uppgifter om arbetskraft och drivkraft, daterat: 1906..
30004006_00309.jpg	LINE_TP	En arkivsida med tryckt eller maskinskriven text organiserad i tabell- eller formulärstruktur från arkiv: Kommerskollegium, från serie: Uppgifter om arbetskraft och drivkraft, daterat: 1906..
30004006_01461.jpg	LINE_MIX	En arkivsida i tabell- eller formulärlayout med blandade textstilar, inklusive handskriven, tryckt och maskinskriven text från arkiv: Kommerskollegium, från serie: Uppgifter om arbetskraft och drivkraft, daterat: 1906..
30004006_00031.jpg	LINE_TP	En arkivsida med tryckt eller maskinskriven text organiserad i tabell- eller formulärstruktur från arkiv: Kommerskollegium, från serie: Uppgifter om arbetskraft och drivkraft, daterat: 1906..
30004006_01752.jpg	LINE_MIX	En arkivsida i tabell- eller formulärlayout med blandade textstilar, inklusive handskriven, tryckt och maskinskriven text från arkiv: Kommerskollegium, från serie: Uppgifter om arbetskraft och drivkraft, daterat: 1906..
30004006_00736.jpg	LINE_MIX	En arkivsida i tabell- eller formulärlayout med blandade textstilar, inklusive handskriven, tryckt och maskinskriven text från arkiv: Kommerskollegium, från serie: Uppgifter om arbetskraft och drivkraft, daterat: 1906..
71000593_00167.jpg	LINE_HW	En arkivsida med handskriven text organiserad i tabell- eller formulärstruktur från arkiv: Register till riksregistraturet, från serie: Adressatregister till Riksregistraturet, daterat: 1716..
71000593_00145.jpg	LINE_HW	En arkivsida med handskriven text organiserad i tabell- eller formulärstruktur från arkiv: Register till riksregistraturet, från serie: Adressatregister till Riksregistraturet, daterat: 1716..
71000593_00061.jpg	LINE_HW	En arkivsida med handskriven text organiserad i tabell- eller formulärstruktur från arkiv: Register till riksregistraturet, från serie: Adressatregister till Riksregistraturet, daterat: 1716..
71000593_00069.jpg	LINE_HW	En arkivsida med handskriven text organiserad i tabell- eller formulärstruktur från arkiv: Register till riksregistraturet, från serie: Adressatregister till Riksregistraturet, daterat: 1716..
71000593_00156.jpg	LINE_HW	En arkivsida med handskriven text organiserad i tabell- eller formulärstruktur från arkiv: Register till riksregistraturet, från serie: Adressatregister till Riksregistraturet, daterat: 1716..
71000593_00285.jpg	LINE_HW	En arkivsida med handskriven text organiserad i tabell- eller formulärstruktur från arkiv: Register till riksregistraturet, från serie: Adressatregister till Riksregistraturet, daterat: 1716..
A0039321_00122.jpg	LINE_HW	En arkivsida med handskriven text organiserad i tabell- eller formulärstruktur från arkiv: Register till riksregistraturet, från serie: Adressatregister till Riksregistraturet, daterat: 1716..
A0039321_00152.jpg	LINE_HW	En arkivsida med handskriven text organiserad i tabell- eller formulärstruktur från arkiv: Register till riksregistraturet, från serie: Adressatregister till Riksregistraturet, daterat: 1716..
A0039321_00204.jpg	LINE_HW	En arkivsida med handskriven text organiserad i tabell- eller formulärstruktur från arkiv: Register till riksregistraturet, från serie: Adressatregister till Riksregistraturet, daterat: 1716..
A0039321_00363.jpg	LINE_HW	En arkivsida med handskriven text organiserad i tabell- eller formulärstruktur från arkiv: Register till riksregistraturet, från serie: Adressatregister till Riksregistraturet, daterat: 1716..
A0039321_00344.jpg	LINE_HW	En arkivsida med handskriven text organiserad i tabell- eller formulärstruktur från arkiv: Register till riksregistraturet, från serie: Adressatregister till Riksregistraturet, daterat: 1716..
A0039321_00256.jpg	LINE_HW	En arkivsida med handskriven text organiserad i tabell- eller formulärstruktur från arkiv: Register till riksregistraturet, från serie: Adressatregister till Riksregistraturet, daterat: 1716..
30004317_03884.jpg	LINE_MIX	En arkivsida i tabell- eller formulärlayout med blandade textstilar, inklusive handskriven, tryckt och maskinskriven text från arkiv: Kommerskollegium, från serie: Uppgifter om arbetskraft och drivkraft, daterat: 1904..
30004317_01870.jpg	LINE_MIX	En arkivsida i tabell- eller formulärlayout med blandade textstilar, inklusive handskriven, tryckt och maskinskriven text från arkiv: Kommerskollegium, från serie: Uppgifter om arbetskraft och drivkraft, daterat: 1904..
30004317_05704.jpg	LINE_MIX	En arkivsida i tabell- eller formulärlayout med blandade textstilar, inklusive handskriven, tryckt och maskinskriven text från arkiv: Kommerskollegium, från serie: Uppgifter om arbetskraft och drivkraft, daterat: 1904..
30004317_03816.jpg	LINE_MIX	En arkivsida i tabell- eller formulärlayout med blandade textstilar, inklusive handskriven, tryckt och maskinskriven text från arkiv: Kommerskollegium, från serie: Uppgifter om arbetskraft och drivkraft, daterat: 1904..
30004317_00873.jpg	LINE_TP	En arkivsida med tryckt eller maskinskriven text organiserad i tabell- eller formulärstruktur från arkiv: Kommerskollegium, från serie: Uppgifter om arbetskraft och drivkraft, daterat: 1904..
30004317_04773.jpg	LINE_TP	En arkivsida med tryckt eller maskinskriven text organiserad i tabell- eller formulärstruktur från arkiv: Kommerskollegium, från serie: Uppgifter om arbetskraft och drivkraft, daterat: 1904..
30004020_01136.jpg	LINE_MIX	En arkivsida i tabell- eller formulärlayout med blandade textstilar, inklusive handskriven, tryckt och maskinskriven text från arkiv: Kommerskollegium, från serie: Uppgifter om arbetskraft och drivkraft, daterat: 1911..
30004020_01402.jpg	LINE_MIX	En arkivsida i tabell- eller formulärlayout med blandade textstilar, inklusive handskriven, tryckt och maskinskriven text från arkiv: Kommerskollegium, från serie: Uppgifter om arbetskraft och drivkraft, daterat: 1911..
30004020_00986.jpg	LINE_MIX	En arkivsida i tabell- eller formulärlayout med blandade textstilar, inklusive handskriven, tryckt och maskinskriven text från arkiv: Kommerskollegium, från serie: Uppgifter om arbetskraft och drivkraft, daterat: 1911..
30004020_01049.jpg	LINE_MIX	En arkivsida i tabell- eller formulärlayout med blandade textstilar, inklusive handskriven, tryckt och maskinskriven text från arkiv: Kommerskollegium, från serie: Uppgifter om arbetskraft och drivkraft, daterat: 1911..
30004020_01340.jpg	LINE_MIX	En arkivsida i tabell- eller formulärlayout med blandade textstilar, inklusive handskriven, tryckt och maskinskriven text från arkiv: Kommerskollegium, från serie: Uppgifter om arbetskraft och drivkraft, daterat: 1911..
30004020_00279.jpg	LINE_TP	En arkivsida med tryckt eller maskinskriven text organiserad i tabell- eller formulärstruktur från arkiv: Kommerskollegium, från serie: Uppgifter om arbetskraft och drivkraft, daterat: 1911..
A0039290_00103.jpg	LINE_HW	En arkivsida med handskriven text organiserad i tabell- eller formulärstruktur från arkiv: Register till riksregistraturet, från serie: Adressatregister till Riksregistraturet, daterat: 1683..
A0039290_00029.jpg	LINE_HW	En arkivsida med handskriven text organiserad i tabell- eller formulärstruktur från arkiv: Register till riksregistraturet, från serie: Adressatregister till Riksregistraturet, daterat: 1683..
A0039290_00165.jpg	LINE_HW	En arkivsida med handskriven text organiserad i tabell- eller formulärstruktur från arkiv: Register till riksregistraturet, från serie: Adressatregister till Riksregistraturet, daterat: 1683..
A0039290_00168.jpg	LINE_HW	En arkivsida med handskriven text organiserad i tabell- eller formulärstruktur från arkiv: Register till riksregistraturet, från serie: Adressatregister till Riksregistraturet, daterat: 1683..
A0039252_00060.jpg	LINE_HW	En arkivsida med handskriven text organiserad i tabell- eller formulärstruktur från arkiv: Register till riksregistraturet, från serie: Adressatregister till Riksregistraturet, daterat: 1621..
A0039252_00041.jpg	LINE_HW	En arkivsida med handskriven text organiserad i tabell- eller formulärstruktur från arkiv: Register till riksregistraturet, från serie: Adressatregister till Riksregistraturet, daterat: 1621..
A0039252_00147.jpg	LINE_HW	En arkivsida med handskriven text organiserad i tabell- eller formulärstruktur från arkiv: Register till riksregistraturet, från serie: Adressatregister till Riksregistraturet, daterat: 1621..
A0039252_00093.jpg	LINE_HW	En arkivsida med handskriven text organiserad i tabell- eller formulärstruktur från arkiv: Register till riksregistraturet, från serie: Adressatregister till Riksregistraturet, daterat: 1621..
A0039252_00070.jpg	LINE_HW	En arkivsida med handskriven text organiserad i tabell- eller formulärstruktur från arkiv: Register till riksregistraturet, från serie: Adressatregister till Riksregistraturet, daterat: 1621..
A0039252_00020.jpg	LINE_HW	En arkivsida med handskriven text organiserad i tabell- eller formulärstruktur från arkiv: Register till riksregistraturet, från serie: Adressatregister till Riksregistraturet, daterat: 1621..
A0039317_00175.jpg	LINE_HW	En arkivsida med handskriven text organiserad i tabell- eller formulärstruktur från arkiv: Register till riksregistraturet, från serie: Adressatregister till Riksregistraturet, daterat: 1713-1714..
A0039317_00038.jpg	LINE_HW	En arkivsida med handskriven text organiserad i tabell- eller formulärstruktur från arkiv: Register till riksregistraturet, från serie: Adressatregister till Riksregistraturet, daterat: 1713-1714..
A0039317_00177.jpg	LINE_HW	En arkivsida med handskriven text organiserad i tabell- eller formulärstruktur från arkiv: Register till riksregistraturet, från serie: Adressatregister till Riksregistraturet, daterat: 1713-1714..
A0039317_00152.jpg	LINE_HW	En arkivsida med handskriven text organiserad i tabell- eller formulärstruktur från arkiv: Register till riksregistraturet, från serie: Adressatregister till Riksregistraturet, daterat: 1713-1714..
71000589_00042.jpg	LINE_HW	En arkivsida med handskriven text organiserad i tabell- eller formulärstruktur från arkiv: Register till riksregistraturet, från serie: Adressatregister till Riksregistraturet, daterat: 1676..
71000589_00031.jpg	LINE_HW	En arkivsida med handskriven text organiserad i tabell- eller formulärstruktur från arkiv: Register till riksregistraturet, från serie: Adressatregister till Riksregistraturet, daterat: 1676..
71000589_00074.jpg	LINE_HW	En arkivsida med handskriven text organiserad i tabell- eller formulärstruktur från arkiv: Register till riksregistraturet, från serie: Adressatregister till Riksregistraturet, daterat: 1676..
71000589_00020.jpg	LINE_HW	En arkivsida med handskriven text organiserad i tabell- eller formulärstruktur från arkiv: Register till riksregistraturet, från serie: Adressatregister till Riksregistraturet, daterat: 1676..
71000589_00034.jpg	LINE_HW	En arkivsida med handskriven text organiserad i tabell- eller formulärstruktur från arkiv: Register till riksregistraturet, från serie: Adressatregister till Riksregistraturet, daterat: 1676..
71000589_00135.jpg	LINE_HW	En arkivsida med handskriven text organiserad i tabell- eller formulärstruktur från arkiv: Register till riksregistraturet, från serie: Adressatregister till Riksregistraturet, daterat: 1676..
A0039281_00051.jpg	LINE_HW	En arkivsida med handskriven text organiserad i tabell- eller formulärstruktur från arkiv: Register till riksregistraturet, från serie: Adressatregister till Riksregistraturet, daterat: 1676..
A0039281_00029.jpg	LINE_HW	En arkivsida med handskriven text organiserad i tabell- eller formulärstruktur från arkiv: Register till riksregistraturet, från serie: Adressatregister till Riksregistraturet, daterat: 1676..
A0039281_00008.jpg	LINE_HW	En arkivsida med handskriven text organiserad i tabell- eller formulärstruktur från arkiv: Register till riksregistraturet, från serie: Adressatregister till Riksregistraturet, daterat: 1676..
A0039281_00038.jpg	LINE_HW	En arkivsida med handskriven text organiserad i tabell- eller formulärstruktur från arkiv: Register till riksregistraturet, från serie: Adressatregister till Riksregistraturet, daterat: 1676..
A0039281_00017.jpg	LINE_HW	En arkivsida med handskriven text organiserad i tabell- eller formulärstruktur från arkiv: Register till riksregistraturet, från serie: Adressatregister till Riksregistraturet, daterat: 1676..
A0039281_00101.jpg	LINE_HW	En arkivsida med handskriven text organiserad i tabell- eller formulärstruktur från arkiv: Register till riksregistraturet, från serie: Adressatregister till Riksregistraturet, daterat: 1676..
A0039263_00025.jpg	LINE_HW	En arkivsida med handskriven text organiserad i tabell- eller formulärstruktur från arkiv: Register till riksregistraturet, från serie: Adressatregister till Riksregistraturet, daterat: 1635..
A0039263_00069.jpg	MISC	En arkivsida med paratextuellt eller blandat innehåll, såsom omslag, titelblad eller annat material utanför huvudtexten från arkiv: Register till riksregistraturet, från serie: Adressatregister till Riksregistraturet, daterat: 1635..
A0039263_00026.jpg	LINE_HW	En arkivsida med handskriven text organiserad i tabell- eller formulärstruktur från arkiv: Register till riksregistraturet, från serie: Adressatregister till Riksregistraturet, daterat: 1635..
A0039263_00020.jpg	LINE_HW	En arkivsida med handskriven text organiserad i tabell- eller formulärstruktur från arkiv: Register till riksregistraturet, från serie: Adressatregister till Riksregistraturet, daterat: 1635..
A0039263_00050.jpg	LINE_HW	En arkivsida med handskriven text organiserad i tabell- eller formulärstruktur från arkiv: Register till riksregistraturet, från serie: Adressatregister till Riksregistraturet, daterat: 1635..
A0039263_00065.jpg	LINE_HW	En arkivsida med handskriven text organiserad i tabell- eller formulärstruktur från arkiv: Register till riksregistraturet, från serie: Adressatregister till Riksregistraturet, daterat: 1635..
30004010_00193.jpg	LINE_TP	En arkivsida med tryckt eller maskinskriven text organiserad i tabell- eller formulärstruktur från arkiv: Kommerskollegium, från serie: Uppgifter om arbetskraft och drivkraft, daterat: 1908..
30004010_00177.jpg	LINE_TP	En arkivsida med tryckt eller maskinskriven text organiserad i tabell- eller formulärstruktur från arkiv: Kommerskollegium, från serie: Uppgifter om arbetskraft och drivkraft, daterat: 1908..
30004010_00256.jpg	LINE_MIX	En arkivsida i tabell- eller formulärlayout med blandade textstilar, inklusive handskriven, tryckt och maskinskriven text från arkiv: Kommerskollegium, från serie: Uppgifter om arbetskraft och drivkraft, daterat: 1908..
30004010_00730.jpg	LINE_MIX	En arkivsida i tabell- eller formulärlayout med blandade textstilar, inklusive handskriven, tryckt och maskinskriven text från arkiv: Kommerskollegium, från serie: Uppgifter om arbetskraft och drivkraft, daterat: 1908..
30004010_00618.jpg	LINE_MIX	En arkivsida i tabell- eller formulärlayout med blandade textstilar, inklusive handskriven, tryckt och maskinskriven text från arkiv: Kommerskollegium, från serie: Uppgifter om arbetskraft och drivkraft, daterat: 1908..
30004010_00019.jpg	LINE_TP	En arkivsida med tryckt eller maskinskriven text organiserad i tabell- eller formulärstruktur från arkiv: Kommerskollegium, från serie: Uppgifter om arbetskraft och drivkraft, daterat: 1908..
A0039241_00044.jpg	LINE_TP	En arkivsida med tryckt eller maskinskriven text organiserad i tabell- eller formulärstruktur från arkiv: Register till riksregistraturet, från serie: Adressatregister till Riksregistraturet, daterat: 1607..
A0039241_00094.jpg	LINE_TP	En arkivsida med tryckt eller maskinskriven text organiserad i tabell- eller formulärstruktur från arkiv: Register till riksregistraturet, från serie: Adressatregister till Riksregistraturet, daterat: 1607..
A0039241_00050.jpg	LINE_TP	En arkivsida med tryckt eller maskinskriven text organiserad i tabell- eller formulärstruktur från arkiv: Register till riksregistraturet, från serie: Adressatregister till Riksregistraturet, daterat: 1607..
A0039241_00007.jpg	LINE_TP	En arkivsida med tryckt eller maskinskriven text organiserad i tabell- eller formulärstruktur från arkiv: Register till riksregistraturet, från serie: Adressatregister till Riksregistraturet, daterat: 1607..
A0039241_00014.jpg	LINE_TP	En arkivsida med tryckt eller maskinskriven text organiserad i tabell- eller formulärstruktur från arkiv: Register till riksregistraturet, från serie: Adressatregister till Riksregistraturet, daterat: 1607..
A0039241_00074.jpg	LINE_TP	En arkivsida med tryckt eller maskinskriven text organiserad i tabell- eller formulärstruktur från arkiv: Register till riksregistraturet, från serie: Adressatregister till Riksregistraturet, daterat: 1607..
A0039272_00059.jpg	LINE_HW	En arkivsida med handskriven text organiserad i tabell- eller formulärstruktur från arkiv: Register till riksregistraturet, från serie: Adressatregister till Riksregistraturet, daterat: 1657-1659..
A0039272_00077.jpg	LINE_HW	En arkivsida med handskriven text organiserad i tabell- eller formulärstruktur från arkiv: Register till riksregistraturet, från serie: Adressatregister till Riksregistraturet, daterat: 1657-1659..
A0039272_00053.jpg	LINE_HW	En arkivsida med handskriven text organiserad i tabell- eller formulärstruktur från arkiv: Register till riksregistraturet, från serie: Adressatregister till Riksregistraturet, daterat: 1657-1659..
A0039272_00061.jpg	LINE_HW	En arkivsida med handskriven text organiserad i tabell- eller formulärstruktur från arkiv: Register till riksregistraturet, från serie: Adressatregister till Riksregistraturet, daterat: 1657-1659..
A0039272_00137.jpg	LINE_HW	En arkivsida med handskriven text organiserad i tabell- eller formulärstruktur från arkiv: Register till riksregistraturet, från serie: Adressatregister till Riksregistraturet, daterat: 1657-1659..
A0039272_00103.jpg	LINE_HW	En arkivsida med handskriven text organiserad i tabell- eller formulärstruktur från arkiv: Register till riksregistraturet, från serie: Adressatregister till Riksregistraturet, daterat: 1657-1659..
A0039277_00068.jpg	LINE_HW	En arkivsida med handskriven text organiserad i tabell- eller formulärstruktur från arkiv: Register till riksregistraturet, från serie: Adressatregister till Riksregistraturet, daterat: 1669-1670..
A0039277_00077.jpg	LINE_HW	En arkivsida med handskriven text organiserad i tabell- eller formulärstruktur från arkiv: Register till riksregistraturet, från serie: Adressatregister till Riksregistraturet, daterat: 1669-1670..
A0039277_00063.jpg	LINE_HW	En arkivsida med handskriven text organiserad i tabell- eller formulärstruktur från arkiv: Register till riksregistraturet, från serie: Adressatregister till Riksregistraturet, daterat: 1669-1670..
A0039277_00037.jpg	LINE_HW	En arkivsida med handskriven text organiserad i tabell- eller formulärstruktur från arkiv: Register till riksregistraturet, från serie: Adressatregister till Riksregistraturet, daterat: 1669-1670..
A0039277_00041.jpg	LINE_HW	En arkivsida med handskriven text organiserad i tabell- eller formulärstruktur från arkiv: Register till riksregistraturet, från serie: Adressatregister till Riksregistraturet, daterat: 1669-1670..
A0039277_00092.jpg	LINE_HW	En arkivsida med handskriven text organiserad i tabell- eller formulärstruktur från arkiv: Register till riksregistraturet, från serie: Adressatregister till Riksregistraturet, daterat: 1669-1670..
A0039304_00055.jpg	LINE_HW	En arkivsida med handskriven text organiserad i tabell- eller formulärstruktur från arkiv: Register till riksregistraturet, från serie: Adressatregister till Riksregistraturet, daterat: 1699..
A0039304_00088.jpg	LINE_HW	En arkivsida med handskriven text organiserad i tabell- eller formulärstruktur från arkiv: Register till riksregistraturet, från serie: Adressatregister till Riksregistraturet, daterat: 1699..
A0039304_00143.jpg	MISC	En arkivsida med paratextuellt eller blandat innehåll, såsom omslag, titelblad eller annat material utanför huvudtexten från arkiv: Register till riksregistraturet, från serie: Adressatregister till Riksregistraturet, daterat: 1699..
A0039304_00027.jpg	LINE_HW	En arkivsida med handskriven text organiserad i tabell- eller formulärstruktur från arkiv: Register till riksregistraturet, från serie: Adressatregister till Riksregistraturet, daterat: 1699..
A0039304_00167.jpg	LINE_HW	En arkivsida med handskriven text organiserad i tabell- eller formulärstruktur från arkiv: Register till riksregistraturet, från serie: Adressatregister till Riksregistraturet, daterat: 1699..
A0039304_00156.jpg	LINE_HW	En arkivsida med handskriven text organiserad i tabell- eller formulärstruktur från arkiv: Register till riksregistraturet, från serie: Adressatregister till Riksregistraturet, daterat: 1699..
A0039319_00007.jpg	TEXT_HW	En arkivsida med löpande handskriven text i stycken från arkiv: Register till riksregistraturet, från serie: Adressatregister till Riksregistraturet, daterat: 1714-1715..
A0039319_00166.jpg	TEXT_HW	En arkivsida med löpande handskriven text i stycken från arkiv: Register till riksregistraturet, från serie: Adressatregister till Riksregistraturet, daterat: 1714-1715..
A0039319_00170.jpg	TEXT_HW	En arkivsida med löpande handskriven text i stycken från arkiv: Register till riksregistraturet, från serie: Adressatregister till Riksregistraturet, daterat: 1714-1715..
A0039319_00074.jpg	TEXT_HW	En arkivsida med löpande handskriven text i stycken från arkiv: Register till riksregistraturet, från serie: Adressatregister till Riksregistraturet, daterat: 1714-1715..
A0039319_00113.jpg	TEXT_HW	En arkivsida med löpande handskriven text i stycken från arkiv: Register till riksregistraturet, från serie: Adressatregister till Riksregistraturet, daterat: 1714-1715..
A0039319_00081.jpg	TEXT_HW	En arkivsida med löpande handskriven text i stycken från arkiv: Register till riksregistraturet, från serie: Adressatregister till Riksregistraturet, daterat: 1714-1715..
71000590_00621.jpg	LINE_HW	En arkivsida med handskriven text organiserad i tabell- eller formulärstruktur från arkiv: Register till riksregistraturet, från serie: Adressatregister till Riksregistraturet, daterat: 1680-1690..
71000590_00145.jpg	LINE_HW	En arkivsida med handskriven text organiserad i tabell- eller formulärstruktur från arkiv: Register till riksregistraturet, från serie: Adressatregister till Riksregistraturet, daterat: 1680-1690..
71000590_00518.jpg	LINE_HW	En arkivsida med handskriven text organiserad i tabell- eller formulärstruktur från arkiv: Register till riksregistraturet, från serie: Adressatregister till Riksregistraturet, daterat: 1680-1690..
71000590_00012.jpg	LINE_HW	En arkivsida med handskriven text organiserad i tabell- eller formulärstruktur från arkiv: Register till riksregistraturet, från serie: Adressatregister till Riksregistraturet, daterat: 1680-1690..
71000590_00134.jpg	TEXT_HW	En arkivsida med löpande handskriven text i stycken från arkiv: Register till riksregistraturet, från serie: Adressatregister till Riksregistraturet, daterat: 1680-1690..
71000590_00631.jpg	LINE_HW	En arkivsida med handskriven text organiserad i tabell- eller formulärstruktur från arkiv: Register till riksregistraturet, från serie: Adressatregister till Riksregistraturet, daterat: 1680-1690..
A0039287_00570.jpg	LINE_HW	En arkivsida med handskriven text organiserad i tabell- eller formulärstruktur från arkiv: Register till riksregistraturet, från serie: Adressatregister till Riksregistraturet, daterat: 1680-1690..
A0039287_00482.jpg	LINE_HW	En arkivsida med handskriven text organiserad i tabell- eller formulärstruktur från arkiv: Register till riksregistraturet, från serie: Adressatregister till Riksregistraturet, daterat: 1680-1690..
A0039287_00246.jpg	LINE_HW	En arkivsida med handskriven text organiserad i tabell- eller formulärstruktur från arkiv: Register till riksregistraturet, från serie: Adressatregister till Riksregistraturet, daterat: 1680-1690..
A0039287_00328.jpg	LINE_HW	En arkivsida med handskriven text organiserad i tabell- eller formulärstruktur från arkiv: Register till riksregistraturet, från serie: Adressatregister till Riksregistraturet, daterat: 1680-1690..
A0039287_00386.jpg	TEXT_HW	En arkivsida med löpande handskriven text i stycken från arkiv: Register till riksregistraturet, från serie: Adressatregister till Riksregistraturet, daterat: 1680-1690..
A0039287_00697.jpg	LINE_HW	En arkivsida med handskriven text organiserad i tabell- eller formulärstruktur från arkiv: Register till riksregistraturet, från serie: Adressatregister till Riksregistraturet, daterat: 1680-1690..
A0039248_00035.jpg	TEXT_HW	En arkivsida med löpande handskriven text i stycken från arkiv: Register till riksregistraturet, från serie: Adressatregister till Riksregistraturet, daterat: 1615..
A0039248_00026.jpg	LINE_HW	En arkivsida med handskriven text organiserad i tabell- eller formulärstruktur från arkiv: Register till riksregistraturet, från serie: Adressatregister till Riksregistraturet, daterat: 1615..
A0039248_00022.jpg	LINE_HW	En arkivsida med handskriven text organiserad i tabell- eller formulärstruktur från arkiv: Register till riksregistraturet, från serie: Adressatregister till Riksregistraturet, daterat: 1615..
A0039248_00016.jpg	LINE_HW	En arkivsida med handskriven text organiserad i tabell- eller formulärstruktur från arkiv: Register till riksregistraturet, från serie: Adressatregister till Riksregistraturet, daterat: 1615..
A0039248_00029.jpg	LINE_HW	En arkivsida med handskriven text organiserad i tabell- eller formulärstruktur från arkiv: Register till riksregistraturet, från serie: Adressatregister till Riksregistraturet, daterat: 1615..
A0039320_00089.jpg	LINE_HW	En arkivsida med handskriven text organiserad i tabell- eller formulärstruktur från arkiv: Register till riksregistraturet, från serie: Adressatregister till Riksregistraturet, daterat: 1715..
A0039320_00122.jpg	LINE_HW	En arkivsida med handskriven text organiserad i tabell- eller formulärstruktur från arkiv: Register till riksregistraturet, från serie: Adressatregister till Riksregistraturet, daterat: 1715..
A0039320_00038.jpg	LINE_HW	En arkivsida med handskriven text organiserad i tabell- eller formulärstruktur från arkiv: Register till riksregistraturet, från serie: Adressatregister till Riksregistraturet, daterat: 1715..
A0039320_00133.jpg	LINE_HW	En arkivsida med handskriven text organiserad i tabell- eller formulärstruktur från arkiv: Register till riksregistraturet, från serie: Adressatregister till Riksregistraturet, daterat: 1715..
A0039320_00020.jpg	LINE_HW	En arkivsida med handskriven text organiserad i tabell- eller formulärstruktur från arkiv: Register till riksregistraturet, från serie: Adressatregister till Riksregistraturet, daterat: 1715..
A0039320_00186.jpg	LINE_HW	En arkivsida med handskriven text organiserad i tabell- eller formulärstruktur från arkiv: Register till riksregistraturet, från serie: Adressatregister till Riksregistraturet, daterat: 1715..
30004001_00883.jpg	LINE_TP	En arkivsida med tryckt eller maskinskriven text organiserad i tabell- eller formulärstruktur från arkiv: Kommerskollegium, från serie: Uppgifter om arbetskraft och drivkraft, daterat: 1905..
30004001_00724.jpg	LINE_MIX	En arkivsida i tabell- eller formulärlayout med blandade textstilar, inklusive handskriven, tryckt och maskinskriven text från arkiv: Kommerskollegium, från serie: Uppgifter om arbetskraft och drivkraft, daterat: 1905..
30004001_01051.jpg	LINE_MIX	En arkivsida i tabell- eller formulärlayout med blandade textstilar, inklusive handskriven, tryckt och maskinskriven text från arkiv: Kommerskollegium, från serie: Uppgifter om arbetskraft och drivkraft, daterat: 1905..
30004001_01111.jpg	LINE_MIX	En arkivsida i tabell- eller formulärlayout med blandade textstilar, inklusive handskriven, tryckt och maskinskriven text från arkiv: Kommerskollegium, från serie: Uppgifter om arbetskraft och drivkraft, daterat: 1905..
30004001_01131.jpg	LINE_MIX	En arkivsida i tabell- eller formulärlayout med blandade textstilar, inklusive handskriven, tryckt och maskinskriven text från arkiv: Kommerskollegium, från serie: Uppgifter om arbetskraft och drivkraft, daterat: 1905..
30004001_00056.jpg	LINE_MIX	En arkivsida i tabell- eller formulärlayout med blandade textstilar, inklusive handskriven, tryckt och maskinskriven text från arkiv: Kommerskollegium, från serie: Uppgifter om arbetskraft och drivkraft, daterat: 1905..
A0039245_00473.jpg	LINE_HW	En arkivsida med handskriven text organiserad i tabell- eller formulärstruktur från arkiv: Register till riksregistraturet, från serie: Adressatregister till Riksregistraturet, daterat: 1611-1632..
A0039245_00003.jpg	MISC	En arkivsida med paratextuellt eller blandat innehåll, såsom omslag, titelblad eller annat material utanför huvudtexten från arkiv: Register till riksregistraturet, från serie: Adressatregister till Riksregistraturet, daterat: 1611-1632..
A0039245_00392.jpg	LINE_HW	En arkivsida med handskriven text organiserad i tabell- eller formulärstruktur från arkiv: Register till riksregistraturet, från serie: Adressatregister till Riksregistraturet, daterat: 1611-1632..
A0039245_00503.jpg	LINE_HW	En arkivsida med handskriven text organiserad i tabell- eller formulärstruktur från arkiv: Register till riksregistraturet, från serie: Adressatregister till Riksregistraturet, daterat: 1611-1632..
A0039245_00188.jpg	LINE_HW	En arkivsida med handskriven text organiserad i tabell- eller formulärstruktur från arkiv: Register till riksregistraturet, från serie: Adressatregister till Riksregistraturet, daterat: 1611-1632..
A0039245_00021.jpg	LINE_HW	En arkivsida med handskriven text organiserad i tabell- eller formulärstruktur från arkiv: Register till riksregistraturet, från serie: Adressatregister till Riksregistraturet, daterat: 1611-1632..
A0039228_00039.jpg	LINE_HW	En arkivsida med handskriven text organiserad i tabell- eller formulärstruktur från arkiv: Register till riksregistraturet, från serie: Adressatregister till Riksregistraturet, daterat: 1565-1568..
A0039228_00212.jpg	LINE_HW	En arkivsida med handskriven text organiserad i tabell- eller formulärstruktur från arkiv: Register till riksregistraturet, från serie: Adressatregister till Riksregistraturet, daterat: 1565-1568..
A0039228_00338.jpg	LINE_HW	En arkivsida med handskriven text organiserad i tabell- eller formulärstruktur från arkiv: Register till riksregistraturet, från serie: Adressatregister till Riksregistraturet, daterat: 1565-1568..
A0039228_00324.jpg	LINE_HW	En arkivsida med handskriven text organiserad i tabell- eller formulärstruktur från arkiv: Register till riksregistraturet, från serie: Adressatregister till Riksregistraturet, daterat: 1565-1568..
A0039228_00393.jpg	LINE_HW	En arkivsida med handskriven text organiserad i tabell- eller formulärstruktur från arkiv: Register till riksregistraturet, från serie: Adressatregister till Riksregistraturet, daterat: 1565-1568..
A0039228_00409.jpg	LINE_HW	En arkivsida med handskriven text organiserad i tabell- eller formulärstruktur från arkiv: Register till riksregistraturet, från serie: Adressatregister till Riksregistraturet, daterat: 1565-1568..
A0039293_00133.jpg	LINE_HW	En arkivsida med handskriven text organiserad i tabell- eller formulärstruktur från arkiv: Register till riksregistraturet, från serie: Adressatregister till Riksregistraturet, daterat: 1686..
A0039293_00103.jpg	LINE_HW	En arkivsida med handskriven text organiserad i tabell- eller formulärstruktur från arkiv: Register till riksregistraturet, från serie: Adressatregister till Riksregistraturet, daterat: 1686..
A0039293_00005.jpg	MISC	En arkivsida med paratextuellt eller blandat innehåll, såsom omslag, titelblad eller annat material utanför huvudtexten från arkiv: Register till riksregistraturet, från serie: Adressatregister till Riksregistraturet, daterat: 1686..
A0039293_00119.jpg	LINE_HW	En arkivsida med handskriven text organiserad i tabell- eller formulärstruktur från arkiv: Register till riksregistraturet, från serie: Adressatregister till Riksregistraturet, daterat: 1686..
A0039293_00055.jpg	LINE_HW	En arkivsida med handskriven text organiserad i tabell- eller formulärstruktur från arkiv: Register till riksregistraturet, från serie: Adressatregister till Riksregistraturet, daterat: 1686..
A0039293_00057.jpg	LINE_HW	En arkivsida med handskriven text organiserad i tabell- eller formulärstruktur från arkiv: Register till riksregistraturet, från serie: Adressatregister till Riksregistraturet, daterat: 1686..
30004016_00431.jpg	LINE_MIX	En arkivsida i tabell- eller formulärlayout med blandade textstilar, inklusive handskriven, tryckt och maskinskriven text från arkiv: Kommerskollegium, från serie: Uppgifter om arbetskraft och drivkraft, daterat: 1910..
30004016_00941.jpg	LINE_MIX	En arkivsida i tabell- eller formulärlayout med blandade textstilar, inklusive handskriven, tryckt och maskinskriven text från arkiv: Kommerskollegium, från serie: Uppgifter om arbetskraft och drivkraft, daterat: 1910..
30004016_00759.jpg	LINE_MIX	En arkivsida i tabell- eller formulärlayout med blandade textstilar, inklusive handskriven, tryckt och maskinskriven text från arkiv: Kommerskollegium, från serie: Uppgifter om arbetskraft och drivkraft, daterat: 1910..
30004016_00798.jpg	LINE_MIX	En arkivsida i tabell- eller formulärlayout med blandade textstilar, inklusive handskriven, tryckt och maskinskriven text från arkiv: Kommerskollegium, från serie: Uppgifter om arbetskraft och drivkraft, daterat: 1910..
30004016_00385.jpg	LINE_MIX	En arkivsida i tabell- eller formulärlayout med blandade textstilar, inklusive handskriven, tryckt och maskinskriven text från arkiv: Kommerskollegium, från serie: Uppgifter om arbetskraft och drivkraft, daterat: 1910..
30004016_00233.jpg	LINE_TP	En arkivsida med tryckt eller maskinskriven text organiserad i tabell- eller formulärstruktur från arkiv: Kommerskollegium, från serie: Uppgifter om arbetskraft och drivkraft, daterat: 1910..
A0039273_00098.jpg	LINE_HW	En arkivsida med handskriven text organiserad i tabell- eller formulärstruktur från arkiv: Register till riksregistraturet, från serie: Adressatregister till Riksregistraturet, daterat: 1660-1661..
A0039273_00106.jpg	LINE_HW	En arkivsida med handskriven text organiserad i tabell- eller formulärstruktur från arkiv: Register till riksregistraturet, från serie: Adressatregister till Riksregistraturet, daterat: 1660-1661..
A0039273_00049.jpg	LINE_HW	En arkivsida med handskriven text organiserad i tabell- eller formulärstruktur från arkiv: Register till riksregistraturet, från serie: Adressatregister till Riksregistraturet, daterat: 1660-1661..
A0039273_00148.jpg	LINE_HW	En arkivsida med handskriven text organiserad i tabell- eller formulärstruktur från arkiv: Register till riksregistraturet, från serie: Adressatregister till Riksregistraturet, daterat: 1660-1661..
A0039273_00023.jpg	LINE_HW	En arkivsida med handskriven text organiserad i tabell- eller formulärstruktur från arkiv: Register till riksregistraturet, från serie: Adressatregister till Riksregistraturet, daterat: 1660-1661..
A0039271_00135.jpg	LINE_HW	En arkivsida med handskriven text organiserad i tabell- eller formulärstruktur från arkiv: Register till riksregistraturet, från serie: Adressatregister till Riksregistraturet, daterat: 1654-1659..
A0039271_00152.jpg	MISC	En arkivsida med paratextuellt eller blandat innehåll, såsom omslag, titelblad eller annat material utanför huvudtexten från arkiv: Register till riksregistraturet, från serie: Adressatregister till Riksregistraturet, daterat: 1654-1659..
A0039271_00099.jpg	MISC	En arkivsida med paratextuellt eller blandat innehåll, såsom omslag, titelblad eller annat material utanför huvudtexten från arkiv: Register till riksregistraturet, från serie: Adressatregister till Riksregistraturet, daterat: 1654-1659..
A0039271_00171.jpg	LINE_HW	En arkivsida med handskriven text organiserad i tabell- eller formulärstruktur från arkiv: Register till riksregistraturet, från serie: Adressatregister till Riksregistraturet, daterat: 1654-1659..
A0039271_00218.jpg	LINE_HW	En arkivsida med handskriven text organiserad i tabell- eller formulärstruktur från arkiv: Register till riksregistraturet, från serie: Adressatregister till Riksregistraturet, daterat: 1654-1659..
A0039268_00024.jpg	LINE_HW	En arkivsida med handskriven text organiserad i tabell- eller formulärstruktur från arkiv: Register till riksregistraturet, från serie: Adressatregister till Riksregistraturet, daterat: 1646-1649..
A0039268_00304.jpg	LINE_HW	En arkivsida med handskriven text organiserad i tabell- eller formulärstruktur från arkiv: Register till riksregistraturet, från serie: Adressatregister till Riksregistraturet, daterat: 1646-1649..
A0039268_00239.jpg	LINE_HW	En arkivsida med handskriven text organiserad i tabell- eller formulärstruktur från arkiv: Register till riksregistraturet, från serie: Adressatregister till Riksregistraturet, daterat: 1646-1649..
A0039268_00201.jpg	LINE_HW	En arkivsida med handskriven text organiserad i tabell- eller formulärstruktur från arkiv: Register till riksregistraturet, från serie: Adressatregister till Riksregistraturet, daterat: 1646-1649..
A0039268_00095.jpg	LINE_HW	En arkivsida med handskriven text organiserad i tabell- eller formulärstruktur från arkiv: Register till riksregistraturet, från serie: Adressatregister till Riksregistraturet, daterat: 1646-1649..
A0039268_00007.jpg	LINE_HW	En arkivsida med handskriven text organiserad i tabell- eller formulärstruktur från arkiv: Register till riksregistraturet, från serie: Adressatregister till Riksregistraturet, daterat: 1646-1649..
A0039229_00241.jpg	LINE_HW	En arkivsida med handskriven text organiserad i tabell- eller formulärstruktur från arkiv: Register till riksregistraturet, från serie: Adressatregister till Riksregistraturet, daterat: 1569-1572..
A0039229_00071.jpg	LINE_HW	En arkivsida med handskriven text organiserad i tabell- eller formulärstruktur från arkiv: Register till riksregistraturet, från serie: Adressatregister till Riksregistraturet, daterat: 1569-1572..
A0039229_00257.jpg	LINE_HW	En arkivsida med handskriven text organiserad i tabell- eller formulärstruktur från arkiv: Register till riksregistraturet, från serie: Adressatregister till Riksregistraturet, daterat: 1569-1572..
A0039229_00256.jpg	LINE_HW	En arkivsida med handskriven text organiserad i tabell- eller formulärstruktur från arkiv: Register till riksregistraturet, från serie: Adressatregister till Riksregistraturet, daterat: 1569-1572..
A0039229_00261.jpg	LINE_HW	En arkivsida med handskriven text organiserad i tabell- eller formulärstruktur från arkiv: Register till riksregistraturet, från serie: Adressatregister till Riksregistraturet, daterat: 1569-1572..
A0039229_00330.jpg	LINE_HW	En arkivsida med handskriven text organiserad i tabell- eller formulärstruktur från arkiv: Register till riksregistraturet, från serie: Adressatregister till Riksregistraturet, daterat: 1569-1572..
30004021_00468.jpg	LINE_MIX	En arkivsida i tabell- eller formulärlayout med blandade textstilar, inklusive handskriven, tryckt och maskinskriven text från arkiv: Kommerskollegium, från serie: Uppgifter om arbetskraft och drivkraft, daterat: 1911..
30004021_02032.jpg	LINE_MIX	En arkivsida i tabell- eller formulärlayout med blandade textstilar, inklusive handskriven, tryckt och maskinskriven text från arkiv: Kommerskollegium, från serie: Uppgifter om arbetskraft och drivkraft, daterat: 1911..
30004021_01577.jpg	LINE_MIX	En arkivsida i tabell- eller formulärlayout med blandade textstilar, inklusive handskriven, tryckt och maskinskriven text från arkiv: Kommerskollegium, från serie: Uppgifter om arbetskraft och drivkraft, daterat: 1911..
30004021_01620.jpg	LINE_MIX	En arkivsida i tabell- eller formulärlayout med blandade textstilar, inklusive handskriven, tryckt och maskinskriven text från arkiv: Kommerskollegium, från serie: Uppgifter om arbetskraft och drivkraft, daterat: 1911..
30004021_01273.jpg	LINE_TP	En arkivsida med tryckt eller maskinskriven text organiserad i tabell- eller formulärstruktur från arkiv: Kommerskollegium, från serie: Uppgifter om arbetskraft och drivkraft, daterat: 1911..
30004021_01444.jpg	LINE_MIX	En arkivsida i tabell- eller formulärlayout med blandade textstilar, inklusive handskriven, tryckt och maskinskriven text från arkiv: Kommerskollegium, från serie: Uppgifter om arbetskraft och drivkraft, daterat: 1911..
A0039308_00145.jpg	LINE_HW	En arkivsida med handskriven text organiserad i tabell- eller formulärstruktur från arkiv: Register till riksregistraturet, från serie: Adressatregister till Riksregistraturet, daterat: 1702..
A0039308_00004.jpg	MISC	En arkivsida med paratextuellt eller blandat innehåll, såsom omslag, titelblad eller annat material utanför huvudtexten från arkiv: Register till riksregistraturet, från serie: Adressatregister till Riksregistraturet, daterat: 1702..
A0039308_00007.jpg	LINE_HW	En arkivsida med handskriven text organiserad i tabell- eller formulärstruktur från arkiv: Register till riksregistraturet, från serie: Adressatregister till Riksregistraturet, daterat: 1702..
A0039308_00067.jpg	LINE_HW	En arkivsida med handskriven text organiserad i tabell- eller formulärstruktur från arkiv: Register till riksregistraturet, från serie: Adressatregister till Riksregistraturet, daterat: 1702..
A0039308_00109.jpg	LINE_HW	En arkivsida med handskriven text organiserad i tabell- eller formulärstruktur från arkiv: Register till riksregistraturet, från serie: Adressatregister till Riksregistraturet, daterat: 1702..
A0039308_00035.jpg	LINE_HW	En arkivsida med handskriven text organiserad i tabell- eller formulärstruktur från arkiv: Register till riksregistraturet, från serie: Adressatregister till Riksregistraturet, daterat: 1702..
30004315_01592.jpg	LINE_MIX	En arkivsida i tabell- eller formulärlayout med blandade textstilar, inklusive handskriven, tryckt och maskinskriven text från arkiv: Kommerskollegium, från serie: Uppgifter om arbetskraft och drivkraft, daterat: 1903..
30004315_02564.jpg	LINE_MIX	En arkivsida i tabell- eller formulärlayout med blandade textstilar, inklusive handskriven, tryckt och maskinskriven text från arkiv: Kommerskollegium, från serie: Uppgifter om arbetskraft och drivkraft, daterat: 1903..
30004315_00876.jpg	LINE_MIX	En arkivsida i tabell- eller formulärlayout med blandade textstilar, inklusive handskriven, tryckt och maskinskriven text från arkiv: Kommerskollegium, från serie: Uppgifter om arbetskraft och drivkraft, daterat: 1903..
30004315_04296.jpg	LINE_MIX	En arkivsida i tabell- eller formulärlayout med blandade textstilar, inklusive handskriven, tryckt och maskinskriven text från arkiv: Kommerskollegium, från serie: Uppgifter om arbetskraft och drivkraft, daterat: 1903..
30004315_02139.jpg	LINE_TP	En arkivsida med tryckt eller maskinskriven text organiserad i tabell- eller formulärstruktur från arkiv: Kommerskollegium, från serie: Uppgifter om arbetskraft och drivkraft, daterat: 1903..
30004315_00381.jpg	LINE_TP	En arkivsida med tryckt eller maskinskriven text organiserad i tabell- eller formulärstruktur från arkiv: Kommerskollegium, från serie: Uppgifter om arbetskraft och drivkraft, daterat: 1903..
A0039300_00306.jpg	LINE_HW	En arkivsida med handskriven text organiserad i tabell- eller formulärstruktur från arkiv: Register till riksregistraturet, från serie: Adressatregister till Riksregistraturet, daterat: 1694-1695..
A0039300_00200.jpg	LINE_HW	En arkivsida med handskriven text organiserad i tabell- eller formulärstruktur från arkiv: Register till riksregistraturet, från serie: Adressatregister till Riksregistraturet, daterat: 1694-1695..
A0039300_00143.jpg	LINE_HW	En arkivsida med handskriven text organiserad i tabell- eller formulärstruktur från arkiv: Register till riksregistraturet, från serie: Adressatregister till Riksregistraturet, daterat: 1694-1695..
A0039300_00268.jpg	MISC	En arkivsida med paratextuellt eller blandat innehåll, såsom omslag, titelblad eller annat material utanför huvudtexten från arkiv: Register till riksregistraturet, från serie: Adressatregister till Riksregistraturet, daterat: 1694-1695..
A0039300_00286.jpg	MISC	En arkivsida med paratextuellt eller blandat innehåll, såsom omslag, titelblad eller annat material utanför huvudtexten från arkiv: Register till riksregistraturet, från serie: Adressatregister till Riksregistraturet, daterat: 1694-1695..
A0039300_00185.jpg	LINE_HW	En arkivsida med handskriven text organiserad i tabell- eller formulärstruktur från arkiv: Register till riksregistraturet, från serie: Adressatregister till Riksregistraturet, daterat: 1694-1695..
R0002336_00310.jpg	TEXT_HW	En arkivsida med löpande handskriven text i stycken från arkiv: Kommerskollegium, från serie: Skrivelser från svenska (svensk-norska) konsuler, daterat: 1890-1905..
R0002336_00168.jpg	LINE_HW	En arkivsida med handskriven text organiserad i tabell- eller formulärstruktur från arkiv: Kommerskollegium, från serie: Skrivelser från svenska (svensk-norska) konsuler, daterat: 1890-1905..
R0002336_00147.jpg	TEXT_HW	En arkivsida med löpande handskriven text i stycken från arkiv: Kommerskollegium, från serie: Skrivelser från svenska (svensk-norska) konsuler, daterat: 1890-1905..
R0002336_00123.jpg	TEXT_HW	En arkivsida med löpande handskriven text i stycken från arkiv: Kommerskollegium, från serie: Skrivelser från svenska (svensk-norska) konsuler, daterat: 1890-1905..
R0002336_00180.jpg	TEXT_HW	En arkivsida med löpande handskriven text i stycken från arkiv: Kommerskollegium, från serie: Skrivelser från svenska (svensk-norska) konsuler, daterat: 1890-1905..
R0002336_00318.jpg	TEXT_HW	En arkivsida med löpande handskriven text i stycken från arkiv: Kommerskollegium, från serie: Skrivelser från svenska (svensk-norska) konsuler, daterat: 1890-1905..
A0039282_00045.jpg	LINE_HW	En arkivsida med handskriven text organiserad i tabell- eller formulärstruktur från arkiv: Register till riksregistraturet, från serie: Adressatregister till Riksregistraturet, daterat: 1676-1677..
A0039282_00126.jpg	MISC	En arkivsida med paratextuellt eller blandat innehåll, såsom omslag, titelblad eller annat material utanför huvudtexten från arkiv: Register till riksregistraturet, från serie: Adressatregister till Riksregistraturet, daterat: 1676-1677..
A0039282_00093.jpg	LINE_HW	En arkivsida med handskriven text organiserad i tabell- eller formulärstruktur från arkiv: Register till riksregistraturet, från serie: Adressatregister till Riksregistraturet, daterat: 1676-1677..
A0039282_00006.jpg	MISC	En arkivsida med paratextuellt eller blandat innehåll, såsom omslag, titelblad eller annat material utanför huvudtexten från arkiv: Register till riksregistraturet, från serie: Adressatregister till Riksregistraturet, daterat: 1676-1677..
A0039282_00025.jpg	LINE_HW	En arkivsida med handskriven text organiserad i tabell- eller formulärstruktur från arkiv: Register till riksregistraturet, från serie: Adressatregister till Riksregistraturet, daterat: 1676-1677..
A0039282_00070.jpg	LINE_HW	En arkivsida med handskriven text organiserad i tabell- eller formulärstruktur från arkiv: Register till riksregistraturet, från serie: Adressatregister till Riksregistraturet, daterat: 1676-1677..
30004013_01105.jpg	LINE_MIX	En arkivsida i tabell- eller formulärlayout med blandade textstilar, inklusive handskriven, tryckt och maskinskriven text från arkiv: Kommerskollegium, från serie: Uppgifter om arbetskraft och drivkraft, daterat: 1909..
30004013_00196.jpg	LINE_MIX	En arkivsida i tabell- eller formulärlayout med blandade textstilar, inklusive handskriven, tryckt och maskinskriven text från arkiv: Kommerskollegium, från serie: Uppgifter om arbetskraft och drivkraft, daterat: 1909..
30004013_00376.jpg	LINE_MIX	En arkivsida i tabell- eller formulärlayout med blandade textstilar, inklusive handskriven, tryckt och maskinskriven text från arkiv: Kommerskollegium, från serie: Uppgifter om arbetskraft och drivkraft, daterat: 1909..
30004013_00645.jpg	LINE_TP	En arkivsida med tryckt eller maskinskriven text organiserad i tabell- eller formulärstruktur från arkiv: Kommerskollegium, från serie: Uppgifter om arbetskraft och drivkraft, daterat: 1909..
30004013_00478.jpg	LINE_MIX	En arkivsida i tabell- eller formulärlayout med blandade textstilar, inklusive handskriven, tryckt och maskinskriven text från arkiv: Kommerskollegium, från serie: Uppgifter om arbetskraft och drivkraft, daterat: 1909..
30004013_00084.jpg	LINE_MIX	En arkivsida i tabell- eller formulärlayout med blandade textstilar, inklusive handskriven, tryckt och maskinskriven text från arkiv: Kommerskollegium, från serie: Uppgifter om arbetskraft och drivkraft, daterat: 1909..
A0039276_00163.jpg	LINE_HW	En arkivsida med handskriven text organiserad i tabell- eller formulärstruktur från arkiv: Register till riksregistraturet, från serie: Adressatregister till Riksregistraturet, daterat: 1667-1668..
A0039276_00104.jpg	LINE_HW	En arkivsida med handskriven text organiserad i tabell- eller formulärstruktur från arkiv: Register till riksregistraturet, från serie: Adressatregister till Riksregistraturet, daterat: 1667-1668..
A0039276_00194.jpg	LINE_HW	En arkivsida med handskriven text organiserad i tabell- eller formulärstruktur från arkiv: Register till riksregistraturet, från serie: Adressatregister till Riksregistraturet, daterat: 1667-1668..
A0039276_00183.jpg	LINE_HW	En arkivsida med handskriven text organiserad i tabell- eller formulärstruktur från arkiv: Register till riksregistraturet, från serie: Adressatregister till Riksregistraturet, daterat: 1667-1668..
A0039276_00109.jpg	LINE_HW	En arkivsida med handskriven text organiserad i tabell- eller formulärstruktur från arkiv: Register till riksregistraturet, från serie: Adressatregister till Riksregistraturet, daterat: 1667-1668..
A0039276_00017.jpg	LINE_HW	En arkivsida med handskriven text organiserad i tabell- eller formulärstruktur från arkiv: Register till riksregistraturet, från serie: Adressatregister till Riksregistraturet, daterat: 1667-1668..
A0039316_00158.jpg	LINE_HW	En arkivsida med handskriven text organiserad i tabell- eller formulärstruktur från arkiv: Register till riksregistraturet, från serie: Adressatregister till Riksregistraturet, daterat: 1712..
A0039316_00152.jpg	LINE_HW	En arkivsida med handskriven text organiserad i tabell- eller formulärstruktur från arkiv: Register till riksregistraturet, från serie: Adressatregister till Riksregistraturet, daterat: 1712..
A0039316_00047.jpg	LINE_HW	En arkivsida med handskriven text organiserad i tabell- eller formulärstruktur från arkiv: Register till riksregistraturet, från serie: Adressatregister till Riksregistraturet, daterat: 1712..
A0039316_00042.jpg	LINE_HW	En arkivsida med handskriven text organiserad i tabell- eller formulärstruktur från arkiv: Register till riksregistraturet, från serie: Adressatregister till Riksregistraturet, daterat: 1712..
A0039316_00209.jpg	LINE_HW	En arkivsida med handskriven text organiserad i tabell- eller formulärstruktur från arkiv: Register till riksregistraturet, från serie: Adressatregister till Riksregistraturet, daterat: 1712..
A0039316_00067.jpg	LINE_HW	En arkivsida med handskriven text organiserad i tabell- eller formulärstruktur från arkiv: Register till riksregistraturet, från serie: Adressatregister till Riksregistraturet, daterat: 1712..
A0039278_00035.jpg	LINE_HW	En arkivsida med handskriven text organiserad i tabell- eller formulärstruktur från arkiv: Register till riksregistraturet, från serie: Adressatregister till Riksregistraturet, daterat: 1671-1672..
A0039278_00090.jpg	LINE_HW	En arkivsida med handskriven text organiserad i tabell- eller formulärstruktur från arkiv: Register till riksregistraturet, från serie: Adressatregister till Riksregistraturet, daterat: 1671-1672..
A0039278_00013.jpg	LINE_HW	En arkivsida med handskriven text organiserad i tabell- eller formulärstruktur från arkiv: Register till riksregistraturet, från serie: Adressatregister till Riksregistraturet, daterat: 1671-1672..
A0039278_00049.jpg	LINE_HW	En arkivsida med handskriven text organiserad i tabell- eller formulärstruktur från arkiv: Register till riksregistraturet, från serie: Adressatregister till Riksregistraturet, daterat: 1671-1672..
A0039278_00136.jpg	LINE_HW	En arkivsida med handskriven text organiserad i tabell- eller formulärstruktur från arkiv: Register till riksregistraturet, från serie: Adressatregister till Riksregistraturet, daterat: 1671-1672..
A0039278_00008.jpg	LINE_HW	En arkivsida med handskriven text organiserad i tabell- eller formulärstruktur från arkiv: Register till riksregistraturet, från serie: Adressatregister till Riksregistraturet, daterat: 1671-1672..
A0039202_00061.jpg	LINE_HW	En arkivsida med handskriven text organiserad i tabell- eller formulärstruktur från arkiv: Titularregister till riksregistraturet, från serie: Titularregister till riksregistraturet, daterat: 1666-1672..
A0039202_00110.jpg	LINE_HW	En arkivsida med handskriven text organiserad i tabell- eller formulärstruktur från arkiv: Titularregister till riksregistraturet, från serie: Titularregister till riksregistraturet, daterat: 1666-1672..
A0039202_00141.jpg	LINE_HW	En arkivsida med handskriven text organiserad i tabell- eller formulärstruktur från arkiv: Titularregister till riksregistraturet, från serie: Titularregister till riksregistraturet, daterat: 1666-1672..
A0039202_00130.jpg	LINE_HW	En arkivsida med handskriven text organiserad i tabell- eller formulärstruktur från arkiv: Titularregister till riksregistraturet, från serie: Titularregister till riksregistraturet, daterat: 1666-1672..
A0039258_00105.jpg	LINE_HW	En arkivsida med handskriven text organiserad i tabell- eller formulärstruktur från arkiv: Register till riksregistraturet, från serie: Adressatregister till Riksregistraturet, daterat: 1629..
A0039258_00121.jpg	LINE_HW	En arkivsida med handskriven text organiserad i tabell- eller formulärstruktur från arkiv: Register till riksregistraturet, från serie: Adressatregister till Riksregistraturet, daterat: 1629..
A0039258_00051.jpg	LINE_HW	En arkivsida med handskriven text organiserad i tabell- eller formulärstruktur från arkiv: Register till riksregistraturet, från serie: Adressatregister till Riksregistraturet, daterat: 1629..
A0039258_00009.jpg	LINE_HW	En arkivsida med handskriven text organiserad i tabell- eller formulärstruktur från arkiv: Register till riksregistraturet, från serie: Adressatregister till Riksregistraturet, daterat: 1629..
A0039258_00080.jpg	LINE_HW	En arkivsida med handskriven text organiserad i tabell- eller formulärstruktur från arkiv: Register till riksregistraturet, från serie: Adressatregister till Riksregistraturet, daterat: 1629..
A0039258_00102.jpg	LINE_HW	En arkivsida med handskriven text organiserad i tabell- eller formulärstruktur från arkiv: Register till riksregistraturet, från serie: Adressatregister till Riksregistraturet, daterat: 1629..
A0039223_00030.jpg	LINE_HW	En arkivsida med handskriven text organiserad i tabell- eller formulärstruktur från arkiv: Register till riksregistraturet, från serie: Adressatregister till Riksregistraturet, daterat: 1547-1548..
A0039223_00117.jpg	LINE_HW	En arkivsida med handskriven text organiserad i tabell- eller formulärstruktur från arkiv: Register till riksregistraturet, från serie: Adressatregister till Riksregistraturet, daterat: 1547-1548..
A0039223_00039.jpg	LINE_HW	En arkivsida med handskriven text organiserad i tabell- eller formulärstruktur från arkiv: Register till riksregistraturet, från serie: Adressatregister till Riksregistraturet, daterat: 1547-1548..
A0039223_00145.jpg	LINE_HW	En arkivsida med handskriven text organiserad i tabell- eller formulärstruktur från arkiv: Register till riksregistraturet, från serie: Adressatregister till Riksregistraturet, daterat: 1547-1548..
A0039223_00136.jpg	LINE_HW	En arkivsida med handskriven text organiserad i tabell- eller formulärstruktur från arkiv: Register till riksregistraturet, från serie: Adressatregister till Riksregistraturet, daterat: 1547-1548..
A0039223_00090.jpg	LINE_HW	En arkivsida med handskriven text organiserad i tabell- eller formulärstruktur från arkiv: Register till riksregistraturet, från serie: Adressatregister till Riksregistraturet, daterat: 1547-1548..
A0039255_00026.jpg	LINE_HW	En arkivsida med handskriven text organiserad i tabell- eller formulärstruktur från arkiv: Register till riksregistraturet, från serie: Adressatregister till Riksregistraturet, daterat: 1624-1626..
A0039255_00050.jpg	LINE_HW	En arkivsida med handskriven text organiserad i tabell- eller formulärstruktur från arkiv: Register till riksregistraturet, från serie: Adressatregister till Riksregistraturet, daterat: 1624-1626..
A0039255_00189.jpg	LINE_HW	En arkivsida med handskriven text organiserad i tabell- eller formulärstruktur från arkiv: Register till riksregistraturet, från serie: Adressatregister till Riksregistraturet, daterat: 1624-1626..
A0039255_00025.jpg	LINE_HW	En arkivsida med handskriven text organiserad i tabell- eller formulärstruktur från arkiv: Register till riksregistraturet, från serie: Adressatregister till Riksregistraturet, daterat: 1624-1626..
A0039255_00081.jpg	LINE_HW	En arkivsida med handskriven text organiserad i tabell- eller formulärstruktur från arkiv: Register till riksregistraturet, från serie: Adressatregister till Riksregistraturet, daterat: 1624-1626..
A0039255_00031.jpg	LINE_HW	En arkivsida med handskriven text organiserad i tabell- eller formulärstruktur från arkiv: Register till riksregistraturet, från serie: Adressatregister till Riksregistraturet, daterat: 1624-1626..
A0039313_00053.jpg	LINE_HW	En arkivsida med handskriven text organiserad i tabell- eller formulärstruktur från arkiv: Register till riksregistraturet, från serie: Adressatregister till Riksregistraturet, daterat: 1710-1711..
A0039313_00099.jpg	LINE_HW	En arkivsida med handskriven text organiserad i tabell- eller formulärstruktur från arkiv: Register till riksregistraturet, från serie: Adressatregister till Riksregistraturet, daterat: 1710-1711..
A0039313_00016.jpg	LINE_HW	En arkivsida med handskriven text organiserad i tabell- eller formulärstruktur från arkiv: Register till riksregistraturet, från serie: Adressatregister till Riksregistraturet, daterat: 1710-1711..
A0039313_00106.jpg	LINE_HW	En arkivsida med handskriven text organiserad i tabell- eller formulärstruktur från arkiv: Register till riksregistraturet, från serie: Adressatregister till Riksregistraturet, daterat: 1710-1711..
A0039313_00124.jpg	LINE_HW	En arkivsida med handskriven text organiserad i tabell- eller formulärstruktur från arkiv: Register till riksregistraturet, från serie: Adressatregister till Riksregistraturet, daterat: 1710-1711..
A0039313_00065.jpg	LINE_HW	En arkivsida med handskriven text organiserad i tabell- eller formulärstruktur från arkiv: Register till riksregistraturet, från serie: Adressatregister till Riksregistraturet, daterat: 1710-1711..
30004007_01264.jpg	LINE_MIX	En arkivsida i tabell- eller formulärlayout med blandade textstilar, inklusive handskriven, tryckt och maskinskriven text från arkiv: Kommerskollegium, från serie: Uppgifter om arbetskraft och drivkraft, daterat: 1907..
30004007_00878.jpg	LINE_MIX	En arkivsida i tabell- eller formulärlayout med blandade textstilar, inklusive handskriven, tryckt och maskinskriven text från arkiv: Kommerskollegium, från serie: Uppgifter om arbetskraft och drivkraft, daterat: 1907..
30004007_00124.jpg	LINE_MIX	En arkivsida i tabell- eller formulärlayout med blandade textstilar, inklusive handskriven, tryckt och maskinskriven text från arkiv: Kommerskollegium, från serie: Uppgifter om arbetskraft och drivkraft, daterat: 1907..
30004007_00189.jpg	LINE_TP	En arkivsida med tryckt eller maskinskriven text organiserad i tabell- eller formulärstruktur från arkiv: Kommerskollegium, från serie: Uppgifter om arbetskraft och drivkraft, daterat: 1907..
30004007_01191.jpg	LINE_MIX	En arkivsida i tabell- eller formulärlayout med blandade textstilar, inklusive handskriven, tryckt och maskinskriven text från arkiv: Kommerskollegium, från serie: Uppgifter om arbetskraft och drivkraft, daterat: 1907..
30004007_01154.jpg	LINE_MIX	En arkivsida i tabell- eller formulärlayout med blandade textstilar, inklusive handskriven, tryckt och maskinskriven text från arkiv: Kommerskollegium, från serie: Uppgifter om arbetskraft och drivkraft, daterat: 1907..
Z0000230_00001.jpg	PHOTO	En arkivsida som innehåller ett fotografi eller fotografiskt motiv, ibland placerat i tabell- eller formulärlayout från arkiv: Landshövding Carl Gustaf Lagercrantzs arkiv, från serie: Fotografier, daterat: 1800-tal..
Z0000225_00001.jpg	PHOTO	En arkivsida som innehåller ett fotografi eller fotografiskt motiv, ibland placerat i tabell- eller formulärlayout från arkiv: Landshövding Carl Gustaf Lagercrantzs arkiv, från serie: Fotografier, daterat: 1800-tal..
Z0000335_00001.jpg	PHOTO	En arkivsida som innehåller ett fotografi eller fotografiskt motiv, ibland placerat i tabell- eller formulärlayout från arkiv: Landshövding Carl Gustaf Lagercrantzs arkiv, från serie: Fotografier, daterat: 1800-tal..
Z0000366_00001.jpg	PHOTO	En arkivsida som innehåller ett fotografi eller fotografiskt motiv, ibland placerat i tabell- eller formulärlayout från arkiv: Landshövding Carl Gustaf Lagercrantzs arkiv, från serie: Fotografier, daterat: 1800-tal..
Z0000362_00001.jpg	PHOTO	En arkivsida som innehåller ett fotografi eller fotografiskt motiv, ibland placerat i tabell- eller formulärlayout från arkiv: Landshövding Carl Gustaf Lagercrantzs arkiv, från serie: Fotografier, daterat: 1800-tal..
Z0000309_00001.jpg	PHOTO	En arkivsida som innehåller ett fotografi eller fotografiskt motiv, ibland placerat i tabell- eller formulärlayout från arkiv: Landshövding Carl Gustaf Lagercrantzs arkiv, från serie: Fotografier, daterat: 1800-tal..
Z0000281_00001.jpg	PHOTO	En arkivsida som innehåller ett fotografi eller fotografiskt motiv, ibland placerat i tabell- eller formulärlayout från arkiv: Landshövding Carl Gustaf Lagercrantzs arkiv, från serie: Fotografier, daterat: 1800-tal..
Z0000374_00001.jpg	PHOTO	En arkivsida som innehåller ett fotografi eller fotografiskt motiv, ibland placerat i tabell- eller formulärlayout från arkiv: Landshövding Carl Gustaf Lagercrantzs arkiv, från serie: Fotografier, daterat: 1800-tal..
Z0000370_00001.jpg	PHOTO	En arkivsida som innehåller ett fotografi eller fotografiskt motiv, ibland placerat i tabell- eller formulärlayout från arkiv: Landshövding Carl Gustaf Lagercrantzs arkiv, från serie: Fotografier, daterat: 1800-tal..
Z0000352_00001.jpg	PHOTO	En arkivsida som innehåller ett fotografi eller fotografiskt motiv, ibland placerat i tabell- eller formulärlayout från arkiv: Landshövding Carl Gustaf Lagercrantzs arkiv, från serie: Fotografier, daterat: 1800-tal..
Z0000293_00001.jpg	PHOTO	En arkivsida som innehåller ett fotografi eller fotografiskt motiv, ibland placerat i tabell- eller formulärlayout från arkiv: Landshövding Carl Gustaf Lagercrantzs arkiv, från serie: Fotografier, daterat: 1800-tal..
Z0000371_00001.jpg	PHOTO	En arkivsida som innehåller ett fotografi eller fotografiskt motiv, ibland placerat i tabell- eller formulärlayout från arkiv: Landshövding Carl Gustaf Lagercrantzs arkiv, från serie: Fotografier, daterat: 1800-tal..
Z0000401_00001.jpg	PHOTO	En arkivsida som innehåller ett fotografi eller fotografiskt motiv, ibland placerat i tabell- eller formulärlayout från arkiv: Landshövding Carl Gustaf Lagercrantzs arkiv, från serie: Fotografier, daterat: 1800-tal..
Z0000271_00001.jpg	PHOTO	En arkivsida som innehåller ett fotografi eller fotografiskt motiv, ibland placerat i tabell- eller formulärlayout från arkiv: Landshövding Carl Gustaf Lagercrantzs arkiv, från serie: Fotografier, daterat: 1800-tal..
Z0000353_00001.jpg	PHOTO	En arkivsida som innehåller ett fotografi eller fotografiskt motiv, ibland placerat i tabell- eller formulärlayout från arkiv: Landshövding Carl Gustaf Lagercrantzs arkiv, från serie: Fotografier, daterat: 1800-tal..
Z0000235_00001.jpg	PHOTO	En arkivsida som innehåller ett fotografi eller fotografiskt motiv, ibland placerat i tabell- eller formulärlayout från arkiv: Landshövding Carl Gustaf Lagercrantzs arkiv, från serie: Fotografier, daterat: 1800-tal..
Z0000427_00001.jpg	PHOTO	En arkivsida som innehåller ett fotografi eller fotografiskt motiv, ibland placerat i tabell- eller formulärlayout från arkiv: Landshövding Carl Gustaf Lagercrantzs arkiv, från serie: Fotografier, daterat: 1800-tal..
Z0000430_00001.jpg	PHOTO	En arkivsida som innehåller ett fotografi eller fotografiskt motiv, ibland placerat i tabell- eller formulärlayout från arkiv: Landshövding Carl Gustaf Lagercrantzs arkiv, från serie: Fotografier, daterat: 1800-tal..
Z0000368_00001.jpg	PHOTO	En arkivsida som innehåller ett fotografi eller fotografiskt motiv, ibland placerat i tabell- eller formulärlayout från arkiv: Landshövding Carl Gustaf Lagercrantzs arkiv, från serie: Fotografier, daterat: 1800-tal..
Z0000210_00001.jpg	PHOTO	En arkivsida som innehåller ett fotografi eller fotografiskt motiv, ibland placerat i tabell- eller formulärlayout från arkiv: Landshövding Carl Gustaf Lagercrantzs arkiv, från serie: Fotografier, daterat: 1800-tal..
Z0000372_00001.jpg	PHOTO	En arkivsida som innehåller ett fotografi eller fotografiskt motiv, ibland placerat i tabell- eller formulärlayout från arkiv: Landshövding Carl Gustaf Lagercrantzs arkiv, från serie: Fotografier, daterat: 1800-tal..
Z0000220_00001.jpg	PHOTO	En arkivsida som innehåller ett fotografi eller fotografiskt motiv, ibland placerat i tabell- eller formulärlayout från arkiv: Landshövding Carl Gustaf Lagercrantzs arkiv, från serie: Fotografier, daterat: 1800-tal..
Z0000339_00001.jpg	PHOTO	En arkivsida som innehåller ett fotografi eller fotografiskt motiv, ibland placerat i tabell- eller formulärlayout från arkiv: Landshövding Carl Gustaf Lagercrantzs arkiv, från serie: Fotografier, daterat: 1800-tal..
Z0000291_00001.jpg	PHOTO	En arkivsida som innehåller ett fotografi eller fotografiskt motiv, ibland placerat i tabell- eller formulärlayout från arkiv: Landshövding Carl Gustaf Lagercrantzs arkiv, från serie: Fotografier, daterat: 1800-tal..
Z0000233_00001.jpg	PHOTO	En arkivsida som innehåller ett fotografi eller fotografiskt motiv, ibland placerat i tabell- eller formulärlayout från arkiv: Landshövding Carl Gustaf Lagercrantzs arkiv, från serie: Fotografier, daterat: 1800-tal..
Z0000193_00001.jpg	PHOTO	En arkivsida som innehåller ett fotografi eller fotografiskt motiv, ibland placerat i tabell- eller formulärlayout från arkiv: Landshövding Carl Gustaf Lagercrantzs arkiv, från serie: Fotografier, daterat: 1800-tal..
Z0000345_00001.jpg	PHOTO	En arkivsida som innehåller ett fotografi eller fotografiskt motiv, ibland placerat i tabell- eller formulärlayout från arkiv: Landshövding Carl Gustaf Lagercrantzs arkiv, från serie: Fotografier, daterat: 1800-tal..
Z0000369_00001.jpg	PHOTO	En arkivsida som innehåller ett fotografi eller fotografiskt motiv, ibland placerat i tabell- eller formulärlayout från arkiv: Landshövding Carl Gustaf Lagercrantzs arkiv, från serie: Fotografier, daterat: 1800-tal..
Z0000205_00001.jpg	PHOTO	En arkivsida som innehåller ett fotografi eller fotografiskt motiv, ibland placerat i tabell- eller formulärlayout från arkiv: Landshövding Carl Gustaf Lagercrantzs arkiv, från serie: Fotografier, daterat: 1800-tal..
Z0000218_00001.jpg	PHOTO	En arkivsida som innehåller ett fotografi eller fotografiskt motiv, ibland placerat i tabell- eller formulärlayout från arkiv: Landshövding Carl Gustaf Lagercrantzs arkiv, från serie: Fotografier, daterat: 1800-tal..
Z0000404_00001.jpg	PHOTO	En arkivsida som innehåller ett fotografi eller fotografiskt motiv, ibland placerat i tabell- eller formulärlayout från arkiv: Landshövding Carl Gustaf Lagercrantzs arkiv, från serie: Fotografier, daterat: 1800-tal..
Z0000331_00001.jpg	PHOTO	En arkivsida som innehåller ett fotografi eller fotografiskt motiv, ibland placerat i tabell- eller formulärlayout från arkiv: Landshövding Carl Gustaf Lagercrantzs arkiv, från serie: Fotografier, daterat: 1800-tal..
Z0000287_00001.jpg	PHOTO	En arkivsida som innehåller ett fotografi eller fotografiskt motiv, ibland placerat i tabell- eller formulärlayout från arkiv: Landshövding Carl Gustaf Lagercrantzs arkiv, från serie: Fotografier, daterat: 1800-tal..
Z0000191_00001.jpg	PHOTO	En arkivsida som innehåller ett fotografi eller fotografiskt motiv, ibland placerat i tabell- eller formulärlayout från arkiv: Landshövding Carl Gustaf Lagercrantzs arkiv, från serie: Fotografier, daterat: 1800-tal..
Z0000321_00001.jpg	PHOTO	En arkivsida som innehåller ett fotografi eller fotografiskt motiv, ibland placerat i tabell- eller formulärlayout från arkiv: Landshövding Carl Gustaf Lagercrantzs arkiv, från serie: Fotografier, daterat: 1800-tal..
Z0000276_00001.jpg	PHOTO	En arkivsida som innehåller ett fotografi eller fotografiskt motiv, ibland placerat i tabell- eller formulärlayout från arkiv: Landshövding Carl Gustaf Lagercrantzs arkiv, från serie: Fotografier, daterat: 1800-tal..
Z0000207_00001.jpg	PHOTO	En arkivsida som innehåller ett fotografi eller fotografiskt motiv, ibland placerat i tabell- eller formulärlayout från arkiv: Landshövding Carl Gustaf Lagercrantzs arkiv, från serie: Fotografier, daterat: 1800-tal..
Z0000239_00001.jpg	PHOTO	En arkivsida som innehåller ett fotografi eller fotografiskt motiv, ibland placerat i tabell- eller formulärlayout från arkiv: Landshövding Carl Gustaf Lagercrantzs arkiv, från serie: Fotografier, daterat: 1800-tal..
Z0000325_00001.jpg	PHOTO	En arkivsida som innehåller ett fotografi eller fotografiskt motiv, ibland placerat i tabell- eller formulärlayout från arkiv: Landshövding Carl Gustaf Lagercrantzs arkiv, från serie: Fotografier, daterat: 1800-tal..
Z0000420_00001.jpg	PHOTO	En arkivsida som innehåller ett fotografi eller fotografiskt motiv, ibland placerat i tabell- eller formulärlayout från arkiv: Landshövding Carl Gustaf Lagercrantzs arkiv, från serie: Fotografier, daterat: 1800-tal..
Z0000418_00001.jpg	PHOTO	En arkivsida som innehåller ett fotografi eller fotografiskt motiv, ibland placerat i tabell- eller formulärlayout från arkiv: Landshövding Carl Gustaf Lagercrantzs arkiv, från serie: Fotografier, daterat: 1800-tal..
Z0000424_00001.jpg	PHOTO	En arkivsida som innehåller ett fotografi eller fotografiskt motiv, ibland placerat i tabell- eller formulärlayout från arkiv: Landshövding Carl Gustaf Lagercrantzs arkiv, från serie: Fotografier, daterat: 1800-tal..
Z0000251_00001.jpg	PHOTO	En arkivsida som innehåller ett fotografi eller fotografiskt motiv, ibland placerat i tabell- eller formulärlayout från arkiv: Landshövding Carl Gustaf Lagercrantzs arkiv, från serie: Fotografier, daterat: 1800-tal..
Z0000290_00001.jpg	PHOTO	En arkivsida som innehåller ett fotografi eller fotografiskt motiv, ibland placerat i tabell- eller formulärlayout från arkiv: Landshövding Carl Gustaf Lagercrantzs arkiv, från serie: Fotografier, daterat: 1800-tal..
Z0000212_00001.jpg	PHOTO	En arkivsida som innehåller ett fotografi eller fotografiskt motiv, ibland placerat i tabell- eller formulärlayout från arkiv: Landshövding Carl Gustaf Lagercrantzs arkiv, från serie: Fotografier, daterat: 1800-tal..
Z0000347_00001.jpg	PHOTO	En arkivsida som innehåller ett fotografi eller fotografiskt motiv, ibland placerat i tabell- eller formulärlayout från arkiv: Landshövding Carl Gustaf Lagercrantzs arkiv, från serie: Fotografier, daterat: 1800-tal..
Z0000355_00001.jpg	PHOTO	En arkivsida som innehåller ett fotografi eller fotografiskt motiv, ibland placerat i tabell- eller formulärlayout från arkiv: Landshövding Carl Gustaf Lagercrantzs arkiv, från serie: Fotografier, daterat: 1800-tal..
Z0000272_00001.jpg	PHOTO	En arkivsida som innehåller ett fotografi eller fotografiskt motiv, ibland placerat i tabell- eller formulärlayout från arkiv: Landshövding Carl Gustaf Lagercrantzs arkiv, från serie: Fotografier, daterat: 1800-tal..
Z0000200_00001.jpg	PHOTO	En arkivsida som innehåller ett fotografi eller fotografiskt motiv, ibland placerat i tabell- eller formulärlayout från arkiv: Landshövding Carl Gustaf Lagercrantzs arkiv, från serie: Fotografier, daterat: 1800-tal..
Z0000328_00001.jpg	PHOTO	En arkivsida som innehåller ett fotografi eller fotografiskt motiv, ibland placerat i tabell- eller formulärlayout från arkiv: Landshövding Carl Gustaf Lagercrantzs arkiv, från serie: Fotografier, daterat: 1800-tal..
Z0000344_00001.jpg	PHOTO	En arkivsida som innehåller ett fotografi eller fotografiskt motiv, ibland placerat i tabell- eller formulärlayout från arkiv: Landshövding Carl Gustaf Lagercrantzs arkiv, från serie: Fotografier, daterat: 1800-tal..
Z0000298_00001.jpg	PHOTO	En arkivsida som innehåller ett fotografi eller fotografiskt motiv, ibland placerat i tabell- eller formulärlayout från arkiv: Landshövding Carl Gustaf Lagercrantzs arkiv, från serie: Fotografier, daterat: 1800-tal..
Z0000219_00001.jpg	PHOTO	En arkivsida som innehåller ett fotografi eller fotografiskt motiv, ibland placerat i tabell- eller formulärlayout från arkiv: Landshövding Carl Gustaf Lagercrantzs arkiv, från serie: Fotografier, daterat: 1800-tal..
Z0000274_00001.jpg	PHOTO	En arkivsida som innehåller ett fotografi eller fotografiskt motiv, ibland placerat i tabell- eller formulärlayout från arkiv: Landshövding Carl Gustaf Lagercrantzs arkiv, från serie: Fotografier, daterat: 1800-tal..
Z0000356_00001.jpg	PHOTO	En arkivsida som innehåller ett fotografi eller fotografiskt motiv, ibland placerat i tabell- eller formulärlayout från arkiv: Landshövding Carl Gustaf Lagercrantzs arkiv, från serie: Fotografier, daterat: 1800-tal..
Z0000341_00001.jpg	PHOTO	En arkivsida som innehåller ett fotografi eller fotografiskt motiv, ibland placerat i tabell- eller formulärlayout från arkiv: Landshövding Carl Gustaf Lagercrantzs arkiv, från serie: Fotografier, daterat: 1800-tal..
Z0000410_00001.jpg	PHOTO	En arkivsida som innehåller ett fotografi eller fotografiskt motiv, ibland placerat i tabell- eller formulärlayout från arkiv: Landshövding Carl Gustaf Lagercrantzs arkiv, från serie: Fotografier, daterat: 1800-tal..
Z0000322_00001.jpg	PHOTO	En arkivsida som innehåller ett fotografi eller fotografiskt motiv, ibland placerat i tabell- eller formulärlayout från arkiv: Landshövding Carl Gustaf Lagercrantzs arkiv, från serie: Fotografier, daterat: 1800-tal..
Z0000375_00001.jpg	PHOTO	En arkivsida som innehåller ett fotografi eller fotografiskt motiv, ibland placerat i tabell- eller formulärlayout från arkiv: Landshövding Carl Gustaf Lagercrantzs arkiv, från serie: Fotografier, daterat: 1800-tal..
Z0000223_00001.jpg	PHOTO	En arkivsida som innehåller ett fotografi eller fotografiskt motiv, ibland placerat i tabell- eller formulärlayout från arkiv: Landshövding Carl Gustaf Lagercrantzs arkiv, från serie: Fotografier, daterat: 1800-tal..
Z0000332_00001.jpg	PHOTO	En arkivsida som innehåller ett fotografi eller fotografiskt motiv, ibland placerat i tabell- eller formulärlayout från arkiv: Landshövding Carl Gustaf Lagercrantzs arkiv, från serie: Fotografier, daterat: 1800-tal..
Z0000222_00001.jpg	PHOTO	En arkivsida som innehåller ett fotografi eller fotografiskt motiv, ibland placerat i tabell- eller formulärlayout från arkiv: Landshövding Carl Gustaf Lagercrantzs arkiv, från serie: Fotografier, daterat: 1800-tal..
Z0000384_00001.jpg	PHOTO	En arkivsida som innehåller ett fotografi eller fotografiskt motiv, ibland placerat i tabell- eller formulärlayout från arkiv: Landshövding Carl Gustaf Lagercrantzs arkiv, från serie: Fotografier, daterat: 1800-tal..
Z0000394_00001.jpg	PHOTO	En arkivsida som innehåller ett fotografi eller fotografiskt motiv, ibland placerat i tabell- eller formulärlayout från arkiv: Landshövding Carl Gustaf Lagercrantzs arkiv, från serie: Fotografier, daterat: 1800-tal..
Z0000192_00001.jpg	PHOTO	En arkivsida som innehåller ett fotografi eller fotografiskt motiv, ibland placerat i tabell- eller formulärlayout från arkiv: Landshövding Carl Gustaf Lagercrantzs arkiv, från serie: Fotografier, daterat: 1800-tal..
Z0000323_00001.jpg	PHOTO	En arkivsida som innehåller ett fotografi eller fotografiskt motiv, ibland placerat i tabell- eller formulärlayout från arkiv: Landshövding Carl Gustaf Lagercrantzs arkiv, från serie: Fotografier, daterat: 1800-tal..
Z0000215_00001.jpg	PHOTO	En arkivsida som innehåller ett fotografi eller fotografiskt motiv, ibland placerat i tabell- eller formulärlayout från arkiv: Landshövding Carl Gustaf Lagercrantzs arkiv, från serie: Fotografier, daterat: 1800-tal..
Z0000250_00001.jpg	PHOTO	En arkivsida som innehåller ett fotografi eller fotografiskt motiv, ibland placerat i tabell- eller formulärlayout från arkiv: Landshövding Carl Gustaf Lagercrantzs arkiv, från serie: Fotografier, daterat: 1800-tal..
Z0000383_00001.jpg	PHOTO	En arkivsida som innehåller ett fotografi eller fotografiskt motiv, ibland placerat i tabell- eller formulärlayout från arkiv: Landshövding Carl Gustaf Lagercrantzs arkiv, från serie: Fotografier, daterat: 1800-tal..
Z0000318_00001.jpg	PHOTO	En arkivsida som innehåller ett fotografi eller fotografiskt motiv, ibland placerat i tabell- eller formulärlayout från arkiv: Landshövding Carl Gustaf Lagercrantzs arkiv, från serie: Fotografier, daterat: 1800-tal..
Z0000364_00001.jpg	PHOTO	En arkivsida som innehåller ett fotografi eller fotografiskt motiv, ibland placerat i tabell- eller formulärlayout från arkiv: Landshövding Carl Gustaf Lagercrantzs arkiv, från serie: Fotografier, daterat: 1800-tal..
Z0000408_00001.jpg	PHOTO	En arkivsida som innehåller ett fotografi eller fotografiskt motiv, ibland placerat i tabell- eller formulärlayout från arkiv: Landshövding Carl Gustaf Lagercrantzs arkiv, från serie: Fotografier, daterat: 1800-tal..
Z0000388_00001.jpg	PHOTO	En arkivsida som innehåller ett fotografi eller fotografiskt motiv, ibland placerat i tabell- eller formulärlayout från arkiv: Landshövding Carl Gustaf Lagercrantzs arkiv, från serie: Fotografier, daterat: 1800-tal..
Z0000194_00001.jpg	PHOTO	En arkivsida som innehåller ett fotografi eller fotografiskt motiv, ibland placerat i tabell- eller formulärlayout från arkiv: Landshövding Carl Gustaf Lagercrantzs arkiv, från serie: Fotografier, daterat: 1800-tal..
Z0000242_00001.jpg	PHOTO	En arkivsida som innehåller ett fotografi eller fotografiskt motiv, ibland placerat i tabell- eller formulärlayout från arkiv: Landshövding Carl Gustaf Lagercrantzs arkiv, från serie: Fotografier, daterat: 1800-tal..
Z0000367_00001.jpg	PHOTO	En arkivsida som innehåller ett fotografi eller fotografiskt motiv, ibland placerat i tabell- eller formulärlayout från arkiv: Landshövding Carl Gustaf Lagercrantzs arkiv, från serie: Fotografier, daterat: 1800-tal..
Z0000244_00001.jpg	PHOTO	En arkivsida som innehåller ett fotografi eller fotografiskt motiv, ibland placerat i tabell- eller formulärlayout från arkiv: Landshövding Carl Gustaf Lagercrantzs arkiv, från serie: Fotografier, daterat: 1800-tal..
Z0000273_00001.jpg	PHOTO	En arkivsida som innehåller ett fotografi eller fotografiskt motiv, ibland placerat i tabell- eller formulärlayout från arkiv: Landshövding Carl Gustaf Lagercrantzs arkiv, från serie: Fotografier, daterat: 1800-tal..
Z0000243_00001.jpg	PHOTO	En arkivsida som innehåller ett fotografi eller fotografiskt motiv, ibland placerat i tabell- eller formulärlayout från arkiv: Landshövding Carl Gustaf Lagercrantzs arkiv, från serie: Fotografier, daterat: 1800-tal..
Z0000249_00001.jpg	PHOTO	En arkivsida som innehåller ett fotografi eller fotografiskt motiv, ibland placerat i tabell- eller formulärlayout från arkiv: Landshövding Carl Gustaf Lagercrantzs arkiv, från serie: Fotografier, daterat: 1800-tal..
Z0000324_00001.jpg	PHOTO	En arkivsida som innehåller ett fotografi eller fotografiskt motiv, ibland placerat i tabell- eller formulärlayout från arkiv: Landshövding Carl Gustaf Lagercrantzs arkiv, från serie: Fotografier, daterat: 1800-tal..
Z0000428_00001.jpg	PHOTO	En arkivsida som innehåller ett fotografi eller fotografiskt motiv, ibland placerat i tabell- eller formulärlayout från arkiv: Landshövding Carl Gustaf Lagercrantzs arkiv, från serie: Fotografier, daterat: 1800-tal..
Z0000231_00001.jpg	PHOTO	En arkivsida som innehåller ett fotografi eller fotografiskt motiv, ibland placerat i tabell- eller formulärlayout från arkiv: Landshövding Carl Gustaf Lagercrantzs arkiv, från serie: Fotografier, daterat: 1800-tal..
Z0000376_00001.jpg	PHOTO	En arkivsida som innehåller ett fotografi eller fotografiskt motiv, ibland placerat i tabell- eller formulärlayout från arkiv: Landshövding Carl Gustaf Lagercrantzs arkiv, från serie: Fotografier, daterat: 1800-tal..
Z0000226_00001.jpg	PHOTO	En arkivsida som innehåller ett fotografi eller fotografiskt motiv, ibland placerat i tabell- eller formulärlayout från arkiv: Landshövding Carl Gustaf Lagercrantzs arkiv, från serie: Fotografier, daterat: 1800-tal..
Z0000409_00001.jpg	PHOTO	En arkivsida som innehåller ett fotografi eller fotografiskt motiv, ibland placerat i tabell- eller formulärlayout från arkiv: Landshövding Carl Gustaf Lagercrantzs arkiv, från serie: Fotografier, daterat: 1800-tal..
Z0000310_00001.jpg	PHOTO	En arkivsida som innehåller ett fotografi eller fotografiskt motiv, ibland placerat i tabell- eller formulärlayout från arkiv: Landshövding Carl Gustaf Lagercrantzs arkiv, från serie: Fotografier, daterat: 1800-tal..
Z0000338_00001.jpg	PHOTO	En arkivsida som innehåller ett fotografi eller fotografiskt motiv, ibland placerat i tabell- eller formulärlayout från arkiv: Landshövding Carl Gustaf Lagercrantzs arkiv, från serie: Fotografier, daterat: 1800-tal..
Z0000317_00001.jpg	PHOTO	En arkivsida som innehåller ett fotografi eller fotografiskt motiv, ibland placerat i tabell- eller formulärlayout från arkiv: Landshövding Carl Gustaf Lagercrantzs arkiv, från serie: Fotografier, daterat: 1800-tal..
Z0000248_00001.jpg	PHOTO	En arkivsida som innehåller ett fotografi eller fotografiskt motiv, ibland placerat i tabell- eller formulärlayout från arkiv: Landshövding Carl Gustaf Lagercrantzs arkiv, från serie: Fotografier, daterat: 1800-tal..
Z0000221_00001.jpg	PHOTO	En arkivsida som innehåller ett fotografi eller fotografiskt motiv, ibland placerat i tabell- eller formulärlayout från arkiv: Landshövding Carl Gustaf Lagercrantzs arkiv, från serie: Fotografier, daterat: 1800-tal..
Z0000300_00001.jpg	PHOTO	En arkivsida som innehåller ett fotografi eller fotografiskt motiv, ibland placerat i tabell- eller formulärlayout från arkiv: Landshövding Carl Gustaf Lagercrantzs arkiv, från serie: Fotografier, daterat: 1800-tal..
Z0000227_00001.jpg	PHOTO	En arkivsida som innehåller ett fotografi eller fotografiskt motiv, ibland placerat i tabell- eller formulärlayout från arkiv: Landshövding Carl Gustaf Lagercrantzs arkiv, från serie: Fotografier, daterat: 1800-tal..
Z0000258_00001.jpg	PHOTO	En arkivsida som innehåller ett fotografi eller fotografiskt motiv, ibland placerat i tabell- eller formulärlayout från arkiv: Landshövding Carl Gustaf Lagercrantzs arkiv, från serie: Fotografier, daterat: 1800-tal..
Z0000349_00001.jpg	PHOTO	En arkivsida som innehåller ett fotografi eller fotografiskt motiv, ibland placerat i tabell- eller formulärlayout från arkiv: Landshövding Carl Gustaf Lagercrantzs arkiv, från serie: Fotografier, daterat: 1800-tal..
Z0000439_00001.jpg	PHOTO	En arkivsida som innehåller ett fotografi eller fotografiskt motiv, ibland placerat i tabell- eller formulärlayout från arkiv: Landshövding Carl Gustaf Lagercrantzs arkiv, från serie: Fotografier, daterat: 1800-tal..
Z0000308_00001.jpg	PHOTO	En arkivsida som innehåller ett fotografi eller fotografiskt motiv, ibland placerat i tabell- eller formulärlayout från arkiv: Landshövding Carl Gustaf Lagercrantzs arkiv, från serie: Fotografier, daterat: 1800-tal..
Z0000386_00001.jpg	PHOTO	En arkivsida som innehåller ett fotografi eller fotografiskt motiv, ibland placerat i tabell- eller formulärlayout från arkiv: Landshövding Carl Gustaf Lagercrantzs arkiv, från serie: Fotografier, daterat: 1800-tal..
Z0000433_00001.jpg	PHOTO	En arkivsida som innehåller ett fotografi eller fotografiskt motiv, ibland placerat i tabell- eller formulärlayout från arkiv: Landshövding Carl Gustaf Lagercrantzs arkiv, från serie: Fotografier, daterat: 1800-tal..
Z0000396_00001.jpg	PHOTO	En arkivsida som innehåller ett fotografi eller fotografiskt motiv, ibland placerat i tabell- eller formulärlayout från arkiv: Landshövding Carl Gustaf Lagercrantzs arkiv, från serie: Fotografier, daterat: 1800-tal..
Z0000426_00001.jpg	PHOTO	En arkivsida som innehåller ett fotografi eller fotografiskt motiv, ibland placerat i tabell- eller formulärlayout från arkiv: Landshövding Carl Gustaf Lagercrantzs arkiv, från serie: Fotografier, daterat: 1800-tal..
Z0000407_00001.jpg	PHOTO	En arkivsida som innehåller ett fotografi eller fotografiskt motiv, ibland placerat i tabell- eller formulärlayout från arkiv: Landshövding Carl Gustaf Lagercrantzs arkiv, från serie: Fotografier, daterat: 1800-tal..
Z0000350_00001.jpg	PHOTO	En arkivsida som innehåller ett fotografi eller fotografiskt motiv, ibland placerat i tabell- eller formulärlayout från arkiv: Landshövding Carl Gustaf Lagercrantzs arkiv, från serie: Fotografier, daterat: 1800-tal..
Z0000289_00001.jpg	PHOTO	En arkivsida som innehåller ett fotografi eller fotografiskt motiv, ibland placerat i tabell- eller formulärlayout från arkiv: Landshövding Carl Gustaf Lagercrantzs arkiv, från serie: Fotografier, daterat: 1800-tal..
Z0000253_00001.jpg	PHOTO	En arkivsida som innehåller ett fotografi eller fotografiskt motiv, ibland placerat i tabell- eller formulärlayout från arkiv: Landshövding Carl Gustaf Lagercrantzs arkiv, från serie: Fotografier, daterat: 1800-tal..
Z0000392_00001.jpg	PHOTO	En arkivsida som innehåller ett fotografi eller fotografiskt motiv, ibland placerat i tabell- eller formulärlayout från arkiv: Landshövding Carl Gustaf Lagercrantzs arkiv, från serie: Fotografier, daterat: 1800-tal..
Z0000422_00001.jpg	PHOTO	En arkivsida som innehåller ett fotografi eller fotografiskt motiv, ibland placerat i tabell- eller formulärlayout från arkiv: Landshövding Carl Gustaf Lagercrantzs arkiv, från serie: Fotografier, daterat: 1800-tal..
Z0000399_00001.jpg	PHOTO	En arkivsida som innehåller ett fotografi eller fotografiskt motiv, ibland placerat i tabell- eller formulärlayout från arkiv: Landshövding Carl Gustaf Lagercrantzs arkiv, från serie: Fotografier, daterat: 1800-tal..
Z0000357_00001.jpg	PHOTO	En arkivsida som innehåller ett fotografi eller fotografiskt motiv, ibland placerat i tabell- eller formulärlayout från arkiv: Landshövding Carl Gustaf Lagercrantzs arkiv, från serie: Fotografier, daterat: 1800-tal..
Z0000434_00001.jpg	PHOTO	En arkivsida som innehåller ett fotografi eller fotografiskt motiv, ibland placerat i tabell- eller formulärlayout från arkiv: Landshövding Carl Gustaf Lagercrantzs arkiv, från serie: Fotografier, daterat: 1800-tal..
Z0000263_00001.jpg	PHOTO	En arkivsida som innehåller ett fotografi eller fotografiskt motiv, ibland placerat i tabell- eller formulärlayout från arkiv: Landshövding Carl Gustaf Lagercrantzs arkiv, från serie: Fotografier, daterat: 1800-tal..
Z0000351_00001.jpg	PHOTO	En arkivsida som innehåller ett fotografi eller fotografiskt motiv, ibland placerat i tabell- eller formulärlayout från arkiv: Landshövding Carl Gustaf Lagercrantzs arkiv, från serie: Fotografier, daterat: 1800-tal..
Z0000315_00001.jpg	PHOTO	En arkivsida som innehåller ett fotografi eller fotografiskt motiv, ibland placerat i tabell- eller formulärlayout från arkiv: Landshövding Carl Gustaf Lagercrantzs arkiv, från serie: Fotografier, daterat: 1800-tal..
Z0000279_00001.jpg	PHOTO	En arkivsida som innehåller ett fotografi eller fotografiskt motiv, ibland placerat i tabell- eller formulärlayout från arkiv: Landshövding Carl Gustaf Lagercrantzs arkiv, från serie: Fotografier, daterat: 1800-tal..
Z0000197_00001.jpg	PHOTO	En arkivsida som innehåller ett fotografi eller fotografiskt motiv, ibland placerat i tabell- eller formulärlayout från arkiv: Landshövding Carl Gustaf Lagercrantzs arkiv, från serie: Fotografier, daterat: 1800-tal..
Z0000206_00001.jpg	PHOTO	En arkivsida som innehåller ett fotografi eller fotografiskt motiv, ibland placerat i tabell- eller formulärlayout från arkiv: Landshövding Carl Gustaf Lagercrantzs arkiv, från serie: Fotografier, daterat: 1800-tal..
Z0000266_00001.jpg	PHOTO	En arkivsida som innehåller ett fotografi eller fotografiskt motiv, ibland placerat i tabell- eller formulärlayout från arkiv: Landshövding Carl Gustaf Lagercrantzs arkiv, från serie: Fotografier, daterat: 1800-tal..
Z0000234_00001.jpg	PHOTO	En arkivsida som innehåller ett fotografi eller fotografiskt motiv, ibland placerat i tabell- eller formulärlayout från arkiv: Landshövding Carl Gustaf Lagercrantzs arkiv, från serie: Fotografier, daterat: 1800-tal..
Z0000252_00001.jpg	PHOTO	En arkivsida som innehåller ett fotografi eller fotografiskt motiv, ibland placerat i tabell- eller formulärlayout från arkiv: Landshövding Carl Gustaf Lagercrantzs arkiv, från serie: Fotografier, daterat: 1800-tal..
Z0000373_00001.jpg	PHOTO	En arkivsida som innehåller ett fotografi eller fotografiskt motiv, ibland placerat i tabell- eller formulärlayout från arkiv: Landshövding Carl Gustaf Lagercrantzs arkiv, från serie: Fotografier, daterat: 1800-tal..
Z0000429_00001.jpg	PHOTO	En arkivsida som innehåller ett fotografi eller fotografiskt motiv, ibland placerat i tabell- eller formulärlayout från arkiv: Landshövding Carl Gustaf Lagercrantzs arkiv, från serie: Fotografier, daterat: 1800-tal..
Z0000342_00001.jpg	PHOTO	En arkivsida som innehåller ett fotografi eller fotografiskt motiv, ibland placerat i tabell- eller formulärlayout från arkiv: Landshövding Carl Gustaf Lagercrantzs arkiv, från serie: Fotografier, daterat: 1800-tal..
Z0000425_00001.jpg	PHOTO	En arkivsida som innehåller ett fotografi eller fotografiskt motiv, ibland placerat i tabell- eller formulärlayout från arkiv: Landshövding Carl Gustaf Lagercrantzs arkiv, från serie: Fotografier, daterat: 1800-tal..
Z0000316_00001.jpg	PHOTO	En arkivsida som innehåller ett fotografi eller fotografiskt motiv, ibland placerat i tabell- eller formulärlayout från arkiv: Landshövding Carl Gustaf Lagercrantzs arkiv, från serie: Fotografier, daterat: 1800-tal..
Z0000327_00001.jpg	PHOTO	En arkivsida som innehåller ett fotografi eller fotografiskt motiv, ibland placerat i tabell- eller formulärlayout från arkiv: Landshövding Carl Gustaf Lagercrantzs arkiv, från serie: Fotografier, daterat: 1800-tal..
Z0000378_00001.jpg	PHOTO	En arkivsida som innehåller ett fotografi eller fotografiskt motiv, ibland placerat i tabell- eller formulärlayout från arkiv: Landshövding Carl Gustaf Lagercrantzs arkiv, från serie: Fotografier, daterat: 1800-tal..
Z0000232_00001.jpg	PHOTO	En arkivsida som innehåller ett fotografi eller fotografiskt motiv, ibland placerat i tabell- eller formulärlayout från arkiv: Landshövding Carl Gustaf Lagercrantzs arkiv, från serie: Fotografier, daterat: 1800-tal..
Z0000292_00001.jpg	PHOTO	En arkivsida som innehåller ett fotografi eller fotografiskt motiv, ibland placerat i tabell- eller formulärlayout från arkiv: Landshövding Carl Gustaf Lagercrantzs arkiv, från serie: Fotografier, daterat: 1800-tal..
Z0000208_00001.jpg	PHOTO	En arkivsida som innehåller ett fotografi eller fotografiskt motiv, ibland placerat i tabell- eller formulärlayout från arkiv: Landshövding Carl Gustaf Lagercrantzs arkiv, från serie: Fotografier, daterat: 1800-tal..
Z0000213_00001.jpg	PHOTO	En arkivsida som innehåller ett fotografi eller fotografiskt motiv, ibland placerat i tabell- eller formulärlayout från arkiv: Landshövding Carl Gustaf Lagercrantzs arkiv, från serie: Fotografier, daterat: 1800-tal..
Z0000329_00001.jpg	PHOTO	En arkivsida som innehåller ett fotografi eller fotografiskt motiv, ibland placerat i tabell- eller formulärlayout från arkiv: Landshövding Carl Gustaf Lagercrantzs arkiv, från serie: Fotografier, daterat: 1800-tal..
Z0000403_00001.jpg	PHOTO	En arkivsida som innehåller ett fotografi eller fotografiskt motiv, ibland placerat i tabell- eller formulärlayout från arkiv: Landshövding Carl Gustaf Lagercrantzs arkiv, från serie: Fotografier, daterat: 1800-tal..
Z0000389_00001.jpg	PHOTO	En arkivsida som innehåller ett fotografi eller fotografiskt motiv, ibland placerat i tabell- eller formulärlayout från arkiv: Landshövding Carl Gustaf Lagercrantzs arkiv, från serie: Fotografier, daterat: 1800-tal..
Z0000255_00001.jpg	PHOTO	En arkivsida som innehåller ett fotografi eller fotografiskt motiv, ibland placerat i tabell- eller formulärlayout från arkiv: Landshövding Carl Gustaf Lagercrantzs arkiv, från serie: Fotografier, daterat: 1800-tal..
Z0000400_00001.jpg	PHOTO	En arkivsida som innehåller ett fotografi eller fotografiskt motiv, ibland placerat i tabell- eller formulärlayout från arkiv: Landshövding Carl Gustaf Lagercrantzs arkiv, från serie: Fotografier, daterat: 1800-tal..
Z0000297_00001.jpg	PHOTO	En arkivsida som innehåller ett fotografi eller fotografiskt motiv, ibland placerat i tabell- eller formulärlayout från arkiv: Landshövding Carl Gustaf Lagercrantzs arkiv, från serie: Fotografier, daterat: 1800-tal..
Z0000390_00001.jpg	PHOTO	En arkivsida som innehåller ett fotografi eller fotografiskt motiv, ibland placerat i tabell- eller formulärlayout från arkiv: Landshövding Carl Gustaf Lagercrantzs arkiv, från serie: Fotografier, daterat: 1800-tal..
Z0000189_00001.jpg	PHOTO	En arkivsida som innehåller ett fotografi eller fotografiskt motiv, ibland placerat i tabell- eller formulärlayout från arkiv: Landshövding Carl Gustaf Lagercrantzs arkiv, från serie: Fotografier, daterat: 1800-tal..
Z0000211_00001.jpg	PHOTO	En arkivsida som innehåller ett fotografi eller fotografiskt motiv, ibland placerat i tabell- eller formulärlayout från arkiv: Landshövding Carl Gustaf Lagercrantzs arkiv, från serie: Fotografier, daterat: 1800-tal..
Z0000382_00001.jpg	PHOTO	En arkivsida som innehåller ett fotografi eller fotografiskt motiv, ibland placerat i tabell- eller formulärlayout från arkiv: Landshövding Carl Gustaf Lagercrantzs arkiv, från serie: Fotografier, daterat: 1800-tal..
Z0000202_00001.jpg	PHOTO	En arkivsida som innehåller ett fotografi eller fotografiskt motiv, ibland placerat i tabell- eller formulärlayout från arkiv: Landshövding Carl Gustaf Lagercrantzs arkiv, från serie: Fotografier, daterat: 1800-tal..
Z0000413_00001.jpg	PHOTO	En arkivsida som innehåller ett fotografi eller fotografiskt motiv, ibland placerat i tabell- eller formulärlayout från arkiv: Landshövding Carl Gustaf Lagercrantzs arkiv, från serie: Fotografier, daterat: 1800-tal..
Z0000415_00001.jpg	PHOTO	En arkivsida som innehåller ett fotografi eller fotografiskt motiv, ibland placerat i tabell- eller formulärlayout från arkiv: Landshövding Carl Gustaf Lagercrantzs arkiv, från serie: Fotografier, daterat: 1800-tal..
Z0000312_00001.jpg	PHOTO	En arkivsida som innehåller ett fotografi eller fotografiskt motiv, ibland placerat i tabell- eller formulärlayout från arkiv: Landshövding Carl Gustaf Lagercrantzs arkiv, från serie: Fotografier, daterat: 1800-tal..
Z0000282_00001.jpg	PHOTO	En arkivsida som innehåller ett fotografi eller fotografiskt motiv, ibland placerat i tabell- eller formulärlayout från arkiv: Landshövding Carl Gustaf Lagercrantzs arkiv, från serie: Fotografier, daterat: 1800-tal..
Z0000334_00001.jpg	PHOTO	En arkivsida som innehåller ett fotografi eller fotografiskt motiv, ibland placerat i tabell- eller formulärlayout från arkiv: Landshövding Carl Gustaf Lagercrantzs arkiv, från serie: Fotografier, daterat: 1800-tal..
Z0000423_00001.jpg	PHOTO	En arkivsida som innehåller ett fotografi eller fotografiskt motiv, ibland placerat i tabell- eller formulärlayout från arkiv: Landshövding Carl Gustaf Lagercrantzs arkiv, från serie: Fotografier, daterat: 1800-tal..
Z0000286_00001.jpg	PHOTO	En arkivsida som innehåller ett fotografi eller fotografiskt motiv, ibland placerat i tabell- eller formulärlayout från arkiv: Landshövding Carl Gustaf Lagercrantzs arkiv, från serie: Fotografier, daterat: 1800-tal..
Z0000295_00001.jpg	PHOTO	En arkivsida som innehåller ett fotografi eller fotografiskt motiv, ibland placerat i tabell- eller formulärlayout från arkiv: Landshövding Carl Gustaf Lagercrantzs arkiv, från serie: Fotografier, daterat: 1800-tal..
Z0000326_00001.jpg	PHOTO	En arkivsida som innehåller ett fotografi eller fotografiskt motiv, ibland placerat i tabell- eller formulärlayout från arkiv: Landshövding Carl Gustaf Lagercrantzs arkiv, från serie: Fotografier, daterat: 1800-tal..
Z0000343_00001.jpg	PHOTO	En arkivsida som innehåller ett fotografi eller fotografiskt motiv, ibland placerat i tabell- eller formulärlayout från arkiv: Landshövding Carl Gustaf Lagercrantzs arkiv, från serie: Fotografier, daterat: 1800-tal..
Z0000395_00001.jpg	PHOTO	En arkivsida som innehåller ett fotografi eller fotografiskt motiv, ibland placerat i tabell- eller formulärlayout från arkiv: Landshövding Carl Gustaf Lagercrantzs arkiv, från serie: Fotografier, daterat: 1800-tal..
Z0000305_00001.jpg	PHOTO	En arkivsida som innehåller ett fotografi eller fotografiskt motiv, ibland placerat i tabell- eller formulärlayout från arkiv: Landshövding Carl Gustaf Lagercrantzs arkiv, från serie: Fotografier, daterat: 1800-tal..
Z0000196_00001.jpg	PHOTO	En arkivsida som innehåller ett fotografi eller fotografiskt motiv, ibland placerat i tabell- eller formulärlayout från arkiv: Landshövding Carl Gustaf Lagercrantzs arkiv, från serie: Fotografier, daterat: 1800-tal..
Z0000379_00001.jpg	PHOTO	En arkivsida som innehåller ett fotografi eller fotografiskt motiv, ibland placerat i tabell- eller formulärlayout från arkiv: Landshövding Carl Gustaf Lagercrantzs arkiv, från serie: Fotografier, daterat: 1800-tal..
Z0000199_00001.jpg	PHOTO	En arkivsida som innehåller ett fotografi eller fotografiskt motiv, ibland placerat i tabell- eller formulärlayout från arkiv: Landshövding Carl Gustaf Lagercrantzs arkiv, från serie: Fotografier, daterat: 1800-tal..
Z0000416_00001.jpg	PHOTO	En arkivsida som innehåller ett fotografi eller fotografiskt motiv, ibland placerat i tabell- eller formulärlayout från arkiv: Landshövding Carl Gustaf Lagercrantzs arkiv, från serie: Fotografier, daterat: 1800-tal..
Z0000398_00001.jpg	PHOTO	En arkivsida som innehåller ett fotografi eller fotografiskt motiv, ibland placerat i tabell- eller formulärlayout från arkiv: Landshövding Carl Gustaf Lagercrantzs arkiv, från serie: Fotografier, daterat: 1800-tal..
Z0000440_00001.jpg	PHOTO	En arkivsida som innehåller ett fotografi eller fotografiskt motiv, ibland placerat i tabell- eller formulärlayout från arkiv: Landshövding Carl Gustaf Lagercrantzs arkiv, från serie: Fotografier, daterat: 1800-tal..
Z0000391_00001.jpg	PHOTO	En arkivsida som innehåller ett fotografi eller fotografiskt motiv, ibland placerat i tabell- eller formulärlayout från arkiv: Landshövding Carl Gustaf Lagercrantzs arkiv, från serie: Fotografier, daterat: 1800-tal..
Z0000280_00001.jpg	PHOTO	En arkivsida som innehåller ett fotografi eller fotografiskt motiv, ibland placerat i tabell- eller formulärlayout från arkiv: Landshövding Carl Gustaf Lagercrantzs arkiv, från serie: Fotografier, daterat: 1800-tal..
Z0000380_00001.jpg	PHOTO	En arkivsida som innehåller ett fotografi eller fotografiskt motiv, ibland placerat i tabell- eller formulärlayout från arkiv: Landshövding Carl Gustaf Lagercrantzs arkiv, från serie: Fotografier, daterat: 1800-tal..
Z0000354_00001.jpg	PHOTO	En arkivsida som innehåller ett fotografi eller fotografiskt motiv, ibland placerat i tabell- eller formulärlayout från arkiv: Landshövding Carl Gustaf Lagercrantzs arkiv, från serie: Fotografier, daterat: 1800-tal..
Z0000406_00001.jpg	PHOTO	En arkivsida som innehåller ett fotografi eller fotografiskt motiv, ibland placerat i tabell- eller formulärlayout från arkiv: Landshövding Carl Gustaf Lagercrantzs arkiv, från serie: Fotografier, daterat: 1800-tal..
Z0000365_00001.jpg	PHOTO	En arkivsida som innehåller ett fotografi eller fotografiskt motiv, ibland placerat i tabell- eller formulärlayout från arkiv: Landshövding Carl Gustaf Lagercrantzs arkiv, från serie: Fotografier, daterat: 1800-tal..
Z0000337_00001.jpg	PHOTO	En arkivsida som innehåller ett fotografi eller fotografiskt motiv, ibland placerat i tabell- eller formulärlayout från arkiv: Landshövding Carl Gustaf Lagercrantzs arkiv, från serie: Fotografier, daterat: 1800-tal..
Z0000307_00001.jpg	PHOTO	En arkivsida som innehåller ett fotografi eller fotografiskt motiv, ibland placerat i tabell- eller formulärlayout från arkiv: Landshövding Carl Gustaf Lagercrantzs arkiv, från serie: Fotografier, daterat: 1800-tal..
40009744_00001.jpg	MISC	En arkivsida med paratextuellt eller blandat innehåll, såsom omslag, titelblad eller annat material utanför huvudtexten från arkiv: Söderbloms gjuteriaktiebolag i Eskilstuna, från serie: Fotografier, daterat: 1899-1909..
40009744_00002.jpg	MISC	En arkivsida med paratextuellt eller blandat innehåll, såsom omslag, titelblad eller annat material utanför huvudtexten från arkiv: Söderbloms gjuteriaktiebolag i Eskilstuna, från serie: Fotografier, daterat: 1899-1909..
40009744_00003.jpg	PHOTO	En arkivsida som innehåller ett fotografi eller fotografiskt motiv, ibland placerat i tabell- eller formulärlayout från arkiv: Söderbloms gjuteriaktiebolag i Eskilstuna, från serie: Fotografier, daterat: 1899-1909..
40009744_00004.jpg	PHOTO	En arkivsida som innehåller ett fotografi eller fotografiskt motiv, ibland placerat i tabell- eller formulärlayout från arkiv: Söderbloms gjuteriaktiebolag i Eskilstuna, från serie: Fotografier, daterat: 1899-1909..
40009744_00005.jpg	PHOTO	En arkivsida som innehåller ett fotografi eller fotografiskt motiv, ibland placerat i tabell- eller formulärlayout från arkiv: Söderbloms gjuteriaktiebolag i Eskilstuna, från serie: Fotografier, daterat: 1899-1909..
40009744_00006.jpg	MISC	En arkivsida med paratextuellt eller blandat innehåll, såsom omslag, titelblad eller annat material utanför huvudtexten från arkiv: Söderbloms gjuteriaktiebolag i Eskilstuna, från serie: Fotografier, daterat: 1899-1909..
Z0000431_00001.jpg	PHOTO	En arkivsida som innehåller ett fotografi eller fotografiskt motiv, ibland placerat i tabell- eller formulärlayout från arkiv: Landshövding Carl Gustaf Lagercrantzs arkiv, från serie: Fotografier, daterat: 1800-tal..
Z0000224_00001.jpg	PHOTO	En arkivsida som innehåller ett fotografi eller fotografiskt motiv, ibland placerat i tabell- eller formulärlayout från arkiv: Landshövding Carl Gustaf Lagercrantzs arkiv, från serie: Fotografier, daterat: 1800-tal..
Z0000236_00001.jpg	PHOTO	En arkivsida som innehåller ett fotografi eller fotografiskt motiv, ibland placerat i tabell- eller formulärlayout från arkiv: Landshövding Carl Gustaf Lagercrantzs arkiv, från serie: Fotografier, daterat: 1800-tal..
Z0000358_00001.jpg	PHOTO	En arkivsida som innehåller ett fotografi eller fotografiskt motiv, ibland placerat i tabell- eller formulärlayout från arkiv: Landshövding Carl Gustaf Lagercrantzs arkiv, från serie: Fotografier, daterat: 1800-tal..
Z0000393_00001.jpg	PHOTO	En arkivsida som innehåller ett fotografi eller fotografiskt motiv, ibland placerat i tabell- eller formulärlayout från arkiv: Landshövding Carl Gustaf Lagercrantzs arkiv, från serie: Fotografier, daterat: 1800-tal..
Z0000330_00001.jpg	PHOTO	En arkivsida som innehåller ett fotografi eller fotografiskt motiv, ibland placerat i tabell- eller formulärlayout från arkiv: Landshövding Carl Gustaf Lagercrantzs arkiv, från serie: Fotografier, daterat: 1800-tal..
Z0000270_00001.jpg	PHOTO	En arkivsida som innehåller ett fotografi eller fotografiskt motiv, ibland placerat i tabell- eller formulärlayout från arkiv: Landshövding Carl Gustaf Lagercrantzs arkiv, från serie: Fotografier, daterat: 1800-tal..
Z0000320_00001.jpg	PHOTO	En arkivsida som innehåller ett fotografi eller fotografiskt motiv, ibland placerat i tabell- eller formulärlayout från arkiv: Landshövding Carl Gustaf Lagercrantzs arkiv, från serie: Fotografier, daterat: 1800-tal..
Z0000361_00001.jpg	PHOTO	En arkivsida som innehåller ett fotografi eller fotografiskt motiv, ibland placerat i tabell- eller formulärlayout från arkiv: Landshövding Carl Gustaf Lagercrantzs arkiv, från serie: Fotografier, daterat: 1800-tal..
Z0000419_00001.jpg	PHOTO	En arkivsida som innehåller ett fotografi eller fotografiskt motiv, ibland placerat i tabell- eller formulärlayout från arkiv: Landshövding Carl Gustaf Lagercrantzs arkiv, från serie: Fotografier, daterat: 1800-tal..
Z0000414_00001.jpg	PHOTO	En arkivsida som innehåller ett fotografi eller fotografiskt motiv, ibland placerat i tabell- eller formulärlayout från arkiv: Landshövding Carl Gustaf Lagercrantzs arkiv, från serie: Fotografier, daterat: 1800-tal..
Z0000245_00001.jpg	PHOTO	En arkivsida som innehåller ett fotografi eller fotografiskt motiv, ibland placerat i tabell- eller formulärlayout från arkiv: Landshövding Carl Gustaf Lagercrantzs arkiv, från serie: Fotografier, daterat: 1800-tal..
Z0000437_00001.jpg	PHOTO	En arkivsida som innehåller ett fotografi eller fotografiskt motiv, ibland placerat i tabell- eller formulärlayout från arkiv: Landshövding Carl Gustaf Lagercrantzs arkiv, från serie: Fotografier, daterat: 1800-tal..
Z0000412_00001.jpg	PHOTO	En arkivsida som innehåller ett fotografi eller fotografiskt motiv, ibland placerat i tabell- eller formulärlayout från arkiv: Landshövding Carl Gustaf Lagercrantzs arkiv, från serie: Fotografier, daterat: 1800-tal..
Z0000247_00001.jpg	PHOTO	En arkivsida som innehåller ett fotografi eller fotografiskt motiv, ibland placerat i tabell- eller formulärlayout från arkiv: Landshövding Carl Gustaf Lagercrantzs arkiv, från serie: Fotografier, daterat: 1800-tal..
Z0000262_00001.jpg	PHOTO	En arkivsida som innehåller ett fotografi eller fotografiskt motiv, ibland placerat i tabell- eller formulärlayout från arkiv: Landshövding Carl Gustaf Lagercrantzs arkiv, från serie: Fotografier, daterat: 1800-tal..
Z0000314_00001.jpg	PHOTO	En arkivsida som innehåller ett fotografi eller fotografiskt motiv, ibland placerat i tabell- eller formulärlayout från arkiv: Landshövding Carl Gustaf Lagercrantzs arkiv, från serie: Fotografier, daterat: 1800-tal..
Z0000277_00001.jpg	PHOTO	En arkivsida som innehåller ett fotografi eller fotografiskt motiv, ibland placerat i tabell- eller formulärlayout från arkiv: Landshövding Carl Gustaf Lagercrantzs arkiv, från serie: Fotografier, daterat: 1800-tal..
Z0000348_00001.jpg	PHOTO	En arkivsida som innehåller ett fotografi eller fotografiskt motiv, ibland placerat i tabell- eller formulärlayout från arkiv: Landshövding Carl Gustaf Lagercrantzs arkiv, från serie: Fotografier, daterat: 1800-tal..
Z0000436_00001.jpg	PHOTO	En arkivsida som innehåller ett fotografi eller fotografiskt motiv, ibland placerat i tabell- eller formulärlayout från arkiv: Landshövding Carl Gustaf Lagercrantzs arkiv, från serie: Fotografier, daterat: 1800-tal..
Z0000209_00001.jpg	PHOTO	En arkivsida som innehåller ett fotografi eller fotografiskt motiv, ibland placerat i tabell- eller formulärlayout från arkiv: Landshövding Carl Gustaf Lagercrantzs arkiv, från serie: Fotografier, daterat: 1800-tal..
Z0000214_00001.jpg	PHOTO	En arkivsida som innehåller ett fotografi eller fotografiskt motiv, ibland placerat i tabell- eller formulärlayout från arkiv: Landshövding Carl Gustaf Lagercrantzs arkiv, från serie: Fotografier, daterat: 1800-tal..
Z0000402_00001.jpg	PHOTO	En arkivsida som innehåller ett fotografi eller fotografiskt motiv, ibland placerat i tabell- eller formulärlayout från arkiv: Landshövding Carl Gustaf Lagercrantzs arkiv, från serie: Fotografier, daterat: 1800-tal..
Z0000302_00001.jpg	PHOTO	En arkivsida som innehåller ett fotografi eller fotografiskt motiv, ibland placerat i tabell- eller formulärlayout från arkiv: Landshövding Carl Gustaf Lagercrantzs arkiv, från serie: Fotografier, daterat: 1800-tal..
Z0000302_00002.jpg	PHOTO	En arkivsida som innehåller ett fotografi eller fotografiskt motiv, ibland placerat i tabell- eller formulärlayout från arkiv: Landshövding Carl Gustaf Lagercrantzs arkiv, från serie: Fotografier, daterat: 1800-tal..
Z0000306_00001.jpg	PHOTO	En arkivsida som innehåller ett fotografi eller fotografiskt motiv, ibland placerat i tabell- eller formulärlayout från arkiv: Landshövding Carl Gustaf Lagercrantzs arkiv, från serie: Fotografier, daterat: 1800-tal..
Z0000217_00001.jpg	PHOTO	En arkivsida som innehåller ett fotografi eller fotografiskt motiv, ibland placerat i tabell- eller formulärlayout från arkiv: Landshövding Carl Gustaf Lagercrantzs arkiv, från serie: Fotografier, daterat: 1800-tal..
Z0000359_00001.jpg	PHOTO	En arkivsida som innehåller ett fotografi eller fotografiskt motiv, ibland placerat i tabell- eller formulärlayout från arkiv: Landshövding Carl Gustaf Lagercrantzs arkiv, från serie: Fotografier, daterat: 1800-tal..
Z0000241_00001.jpg	PHOTO	En arkivsida som innehåller ett fotografi eller fotografiskt motiv, ibland placerat i tabell- eller formulärlayout från arkiv: Landshövding Carl Gustaf Lagercrantzs arkiv, från serie: Fotografier, daterat: 1800-tal..
Z0000195_00001.jpg	PHOTO	En arkivsida som innehåller ett fotografi eller fotografiskt motiv, ibland placerat i tabell- eller formulärlayout från arkiv: Landshövding Carl Gustaf Lagercrantzs arkiv, från serie: Fotografier, daterat: 1800-tal..
Z0000397_00001.jpg	PHOTO	En arkivsida som innehåller ett fotografi eller fotografiskt motiv, ibland placerat i tabell- eller formulärlayout från arkiv: Landshövding Carl Gustaf Lagercrantzs arkiv, från serie: Fotografier, daterat: 1800-tal..
Z0000288_00001.jpg	PHOTO	En arkivsida som innehåller ett fotografi eller fotografiskt motiv, ibland placerat i tabell- eller formulärlayout från arkiv: Landshövding Carl Gustaf Lagercrantzs arkiv, från serie: Fotografier, daterat: 1800-tal..
Z0000254_00001.jpg	PHOTO	En arkivsida som innehåller ett fotografi eller fotografiskt motiv, ibland placerat i tabell- eller formulärlayout från arkiv: Landshövding Carl Gustaf Lagercrantzs arkiv, från serie: Fotografier, daterat: 1800-tal..
Z0000432_00001.jpg	PHOTO	En arkivsida som innehåller ett fotografi eller fotografiskt motiv, ibland placerat i tabell- eller formulärlayout från arkiv: Landshövding Carl Gustaf Lagercrantzs arkiv, från serie: Fotografier, daterat: 1800-tal..
Z0000261_00001.jpg	PHOTO	En arkivsida som innehåller ett fotografi eller fotografiskt motiv, ibland placerat i tabell- eller formulärlayout från arkiv: Landshövding Carl Gustaf Lagercrantzs arkiv, från serie: Fotografier, daterat: 1800-tal..
Z0000387_00001.jpg	PHOTO	En arkivsida som innehåller ett fotografi eller fotografiskt motiv, ibland placerat i tabell- eller formulärlayout från arkiv: Landshövding Carl Gustaf Lagercrantzs arkiv, från serie: Fotografier, daterat: 1800-tal..
Z0000240_00001.jpg	PHOTO	En arkivsida som innehåller ett fotografi eller fotografiskt motiv, ibland placerat i tabell- eller formulärlayout från arkiv: Landshövding Carl Gustaf Lagercrantzs arkiv, från serie: Fotografier, daterat: 1800-tal..
Z0000265_00001.jpg	PHOTO	En arkivsida som innehåller ett fotografi eller fotografiskt motiv, ibland placerat i tabell- eller formulärlayout från arkiv: Landshövding Carl Gustaf Lagercrantzs arkiv, från serie: Fotografier, daterat: 1800-tal..
Z0000313_00001.jpg	PHOTO	En arkivsida som innehåller ett fotografi eller fotografiskt motiv, ibland placerat i tabell- eller formulärlayout från arkiv: Landshövding Carl Gustaf Lagercrantzs arkiv, från serie: Fotografier, daterat: 1800-tal..
Z0000301_00001.jpg	PHOTO	En arkivsida som innehåller ett fotografi eller fotografiskt motiv, ibland placerat i tabell- eller formulärlayout från arkiv: Landshövding Carl Gustaf Lagercrantzs arkiv, från serie: Fotografier, daterat: 1800-tal..
Z0000198_00001.jpg	PHOTO	En arkivsida som innehåller ett fotografi eller fotografiskt motiv, ibland placerat i tabell- eller formulärlayout från arkiv: Landshövding Carl Gustaf Lagercrantzs arkiv, från serie: Fotografier, daterat: 1800-tal..
Z0000275_00001.jpg	PHOTO	En arkivsida som innehåller ett fotografi eller fotografiskt motiv, ibland placerat i tabell- eller formulärlayout från arkiv: Landshövding Carl Gustaf Lagercrantzs arkiv, från serie: Fotografier, daterat: 1800-tal..
Z0000285_00001.jpg	PHOTO	En arkivsida som innehåller ett fotografi eller fotografiskt motiv, ibland placerat i tabell- eller formulärlayout från arkiv: Landshövding Carl Gustaf Lagercrantzs arkiv, från serie: Fotografier, daterat: 1800-tal..
Z0000201_00001.jpg	PHOTO	En arkivsida som innehåller ett fotografi eller fotografiskt motiv, ibland placerat i tabell- eller formulärlayout från arkiv: Landshövding Carl Gustaf Lagercrantzs arkiv, från serie: Fotografier, daterat: 1800-tal..
Z0000269_00001.jpg	PHOTO	En arkivsida som innehåller ett fotografi eller fotografiskt motiv, ibland placerat i tabell- eller formulärlayout från arkiv: Landshövding Carl Gustaf Lagercrantzs arkiv, från serie: Fotografier, daterat: 1800-tal..
Z0000190_00001.jpg	PHOTO	En arkivsida som innehåller ett fotografi eller fotografiskt motiv, ibland placerat i tabell- eller formulärlayout från arkiv: Landshövding Carl Gustaf Lagercrantzs arkiv, från serie: Fotografier, daterat: 1800-tal..
Z0000256_00001.jpg	PHOTO	En arkivsida som innehåller ett fotografi eller fotografiskt motiv, ibland placerat i tabell- eller formulärlayout från arkiv: Landshövding Carl Gustaf Lagercrantzs arkiv, från serie: Fotografier, daterat: 1800-tal..
Z0000405_00001.jpg	PHOTO	En arkivsida som innehåller ett fotografi eller fotografiskt motiv, ibland placerat i tabell- eller formulärlayout från arkiv: Landshövding Carl Gustaf Lagercrantzs arkiv, från serie: Fotografier, daterat: 1800-tal..
Z0000421_00001.jpg	PHOTO	En arkivsida som innehåller ett fotografi eller fotografiskt motiv, ibland placerat i tabell- eller formulärlayout från arkiv: Landshövding Carl Gustaf Lagercrantzs arkiv, från serie: Fotografier, daterat: 1800-tal..
Z0000435_00001.jpg	PHOTO	En arkivsida som innehåller ett fotografi eller fotografiskt motiv, ibland placerat i tabell- eller formulärlayout från arkiv: Landshövding Carl Gustaf Lagercrantzs arkiv, från serie: Fotografier, daterat: 1800-tal..
Z0000385_00001.jpg	PHOTO	En arkivsida som innehåller ett fotografi eller fotografiskt motiv, ibland placerat i tabell- eller formulärlayout från arkiv: Landshövding Carl Gustaf Lagercrantzs arkiv, från serie: Fotografier, daterat: 1800-tal..
Z0000238_00001.jpg	PHOTO	En arkivsida som innehåller ett fotografi eller fotografiskt motiv, ibland placerat i tabell- eller formulärlayout från arkiv: Landshövding Carl Gustaf Lagercrantzs arkiv, från serie: Fotografier, daterat: 1800-tal..
Z0000303_00001.jpg	PHOTO	En arkivsida som innehåller ett fotografi eller fotografiskt motiv, ibland placerat i tabell- eller formulärlayout från arkiv: Landshövding Carl Gustaf Lagercrantzs arkiv, från serie: Fotografier, daterat: 1800-tal..
Z0000259_00001.jpg	PHOTO	En arkivsida som innehåller ett fotografi eller fotografiskt motiv, ibland placerat i tabell- eller formulärlayout från arkiv: Landshövding Carl Gustaf Lagercrantzs arkiv, från serie: Fotografier, daterat: 1800-tal..
Z0000216_00001.jpg	PHOTO	En arkivsida som innehåller ett fotografi eller fotografiskt motiv, ibland placerat i tabell- eller formulärlayout från arkiv: Landshövding Carl Gustaf Lagercrantzs arkiv, från serie: Fotografier, daterat: 1800-tal..
Z0000411_00001.jpg	PHOTO	En arkivsida som innehåller ett fotografi eller fotografiskt motiv, ibland placerat i tabell- eller formulärlayout från arkiv: Landshövding Carl Gustaf Lagercrantzs arkiv, från serie: Fotografier, daterat: 1800-tal..
Z0000264_00001.jpg	PHOTO	En arkivsida som innehåller ett fotografi eller fotografiskt motiv, ibland placerat i tabell- eller formulärlayout från arkiv: Landshövding Carl Gustaf Lagercrantzs arkiv, från serie: Fotografier, daterat: 1800-tal..
H0000841_00001.jpg	MISC	En arkivsida med paratextuellt eller blandat innehåll, såsom omslag, titelblad eller annat material utanför huvudtexten från arkiv: Pergament- och pappersbrevsamlingen, från serie: Pergament- och pappersbrevsamlingen, daterat: 1293..
H0000841_00002.jpg	TEXT_HW	En arkivsida med löpande handskriven text i stycken från arkiv: Pergament- och pappersbrevsamlingen, från serie: Pergament- och pappersbrevsamlingen, daterat: 1293..
H0000841_00003.jpg	TEXT_HW	En arkivsida med löpande handskriven text i stycken från arkiv: Pergament- och pappersbrevsamlingen, från serie: Pergament- och pappersbrevsamlingen, daterat: 1293..
H0000841_00004.jpg	TEXT_HW	En arkivsida med löpande handskriven text i stycken från arkiv: Pergament- och pappersbrevsamlingen, från serie: Pergament- och pappersbrevsamlingen, daterat: 1293..
H0000841_00005.jpg	TEXT_HW	En arkivsida med löpande handskriven text i stycken från arkiv: Pergament- och pappersbrevsamlingen, från serie: Pergament- och pappersbrevsamlingen, daterat: 1293..
H0000841_00006.jpg	TEXT_HW	En arkivsida med löpande handskriven text i stycken från arkiv: Pergament- och pappersbrevsamlingen, från serie: Pergament- och pappersbrevsamlingen, daterat: 1293..
H0000841_00007.jpg	TEXT_HW	En arkivsida med löpande handskriven text i stycken från arkiv: Pergament- och pappersbrevsamlingen, från serie: Pergament- och pappersbrevsamlingen, daterat: 1293..
H0000841_00008.jpg	TEXT_HW	En arkivsida med löpande handskriven text i stycken från arkiv: Pergament- och pappersbrevsamlingen, från serie: Pergament- och pappersbrevsamlingen, daterat: 1293..
H0000841_00009.jpg	MISC	En arkivsida med paratextuellt eller blandat innehåll, såsom omslag, titelblad eller annat material utanför huvudtexten från arkiv: Pergament- och pappersbrevsamlingen, från serie: Pergament- och pappersbrevsamlingen, daterat: 1293..
Z0000278_00001.jpg	PHOTO	En arkivsida som innehåller ett fotografi eller fotografiskt motiv, ibland placerat i tabell- eller formulärlayout från arkiv: Landshövding Carl Gustaf Lagercrantzs arkiv, från serie: Fotografier, daterat: 1800-tal..
Z0000228_00001.jpg	PHOTO	En arkivsida som innehåller ett fotografi eller fotografiskt motiv, ibland placerat i tabell- eller formulärlayout från arkiv: Landshövding Carl Gustaf Lagercrantzs arkiv, från serie: Fotografier, daterat: 1800-tal..
Z0000304_00001.jpg	PHOTO	En arkivsida som innehåller ett fotografi eller fotografiskt motiv, ibland placerat i tabell- eller formulärlayout från arkiv: Landshövding Carl Gustaf Lagercrantzs arkiv, från serie: Fotografier, daterat: 1800-tal..
Z0000203_00001.jpg	PHOTO	En arkivsida som innehåller ett fotografi eller fotografiskt motiv, ibland placerat i tabell- eller formulärlayout från arkiv: Landshövding Carl Gustaf Lagercrantzs arkiv, från serie: Fotografier, daterat: 1800-tal..
Z0000381_00001.jpg	PHOTO	En arkivsida som innehåller ett fotografi eller fotografiskt motiv, ibland placerat i tabell- eller formulärlayout från arkiv: Landshövding Carl Gustaf Lagercrantzs arkiv, från serie: Fotografier, daterat: 1800-tal..
Z0000438_00001.jpg	PHOTO	En arkivsida som innehåller ett fotografi eller fotografiskt motiv, ibland placerat i tabell- eller formulärlayout från arkiv: Landshövding Carl Gustaf Lagercrantzs arkiv, från serie: Fotografier, daterat: 1800-tal..
Z0000417_00001.jpg	PHOTO	En arkivsida som innehåller ett fotografi eller fotografiskt motiv, ibland placerat i tabell- eller formulärlayout från arkiv: Landshövding Carl Gustaf Lagercrantzs arkiv, från serie: Fotografier, daterat: 1800-tal..
Z0000260_00001.jpg	PHOTO	En arkivsida som innehåller ett fotografi eller fotografiskt motiv, ibland placerat i tabell- eller formulärlayout från arkiv: Landshövding Carl Gustaf Lagercrantzs arkiv, från serie: Fotografier, daterat: 1800-tal..
Z0000268_00001.jpg	PHOTO	En arkivsida som innehåller ett fotografi eller fotografiskt motiv, ibland placerat i tabell- eller formulärlayout från arkiv: Landshövding Carl Gustaf Lagercrantzs arkiv, från serie: Fotografier, daterat: 1800-tal..
Z0000267_00001.jpg	PHOTO	En arkivsida som innehåller ett fotografi eller fotografiskt motiv, ibland placerat i tabell- eller formulärlayout från arkiv: Landshövding Carl Gustaf Lagercrantzs arkiv, från serie: Fotografier, daterat: 1800-tal..
Z0000299_00001.jpg	PHOTO	En arkivsida som innehåller ett fotografi eller fotografiskt motiv, ibland placerat i tabell- eller formulärlayout från arkiv: Landshövding Carl Gustaf Lagercrantzs arkiv, från serie: Fotografier, daterat: 1800-tal..
Z0000204_00001.jpg	PHOTO	En arkivsida som innehåller ett fotografi eller fotografiskt motiv, ibland placerat i tabell- eller formulärlayout från arkiv: Landshövding Carl Gustaf Lagercrantzs arkiv, från serie: Fotografier, daterat: 1800-tal..
Z0000311_00001.jpg	PHOTO	En arkivsida som innehåller ett fotografi eller fotografiskt motiv, ibland placerat i tabell- eller formulärlayout från arkiv: Landshövding Carl Gustaf Lagercrantzs arkiv, från serie: Fotografier, daterat: 1800-tal..
Z0000319_00001.jpg	PHOTO	En arkivsida som innehåller ett fotografi eller fotografiskt motiv, ibland placerat i tabell- eller formulärlayout från arkiv: Landshövding Carl Gustaf Lagercrantzs arkiv, från serie: Fotografier, daterat: 1800-tal..
Z0000333_00001.jpg	PHOTO	En arkivsida som innehåller ett fotografi eller fotografiskt motiv, ibland placerat i tabell- eller formulärlayout från arkiv: Landshövding Carl Gustaf Lagercrantzs arkiv, från serie: Fotografier, daterat: 1800-tal..
Z0000336_00001.jpg	PHOTO	En arkivsida som innehåller ett fotografi eller fotografiskt motiv, ibland placerat i tabell- eller formulärlayout från arkiv: Landshövding Carl Gustaf Lagercrantzs arkiv, från serie: Fotografier, daterat: 1800-tal..
Z0000229_00001.jpg	PHOTO	En arkivsida som innehåller ett fotografi eller fotografiskt motiv, ibland placerat i tabell- eller formulärlayout från arkiv: Landshövding Carl Gustaf Lagercrantzs arkiv, från serie: Fotografier, daterat: 1800-tal..
Z0000284_00001.jpg	PHOTO	En arkivsida som innehåller ett fotografi eller fotografiskt motiv, ibland placerat i tabell- eller formulärlayout från arkiv: Landshövding Carl Gustaf Lagercrantzs arkiv, från serie: Fotografier, daterat: 1800-tal..
Z0000257_00001.jpg	PHOTO	En arkivsida som innehåller ett fotografi eller fotografiskt motiv, ibland placerat i tabell- eller formulärlayout från arkiv: Landshövding Carl Gustaf Lagercrantzs arkiv, från serie: Fotografier, daterat: 1800-tal..
Z0000237_00001.jpg	PHOTO	En arkivsida som innehåller ett fotografi eller fotografiskt motiv, ibland placerat i tabell- eller formulärlayout från arkiv: Landshövding Carl Gustaf Lagercrantzs arkiv, från serie: Fotografier, daterat: 1800-tal..
Z0000377_00001.jpg	PHOTO	En arkivsida som innehåller ett fotografi eller fotografiskt motiv, ibland placerat i tabell- eller formulärlayout från arkiv: Landshövding Carl Gustaf Lagercrantzs arkiv, från serie: Fotografier, daterat: 1800-tal..
Z0000360_00001.jpg	PHOTO	En arkivsida som innehåller ett fotografi eller fotografiskt motiv, ibland placerat i tabell- eller formulärlayout från arkiv: Landshövding Carl Gustaf Lagercrantzs arkiv, från serie: Fotografier, daterat: 1800-tal..
R0003342_00003.jpg	DRAW	En arkivsida som innehåller en ritning, karta, skiss eller schematisk illustration, ibland placerad i tabell- eller formulärlayout från arkiv: Kommerskollegium, från serie: Markområden, daterat: 1688..
R0003342_00010.jpg	DRAW	En arkivsida som innehåller en ritning, karta, skiss eller schematisk illustration, ibland placerad i tabell- eller formulärlayout från arkiv: Kommerskollegium, från serie: Markområden, daterat: 1688..
R0003342_00015.jpg	MISC	En arkivsida med paratextuellt eller blandat innehåll, såsom omslag, titelblad eller annat material utanför huvudtexten från arkiv: Kommerskollegium, från serie: Markområden, daterat: 1688..
R0003342_00004.jpg	LINE_HW	En arkivsida med handskriven text organiserad i tabell- eller formulärstruktur från arkiv: Kommerskollegium, från serie: Markområden, daterat: 1688..
R0003342_00017.jpg	MISC	En arkivsida med paratextuellt eller blandat innehåll, såsom omslag, titelblad eller annat material utanför huvudtexten från arkiv: Kommerskollegium, från serie: Markområden, daterat: 1688..
R0003342_00007.jpg	DRAW	En arkivsida som innehåller en ritning, karta, skiss eller schematisk illustration, ibland placerad i tabell- eller formulärlayout från arkiv: Kommerskollegium, från serie: Markområden, daterat: 1688..
R0003342_00005.jpg	LINE_HW	En arkivsida med handskriven text organiserad i tabell- eller formulärstruktur från arkiv: Kommerskollegium, från serie: Markområden, daterat: 1688..
R0003342_00016.jpg	MISC	En arkivsida med paratextuellt eller blandat innehåll, såsom omslag, titelblad eller annat material utanför huvudtexten från arkiv: Kommerskollegium, från serie: Markområden, daterat: 1688..
R0003342_00012.jpg	DRAW	En arkivsida som innehåller en ritning, karta, skiss eller schematisk illustration, ibland placerad i tabell- eller formulärlayout från arkiv: Kommerskollegium, från serie: Markområden, daterat: 1688..
R0003342_00006.jpg	DRAW	En arkivsida som innehåller en ritning, karta, skiss eller schematisk illustration, ibland placerad i tabell- eller formulärlayout från arkiv: Kommerskollegium, från serie: Markområden, daterat: 1688..
R0002488_00027.jpg	DRAW	En arkivsida som innehåller en ritning, karta, skiss eller schematisk illustration, ibland placerad i tabell- eller formulärlayout från arkiv: Kommerskollegium, från serie: Östergötlands län, daterat: 1793-1829..
R0002488_00029.jpg	DRAW	En arkivsida som innehåller en ritning, karta, skiss eller schematisk illustration, ibland placerad i tabell- eller formulärlayout från arkiv: Kommerskollegium, från serie: Östergötlands län, daterat: 1793-1829..
R0002488_00020.jpg	DRAW	En arkivsida som innehåller en ritning, karta, skiss eller schematisk illustration, ibland placerad i tabell- eller formulärlayout från arkiv: Kommerskollegium, från serie: Östergötlands län, daterat: 1793-1829..
R0002488_00014.jpg	DRAW	En arkivsida som innehåller en ritning, karta, skiss eller schematisk illustration, ibland placerad i tabell- eller formulärlayout från arkiv: Kommerskollegium, från serie: Östergötlands län, daterat: 1793-1829..
R0002488_00023.jpg	DRAW	En arkivsida som innehåller en ritning, karta, skiss eller schematisk illustration, ibland placerad i tabell- eller formulärlayout från arkiv: Kommerskollegium, från serie: Östergötlands län, daterat: 1793-1829..
R0002488_00031.jpg	DRAW	En arkivsida som innehåller en ritning, karta, skiss eller schematisk illustration, ibland placerad i tabell- eller formulärlayout från arkiv: Kommerskollegium, från serie: Östergötlands län, daterat: 1793-1829..
R0002488_00003.jpg	LINE_HW	En arkivsida med handskriven text organiserad i tabell- eller formulärstruktur från arkiv: Kommerskollegium, från serie: Östergötlands län, daterat: 1793-1829..
R0002488_00021.jpg	DRAW	En arkivsida som innehåller en ritning, karta, skiss eller schematisk illustration, ibland placerad i tabell- eller formulärlayout från arkiv: Kommerskollegium, från serie: Östergötlands län, daterat: 1793-1829..
R0002488_00018.jpg	DRAW	En arkivsida som innehåller en ritning, karta, skiss eller schematisk illustration, ibland placerad i tabell- eller formulärlayout från arkiv: Kommerskollegium, från serie: Östergötlands län, daterat: 1793-1829..
R0002488_00015.jpg	DRAW	En arkivsida som innehåller en ritning, karta, skiss eller schematisk illustration, ibland placerad i tabell- eller formulärlayout från arkiv: Kommerskollegium, från serie: Östergötlands län, daterat: 1793-1829..
R0002489_00002.jpg	DRAW	En arkivsida som innehåller en ritning, karta, skiss eller schematisk illustration, ibland placerad i tabell- eller formulärlayout från arkiv: Kommerskollegium, från serie: Östergötlands län, daterat: 1793..
R0002489_00001.jpg	MISC	En arkivsida med paratextuellt eller blandat innehåll, såsom omslag, titelblad eller annat material utanför huvudtexten från arkiv: Kommerskollegium, från serie: Östergötlands län, daterat: 1793..
R0002489_00043.jpg	TEXT_HW	En arkivsida med löpande handskriven text i stycken från arkiv: Kommerskollegium, från serie: Östergötlands län, daterat: 1793..
R0002489_00037.jpg	DRAW	En arkivsida som innehåller en ritning, karta, skiss eller schematisk illustration, ibland placerad i tabell- eller formulärlayout från arkiv: Kommerskollegium, från serie: Östergötlands län, daterat: 1793..
R0002489_00023.jpg	DRAW	En arkivsida som innehåller en ritning, karta, skiss eller schematisk illustration, ibland placerad i tabell- eller formulärlayout från arkiv: Kommerskollegium, från serie: Östergötlands län, daterat: 1793..
R0002489_00035.jpg	DRAW	En arkivsida som innehåller en ritning, karta, skiss eller schematisk illustration, ibland placerad i tabell- eller formulärlayout från arkiv: Kommerskollegium, från serie: Östergötlands län, daterat: 1793..
R0002489_00007.jpg	DRAW	En arkivsida som innehåller en ritning, karta, skiss eller schematisk illustration, ibland placerad i tabell- eller formulärlayout från arkiv: Kommerskollegium, från serie: Östergötlands län, daterat: 1793..
R0002489_00022.jpg	DRAW	En arkivsida som innehåller en ritning, karta, skiss eller schematisk illustration, ibland placerad i tabell- eller formulärlayout från arkiv: Kommerskollegium, från serie: Östergötlands län, daterat: 1793..
R0002489_00009.jpg	DRAW	En arkivsida som innehåller en ritning, karta, skiss eller schematisk illustration, ibland placerad i tabell- eller formulärlayout från arkiv: Kommerskollegium, från serie: Östergötlands län, daterat: 1793..
R0002489_00010.jpg	DRAW	En arkivsida som innehåller en ritning, karta, skiss eller schematisk illustration, ibland placerad i tabell- eller formulärlayout från arkiv: Kommerskollegium, från serie: Östergötlands län, daterat: 1793..
R0002485_00005.jpg	TEXT_HW	En arkivsida med löpande handskriven text i stycken från arkiv: Kommerskollegium, från serie: Östergötlands län, daterat: 1775-1789..
R0002485_00006.jpg	TEXT_HW	En arkivsida med löpande handskriven text i stycken från arkiv: Kommerskollegium, från serie: Östergötlands län, daterat: 1775-1789..
R0002484_00025.jpg	DRAW	En arkivsida som innehåller en ritning, karta, skiss eller schematisk illustration, ibland placerad i tabell- eller formulärlayout från arkiv: Kommerskollegium, från serie: Östergötlands län, daterat: 1793..
R0002484_00013.jpg	DRAW	En arkivsida som innehåller en ritning, karta, skiss eller schematisk illustration, ibland placerad i tabell- eller formulärlayout från arkiv: Kommerskollegium, från serie: Östergötlands län, daterat: 1793..
R0002484_00010.jpg	DRAW	En arkivsida som innehåller en ritning, karta, skiss eller schematisk illustration, ibland placerad i tabell- eller formulärlayout från arkiv: Kommerskollegium, från serie: Östergötlands län, daterat: 1793..
R0002484_00006.jpg	DRAW	En arkivsida som innehåller en ritning, karta, skiss eller schematisk illustration, ibland placerad i tabell- eller formulärlayout från arkiv: Kommerskollegium, från serie: Östergötlands län, daterat: 1793..
R0002484_00003.jpg	TEXT_HW	En arkivsida med löpande handskriven text i stycken från arkiv: Kommerskollegium, från serie: Östergötlands län, daterat: 1793..
R0002484_00029.jpg	DRAW	En arkivsida som innehåller en ritning, karta, skiss eller schematisk illustration, ibland placerad i tabell- eller formulärlayout från arkiv: Kommerskollegium, från serie: Östergötlands län, daterat: 1793..
R0002484_00020.jpg	DRAW	En arkivsida som innehåller en ritning, karta, skiss eller schematisk illustration, ibland placerad i tabell- eller formulärlayout från arkiv: Kommerskollegium, från serie: Östergötlands län, daterat: 1793..
R0002484_00027.jpg	DRAW	En arkivsida som innehåller en ritning, karta, skiss eller schematisk illustration, ibland placerad i tabell- eller formulärlayout från arkiv: Kommerskollegium, från serie: Östergötlands län, daterat: 1793..
R0002191_00001.jpg	DRAW	En arkivsida som innehåller en ritning, karta, skiss eller schematisk illustration, ibland placerad i tabell- eller formulärlayout från arkiv: Kommerskollegium, från serie: Tomter och situationer, daterat: 1638-1699..
R0002191_00002.jpg	DRAW	En arkivsida som innehåller en ritning, karta, skiss eller schematisk illustration, ibland placerad i tabell- eller formulärlayout från arkiv: Kommerskollegium, från serie: Tomter och situationer, daterat: 1638-1699..
R0001858_00001.jpg	DRAW	En arkivsida som innehåller en ritning, karta, skiss eller schematisk illustration, ibland placerad i tabell- eller formulärlayout från arkiv: Kommerskollegium, från serie: Strödda gruvor i Jönköpings län, daterat: 1770..
R0002487_00001.jpg	DRAW	En arkivsida som innehåller en ritning, karta, skiss eller schematisk illustration, ibland placerad i tabell- eller formulärlayout från arkiv: Kommerskollegium, från serie: Östergötlands län, daterat: 1829..
R0002487_00002.jpg	TEXT_HW	En arkivsida med löpande handskriven text i stycken från arkiv: Kommerskollegium, från serie: Östergötlands län, daterat: 1829..
R0003339_00001.jpg	DRAW	En arkivsida som innehåller en ritning, karta, skiss eller schematisk illustration, ibland placerad i tabell- eller formulärlayout från arkiv: Kommerskollegium, från serie: Norrbottens län, daterat: 1871..
R0003339_00002.jpg	MISC	En arkivsida med paratextuellt eller blandat innehåll, såsom omslag, titelblad eller annat material utanför huvudtexten från arkiv: Kommerskollegium, från serie: Norrbottens län, daterat: 1871..
R0002486_00007.jpg	DRAW	En arkivsida som innehåller en ritning, karta, skiss eller schematisk illustration, ibland placerad i tabell- eller formulärlayout från arkiv: Kommerskollegium, från serie: Östergötlands län, daterat: 1776..
R0002486_00003.jpg	MISC	En arkivsida med paratextuellt eller blandat innehåll, såsom omslag, titelblad eller annat material utanför huvudtexten från arkiv: Kommerskollegium, från serie: Östergötlands län, daterat: 1776..
R0002486_00004.jpg	DRAW	En arkivsida som innehåller en ritning, karta, skiss eller schematisk illustration, ibland placerad i tabell- eller formulärlayout från arkiv: Kommerskollegium, från serie: Östergötlands län, daterat: 1776..
R0002486_00013.jpg	DRAW	En arkivsida som innehåller en ritning, karta, skiss eller schematisk illustration, ibland placerad i tabell- eller formulärlayout från arkiv: Kommerskollegium, från serie: Östergötlands län, daterat: 1776..
R0002486_00006.jpg	DRAW	En arkivsida som innehåller en ritning, karta, skiss eller schematisk illustration, ibland placerad i tabell- eller formulärlayout från arkiv: Kommerskollegium, från serie: Östergötlands län, daterat: 1776..
R0002486_00010.jpg	DRAW	En arkivsida som innehåller en ritning, karta, skiss eller schematisk illustration, ibland placerad i tabell- eller formulärlayout från arkiv: Kommerskollegium, från serie: Östergötlands län, daterat: 1776..
R0002486_00005.jpg	DRAW	En arkivsida som innehåller en ritning, karta, skiss eller schematisk illustration, ibland placerad i tabell- eller formulärlayout från arkiv: Kommerskollegium, från serie: Östergötlands län, daterat: 1776..
R0002486_00001.jpg	MISC	En arkivsida med paratextuellt eller blandat innehåll, såsom omslag, titelblad eller annat material utanför huvudtexten från arkiv: Kommerskollegium, från serie: Östergötlands län, daterat: 1776..
R0002486_00011.jpg	DRAW	En arkivsida som innehåller en ritning, karta, skiss eller schematisk illustration, ibland placerad i tabell- eller formulärlayout från arkiv: Kommerskollegium, från serie: Östergötlands län, daterat: 1776..
R0002486_00008.jpg	DRAW	En arkivsida som innehåller en ritning, karta, skiss eller schematisk illustration, ibland placerad i tabell- eller formulärlayout från arkiv: Kommerskollegium, från serie: Östergötlands län, daterat: 1776..
R0002373_00001.jpg	MISC	En arkivsida med paratextuellt eller blandat innehåll, såsom omslag, titelblad eller annat material utanför huvudtexten från arkiv: Kommerskollegium, från serie: Maskiner, daterat: 1776..
R0003338_00001.jpg	DRAW	En arkivsida som innehåller en ritning, karta, skiss eller schematisk illustration, ibland placerad i tabell- eller formulärlayout från arkiv: Kommerskollegium, från serie: Norrbottens län, daterat: 1847..
R0003338_00002.jpg	MISC	En arkivsida med paratextuellt eller blandat innehåll, såsom omslag, titelblad eller annat material utanför huvudtexten från arkiv: Kommerskollegium, från serie: Norrbottens län, daterat: 1847..
ES000001_00001.jpg	TEXT_TP	En arkivsida. Metadata: från arkiv: Estoniasamlingen (SPF), daterat: 1994-2000..
ES000001_00004.jpg	LINE_TP	En arkivsida med tryckt eller maskinskriven text organiserad i tabell- eller formulärstruktur från arkiv: Estoniasamlingen (SPF), daterat: 1994-2000..
ES000005_00001.jpg	LINE_TP	En arkivsida med tryckt eller maskinskriven text organiserad i tabell- eller formulärstruktur från arkiv: Estoniasamlingen (SPF), daterat: 1994-2000..
ES000005_00006.jpg	LINE_TP	En arkivsida med tryckt eller maskinskriven text organiserad i tabell- eller formulärstruktur från arkiv: Estoniasamlingen (SPF), daterat: 1994-2000..
ES000005_00009.jpg	LINE_TP	En arkivsida med tryckt eller maskinskriven text organiserad i tabell- eller formulärstruktur från arkiv: Estoniasamlingen (SPF), daterat: 1994-2000..
ES000052_00001.jpg	TEXT	En arkivsida med löpande text bestående av blandade stilar, såsom handskriven, tryckt och maskinskriven text från arkiv: Estoniasamlingen (SPF), daterat: 1994-2000..
ES000052_00003.jpg	TEXT_TP	En arkivsida. Metadata: från arkiv: Estoniasamlingen (SPF), daterat: 1994-2000..
ES000056_00001.jpg	LINE_MIX	En arkivsida i tabell- eller formulärlayout med blandade textstilar, inklusive handskriven, tryckt och maskinskriven text från arkiv: Estoniasamlingen (SPF), daterat: 1994-2000..
ES000062_00001.jpg	TEXT_TP	En arkivsida. Metadata: från arkiv: Estoniasamlingen (SPF), daterat: 1994-2000..
ES000066_00001.jpg	TEXT_TP	En arkivsida. Metadata: från arkiv: Estoniasamlingen (SPF), daterat: 1994-2000..
ES000079_00001.jpg	TEXT_TP	En arkivsida. Metadata: från arkiv: Estoniasamlingen (SPF), daterat: 1994-2000..
ES000079_00002.jpg	TEXT_TP	En arkivsida. Metadata: från arkiv: Estoniasamlingen (SPF), daterat: 1994-2000..
ES000115_00001.jpg	LINE_MIX	En arkivsida i tabell- eller formulärlayout med blandade textstilar, inklusive handskriven, tryckt och maskinskriven text från arkiv: Estoniasamlingen (SPF), daterat: 1994-2000..
ES000504_00001.jpg	TEXT_TP	En arkivsida. Metadata: från arkiv: Estoniasamlingen (SPF), daterat: 1994-2000..
ES000504_00005.jpg	TEXT_TP	En arkivsida. Metadata: från arkiv: Estoniasamlingen (SPF), daterat: 1994-2000..
ES000505_00001.jpg	TEXT_TP	En arkivsida. Metadata: från arkiv: Estoniasamlingen (SPF), daterat: 1994-2000..
ES000506_00001.jpg	TEXT_TP	En arkivsida. Metadata: från arkiv: Estoniasamlingen (SPF), daterat: 1994-2000..
ES000507_00001.jpg	TEXT_TP	En arkivsida. Metadata: från arkiv: Estoniasamlingen (SPF), daterat: 1994-2000..
ES000507_00002.jpg	TEXT_TP	En arkivsida. Metadata: från arkiv: Estoniasamlingen (SPF), daterat: 1994-2000..
ES000513_00001.jpg	TEXT_TP	En arkivsida. Metadata: från arkiv: Estoniasamlingen (SPF), daterat: 1994-2000..
ES000523_00001.jpg	TEXT_TP	En arkivsida. Metadata: från arkiv: Estoniasamlingen (SPF), daterat: 1994-2000..
ES000526_00001.jpg	LINE_TP	En arkivsida med tryckt eller maskinskriven text organiserad i tabell- eller formulärstruktur från arkiv: Estoniasamlingen (SPF), daterat: 1994-2000..
ES000528_00001.jpg	TEXT_TP	En arkivsida. Metadata: från arkiv: Estoniasamlingen (SPF), daterat: 1994-2000..
ES000532_00001.jpg	TEXT_TP	En arkivsida. Metadata: från arkiv: Estoniasamlingen (SPF), daterat: 1994-2000..
ES000540_00001.jpg	TEXT_TP	En arkivsida. Metadata: från arkiv: Estoniasamlingen (SPF), daterat: 1994-2000..
ES000591_00001.jpg	TEXT_HW	En arkivsida med löpande handskriven text i stycken från arkiv: Estoniasamlingen (SPF), daterat: 1994-2000..
ES000591_00002.jpg	TEXT_HW	En arkivsida med löpande handskriven text i stycken från arkiv: Estoniasamlingen (SPF), daterat: 1994-2000..
ES002250_00004.jpg	TEXT_TP	En arkivsida. Metadata: från arkiv: Estoniasamlingen (SPF), daterat: 1994-2000..
ES002250_00005.jpg	TEXT_TP	En arkivsida. Metadata: från arkiv: Estoniasamlingen (SPF), daterat: 1994-2000..
ES002250_00006.jpg	TEXT_TP	En arkivsida. Metadata: från arkiv: Estoniasamlingen (SPF), daterat: 1994-2000..
ES002250_00007.jpg	TEXT_TP	En arkivsida. Metadata: från arkiv: Estoniasamlingen (SPF), daterat: 1994-2000..
ES002610_00001.jpg	LINE_MIX	En arkivsida i tabell- eller formulärlayout med blandade textstilar, inklusive handskriven, tryckt och maskinskriven text från arkiv: Estoniasamlingen (SPF), daterat: 1994-2000..
ES002628_00001.jpg	TEXT_TP	En arkivsida. Metadata: från arkiv: Estoniasamlingen (SPF), daterat: 1994-2000..
ES002628_00002.jpg	TEXT_HW	En arkivsida med löpande handskriven text i stycken från arkiv: Estoniasamlingen (SPF), daterat: 1994-2000..
ES002632_00001.jpg	TEXT_HW	En arkivsida med löpande handskriven text i stycken från arkiv: Estoniasamlingen (SPF), daterat: 1994-2000..
ES003016_00001.jpg	TEXT	En arkivsida med löpande text bestående av blandade stilar, såsom handskriven, tryckt och maskinskriven text från arkiv: Estoniasamlingen (SPF), daterat: 1994-2000..
ES003016_00004.jpg	TEXT_TP	En arkivsida. Metadata: från arkiv: Estoniasamlingen (SPF), daterat: 1994-2000..
ES003017_00001.jpg	DRAW	En arkivsida som innehåller en ritning, karta, skiss eller schematisk illustration, ibland placerad i tabell- eller formulärlayout från arkiv: Estoniasamlingen (SPF), daterat: 1994-2000..
ES003018_00001.jpg	TEXT_TP	En arkivsida. Metadata: från arkiv: Estoniasamlingen (SPF), daterat: 1994-2000..
ES003503_00001.jpg	TEXT_TP	En arkivsida. Metadata: från arkiv: Estoniasamlingen (SPF), daterat: 1994-2000..
ES006182_00001.jpg	TEXT	En arkivsida med löpande text bestående av blandade stilar, såsom handskriven, tryckt och maskinskriven text från arkiv: Estoniasamlingen (SPF), daterat: 1994-2000..
ES006183_00001.jpg	TEXT_TP	En arkivsida. Metadata: från arkiv: Estoniasamlingen (SPF), daterat: 1994-2000..
ES006453_00001.jpg	TEXT_TP	En arkivsida. Metadata: från arkiv: Estoniasamlingen (SPF), daterat: 1994-2000..
ES006460_00001.jpg	TEXT_TP	En arkivsida. Metadata: från arkiv: Estoniasamlingen (SPF), daterat: 1994-2000..
ES007323_00001.jpg	LINE_MIX	En arkivsida i tabell- eller formulärlayout med blandade textstilar, inklusive handskriven, tryckt och maskinskriven text från arkiv: Estoniasamlingen (SPF), daterat: 1994-2000..
ES007465_00001.jpg	TEXT_TP	En arkivsida. Metadata: från arkiv: Estoniasamlingen (SPF), daterat: 1994-2000..
