FILE,PAGE,CLASS-1,CLASS-2,CLASS-3,SCORE-1,SCORE-2,SCORE-3
30002031,37,TEXT_HW,TEXT,MISC,0.79,0.091,0.044
30002031,58,TEXT_HW,TEXT,LINE_MIX,0.862,0.054,0.029
30002031,164,TEXT_HW,TEXT,MISC,0.804,0.081,0.043
30002032,212,LINE_TP,PHOTO,MISC,0.429,0.144,0.129
30002040,354,TEXT_HW,LINE_HW,LINE_MIX,0.44,0.215,0.195
30002040,360,LINE_TP,PHOTO,MISC,0.429,0.144,0.129
30002042,123,TEXT_HW,TEXT,TEXT_TP,0.807,0.079,0.039
30002045,57,TEXT_HW,TEXT,LINE_MIX,0.631,0.098,0.095
30002045,143,TEXT_HW,LINE_MIX,LINE_HW,0.605,0.135,0.131
30002045,169,TEXT_HW,TEXT,TEXT_TP,0.822,0.074,0.039
30002045,219,TEXT_HW,TEXT,TEXT_TP,0.773,0.089,0.051
30002048,8,TEXT_HW,LINE_MIX,TEXT,0.505,0.132,0.13
30002048,44,TEXT_HW,LINE_MIX,LINE_HW,0.686,0.091,0.083
30002048,79,TEXT_HW,TEXT,LINE_HW,0.684,0.105,0.067
30002050,196,TEXT_HW,TEXT,LINE_MIX,0.749,0.091,0.044
30002051,121,LINE_HW,TEXT_HW,LINE_MIX,0.363,0.33,0.177
30002051,152,TEXT_HW,TEXT,LINE_MIX,0.724,0.1,0.054
30002056,101,TEXT_HW,TEXT,TEXT_TP,0.806,0.074,0.043
30002056,114,TEXT_HW,TEXT,LINE_MIX,0.764,0.071,0.066
30002056,172,LINE_HW,LINE_MIX,TEXT_HW,0.602,0.24,0.079
30002056,268,TEXT_HW,LINE_MIX,LINE_HW,0.758,0.066,0.064
30002056,530,TEXT_HW,TEXT,LINE_MIX,0.782,0.069,0.063
30002057,11,LINE_HW,TEXT_HW,LINE_MIX,0.697,0.1,0.097
30002057,43,LINE_HW,LINE_MIX,TEXT_HW,0.658,0.116,0.076
30002057,67,LINE_HW,TEXT_HW,LINE_MIX,0.632,0.115,0.106
30002057,77,LINE_HW,TEXT_HW,LINE_MIX,0.595,0.135,0.099
30002057,128,LINE_HW,LINE_MIX,TEXT_HW,0.697,0.082,0.077
30002057,142,LINE_HW,TEXT_HW,LINE_MIX,0.639,0.115,0.098
30002057,143,LINE_HW,TEXT_HW,LINE_MIX,0.575,0.13,0.108
30002057,175,LINE_HW,TEXT_HW,LINE_MIX,0.684,0.102,0.099
30003046,17,TEXT_HW,LINE_HW,LINE_MIX,0.505,0.186,0.111
30003046,23,TEXT_HW,LINE_HW,LINE_MIX,0.397,0.23,0.158
30003046,24,TEXT_HW,LINE_HW,LINE_MIX,0.366,0.252,0.148
30003046,27,TEXT_HW,LINE_HW,LINE_MIX,0.318,0.285,0.143
30003046,42,TEXT_HW,LINE_HW,TEXT,0.516,0.146,0.117
30003046,66,TEXT_HW,TEXT,LINE_HW,0.432,0.159,0.149
30003046,72,TEXT_HW,LINE_HW,TEXT,0.543,0.144,0.105
30003050,1,LINE_TP,TEXT,MISC,0.212,0.184,0.145
30003050,28,TEXT_HW,TEXT,LINE_HW,0.515,0.145,0.115
30003050,38,TEXT_HW,LINE_MIX,TEXT,0.392,0.171,0.153
30003050,67,TEXT_HW,LINE_HW,LINE_MIX,0.487,0.185,0.125
30003050,94,TEXT_HW,LINE_HW,TEXT,0.538,0.175,0.106
30003050,101,LINE_TP,MISC,LINE_MIX,0.429,0.125,0.123
30003051,41,LINE_HW,LINE_MIX,LINE_TP,0.512,0.189,0.113
30003051,80,LINE_HW,TEXT_HW,LINE_MIX,0.415,0.205,0.143
30003051,111,LINE_HW,LINE_MIX,TEXT_HW,0.521,0.145,0.134
30003051,120,LINE_HW,LINE_MIX,TEXT_HW,0.596,0.115,0.072
30003051,128,LINE_HW,LINE_MIX,LINE_TP,0.623,0.158,0.074
30003051,155,LINE_HW,LINE_MIX,TEXT_HW,0.549,0.17,0.103
30003051,292,LINE_HW,LINE_MIX,LINE_TP,0.531,0.167,0.085
30003051,306,LINE_HW,LINE_MIX,LINE_TP,0.563,0.183,0.092
30003052,10,TEXT_HW,LINE_MIX,LINE_HW,0.347,0.169,0.164
30003052,61,LINE_HW,TEXT_HW,LINE_MIX,0.325,0.213,0.119
30003052,67,LINE_HW,TEXT_HW,LINE_MIX,0.448,0.15,0.126
30003052,70,LINE_HW,TEXT_HW,LINE_MIX,0.419,0.186,0.134
30003052,129,LINE_HW,LINE_MIX,TEXT_HW,0.576,0.139,0.082
30003052,137,LINE_HW,LINE_MIX,LINE_TP,0.541,0.173,0.091
30003052,197,LINE_HW,LINE_MIX,TEXT_HW,0.492,0.19,0.105
30003052,247,LINE_HW,LINE_MIX,TEXT_HW,0.645,0.116,0.076
30003053,23,MISC,TEXT_HW,LINE_MIX,0.231,0.228,0.14
30003053,27,LINE_HW,LINE_MIX,TEXT_HW,0.67,0.132,0.061
30003053,37,LINE_HW,LINE_MIX,LINE_TP,0.557,0.181,0.079
30003053,117,LINE_HW,LINE_MIX,TEXT_HW,0.462,0.199,0.15
30003053,118,LINE_HW,LINE_MIX,TEXT_HW,0.494,0.184,0.121
30003053,137,LINE_HW,LINE_MIX,MISC,0.517,0.196,0.064
30003053,207,LINE_HW,LINE_MIX,TEXT_HW,0.549,0.17,0.092
30003053,218,LINE_HW,LINE_MIX,LINE_TP,0.605,0.141,0.087
30003054,36,LINE_HW,LINE_MIX,LINE_TP,0.55,0.163,0.1
30003054,68,LINE_HW,LINE_MIX,LINE_TP,0.523,0.167,0.08
30003054,93,LINE_HW,LINE_MIX,LINE_TP,0.566,0.16,0.09
30003054,101,LINE_HW,LINE_MIX,LINE_TP,0.511,0.216,0.095
30003054,124,LINE_HW,LINE_MIX,TEXT_HW,0.649,0.143,0.053
30003054,131,LINE_HW,LINE_MIX,TEXT_HW,0.512,0.177,0.074
30003054,135,LINE_HW,LINE_MIX,LINE_TP,0.579,0.179,0.082
30003054,205,LINE_HW,LINE_MIX,TEXT_HW,0.597,0.146,0.069
30003055,28,LINE_HW,LINE_MIX,TEXT_HW,0.587,0.176,0.07
30003055,52,LINE_HW,TEXT_HW,LINE_MIX,0.484,0.175,0.143
30003055,79,LINE_HW,LINE_MIX,LINE_TP,0.671,0.122,0.072
30003055,85,LINE_HW,LINE_MIX,LINE_TP,0.706,0.117,0.054
30003055,116,LINE_HW,LINE_MIX,TEXT_HW,0.608,0.124,0.077
30003055,167,LINE_HW,LINE_MIX,TEXT_HW,0.584,0.145,0.095
30003055,191,LINE_HW,LINE_MIX,TEXT_HW,0.611,0.124,0.092
30003055,196,LINE_HW,LINE_MIX,TEXT_HW,0.561,0.156,0.09
30003056,84,LINE_HW,LINE_MIX,LINE_TP,0.559,0.163,0.07
30003056,106,LINE_HW,LINE_MIX,TEXT_HW,0.444,0.171,0.146
30003056,113,LINE_HW,LINE_MIX,TEXT_HW,0.497,0.149,0.104
30003056,149,LINE_HW,LINE_MIX,TEXT_HW,0.529,0.169,0.098
30003056,156,LINE_HW,LINE_MIX,LINE_TP,0.632,0.137,0.068
30003056,198,LINE_HW,LINE_MIX,TEXT_HW,0.549,0.176,0.083
30003056,203,LINE_HW,LINE_MIX,TEXT_HW,0.579,0.133,0.098
30003056,297,LINE_HW,LINE_MIX,LINE_TP,0.646,0.142,0.066
30003068,38,LINE_HW,LINE_MIX,TEXT_HW,0.426,0.164,0.124
30003068,149,LINE_HW,LINE_MIX,LINE_TP,0.65,0.157,0.063
30003068,154,LINE_HW,LINE_MIX,TEXT_HW,0.359,0.198,0.141
30003068,162,LINE_HW,LINE_MIX,TEXT_HW,0.342,0.221,0.103
30003068,220,LINE_HW,LINE_MIX,TEXT_HW,0.481,0.204,0.081
30003068,227,LINE_HW,LINE_MIX,TEXT_HW,0.501,0.179,0.093
30003068,238,LINE_HW,LINE_MIX,TEXT_HW,0.466,0.182,0.089
30003068,309,LINE_HW,LINE_MIX,TEXT_HW,0.508,0.175,0.1
30003116,32,TEXT_HW,TEXT,TEXT_TP,0.794,0.095,0.048
30003116,99,TEXT_HW,LINE_MIX,TEXT,0.707,0.082,0.082
30003116,175,TEXT_HW,TEXT,TEXT_TP,0.722,0.12,0.074
30003116,474,TEXT_HW,TEXT,TEXT_TP,0.766,0.086,0.058
30003116,498,TEXT_HW,TEXT,LINE_MIX,0.814,0.077,0.037
30003116,523,TEXT_HW,TEXT,TEXT_TP,0.779,0.085,0.054
40004026,495,TEXT_HW,LINE_HW,LINE_MIX,0.399,0.262,0.12
40004033,4,MISC,PHOTO,TEXT,0.396,0.355,0.06
40004033,167,LINE_HW,TEXT_HW,LINE_MIX,0.428,0.338,0.139
40004033,336,TEXT_HW,LINE_HW,TEXT,0.62,0.157,0.083
40004033,399,TEXT_HW,TEXT,LINE_HW,0.82,0.068,0.044
40004036,2,TEXT_HW,MISC,DRAW,0.311,0.166,0.156
40004036,3,TEXT_HW,TEXT,MISC,0.615,0.148,0.105
40004036,6,TEXT_HW,MISC,TEXT,0.562,0.156,0.114
40004036,7,DRAW,TEXT_HW,MISC,0.988,0.004,0.003
40004036,13,DRAW,MISC,PHOTO,0.903,0.057,0.013
40004036,18,DRAW,PHOTO,MISC,0.966,0.015,0.012
40004036,21,DRAW,MISC,PHOTO,0.972,0.009,0.008
40004036,22,DRAW,PHOTO,MISC,0.995,0.002,0.001
40004045,1,LINE_TP,TEXT,LINE_HW,0.237,0.179,0.171
40004045,6,MISC,LINE_MIX,TEXT,0.279,0.198,0.169
40004045,7,LINE_HW,LINE_MIX,LINE_TP,0.519,0.257,0.14
40004045,8,LINE_HW,LINE_MIX,LINE_TP,0.463,0.281,0.121
40004045,9,LINE_HW,LINE_MIX,LINE_TP,0.383,0.366,0.072
40004045,11,LINE_HW,LINE_MIX,LINE_TP,0.62,0.195,0.085
40004045,15,LINE_HW,LINE_MIX,LINE_TP,0.434,0.322,0.074
40004045,17,TEXT_HW,MISC,TEXT,0.318,0.276,0.165
40004053,70,TEXT_HW,TEXT,LINE_HW,0.805,0.077,0.04
40004053,94,TEXT_HW,TEXT,LINE_MIX,0.797,0.067,0.053
40004053,99,TEXT_HW,TEXT,LINE_HW,0.802,0.081,0.052
40004053,103,TEXT_HW,TEXT,LINE_HW,0.81,0.075,0.047
40004053,120,LINE_HW,TEXT_HW,LINE_MIX,0.474,0.274,0.145
40004053,122,LINE_HW,LINE_MIX,TEXT_HW,0.587,0.158,0.131
40005340,274,TEXT_HW,LINE_HW,TEXT,0.703,0.122,0.061
40005341,327,TEXT_HW,TEXT,MISC,0.82,0.071,0.046
40005343,209,TEXT_HW,TEXT,LINE_HW,0.807,0.067,0.057
40005343,492,TEXT_HW,TEXT,LINE_HW,0.809,0.058,0.048
40005343,628,TEXT_HW,LINE_HW,TEXT,0.763,0.079,0.06
40005343,794,TEXT_HW,TEXT,LINE_HW,0.831,0.07,0.031
40005343,812,TEXT_HW,TEXT,LINE_HW,0.849,0.053,0.03
40005368,459,TEXT_HW,LINE_HW,TEXT,0.739,0.082,0.078
40005382,32,TEXT_HW,LINE_HW,TEXT,0.741,0.081,0.072
40005383,5,TEXT_HW,LINE_HW,LINE_MIX,0.652,0.148,0.086
40005383,17,TEXT_HW,TEXT_TP,MISC,0.279,0.204,0.204
40005383,510,TEXT_HW,LINE_HW,TEXT,0.704,0.095,0.08
40005383,837,TEXT_HW,TEXT,LINE_HW,0.833,0.055,0.04
40005383,1022,TEXT_HW,TEXT,LINE_HW,0.771,0.067,0.062
40005416,285,TEXT_HW,LINE_HW,TEXT,0.808,0.075,0.049
40005445,199,TEXT_HW,TEXT,MISC,0.842,0.054,0.04
40005445,252,TEXT_HW,TEXT,MISC,0.767,0.098,0.063
40005460,259,TEXT_HW,LINE_HW,TEXT,0.767,0.072,0.061
40005460,260,TEXT_HW,LINE_HW,TEXT,0.733,0.08,0.064
40005460,313,TEXT_HW,LINE_HW,TEXT,0.866,0.043,0.039
40005473,2,MISC,PHOTO,LINE_TP,0.502,0.171,0.064
40005473,43,TEXT_HW,LINE_HW,LINE_MIX,0.424,0.315,0.071
40005508,77,TEXT_HW,LINE_HW,MISC,0.599,0.154,0.118
40005508,139,TEXT_HW,LINE_HW,MISC,0.61,0.134,0.081
40005508,239,LINE_TP,MISC,LINE_MIX,0.424,0.127,0.124
40005522,90,LINE_HW,TEXT_HW,LINE_MIX,0.437,0.261,0.125
40005522,171,TEXT_HW,TEXT,LINE_HW,0.871,0.041,0.039
40005522,222,TEXT_HW,LINE_HW,TEXT,0.714,0.104,0.072
40005522,224,TEXT_HW,LINE_HW,TEXT,0.728,0.129,0.052
40005552,274,TEXT_HW,TEXT,LINE_HW,0.819,0.055,0.051
40005552,276,TEXT_HW,TEXT,MISC,0.783,0.078,0.04
40005566,7,TEXT_HW,LINE_HW,TEXT,0.769,0.072,0.058
40005566,263,TEXT_HW,TEXT,MISC,0.674,0.099,0.09
40005579,34,TEXT_HW,LINE_HW,MISC,0.833,0.052,0.043
40005579,71,TEXT_HW,TEXT,LINE_HW,0.846,0.045,0.042
40005579,97,TEXT_HW,LINE_HW,TEXT,0.848,0.058,0.035
40005579,200,TEXT_HW,LINE_HW,TEXT,0.787,0.091,0.044
40005581,64,TEXT_HW,TEXT,MISC,0.847,0.068,0.023
40005581,103,TEXT_HW,TEXT,MISC,0.837,0.053,0.036
40005581,225,TEXT_HW,LINE_HW,TEXT,0.815,0.057,0.045
40005589,7,TEXT_HW,TEXT,MISC,0.849,0.056,0.032
40005589,65,TEXT_HW,TEXT,LINE_HW,0.843,0.043,0.041
40005589,75,TEXT_HW,TEXT,LINE_HW,0.828,0.053,0.039
40005589,103,TEXT_HW,LINE_HW,TEXT,0.526,0.188,0.1
40006259,444,TEXT_HW,TEXT,MISC,0.741,0.103,0.057
40006259,601,TEXT_HW,LINE_HW,TEXT,0.752,0.069,0.055
40006259,604,TEXT_HW,TEXT,LINE_HW,0.826,0.051,0.043
40006259,643,TEXT_HW,TEXT,MISC,0.69,0.098,0.066
40006429,90,TEXT_HW,TEXT,LINE_HW,0.721,0.083,0.082
40006429,110,TEXT_HW,LINE_HW,TEXT,0.715,0.117,0.063
40006429,428,TEXT_HW,MISC,LINE_HW,0.584,0.124,0.117
40006429,491,TEXT_HW,LINE_HW,MISC,0.592,0.178,0.079
40006524,250,TEXT_HW,TEXT,LINE_HW,0.83,0.065,0.032
40006524,283,TEXT_HW,TEXT,LINE_HW,0.774,0.085,0.053
40006524,454,TEXT_HW,TEXT,LINE_MIX,0.828,0.064,0.031
40006530,78,TEXT_HW,TEXT,LINE_HW,0.778,0.076,0.042
40006530,179,TEXT_HW,TEXT,LINE_HW,0.823,0.063,0.049
40006530,204,TEXT_HW,TEXT,LINE_HW,0.802,0.069,0.042
40006530,217,TEXT_HW,TEXT,LINE_HW,0.75,0.07,0.061
40006542,237,TEXT_HW,TEXT,LINE_HW,0.78,0.07,0.046
40006542,349,TEXT_HW,LINE_HW,TEXT,0.563,0.166,0.111
40006542,393,TEXT_HW,TEXT,LINE_HW,0.746,0.086,0.046
40007959,28,LINE_HW,TEXT_HW,MISC,0.293,0.255,0.157
40007959,78,LINE_HW,DRAW,TEXT_HW,0.332,0.297,0.145
40007959,114,LINE_HW,LINE_MIX,TEXT_HW,0.562,0.129,0.111
40007959,320,LINE_HW,DRAW,TEXT_HW,0.267,0.263,0.228
40007959,375,LINE_HW,DRAW,TEXT_HW,0.356,0.269,0.123
40007959,426,LINE_HW,TEXT_HW,DRAW,0.39,0.199,0.135
40007959,450,DRAW,LINE_HW,TEXT_HW,0.351,0.324,0.105
40007959,479,LINE_HW,TEXT_HW,DRAW,0.415,0.16,0.15
40008195,16,LINE_HW,TEXT_HW,LINE_MIX,0.46,0.183,0.172
40008195,18,TEXT_HW,LINE_HW,LINE_MIX,0.334,0.324,0.148
40008195,152,TEXT_HW,LINE_HW,LINE_MIX,0.239,0.232,0.167
40008195,292,TEXT_HW,TEXT,LINE_MIX,0.385,0.155,0.144
40008195,313,LINE_HW,TEXT_HW,LINE_MIX,0.295,0.219,0.16
40008195,316,LINE_HW,LINE_MIX,TEXT_HW,0.375,0.207,0.204
40008195,320,LINE_HW,TEXT_HW,LINE_MIX,0.392,0.197,0.182
40008195,365,TEXT_HW,LINE_HW,LINE_MIX,0.402,0.193,0.176
40008497,104,TEXT_HW,TEXT,MISC,0.734,0.107,0.062
40008497,109,TEXT_HW,TEXT,TEXT_TP,0.711,0.136,0.051
40008497,274,TEXT_HW,TEXT,MISC,0.605,0.114,0.108
40008497,307,TEXT_HW,LINE_HW,TEXT,0.735,0.074,0.074
40008497,320,TEXT_HW,TEXT,MISC,0.737,0.104,0.049
40008508,28,TEXT_HW,TEXT,TEXT_TP,0.552,0.166,0.093
40009975,45,TEXT_HW,LINE_HW,TEXT,0.741,0.078,0.073
40009975,86,TEXT_HW,LINE_HW,TEXT,0.782,0.066,0.062
40009975,481,TEXT_HW,TEXT,LINE_HW,0.81,0.066,0.041
40009975,683,TEXT_HW,LINE_HW,TEXT,0.634,0.112,0.1
40009976,419,TEXT_HW,TEXT,LINE_HW,0.77,0.077,0.058
71000564,202,MISC,PHOTO,DRAW,0.499,0.175,0.147
A0003781,76,LINE_HW,LINE_MIX,LINE_TP,0.832,0.074,0.036
A0003781,162,LINE_HW,LINE_MIX,LINE_TP,0.828,0.086,0.046
A0003781,224,TEXT_HW,LINE_HW,TEXT,0.473,0.287,0.085
A0003781,533,LINE_HW,LINE_MIX,LINE_TP,0.794,0.093,0.041
A0003784,102,LINE_HW,TEXT_HW,LINE_MIX,0.559,0.256,0.068
A0018096,118,TEXT_HW,DRAW,LINE_HW,0.428,0.17,0.139
A0018098,117,LINE_HW,LINE_MIX,LINE_TP,0.7,0.106,0.052
A0027039,51,TEXT_HW,LINE_HW,TEXT,0.493,0.248,0.078
A0027039,73,LINE_HW,TEXT_HW,LINE_MIX,0.618,0.096,0.09
A0027039,80,LINE_HW,LINE_MIX,TEXT_HW,0.744,0.089,0.051
A0027039,91,LINE_HW,LINE_MIX,TEXT_HW,0.667,0.095,0.082
A0027039,114,LINE_HW,LINE_MIX,TEXT_HW,0.607,0.12,0.082
A0027039,122,LINE_HW,LINE_MIX,LINE_TP,0.721,0.095,0.051
A0027039,189,LINE_HW,LINE_MIX,TEXT_HW,0.562,0.123,0.073
A0027039,190,LINE_HW,LINE_MIX,TEXT_HW,0.62,0.113,0.084
A0027040,10,LINE_HW,LINE_MIX,TEXT_HW,0.637,0.164,0.068
A0027040,31,LINE_HW,LINE_MIX,LINE_TP,0.681,0.13,0.075
A0027040,62,LINE_HW,LINE_MIX,LINE_TP,0.693,0.141,0.048
A0027040,72,LINE_HW,LINE_MIX,TEXT_HW,0.679,0.132,0.053
A0027040,90,LINE_HW,LINE_MIX,LINE_TP,0.703,0.13,0.067
A0027040,128,LINE_HW,LINE_MIX,LINE_TP,0.66,0.152,0.066
A0027040,132,LINE_HW,LINE_MIX,TEXT_HW,0.616,0.14,0.059
A0027040,144,LINE_HW,LINE_MIX,LINE_TP,0.749,0.115,0.062
A0027041,22,LINE_HW,LINE_MIX,LINE_TP,0.664,0.123,0.077
A0027041,43,LINE_HW,LINE_MIX,LINE_TP,0.6,0.161,0.068
A0027041,45,LINE_HW,LINE_MIX,LINE_TP,0.631,0.122,0.09
A0027041,73,LINE_HW,LINE_MIX,TEXT_HW,0.655,0.114,0.081
A0027041,79,LINE_HW,LINE_MIX,TEXT_HW,0.708,0.109,0.057
A0027041,96,LINE_HW,LINE_MIX,LINE_TP,0.626,0.118,0.058
A0027041,111,LINE_HW,LINE_MIX,LINE_TP,0.694,0.105,0.069
A0027041,150,LINE_HW,LINE_MIX,TEXT_HW,0.616,0.121,0.121
A0027864,212,TEXT_HW,TEXT,LINE_HW,0.784,0.075,0.059
A0027864,295,TEXT_HW,LINE_HW,TEXT,0.526,0.188,0.097
A0027864,332,TEXT_HW,LINE_HW,LINE_MIX,0.527,0.265,0.069
A0027864,390,TEXT_HW,LINE_HW,TEXT,0.572,0.204,0.075
A0027868,109,TEXT_HW,TEXT,LINE_HW,0.701,0.101,0.092
A0027868,262,TEXT_HW,LINE_HW,TEXT,0.604,0.19,0.073
A0027868,714,TEXT_HW,LINE_HW,TEXT,0.58,0.22,0.067
A0027870,150,TEXT_HW,LINE_HW,TEXT,0.54,0.232,0.083
A0027870,333,TEXT_HW,LINE_HW,LINE_MIX,0.432,0.306,0.075
A0027870,416,TEXT_HW,LINE_HW,TEXT,0.621,0.143,0.087
A0027870,863,TEXT_HW,LINE_HW,MISC,0.548,0.172,0.098
A0027870,895,TEXT_HW,LINE_HW,MISC,0.54,0.199,0.088
A0027873,45,TEXT_HW,LINE_HW,TEXT,0.569,0.185,0.085
A0027873,226,TEXT_HW,LINE_HW,TEXT,0.413,0.332,0.089
A0027873,291,TEXT_HW,TEXT,LINE_HW,0.694,0.1,0.094
A0027873,497,LINE_HW,TEXT_HW,MISC,0.455,0.285,0.084
A0027873,644,TEXT_HW,LINE_HW,TEXT,0.705,0.115,0.079
A0027874,274,TEXT_HW,LINE_HW,TEXT,0.527,0.257,0.067
A0027874,487,TEXT_HW,LINE_HW,MISC,0.569,0.139,0.109
A0027874,579,TEXT_HW,LINE_HW,MISC,0.448,0.24,0.11
A0027874,667,TEXT_HW,LINE_HW,TEXT,0.412,0.342,0.081
A0027878,398,TEXT_HW,LINE_HW,TEXT,0.517,0.223,0.09
A0027878,576,TEXT_HW,TEXT,LINE_HW,0.74,0.097,0.05
A0027880,103,TEXT_HW,TEXT,MISC,0.753,0.093,0.042
A0027880,273,TEXT_HW,LINE_HW,TEXT,0.701,0.098,0.092
A0027880,551,LINE_HW,TEXT_HW,LINE_MIX,0.422,0.372,0.061
A0027881,334,TEXT_HW,LINE_HW,TEXT,0.652,0.168,0.079
A0027881,943,LINE_HW,TEXT_HW,LINE_MIX,0.407,0.337,0.103
A0027881,957,TEXT_HW,LINE_HW,LINE_MIX,0.496,0.292,0.067
A0027888,241,TEXT_HW,LINE_HW,TEXT,0.544,0.194,0.114
A0027888,505,LINE_HW,LINE_MIX,TEXT_HW,0.728,0.07,0.06
A0027898,629,LINE_HW,TEXT_HW,LINE_MIX,0.594,0.225,0.069
A0027898,745,TEXT_HW,LINE_HW,MISC,0.656,0.114,0.092
A0027904,75,TEXT_HW,LINE_HW,MISC,0.426,0.167,0.12
A0027904,509,TEXT_HW,TEXT,LINE_HW,0.739,0.087,0.064
A0027907,1,LINE_TP,LINE_HW,TEXT_TP,0.337,0.243,0.12
A0027907,227,TEXT_HW,LINE_HW,MISC,0.401,0.303,0.098
A0027907,346,TEXT_HW,LINE_HW,LINE_MIX,0.456,0.323,0.084
A0027909,768,TEXT_HW,LINE_HW,TEXT,0.696,0.11,0.088
A0027914,44,TEXT_HW,TEXT,LINE_HW,0.794,0.092,0.04
A0027914,109,TEXT_HW,TEXT,LINE_HW,0.75,0.097,0.069
A0027914,149,TEXT_HW,LINE_HW,TEXT,0.653,0.137,0.088
A0027914,169,LINE_HW,LINE_MIX,TEXT_HW,0.796,0.081,0.042
A0027914,317,TEXT_HW,TEXT,LINE_HW,0.814,0.083,0.039
A0027914,350,LINE_HW,TEXT_HW,LINE_MIX,0.659,0.143,0.092
A0027919,843,PHOTO,LINE_HW,MISC,0.232,0.187,0.167
A0027919,1025,TEXT_HW,TEXT,MISC,0.677,0.094,0.062
A0027920,13,TEXT_HW,LINE_HW,TEXT,0.657,0.151,0.081
A0027920,219,TEXT_HW,LINE_HW,TEXT,0.486,0.16,0.11
A0027923,219,TEXT_HW,LINE_HW,TEXT,0.616,0.182,0.078
A0027923,228,TEXT_HW,LINE_HW,TEXT,0.666,0.119,0.083
A0027924,119,TEXT_HW,LINE_HW,TEXT,0.645,0.144,0.085
A0027924,211,TEXT_HW,LINE_HW,TEXT,0.733,0.088,0.073
A0027924,221,TEXT_HW,LINE_HW,TEXT,0.633,0.146,0.088
A0027924,231,TEXT_HW,LINE_HW,TEXT,0.538,0.217,0.081
A0027924,296,TEXT_HW,LINE_HW,TEXT,0.596,0.194,0.078
A0027931,98,TEXT_HW,LINE_HW,MISC,0.608,0.169,0.084
A0027931,200,LINE_HW,TEXT_HW,MISC,0.375,0.21,0.134
A0027932,17,TEXT_HW,LINE_HW,TEXT,0.556,0.141,0.103
A0027932,463,LINE_HW,LINE_MIX,DRAW,0.515,0.19,0.068
A0027932,590,TEXT_HW,TEXT,LINE_HW,0.643,0.084,0.083
A0027935,41,TEXT_HW,TEXT,MISC,0.663,0.108,0.088
A0027935,138,TEXT_HW,TEXT,LINE_HW,0.735,0.116,0.05
A0027935,176,LINE_HW,LINE_MIX,TEXT_HW,0.753,0.119,0.045
A0027935,199,TEXT_HW,TEXT,LINE_HW,0.739,0.1,0.06
A0027935,223,TEXT_HW,TEXT,MISC,0.771,0.111,0.031
A0027935,228,TEXT_HW,TEXT,LINE_HW,0.778,0.109,0.033
A0027940,13,TEXT_HW,LINE_HW,TEXT,0.6,0.172,0.086
A0027940,31,TEXT_HW,TEXT,MISC,0.773,0.08,0.047
A0027940,38,TEXT_HW,LINE_HW,TEXT,0.742,0.091,0.076
A0027940,58,TEXT_HW,TEXT,LINE_HW,0.704,0.101,0.07
A0027940,94,TEXT_HW,TEXT,LINE_HW,0.756,0.09,0.056
A0027940,108,TEXT_HW,LINE_HW,TEXT,0.625,0.168,0.079
A0027940,123,TEXT_HW,LINE_HW,TEXT,0.72,0.099,0.07
A0027940,130,TEXT_HW,LINE_HW,TEXT,0.731,0.087,0.076
A0027942,168,TEXT_HW,LINE_HW,TEXT,0.734,0.109,0.06
A0027942,239,TEXT_HW,LINE_HW,TEXT,0.563,0.183,0.095
A0027944,112,LINE_HW,TEXT_HW,LINE_MIX,0.629,0.18,0.109
A0027944,172,TEXT_HW,TEXT,LINE_HW,0.793,0.086,0.046
A0027945,10,TEXT_HW,LINE_HW,TEXT,0.671,0.11,0.085
A0027945,19,TEXT_HW,TEXT,LINE_HW,0.797,0.072,0.046
A0027945,33,TEXT_HW,TEXT,MISC,0.774,0.069,0.064
A0027945,176,TEXT_HW,LINE_HW,TEXT,0.68,0.111,0.089
A0027945,199,TEXT_HW,LINE_HW,TEXT,0.698,0.089,0.078
A0027945,238,TEXT_HW,TEXT,LINE_HW,0.759,0.088,0.053
A0027946,14,TEXT_HW,TEXT,LINE_HW,0.729,0.087,0.064
A0027949,12,TEXT_HW,TEXT,LINE_HW,0.697,0.117,0.065
A0027949,25,TEXT_HW,TEXT,LINE_HW,0.644,0.131,0.079
A0027949,68,TEXT_HW,TEXT,LINE_HW,0.732,0.099,0.07
A0027949,225,TEXT_HW,LINE_HW,TEXT,0.786,0.071,0.064
A0027949,230,TEXT_HW,LINE_HW,TEXT,0.73,0.105,0.067
A0027949,255,TEXT_HW,LINE_HW,TEXT,0.783,0.085,0.059
A0027951,36,TEXT_HW,LINE_HW,TEXT,0.52,0.231,0.098
A0027951,85,TEXT_HW,TEXT,LINE_HW,0.729,0.099,0.07
A0027951,94,TEXT_HW,TEXT,MISC,0.809,0.097,0.026
A0027951,105,TEXT_HW,TEXT,LINE_HW,0.808,0.083,0.037
A0027951,123,TEXT_HW,TEXT,LINE_HW,0.743,0.085,0.082
A0027951,127,TEXT_HW,TEXT,MISC,0.752,0.099,0.042
A0027951,209,TEXT_HW,LINE_HW,TEXT,0.553,0.14,0.116
A0027951,232,TEXT_HW,LINE_HW,TEXT,0.664,0.105,0.102
A0027952,8,TEXT_HW,LINE_HW,LINE_MIX,0.559,0.29,0.072
A0027952,116,TEXT_HW,LINE_HW,TEXT,0.664,0.139,0.079
A0027964,51,TEXT_HW,LINE_HW,LINE_MIX,0.545,0.283,0.074
A0027964,83,TEXT_HW,LINE_HW,TEXT,0.58,0.234,0.069
A0027964,100,TEXT_HW,TEXT,LINE_HW,0.846,0.069,0.025
A0027964,254,LINE_HW,LINE_MIX,TEXT_HW,0.842,0.055,0.04
A0027964,347,TEXT_HW,LINE_HW,TEXT,0.589,0.21,0.068
A0027968,24,TEXT_HW,TEXT,LINE_HW,0.827,0.05,0.049
A0027968,49,LINE_HW,LINE_MIX,LINE_TP,0.825,0.097,0.03
A0027968,131,TEXT_HW,LINE_HW,TEXT,0.754,0.097,0.062
A0027968,153,LINE_HW,TEXT_HW,LINE_MIX,0.441,0.294,0.083
A0027969,101,TEXT_HW,TEXT,LINE_HW,0.776,0.09,0.053
A0027969,169,TEXT_HW,LINE_HW,TEXT,0.676,0.121,0.089
A0027969,174,TEXT_HW,TEXT,LINE_HW,0.766,0.086,0.051
A0027969,183,TEXT_HW,TEXT,LINE_HW,0.742,0.091,0.059
A0027969,187,TEXT_HW,LINE_HW,TEXT,0.703,0.111,0.079
A0027969,262,TEXT_HW,TEXT,LINE_HW,0.795,0.092,0.034
A0027969,274,TEXT_HW,LINE_HW,TEXT,0.742,0.086,0.076
A0027975,337,TEXT_HW,LINE_HW,TEXT,0.523,0.247,0.083
A0027975,411,TEXT_HW,LINE_HW,TEXT,0.634,0.146,0.091
A0027975,453,TEXT_HW,LINE_HW,TEXT,0.725,0.104,0.087
A0027976,30,TEXT_HW,TEXT,LINE_HW,0.661,0.111,0.084
A0027976,662,LINE_HW,TEXT_HW,MISC,0.431,0.336,0.073
A0027982,196,TEXT_HW,LINE_HW,TEXT,0.547,0.235,0.072
A0027982,248,TEXT_HW,LINE_HW,TEXT,0.572,0.198,0.088
A0027982,440,TEXT_HW,LINE_HW,TEXT,0.593,0.175,0.091
A0027982,629,LINE_HW,TEXT_HW,LINE_MIX,0.557,0.225,0.085
A0030232,3,LINE_TP,LINE_HW,LINE_MIX,0.291,0.269,0.102
A0030232,211,LINE_HW,LINE_MIX,TEXT_HW,0.803,0.078,0.056
A0030242,323,TEXT_HW,LINE_HW,TEXT,0.602,0.189,0.074
A0030242,333,LINE_HW,TEXT_HW,LINE_MIX,0.422,0.35,0.073
A0030242,438,LINE_HW,TEXT_HW,LINE_MIX,0.559,0.256,0.076
A0030242,449,TEXT_HW,LINE_HW,TEXT,0.731,0.116,0.064
A0030242,592,TEXT_HW,TEXT,LINE_HW,0.787,0.072,0.06
A0030422,49,TEXT_HW,TEXT,LINE_HW,0.756,0.081,0.054
A0030422,91,LINE_HW,TEXT_HW,LINE_MIX,0.384,0.187,0.148
A0030422,94,TEXT_HW,LINE_HW,TEXT,0.732,0.082,0.081
A0030422,190,TEXT_HW,LINE_HW,TEXT,0.635,0.107,0.105
A0030422,230,TEXT_HW,LINE_HW,TEXT,0.702,0.092,0.089
A0030423,26,TEXT_HW,MISC,TEXT,0.41,0.174,0.105
A0030423,41,TEXT_HW,LINE_HW,TEXT,0.589,0.158,0.084
A0030423,224,PHOTO,TEXT_HW,MISC,0.408,0.184,0.165
A0030423,679,LINE_HW,TEXT_HW,LINE_MIX,0.55,0.222,0.105
A0030424,78,TEXT_HW,LINE_HW,MISC,0.42,0.298,0.097
A0030424,280,TEXT_HW,TEXT,LINE_HW,0.73,0.108,0.053
A0036633,245,LINE_HW,LINE_MIX,TEXT_HW,0.809,0.078,0.045
A0036633,253,LINE_HW,LINE_MIX,LINE_TP,0.749,0.085,0.048
A0036633,283,LINE_HW,LINE_MIX,LINE_TP,0.77,0.088,0.05
A0036633,299,LINE_HW,LINE_MIX,LINE_TP,0.819,0.073,0.03
A0036633,372,LINE_HW,LINE_MIX,LINE_TP,0.872,0.056,0.026
A0036633,429,LINE_HW,LINE_MIX,LINE_TP,0.792,0.085,0.041
A0036633,504,LINE_HW,LINE_MIX,TEXT_HW,0.786,0.072,0.042
A0036633,524,LINE_HW,LINE_MIX,TEXT_HW,0.76,0.085,0.04
A0043896,139,TEXT_HW,TEXT,LINE_HW,0.706,0.09,0.082
A0043896,289,LINE_TP,MISC,TEXT,0.231,0.207,0.156
A0043896,362,TEXT_HW,LINE_HW,TEXT,0.579,0.133,0.118
A0043896,378,LINE_HW,TEXT_HW,LINE_MIX,0.525,0.168,0.102
A0043897,4,PHOTO,MISC,TEXT_TP,0.532,0.143,0.103
A0043897,179,TEXT_HW,LINE_HW,TEXT,0.738,0.08,0.078
A0043897,438,LINE_HW,TEXT_HW,LINE_MIX,0.328,0.309,0.103
A0043899,100,LINE_HW,TEXT_HW,LINE_MIX,0.619,0.167,0.109
A0043899,110,LINE_HW,TEXT_HW,LINE_MIX,0.49,0.211,0.113
A0043899,208,LINE_HW,TEXT_HW,LINE_MIX,0.39,0.344,0.097
A0043900,86,LINE_HW,TEXT_HW,LINE_MIX,0.345,0.324,0.121
A0043900,226,PHOTO,TEXT_HW,MISC,0.509,0.19,0.141
A0043901,77,PHOTO,MISC,DRAW,0.469,0.225,0.063
A0043901,83,LINE_HW,TEXT_HW,MISC,0.311,0.25,0.161
A0043901,256,LINE_HW,LINE_MIX,TEXT_HW,0.649,0.126,0.106
A0043904,33,LINE_HW,TEXT_HW,LINE_MIX,0.577,0.117,0.087
A0043904,442,PHOTO,TEXT_TP,LINE_TP,0.388,0.128,0.124
A0043906,274,LINE_HW,TEXT_HW,LINE_MIX,0.586,0.119,0.094
A0043906,276,LINE_HW,TEXT_HW,LINE_MIX,0.358,0.211,0.134
A0043906,431,LINE_HW,TEXT_HW,MISC,0.354,0.298,0.088
A0043908,19,DRAW,TEXT_HW,PHOTO,0.36,0.218,0.137
A0043908,291,TEXT_HW,LINE_HW,LINE_MIX,0.648,0.152,0.063
A0043908,385,LINE_HW,TEXT_HW,LINE_MIX,0.711,0.104,0.09
A0043910,239,TEXT_HW,LINE_HW,LINE_MIX,0.531,0.117,0.088
A0043910,303,LINE_HW,LINE_MIX,PHOTO,0.422,0.125,0.125
A0043912,201,LINE_HW,TEXT_HW,LINE_MIX,0.545,0.283,0.086
A0043914,12,LINE_HW,LINE_MIX,LINE_TP,0.743,0.092,0.064
A0043914,15,LINE_HW,LINE_MIX,TEXT_HW,0.632,0.145,0.078
A0043914,160,LINE_HW,LINE_MIX,TEXT_HW,0.668,0.093,0.066
A0043914,329,LINE_HW,LINE_MIX,PHOTO,0.524,0.139,0.117
A0043915,16,LINE_HW,LINE_MIX,TEXT_HW,0.635,0.127,0.083
A0043915,330,LINE_HW,LINE_MIX,LINE_TP,0.761,0.119,0.037
A0043916,356,PHOTO,LINE_HW,TEXT_HW,0.306,0.18,0.177
A0043916,407,LINE_HW,LINE_MIX,TEXT_HW,0.434,0.113,0.11
A0043916,492,TEXT_HW,LINE_HW,TEXT,0.737,0.092,0.062
A0043917,508,LINE_HW,TEXT_HW,LINE_MIX,0.511,0.2,0.112
A0043918,136,LINE_HW,TEXT_HW,LINE_MIX,0.425,0.235,0.18
A0043922,3,DRAW,LINE_TP,LINE_HW,0.376,0.218,0.136
A0043923,12,LINE_HW,TEXT_HW,LINE_MIX,0.594,0.131,0.071
A0043923,92,LINE_HW,LINE_MIX,LINE_TP,0.771,0.084,0.052
A0043923,452,TEXT_HW,LINE_HW,PHOTO,0.285,0.202,0.139
A0043925,342,LINE_HW,LINE_MIX,TEXT_HW,0.646,0.149,0.081
A0043932,3,MISC,TEXT_HW,PHOTO,0.253,0.249,0.153
A0043934,242,MISC,PHOTO,TEXT_HW,0.75,0.073,0.049
A0043935,350,TEXT_HW,MISC,LINE_HW,0.446,0.217,0.149
A0043936,1,LINE_HW,LINE_TP,MISC,0.364,0.211,0.122
A0043936,101,LINE_HW,TEXT_HW,LINE_MIX,0.587,0.135,0.079
A0043937,303,LINE_HW,LINE_MIX,DRAW,0.678,0.096,0.058
A0054801,3,PHOTO,MISC,LINE_TP,0.319,0.216,0.1
A0054808,4,PHOTO,MISC,LINE_HW,0.612,0.16,0.049
A0054812,9,TEXT_HW,LINE_HW,LINE_MIX,0.403,0.403,0.082
A0054815,3,PHOTO,LINE_TP,MISC,0.203,0.2,0.182
A0054834,6,PHOTO,DRAW,MISC,0.617,0.125,0.086
A0054843,566,LINE_HW,LINE_MIX,TEXT_HW,0.656,0.144,0.082
A0054844,619,TEXT_HW,TEXT,LINE_HW,0.84,0.053,0.04
A0056924,39,LINE_HW,LINE_MIX,LINE_TP,0.762,0.097,0.045
A0056924,74,LINE_HW,LINE_MIX,LINE_TP,0.76,0.092,0.052
A0056924,115,LINE_HW,LINE_MIX,TEXT_HW,0.688,0.095,0.06
A0056924,120,LINE_HW,LINE_MIX,LINE_TP,0.656,0.12,0.056
A0056924,177,LINE_HW,LINE_MIX,LINE_TP,0.724,0.103,0.057
A0056924,202,LINE_HW,LINE_MIX,LINE_TP,0.717,0.108,0.066
A0056924,230,MISC,LINE_MIX,TEXT,0.342,0.13,0.126
A0056924,254,LINE_HW,LINE_MIX,LINE_TP,0.662,0.111,0.054
A0056926,4,LINE_HW,LINE_TP,LINE_MIX,0.642,0.152,0.139
A0056926,29,LINE_HW,LINE_MIX,LINE_TP,0.716,0.108,0.082
A0056926,67,LINE_HW,LINE_TP,LINE_MIX,0.698,0.107,0.104
A0056926,89,LINE_HW,LINE_MIX,LINE_TP,0.628,0.088,0.088
A0056926,93,LINE_HW,LINE_MIX,TEXT_HW,0.702,0.093,0.059
A0056926,124,LINE_HW,LINE_MIX,LINE_TP,0.76,0.103,0.041
A0056926,156,LINE_HW,LINE_MIX,LINE_TP,0.726,0.111,0.092
A0056926,216,LINE_HW,LINE_MIX,TEXT_HW,0.614,0.094,0.079
A0056930,69,LINE_HW,LINE_MIX,LINE_TP,0.711,0.098,0.07
A0056930,127,LINE_HW,LINE_MIX,LINE_TP,0.801,0.094,0.042
A0056930,153,LINE_HW,LINE_MIX,LINE_TP,0.688,0.116,0.056
A0056930,160,LINE_HW,LINE_MIX,LINE_TP,0.747,0.115,0.052
A0056930,195,LINE_HW,LINE_MIX,LINE_TP,0.752,0.102,0.065
A0056930,201,LINE_HW,LINE_MIX,LINE_TP,0.563,0.122,0.106
A0056931,6,LINE_HW,LINE_MIX,LINE_TP,0.804,0.082,0.037
A0056931,86,LINE_HW,LINE_MIX,LINE_TP,0.697,0.11,0.075
A0056931,135,LINE_HW,LINE_MIX,LINE_TP,0.736,0.118,0.061
A0056931,168,LINE_HW,LINE_MIX,LINE_TP,0.691,0.109,0.065
A0056931,188,LINE_HW,LINE_MIX,LINE_TP,0.777,0.093,0.055
A0056931,262,LINE_HW,LINE_MIX,LINE_TP,0.652,0.112,0.07
A0056931,263,LINE_HW,LINE_MIX,LINE_TP,0.735,0.104,0.059
A0056931,275,PHOTO,DRAW,MISC,0.266,0.258,0.132
A0056939,46,LINE_HW,LINE_MIX,LINE_TP,0.743,0.096,0.05
A0056939,82,LINE_HW,TEXT_HW,LINE_MIX,0.61,0.113,0.078
A0056939,93,LINE_HW,LINE_MIX,TEXT_HW,0.673,0.108,0.056
A0056939,114,LINE_HW,TEXT_HW,LINE_TP,0.599,0.096,0.092
A0056939,132,LINE_HW,LINE_MIX,LINE_TP,0.72,0.11,0.063
A0056939,187,LINE_HW,LINE_MIX,LINE_TP,0.675,0.086,0.062
A0056939,215,LINE_HW,TEXT_HW,LINE_MIX,0.627,0.093,0.078
A0056947,5,PHOTO,MISC,DRAW,0.501,0.173,0.168
A0056947,19,LINE_HW,LINE_MIX,LINE_TP,0.728,0.099,0.071
A0056947,36,LINE_HW,LINE_MIX,LINE_TP,0.68,0.104,0.074
A0056947,86,LINE_HW,LINE_MIX,LINE_TP,0.729,0.105,0.076
A0056947,164,LINE_HW,LINE_MIX,LINE_TP,0.702,0.108,0.067
A0056947,297,LINE_HW,LINE_MIX,LINE_TP,0.696,0.129,0.09
A0056947,311,LINE_HW,TEXT_HW,LINE_TP,0.536,0.112,0.102
A0056947,341,LINE_HW,LINE_MIX,TEXT_HW,0.72,0.078,0.066
A0056952,1,TEXT,LINE_TP,MISC,0.234,0.177,0.171
A0056952,25,LINE_HW,LINE_TP,TEXT_HW,0.523,0.128,0.101
A0056952,170,LINE_HW,LINE_MIX,LINE_TP,0.659,0.118,0.111
A0056952,184,LINE_HW,LINE_MIX,TEXT_HW,0.569,0.1,0.09
A0056952,187,LINE_HW,LINE_MIX,TEXT_HW,0.766,0.102,0.043
A0056952,191,LINE_HW,LINE_MIX,TEXT_HW,0.741,0.099,0.054
A0056952,221,LINE_HW,LINE_MIX,LINE_TP,0.76,0.088,0.079
A0056952,288,LINE_HW,LINE_MIX,TEXT_HW,0.724,0.091,0.059
A0056955,13,LINE_HW,LINE_MIX,LINE_TP,0.678,0.096,0.067
A0056955,35,LINE_HW,LINE_MIX,TEXT_HW,0.638,0.128,0.075
A0056955,50,LINE_HW,LINE_MIX,LINE_TP,0.768,0.098,0.054
A0056955,122,LINE_HW,LINE_MIX,LINE_TP,0.767,0.102,0.042
A0056955,133,LINE_HW,LINE_MIX,TEXT_HW,0.776,0.082,0.039
A0056955,214,LINE_HW,LINE_MIX,LINE_TP,0.764,0.093,0.042
A0056955,240,LINE_HW,LINE_MIX,TEXT_HW,0.709,0.107,0.055
A0056955,269,LINE_HW,LINE_MIX,LINE_TP,0.714,0.103,0.064
A0056975,15,LINE_HW,LINE_TP,TEXT_HW,0.552,0.105,0.105
A0056975,82,LINE_HW,TEXT_HW,LINE_TP,0.563,0.124,0.089
A0056975,171,LINE_HW,LINE_MIX,LINE_TP,0.723,0.099,0.057
A0056975,186,LINE_HW,LINE_MIX,LINE_TP,0.611,0.113,0.111
A0056975,195,LINE_HW,LINE_MIX,LINE_TP,0.638,0.124,0.06
A0056975,245,LINE_HW,LINE_MIX,LINE_TP,0.645,0.107,0.086
A0056975,312,LINE_HW,LINE_MIX,LINE_TP,0.718,0.105,0.067
A0056975,369,LINE_HW,LINE_MIX,LINE_TP,0.725,0.1,0.059
A0056980,19,LINE_HW,LINE_TP,LINE_MIX,0.613,0.113,0.097
A0056980,57,LINE_HW,LINE_MIX,LINE_TP,0.571,0.099,0.098
A0056980,61,LINE_HW,TEXT_HW,LINE_MIX,0.627,0.095,0.089
A0056980,71,LINE_HW,LINE_MIX,LINE_TP,0.78,0.089,0.044
A0056980,166,LINE_HW,LINE_MIX,LINE_TP,0.81,0.081,0.048
A0056980,185,LINE_HW,LINE_MIX,LINE_TP,0.729,0.097,0.048
A0056980,195,LINE_HW,LINE_MIX,LINE_TP,0.761,0.1,0.04
A0056980,214,LINE_HW,LINE_MIX,LINE_TP,0.69,0.14,0.061
A0056984,178,LINE_HW,LINE_MIX,LINE_TP,0.705,0.119,0.072
A0056984,209,LINE_HW,LINE_MIX,LINE_TP,0.774,0.097,0.066
A0056984,302,LINE_HW,LINE_MIX,LINE_TP,0.676,0.097,0.087
A0056984,304,LINE_HW,LINE_TP,LINE_MIX,0.684,0.11,0.099
A0056984,310,LINE_HW,LINE_MIX,LINE_TP,0.66,0.101,0.079
A0056984,316,LINE_HW,LINE_TP,LINE_MIX,0.738,0.097,0.083
A0056984,364,LINE_HW,LINE_MIX,LINE_TP,0.643,0.119,0.117
A0056984,405,LINE_HW,LINE_MIX,LINE_TP,0.612,0.113,0.108
A0056985,109,LINE_HW,LINE_MIX,LINE_TP,0.74,0.094,0.09
A0056985,225,LINE_HW,LINE_MIX,LINE_TP,0.737,0.097,0.061
A0056985,230,LINE_HW,LINE_MIX,LINE_TP,0.712,0.095,0.092
A0056985,277,LINE_HW,LINE_TP,LINE_MIX,0.653,0.103,0.059
A0056985,342,LINE_HW,LINE_MIX,LINE_TP,0.788,0.084,0.056
A0056985,384,LINE_HW,LINE_MIX,LINE_TP,0.819,0.081,0.036
A0056985,472,LINE_HW,LINE_TP,LINE_MIX,0.64,0.143,0.085
A0060185,1,LINE_HW,MISC,TEXT,0.214,0.192,0.178
A0060185,2,MISC,TEXT_TP,TEXT_HW,0.325,0.151,0.118
A0060185,7,TEXT_HW,MISC,LINE_HW,0.421,0.205,0.181
A0060186,45,TEXT_HW,LINE_HW,TEXT,0.588,0.197,0.085
A0060187,1,LINE_HW,LINE_TP,TEXT,0.364,0.183,0.152
A0060187,29,TEXT_HW,LINE_HW,TEXT,0.416,0.345,0.108
A0060188,1,TEXT,MISC,TEXT_HW,0.306,0.172,0.152
A0060188,2,MISC,PHOTO,TEXT_HW,0.399,0.254,0.101
A0060188,4,TEXT_HW,LINE_HW,TEXT,0.673,0.16,0.067
A0060188,8,TEXT_HW,LINE_HW,TEXT,0.739,0.103,0.074
A0060188,11,TEXT_HW,LINE_HW,TEXT,0.702,0.118,0.081
A0060188,18,TEXT_HW,TEXT,MISC,0.686,0.105,0.083
A0060189,1,LINE_HW,LINE_TP,TEXT,0.327,0.192,0.162
A0060189,4,PHOTO,MISC,TEXT_HW,0.455,0.199,0.082
A0060189,5,PHOTO,MISC,DRAW,0.567,0.276,0.047
A0060190,21,TEXT_HW,LINE_HW,TEXT,0.7,0.123,0.074
A0060190,83,TEXT_HW,TEXT,LINE_HW,0.758,0.085,0.065
A0060191,2,MISC,PHOTO,TEXT_HW,0.431,0.287,0.098
A0060191,15,PHOTO,TEXT_TP,MISC,0.409,0.148,0.107
A0060192,15,TEXT_HW,LINE_HW,TEXT,0.644,0.127,0.089
A0060192,25,TEXT_HW,LINE_HW,MISC,0.553,0.197,0.096
A0060192,26,TEXT_HW,LINE_HW,TEXT,0.648,0.164,0.064
A0060192,33,TEXT_HW,LINE_HW,TEXT,0.634,0.166,0.076
A0060192,35,TEXT_HW,LINE_HW,MISC,0.543,0.227,0.092
A0060192,41,TEXT_HW,LINE_HW,MISC,0.561,0.182,0.102
A0060192,43,TEXT_HW,LINE_HW,TEXT,0.643,0.135,0.082
A0060193,2,MISC,TEXT_HW,TEXT_TP,0.653,0.107,0.055
A0060193,10,TEXT_HW,TEXT,LINE_HW,0.671,0.104,0.092
A0060193,14,TEXT_HW,LINE_HW,TEXT,0.775,0.072,0.069
A0060193,30,TEXT_HW,LINE_HW,TEXT,0.626,0.163,0.087
A0060193,40,TEXT_HW,LINE_HW,TEXT,0.661,0.097,0.097
A0060193,60,TEXT_HW,LINE_HW,TEXT,0.651,0.124,0.094
A0060193,71,PHOTO,TEXT_TP,MISC,0.409,0.148,0.107
A0060194,1,TEXT,TEXT_HW,TEXT_TP,0.442,0.219,0.125
A0060194,2,PHOTO,MISC,TEXT_HW,0.223,0.197,0.182
A0060194,4,TEXT_HW,LINE_HW,TEXT,0.779,0.074,0.065
A0060194,5,TEXT_HW,TEXT,LINE_HW,0.745,0.084,0.081
A0060194,6,TEXT_HW,LINE_HW,TEXT,0.72,0.11,0.071
A0060194,8,PHOTO,TEXT_TP,MISC,0.409,0.148,0.107
A0060195,46,PHOTO,TEXT_TP,MISC,0.409,0.148,0.107
A0060197,33,PHOTO,TEXT_TP,MISC,0.409,0.148,0.107
A0060198,5,TEXT_HW,LINE_HW,TEXT,0.674,0.117,0.079
A0060198,7,TEXT_HW,LINE_HW,MISC,0.612,0.145,0.091
A0060198,39,TEXT_HW,LINE_HW,MISC,0.579,0.161,0.085
A0060198,51,TEXT_HW,LINE_HW,TEXT,0.699,0.133,0.057
A0060198,58,TEXT_HW,LINE_HW,TEXT,0.672,0.103,0.085
A0060198,64,TEXT_HW,LINE_HW,TEXT,0.739,0.1,0.064
A0060199,7,TEXT_HW,LINE_HW,LINE_MIX,0.492,0.318,0.07
A0060200,311,TEXT_HW,MISC,LINE_HW,0.544,0.177,0.105
A0060200,351,TEXT_HW,TEXT,LINE_HW,0.809,0.063,0.05
A0060200,582,PHOTO,MISC,LINE_TP,0.508,0.24,0.059
A0060202,51,TEXT_HW,LINE_HW,TEXT,0.742,0.086,0.072
A0060202,210,TEXT_HW,LINE_HW,TEXT,0.757,0.09,0.062
A0060203,1,LINE_HW,LINE_TP,TEXT,0.315,0.213,0.129
A0060203,229,TEXT_HW,LINE_HW,TEXT,0.564,0.224,0.067
A0060203,454,TEXT_HW,LINE_HW,TEXT,0.58,0.207,0.067
A0060203,575,TEXT_HW,LINE_HW,TEXT,0.476,0.317,0.068
A0060209,290,TEXT_HW,TEXT,LINE_HW,0.769,0.08,0.05
A0060209,312,TEXT_HW,LINE_HW,TEXT,0.756,0.081,0.073
A0065848,327,MISC,TEXT_HW,LINE_HW,0.452,0.161,0.154
A0065851,256,MISC,PHOTO,DRAW,0.354,0.312,0.198
A0065851,289,PHOTO,MISC,LINE_TP,0.788,0.088,0.028
A0065877,3,MISC,LINE_TP,TEXT,0.217,0.174,0.145
A0065890,412,TEXT_HW,LINE_HW,LINE_MIX,0.423,0.373,0.059
A0065894,143,TEXT_TP,LINE_TP,PHOTO,0.215,0.202,0.155
A0065901,2,LINE_HW,LINE_TP,LINE_MIX,0.247,0.218,0.155
A0065910,219,TEXT_HW,DRAW,MISC,0.415,0.162,0.137
A0065910,288,DRAW,LINE_HW,TEXT_HW,0.352,0.242,0.14
A0065911,4,PHOTO,LINE_HW,TEXT_HW,0.295,0.234,0.116
A0065914,361,PHOTO,MISC,TEXT_TP,0.387,0.224,0.142
A0066000,82,TEXT_HW,LINE_HW,LINE_MIX,0.64,0.118,0.087
A0066000,98,TEXT_HW,LINE_HW,TEXT,0.596,0.153,0.094
A0066000,149,TEXT_HW,LINE_HW,LINE_MIX,0.503,0.207,0.101
A0066000,287,LINE_HW,TEXT_HW,LINE_MIX,0.406,0.358,0.098
A0066000,296,TEXT_HW,LINE_HW,TEXT,0.715,0.094,0.079
A0066000,343,TEXT_HW,LINE_HW,TEXT,0.579,0.169,0.095
A0066000,372,TEXT_HW,LINE_HW,LINE_MIX,0.632,0.16,0.08
A0066000,464,LINE_HW,TEXT_HW,LINE_MIX,0.506,0.239,0.097
A0066001,241,TEXT_HW,LINE_HW,TEXT,0.629,0.157,0.076
A0066001,306,LINE_HW,LINE_MIX,TEXT_HW,0.812,0.088,0.047
A0067130,4,TEXT_TP,LINE_TP,MISC,0.211,0.207,0.147
A0067182,221,PHOTO,MISC,TEXT_TP,0.556,0.192,0.089
A0067200,240,LINE_TP,LINE_MIX,MISC,0.286,0.179,0.135
A0067233,126,PHOTO,MISC,TEXT_TP,0.446,0.195,0.113
A0067238,5,DRAW,MISC,PHOTO,0.384,0.233,0.135
A0067238,407,LINE_TP,LINE_MIX,PHOTO,0.263,0.178,0.173
A0067272,76,LINE_HW,TEXT_HW,LINE_MIX,0.531,0.208,0.105
A0067295,168,LINE_HW,TEXT_HW,MISC,0.395,0.343,0.097
A0067323,3,MISC,PHOTO,LINE_MIX,0.206,0.187,0.155
A0067323,468,LINE_HW,TEXT_HW,LINE_MIX,0.575,0.196,0.088
A0067352,503,LINE_HW,TEXT_HW,LINE_MIX,0.664,0.1,0.077
A0067354,665,TEXT_HW,LINE_HW,MISC,0.721,0.087,0.072
A0067360,153,LINE_TP,PHOTO,LINE_MIX,0.297,0.246,0.169
A0067363,3,MISC,PHOTO,LINE_TP,0.192,0.174,0.169
A0067363,8,LINE_HW,TEXT_HW,LINE_MIX,0.531,0.199,0.113
A0067363,238,TEXT_HW,LINE_HW,MISC,0.63,0.167,0.08
A0067364,1,LINE_TP,MISC,LINE_HW,0.296,0.216,0.182
A0067364,39,TEXT_HW,MISC,LINE_HW,0.673,0.098,0.084
A0067364,69,TEXT_HW,LINE_HW,MISC,0.493,0.215,0.112
A0067400,161,LINE_HW,TEXT_HW,LINE_MIX,0.663,0.141,0.064
A0067424,684,TEXT_HW,LINE_HW,LINE_MIX,0.618,0.188,0.065
A0067446,79,LINE_TP,MISC,LINE_HW,0.374,0.151,0.146
A0067484,241,PHOTO,MISC,TEXT_TP,0.607,0.2,0.056
A0068109,241,MISC,TEXT_HW,PHOTO,0.238,0.227,0.21
A0068109,632,MISC,TEXT_HW,LINE_HW,0.308,0.303,0.13
A0068234,454,TEXT_HW,LINE_HW,MISC,0.642,0.141,0.068
A0068400,86,LINE_HW,MISC,TEXT_HW,0.218,0.205,0.187
A0068400,329,TEXT_HW,LINE_HW,MISC,0.474,0.175,0.132
A0068948,45,LINE_HW,LINE_MIX,LINE_TP,0.847,0.061,0.026
A0068948,167,LINE_HW,LINE_MIX,DRAW,0.754,0.081,0.049
A0068948,170,LINE_HW,LINE_MIX,DRAW,0.665,0.107,0.049
A0068948,191,LINE_HW,LINE_MIX,MISC,0.262,0.183,0.151
A0068948,195,LINE_HW,LINE_MIX,LINE_TP,0.788,0.074,0.042
A0068948,249,LINE_HW,LINE_MIX,LINE_TP,0.843,0.067,0.034
A0068948,410,LINE_HW,LINE_MIX,LINE_TP,0.759,0.088,0.071
A0068948,417,LINE_HW,LINE_MIX,LINE_TP,0.795,0.092,0.048
A0068956,10,TEXT_HW,TEXT,LINE_HW,0.862,0.061,0.025
A0068956,20,LINE_HW,LINE_MIX,TEXT_HW,0.519,0.144,0.089
A0068956,38,LINE_HW,LINE_MIX,TEXT_HW,0.685,0.141,0.049
A0068956,44,LINE_HW,LINE_MIX,TEXT_HW,0.733,0.102,0.054
A0068956,45,LINE_HW,LINE_MIX,TEXT_HW,0.687,0.102,0.087
A0068956,60,LINE_HW,LINE_MIX,TEXT_HW,0.604,0.119,0.073
A0068956,64,LINE_HW,LINE_MIX,TEXT_HW,0.609,0.12,0.101
A0068956,72,LINE_HW,LINE_MIX,LINE_TP,0.647,0.174,0.098
A0076300,249,TEXT_HW,MISC,PHOTO,0.349,0.225,0.152
A0076300,263,TEXT_HW,LINE_HW,MISC,0.265,0.2,0.14
A0076300,266,DRAW,LINE_HW,TEXT_HW,0.358,0.231,0.111
A0076300,322,DRAW,PHOTO,MISC,0.524,0.344,0.077
A0076301,47,LINE_HW,TEXT_HW,LINE_MIX,0.352,0.227,0.114
A0076301,106,TEXT_HW,MISC,TEXT,0.338,0.264,0.155
A0076301,171,TEXT_HW,LINE_HW,MISC,0.412,0.192,0.138
A0076302,4,PHOTO,DRAW,MISC,0.408,0.389,0.124
A0076302,7,LINE_HW,LINE_MIX,TEXT_HW,0.72,0.08,0.058
A0076302,11,LINE_HW,TEXT_HW,MISC,0.562,0.171,0.102
A0076302,12,LINE_HW,LINE_MIX,TEXT_HW,0.595,0.119,0.108
A0076302,13,LINE_HW,TEXT_HW,MISC,0.576,0.16,0.113
A0076302,14,MISC,PHOTO,DRAW,0.371,0.28,0.097
A0076302,15,MISC,PHOTO,TEXT_TP,0.311,0.154,0.151
A0076303,124,MISC,PHOTO,TEXT,0.43,0.253,0.099
A0076303,192,LINE_HW,TEXT_HW,LINE_MIX,0.63,0.094,0.08
A0076303,208,LINE_HW,LINE_MIX,TEXT_HW,0.675,0.104,0.076
A0076303,240,LINE_HW,TEXT_HW,LINE_MIX,0.451,0.169,0.12
A0076303,293,TEXT_HW,TEXT,MISC,0.675,0.1,0.087
A0076303,325,TEXT_HW,LINE_HW,TEXT,0.723,0.092,0.086
B0000001,1277,LINE_HW,TEXT_HW,LINE_MIX,0.682,0.103,0.1
B0000001,1278,LINE_HW,TEXT_HW,LINE_MIX,0.567,0.199,0.113
B0000011,84,LINE_HW,TEXT_HW,LINE_MIX,0.601,0.201,0.105
B0000011,469,MISC,TEXT_TP,TEXT_HW,0.379,0.2,0.2
B0000013,9,LINE_HW,TEXT_HW,LINE_MIX,0.421,0.36,0.084
B0000013,14,LINE_HW,TEXT_HW,LINE_MIX,0.478,0.248,0.127
B0000013,46,LINE_HW,TEXT_HW,LINE_MIX,0.441,0.343,0.066
B0000013,54,LINE_HW,TEXT_HW,LINE_MIX,0.644,0.158,0.102
B0000013,68,LINE_HW,TEXT_HW,LINE_MIX,0.443,0.356,0.078
B0000016,9,LINE_HW,TEXT_HW,LINE_MIX,0.522,0.132,0.101
B0000016,27,LINE_HW,TEXT_HW,LINE_MIX,0.647,0.127,0.099
B0000016,37,LINE_HW,TEXT_HW,LINE_MIX,0.678,0.142,0.089
B0000016,49,LINE_HW,LINE_MIX,TEXT_HW,0.752,0.102,0.057
B0000016,63,TEXT_HW,LINE_HW,TEXT,0.606,0.123,0.086
B0000016,84,LINE_HW,LINE_MIX,LINE_TP,0.674,0.096,0.088
B0000016,89,PHOTO,MISC,TEXT_TP,0.43,0.166,0.105
B0000016,98,LINE_HW,LINE_MIX,TEXT_HW,0.811,0.08,0.041
B0000018,2,PHOTO,MISC,TEXT_TP,0.353,0.25,0.147
B0000018,9,LINE_HW,TEXT_HW,LINE_MIX,0.579,0.169,0.116
B0000018,19,LINE_HW,TEXT_HW,LINE_MIX,0.516,0.225,0.126
B0000018,23,LINE_HW,TEXT_HW,LINE_MIX,0.585,0.165,0.093
B0000018,26,LINE_HW,TEXT_HW,LINE_MIX,0.536,0.2,0.111
B0000018,27,LINE_HW,TEXT_HW,LINE_MIX,0.651,0.115,0.113
B0000018,32,LINE_HW,TEXT_HW,LINE_MIX,0.679,0.095,0.092
B0000018,33,LINE_HW,TEXT_HW,LINE_MIX,0.565,0.178,0.103
B0000019,3,PHOTO,MISC,DRAW,0.451,0.335,0.065
B0000019,7,LINE_HW,TEXT_HW,LINE_MIX,0.559,0.165,0.115
B0000019,32,LINE_HW,TEXT_HW,LINE_MIX,0.541,0.196,0.123
B0000019,61,LINE_HW,TEXT_HW,LINE_MIX,0.533,0.209,0.102
B0000019,112,LINE_HW,TEXT_HW,LINE_MIX,0.638,0.134,0.098
B0000019,141,LINE_HW,TEXT_HW,LINE_MIX,0.553,0.185,0.104
B0000019,152,LINE_HW,TEXT_HW,LINE_MIX,0.617,0.114,0.098
B0000019,162,LINE_HW,TEXT_HW,LINE_MIX,0.577,0.16,0.133
B0000020,1,LINE_TP,LINE_HW,MISC,0.307,0.297,0.109
B0000020,26,LINE_HW,LINE_MIX,TEXT_HW,0.676,0.094,0.093
B0000020,27,LINE_HW,LINE_MIX,TEXT_HW,0.632,0.117,0.117
B0000020,36,LINE_HW,LINE_MIX,LINE_TP,0.718,0.105,0.065
B0000020,56,LINE_HW,LINE_MIX,TEXT_HW,0.647,0.149,0.061
B0000020,94,LINE_HW,LINE_MIX,TEXT_HW,0.677,0.114,0.092
B0000020,97,LINE_HW,LINE_MIX,TEXT_HW,0.615,0.125,0.109
B0000020,107,LINE_HW,LINE_MIX,TEXT_HW,0.655,0.117,0.093
B0000021,5,TEXT_HW,LINE_HW,TEXT,0.57,0.203,0.082
B0000021,135,LINE_HW,TEXT_HW,LINE_MIX,0.617,0.12,0.112
B0000021,186,LINE_HW,LINE_MIX,TEXT_HW,0.659,0.115,0.1
B0000021,189,LINE_HW,LINE_MIX,TEXT_HW,0.599,0.111,0.111
B0000024,172,TEXT_HW,TEXT,MISC,0.44,0.15,0.139
B0000024,189,TEXT_HW,TEXT,MISC,0.459,0.177,0.118
B0000024,291,LINE_HW,TEXT_HW,TEXT,0.396,0.229,0.094
B0000024,324,TEXT_HW,TEXT,LINE_HW,0.79,0.069,0.049
B0000024,352,TEXT_HW,TEXT,MISC,0.652,0.1,0.077
B0001260,256,TEXT_HW,LINE_HW,MISC,0.363,0.227,0.166
B0001261,2,PHOTO,MISC,TEXT_TP,0.685,0.17,0.043
B0001261,3,MISC,PHOTO,TEXT,0.639,0.154,0.07
B0001261,47,TEXT_HW,LINE_HW,TEXT,0.581,0.172,0.089
B0001261,86,TEXT_HW,LINE_HW,TEXT,0.649,0.145,0.075
B0001261,157,TEXT_HW,TEXT,TEXT_TP,0.829,0.069,0.028
B0003909,1,TEXT,MISC,LINE_HW,0.201,0.175,0.172
B0003909,3,MISC,PHOTO,DRAW,0.451,0.269,0.12
B0003909,4,MISC,PHOTO,TEXT_HW,0.365,0.218,0.152
B0003910,31,TEXT_HW,LINE_HW,TEXT,0.746,0.082,0.06
B0003910,64,TEXT_HW,LINE_HW,MISC,0.63,0.143,0.085
G0000183,30,PHOTO,LINE_TP,LINE_HW,0.866,0.029,0.029
G0000183,69,PHOTO,LINE_HW,LINE_MIX,0.776,0.059,0.055
G0000183,83,PHOTO,LINE_HW,LINE_MIX,0.719,0.1,0.077
G0000183,87,PHOTO,LINE_HW,LINE_MIX,0.736,0.126,0.048
G0000183,103,PHOTO,LINE_HW,LINE_MIX,0.845,0.059,0.046
G0000183,138,PHOTO,LINE_HW,LINE_MIX,0.739,0.119,0.069
G0000183,180,LINE_MIX,LINE_HW,LINE_TP,0.238,0.2,0.191
G0000183,199,PHOTO,LINE_HW,LINE_MIX,0.802,0.075,0.048
G0000184,5,PHOTO,DRAW,LINE_MIX,0.933,0.032,0.007
G0000184,26,PHOTO,LINE_HW,LINE_MIX,0.823,0.05,0.033
G0000184,32,PHOTO,DRAW,LINE_HW,0.859,0.037,0.036
G0000184,35,PHOTO,LINE_HW,DRAW,0.852,0.042,0.033
G0000184,46,PHOTO,LINE_HW,LINE_MIX,0.935,0.022,0.014
G0000184,52,PHOTO,LINE_HW,LINE_MIX,0.922,0.035,0.013
G0000184,56,PHOTO,LINE_HW,LINE_MIX,0.897,0.038,0.025
G0000184,63,PHOTO,LINE_MIX,LINE_HW,0.952,0.013,0.008
G0000185,9,TEXT_HW,LINE_HW,LINE_MIX,0.448,0.272,0.098
G0000185,10,TEXT_HW,LINE_HW,TEXT,0.474,0.231,0.085
G0000185,13,LINE_HW,TEXT_HW,LINE_MIX,0.428,0.244,0.135
G0000185,18,LINE_HW,TEXT_HW,LINE_MIX,0.415,0.229,0.187
G0000185,19,TEXT_HW,LINE_HW,LINE_MIX,0.546,0.201,0.079
G0000185,21,LINE_HW,TEXT_HW,LINE_MIX,0.39,0.272,0.137
G0000185,26,TEXT_HW,LINE_HW,LINE_MIX,0.406,0.279,0.124
G0000185,28,MISC,PHOTO,TEXT_TP,0.243,0.189,0.15
G0000186,7,PHOTO,LINE_HW,LINE_MIX,0.869,0.043,0.035
G0000186,13,PHOTO,LINE_MIX,LINE_HW,0.885,0.035,0.023
G0000186,18,PHOTO,LINE_HW,LINE_MIX,0.767,0.107,0.045
G0000186,36,PHOTO,LINE_HW,LINE_MIX,0.847,0.044,0.043
G0000186,47,PHOTO,LINE_HW,LINE_MIX,0.872,0.034,0.026
G0000186,99,PHOTO,LINE_MIX,LINE_HW,0.787,0.065,0.064
G0000186,100,PHOTO,LINE_HW,LINE_MIX,0.873,0.053,0.024
G0000186,104,PHOTO,LINE_HW,LINE_MIX,0.875,0.038,0.036
G0000187,20,LINE_HW,TEXT_HW,LINE_MIX,0.361,0.233,0.187
G0000187,26,LINE_HW,TEXT_HW,LINE_MIX,0.595,0.143,0.117
G0000187,36,LINE_HW,TEXT_HW,LINE_MIX,0.405,0.201,0.198
G0000187,37,LINE_HW,LINE_MIX,TEXT_HW,0.48,0.166,0.158
G0000187,39,TEXT_HW,MISC,LINE_MIX,0.492,0.135,0.095
G0000187,40,LINE_HW,TEXT_HW,LINE_MIX,0.415,0.264,0.15
G0000187,43,LINE_HW,LINE_MIX,TEXT_HW,0.545,0.159,0.142
G0000187,44,LINE_HW,TEXT_HW,LINE_MIX,0.311,0.231,0.201
H0000332,14,MISC,PHOTO,TEXT_HW,0.364,0.243,0.128
H0000333,307,MISC,TEXT_TP,TEXT_HW,0.386,0.21,0.099
H0000334,41,TEXT_HW,LINE_HW,MISC,0.35,0.241,0.168
H0000334,348,MISC,TEXT_HW,PHOTO,0.352,0.254,0.174
H0000458,262,TEXT_HW,LINE_HW,LINE_MIX,0.602,0.259,0.04
H0000610,2,MISC,PHOTO,TEXT_TP,0.304,0.304,0.115
H0000610,4,LINE_HW,TEXT_HW,LINE_MIX,0.449,0.303,0.087
H0000637,278,TEXT_HW,LINE_HW,LINE_MIX,0.555,0.271,0.059
H0000638,146,TEXT_HW,LINE_HW,LINE_MIX,0.588,0.223,0.062
H0000638,486,LINE_HW,TEXT_HW,LINE_MIX,0.571,0.191,0.114
H0000639,238,TEXT_HW,LINE_HW,MISC,0.449,0.281,0.1
H0000639,263,TEXT_HW,LINE_HW,MISC,0.566,0.178,0.108
H0000639,454,TEXT_HW,MISC,LINE_HW,0.516,0.17,0.141
H0000640,15,TEXT_HW,LINE_HW,TEXT,0.675,0.137,0.064
H0000640,206,LINE_HW,TEXT_HW,LINE_MIX,0.694,0.075,0.073
H0000640,400,TEXT_HW,MISC,LINE_HW,0.591,0.136,0.091
H0000641,148,TEXT_HW,LINE_HW,MISC,0.67,0.136,0.066
H0000641,651,TEXT_HW,LINE_HW,MISC,0.412,0.224,0.195
H0000641,699,PHOTO,MISC,TEXT_HW,0.551,0.209,0.123
H0000642,510,TEXT_HW,LINE_HW,MISC,0.445,0.262,0.111
H0000643,417,TEXT_HW,PHOTO,MISC,0.362,0.213,0.179
H0000643,461,TEXT_HW,MISC,LINE_HW,0.552,0.166,0.109
H0000646,155,TEXT_HW,MISC,LINE_HW,0.542,0.16,0.125
H0000646,347,DRAW,TEXT_HW,MISC,0.372,0.171,0.146
H0000646,460,LINE_HW,TEXT_HW,MISC,0.451,0.274,0.093
H0000646,642,TEXT_HW,MISC,LINE_HW,0.598,0.14,0.085
H0000647,260,TEXT_HW,LINE_HW,TEXT,0.679,0.111,0.074
H0000647,541,LINE_HW,TEXT_HW,LINE_MIX,0.559,0.165,0.091
H0000648,472,TEXT_HW,PHOTO,LINE_HW,0.246,0.22,0.201
H0000650,317,TEXT_HW,LINE_HW,MISC,0.457,0.291,0.075
H0000650,554,LINE_HW,TEXT_HW,LINE_TP,0.479,0.131,0.107
H0000650,584,TEXT_HW,LINE_HW,TEXT,0.813,0.076,0.057
H0000651,142,LINE_HW,TEXT_HW,LINE_MIX,0.478,0.294,0.067
H0000651,189,TEXT_HW,LINE_HW,MISC,0.506,0.145,0.12
H0000653,3,TEXT_HW,LINE_HW,MISC,0.438,0.231,0.118
H0000653,206,TEXT_HW,LINE_HW,MISC,0.614,0.11,0.083
H0000653,468,TEXT_HW,LINE_HW,TEXT,0.459,0.152,0.126
H0000653,694,TEXT_HW,LINE_HW,MISC,0.384,0.19,0.153
H0000653,747,TEXT_HW,LINE_HW,MISC,0.615,0.179,0.061
H0000654,270,TEXT_HW,PHOTO,MISC,0.413,0.136,0.126
H0000654,524,LINE_HW,LINE_TP,LINE_MIX,0.729,0.076,0.059
H0000654,619,LINE_HW,TEXT_HW,LINE_MIX,0.536,0.156,0.129
H0000654,686,LINE_HW,TEXT_HW,LINE_MIX,0.583,0.136,0.115
H0000654,708,TEXT_HW,TEXT,MISC,0.702,0.089,0.065
H0000654,729,TEXT_HW,LINE_HW,PHOTO,0.386,0.154,0.12
H0000790,213,MISC,TEXT_HW,TEXT_TP,0.276,0.202,0.158
H0000793,67,PHOTO,MISC,TEXT_HW,0.363,0.238,0.142
H0000793,169,TEXT_HW,MISC,PHOTO,0.312,0.228,0.183
H0000793,434,PHOTO,MISC,TEXT_HW,0.643,0.129,0.088
H0000795,95,TEXT_HW,LINE_HW,MISC,0.435,0.212,0.158
H0000795,572,TEXT_HW,TEXT,LINE_HW,0.819,0.069,0.04
H0000795,646,PHOTO,MISC,TEXT_HW,0.382,0.279,0.106
H0001030,639,MISC,TEXT_HW,LINE_HW,0.362,0.237,0.127
H0001030,642,TEXT_HW,MISC,LINE_HW,0.38,0.242,0.171
H0001030,685,LINE_HW,TEXT_HW,LINE_MIX,0.586,0.131,0.072
H0001032,584,TEXT_HW,PHOTO,LINE_HW,0.398,0.151,0.147
H0001034,3,TEXT_HW,MISC,TEXT_TP,0.242,0.21,0.191
H0001034,200,LINE_HW,TEXT_HW,MISC,0.378,0.344,0.115
H0001036,3,MISC,PHOTO,TEXT_TP,0.279,0.192,0.159
H0001036,348,TEXT_HW,LINE_HW,LINE_MIX,0.563,0.292,0.058
H0001038,23,LINE_HW,LINE_TP,TEXT_HW,0.596,0.123,0.123
H0001038,72,LINE_HW,LINE_MIX,LINE_TP,0.808,0.067,0.059
H0001038,577,LINE_HW,TEXT_HW,TEXT,0.47,0.248,0.079
H0001040,246,LINE_HW,TEXT_HW,MISC,0.405,0.227,0.098
H0001040,326,LINE_HW,TEXT_HW,MISC,0.397,0.203,0.102
H0001041,105,LINE_HW,TEXT_HW,MISC,0.296,0.261,0.125
H0001042,180,LINE_HW,PHOTO,TEXT_HW,0.242,0.164,0.161
H0002045,56,TEXT_TP,MISC,TEXT_HW,0.278,0.245,0.185
H0002045,389,LINE_HW,LINE_TP,LINE_MIX,0.697,0.137,0.061
H0002045,478,TEXT_HW,LINE_HW,TEXT,0.495,0.188,0.099
H0002046,47,TEXT_HW,LINE_HW,MISC,0.355,0.187,0.103
H0002046,84,LINE_HW,TEXT_HW,LINE_TP,0.667,0.093,0.082
H0002054,128,LINE_HW,LINE_TP,LINE_MIX,0.47,0.165,0.093
H0002054,143,LINE_HW,LINE_MIX,LINE_TP,0.809,0.097,0.061
H0002054,239,LINE_HW,LINE_MIX,LINE_TP,0.851,0.058,0.037
H0002054,340,LINE_HW,LINE_MIX,LINE_TP,0.809,0.071,0.058
H0002054,440,LINE_HW,LINE_MIX,TEXT_HW,0.749,0.085,0.067
H0002054,448,LINE_HW,LINE_MIX,TEXT_HW,0.755,0.077,0.067
H0002055,19,PHOTO,MISC,DRAW,0.556,0.214,0.083
H0002058,68,LINE_HW,LINE_MIX,LINE_TP,0.769,0.085,0.044
H0002058,111,LINE_HW,LINE_MIX,LINE_TP,0.792,0.09,0.052
H0002058,151,LINE_HW,LINE_MIX,LINE_TP,0.802,0.081,0.041
H0002058,280,LINE_HW,LINE_TP,LINE_MIX,0.805,0.078,0.068
H0002058,341,LINE_HW,LINE_MIX,LINE_TP,0.695,0.115,0.088
H0002058,355,LINE_HW,LINE_MIX,LINE_TP,0.796,0.084,0.046
H0002058,387,LINE_HW,LINE_MIX,LINE_TP,0.805,0.093,0.046
H0002058,400,LINE_HW,LINE_MIX,LINE_TP,0.77,0.098,0.058
H0002059,39,LINE_HW,LINE_MIX,TEXT_HW,0.78,0.069,0.055
H0002059,64,LINE_HW,LINE_MIX,LINE_TP,0.751,0.078,0.057
H0002059,89,LINE_HW,LINE_MIX,TEXT_HW,0.8,0.062,0.049
H0002059,119,LINE_HW,LINE_MIX,TEXT_HW,0.802,0.081,0.038
H0002059,234,LINE_HW,TEXT_HW,LINE_MIX,0.694,0.119,0.055
K0037981,1,DRAW,PHOTO,MISC,0.985,0.007,0.003
L0000039,60,TEXT_HW,MISC,LINE_HW,0.59,0.169,0.093
L0000039,106,TEXT_HW,LINE_HW,TEXT,0.666,0.123,0.074
L0000039,153,MISC,TEXT_HW,LINE_HW,0.425,0.18,0.113
L0000039,186,TEXT_HW,MISC,LINE_HW,0.389,0.211,0.167
L0000039,296,TEXT_HW,MISC,LINE_HW,0.451,0.174,0.161
L0000041,195,MISC,PHOTO,TEXT_HW,0.345,0.2,0.19
L0000041,288,TEXT_HW,LINE_HW,MISC,0.568,0.155,0.104
L0000067,267,TEXT_HW,LINE_HW,MISC,0.529,0.221,0.101
L0000080,263,TEXT_HW,TEXT,MISC,0.751,0.086,0.07
L0000080,324,TEXT_HW,LINE_HW,MISC,0.666,0.129,0.093
L0000131,9,TEXT_HW,TEXT,LINE_HW,0.736,0.081,0.075
L0000131,19,TEXT_HW,TEXT,LINE_HW,0.807,0.071,0.047
L0000131,28,TEXT_HW,TEXT,LINE_HW,0.75,0.079,0.072
L0000131,92,TEXT_HW,TEXT,TEXT_TP,0.837,0.079,0.031
L0000131,144,TEXT_HW,TEXT,LINE_HW,0.758,0.08,0.064
L0000132,67,TEXT_HW,TEXT,LINE_HW,0.75,0.091,0.051
L0000132,76,TEXT_HW,TEXT,LINE_HW,0.809,0.079,0.042
L0000132,81,TEXT_HW,TEXT,TEXT_TP,0.784,0.095,0.038
L0000132,86,TEXT_HW,TEXT,TEXT_TP,0.775,0.086,0.056
L0000132,93,TEXT_HW,TEXT,LINE_HW,0.754,0.096,0.048
L0000132,95,TEXT_HW,TEXT,TEXT_TP,0.813,0.083,0.034
L0000132,98,TEXT_HW,TEXT,TEXT_TP,0.783,0.1,0.041
L0000132,137,TEXT_HW,LINE_HW,TEXT,0.646,0.125,0.083
L0000133,5,TEXT_HW,TEXT,LINE_HW,0.739,0.097,0.059
L0000133,7,TEXT_HW,TEXT,TEXT_TP,0.823,0.072,0.033
L0000133,11,TEXT_HW,TEXT,LINE_MIX,0.813,0.071,0.031
L0000133,13,TEXT_HW,TEXT,LINE_HW,0.853,0.053,0.036
L0000133,22,TEXT_HW,TEXT,LINE_HW,0.757,0.092,0.045
L0000133,26,TEXT_HW,TEXT,TEXT_TP,0.825,0.071,0.029
L0000133,27,TEXT_HW,TEXT,LINE_HW,0.793,0.07,0.045
L0000135,11,LINE_HW,LINE_MIX,TEXT_HW,0.656,0.109,0.068
L0000135,15,LINE_HW,LINE_MIX,TEXT_HW,0.644,0.104,0.082
L0000135,24,LINE_HW,TEXT_HW,LINE_MIX,0.684,0.091,0.09
L0000135,26,LINE_HW,TEXT_HW,LINE_MIX,0.628,0.114,0.074
L0000135,31,LINE_HW,LINE_TP,LINE_MIX,0.643,0.1,0.087
L0000135,45,LINE_HW,LINE_MIX,LINE_TP,0.703,0.092,0.065
L0000135,59,LINE_HW,TEXT_HW,LINE_MIX,0.484,0.205,0.095
L0000135,74,LINE_HW,LINE_MIX,TEXT_HW,0.663,0.094,0.076
L0000173,4,LINE_HW,LINE_MIX,LINE_TP,0.656,0.142,0.071
L0000173,10,LINE_HW,LINE_MIX,MISC,0.465,0.116,0.105
L0000173,86,LINE_HW,LINE_MIX,LINE_TP,0.707,0.088,0.061
L0000173,91,LINE_HW,LINE_MIX,LINE_TP,0.724,0.085,0.07
L0000173,109,LINE_HW,LINE_MIX,LINE_TP,0.704,0.091,0.08
L0000173,115,LINE_HW,LINE_MIX,LINE_TP,0.733,0.085,0.075
L0000173,117,LINE_HW,LINE_MIX,LINE_TP,0.735,0.074,0.063
L0000173,220,LINE_HW,LINE_TP,LINE_MIX,0.727,0.091,0.069
L0000184,382,TEXT_HW,LINE_HW,TEXT,0.524,0.264,0.064
L0000185,80,MISC,TEXT_HW,LINE_HW,0.313,0.263,0.175
L0000185,277,TEXT_HW,TEXT,MISC,0.751,0.09,0.047
L0000195,22,LINE_HW,LINE_MIX,TEXT_HW,0.733,0.102,0.059
L0000195,29,LINE_HW,LINE_MIX,LINE_TP,0.741,0.087,0.057
L0000195,32,LINE_HW,LINE_MIX,LINE_TP,0.705,0.09,0.074
L0000195,45,LINE_HW,LINE_MIX,TEXT_HW,0.595,0.107,0.096
L0000195,109,LINE_HW,TEXT_HW,LINE_MIX,0.605,0.105,0.084
L0000195,116,LINE_HW,TEXT_HW,LINE_MIX,0.622,0.1,0.094
L0000195,138,LINE_HW,LINE_MIX,TEXT_HW,0.646,0.09,0.074
R0000430,115,LINE_HW,DRAW,TEXT_HW,0.33,0.282,0.2
R0000430,172,MISC,PHOTO,TEXT_TP,0.464,0.148,0.144
R0000568,2,MISC,TEXT_TP,PHOTO,0.583,0.162,0.073
R0000816,6,TEXT_HW,MISC,TEXT,0.685,0.176,0.057
R0000816,7,MISC,TEXT_TP,PHOTO,0.383,0.276,0.115
R0001208,2,MISC,PHOTO,TEXT_TP,0.467,0.275,0.089
R0001209,1,LINE_HW,LINE_TP,TEXT,0.281,0.24,0.165
R0001209,2,TEXT_HW,LINE_HW,MISC,0.214,0.207,0.175
R0001209,6,MISC,DRAW,TEXT_HW,0.388,0.214,0.162
R0001209,7,PHOTO,LINE_TP,MISC,0.265,0.156,0.14
R0001210,1,LINE_HW,LINE_TP,TEXT,0.274,0.194,0.158
R0001210,2,MISC,TEXT_TP,LINE_TP,0.396,0.205,0.135
R0001210,12,PHOTO,LINE_TP,LINE_MIX,0.334,0.165,0.107
R0001211,15,MISC,PHOTO,TEXT_HW,0.561,0.107,0.095
R0001212,1,LINE_HW,LINE_TP,TEXT,0.28,0.232,0.178
R0001212,2,MISC,TEXT_HW,LINE_HW,0.289,0.239,0.12
R0001212,4,PHOTO,LINE_TP,MISC,0.311,0.152,0.126
R0001213,82,MISC,TEXT_HW,PHOTO,0.357,0.227,0.116
R0001234,89,PHOTO,MISC,TEXT_TP,0.45,0.168,0.096
R0001509,1,DRAW,MISC,PHOTO,0.985,0.007,0.003
R0001509,2,DRAW,MISC,PHOTO,0.97,0.011,0.006
R0001854,1,DRAW,MISC,LINE_HW,0.736,0.118,0.033
R0002182,1,DRAW,PHOTO,TEXT,0.993,0.002,0.001
R0002405,6,TEXT_HW,TEXT,MISC,0.473,0.163,0.107
R0002405,572,LINE_HW,LINE_TP,MISC,0.301,0.183,0.156
R0002405,623,LINE_TP,LINE_HW,MISC,0.396,0.181,0.108
R0002492,1,DRAW,MISC,PHOTO,0.927,0.024,0.018
R0002493,1,DRAW,TEXT_HW,MISC,0.953,0.025,0.008
R0002494,1,DRAW,MISC,LINE_HW,0.948,0.027,0.006
R0002504,1,DRAW,MISC,PHOTO,0.711,0.164,0.074
R0003189,1,DRAW,TEXT_HW,MISC,0.978,0.007,0.006
R0003189,2,DRAW,PHOTO,MISC,0.985,0.007,0.003
R0003190,1,DRAW,TEXT_HW,MISC,0.975,0.009,0.006
R0003190,2,DRAW,MISC,PHOTO,0.991,0.003,0.002
R0003317,1,DRAW,MISC,TEXT_HW,0.964,0.014,0.008
R0003317,2,TEXT_HW,MISC,DRAW,0.353,0.307,0.132
R0003318,1,DRAW,MISC,TEXT_HW,0.546,0.189,0.104
R0003318,2,DRAW,MISC,TEXT_HW,0.537,0.166,0.104
R0003319,1,DRAW,TEXT_HW,MISC,0.64,0.175,0.064
R0003320,1,DRAW,MISC,TEXT_HW,0.979,0.006,0.006
R0003375,4,MISC,PHOTO,DRAW,0.26,0.256,0.155
R0003375,78,PHOTO,MISC,LINE_MIX,0.259,0.225,0.13
R0003375,240,MISC,PHOTO,TEXT_HW,0.328,0.222,0.103
R0003387,3,MISC,TEXT_HW,TEXT_TP,0.276,0.184,0.126
R0003387,277,PHOTO,DRAW,MISC,0.256,0.245,0.176
R0003389,198,MISC,PHOTO,TEXT_HW,0.246,0.145,0.134
R0003390,150,LINE_HW,LINE_MIX,MISC,0.352,0.21,0.118
R0003391,1,TEXT,TEXT_TP,TEXT_HW,0.204,0.189,0.15
R0003391,282,TEXT_HW,LINE_HW,TEXT,0.762,0.056,0.053
R0003448,31,TEXT_HW,MISC,TEXT_TP,0.293,0.254,0.152
U0000064,96,LINE_HW,TEXT_HW,LINE_MIX,0.637,0.096,0.071
U0000229,150,LINE_HW,TEXT_HW,LINE_MIX,0.579,0.171,0.102
U0000234,217,LINE_HW,LINE_MIX,TEXT_HW,0.577,0.146,0.078
30002031,10,TEXT_HW,TEXT,LINE_HW,0.806,0.075,0.038
30002031,34,TEXT_HW,TEXT,LINE_MIX,0.813,0.081,0.029
30002031,75,TEXT_HW,TEXT,TEXT_TP,0.842,0.071,0.031
30002031,87,TEXT_HW,TEXT,LINE_MIX,0.874,0.06,0.02
30002031,121,TEXT_HW,TEXT,TEXT_TP,0.811,0.083,0.029
30002032,89,TEXT_HW,TEXT,LINE_MIX,0.819,0.079,0.031
30002032,92,TEXT_HW,TEXT,TEXT_TP,0.866,0.066,0.023
30002032,94,TEXT_HW,TEXT,LINE_MIX,0.805,0.088,0.031
30002032,97,TEXT_HW,TEXT,LINE_MIX,0.815,0.076,0.04
30002032,116,TEXT_HW,TEXT,LINE_MIX,0.772,0.095,0.04
30002032,152,TEXT_HW,TEXT,LINE_MIX,0.83,0.081,0.027
30002032,180,TEXT_HW,TEXT,LINE_HW,0.755,0.075,0.061
30002036,10,TEXT_HW,TEXT,LINE_MIX,0.83,0.073,0.031
30002036,63,TEXT_HW,TEXT,LINE_MIX,0.768,0.106,0.038
30002036,69,TEXT_HW,TEXT,TEXT_TP,0.79,0.104,0.04
30002036,87,TEXT_HW,TEXT,TEXT_TP,0.775,0.108,0.031
30002036,109,TEXT_HW,TEXT,TEXT_TP,0.802,0.089,0.039
30002036,117,TEXT_HW,TEXT,TEXT_TP,0.847,0.071,0.03
30002036,120,TEXT_HW,TEXT,TEXT_TP,0.821,0.071,0.046
30002036,170,TEXT_HW,TEXT,LINE_MIX,0.76,0.126,0.031
30002039,8,TEXT_HW,TEXT,LINE_MIX,0.795,0.084,0.043
30002039,17,TEXT_HW,TEXT,LINE_MIX,0.767,0.082,0.048
30002039,21,TEXT_HW,TEXT,LINE_MIX,0.761,0.09,0.049
30002039,58,TEXT_HW,TEXT,LINE_MIX,0.747,0.097,0.054
30002039,96,TEXT_HW,TEXT,TEXT_TP,0.846,0.054,0.036
30002039,202,TEXT_HW,TEXT,TEXT_TP,0.786,0.097,0.037
30002039,213,TEXT_HW,TEXT,LINE_MIX,0.776,0.067,0.056
30002039,290,TEXT_HW,TEXT,LINE_HW,0.76,0.079,0.065
30002040,11,TEXT_HW,TEXT,LINE_MIX,0.81,0.075,0.04
30002040,36,TEXT_HW,TEXT,TEXT_TP,0.791,0.08,0.044
30002040,57,TEXT_HW,TEXT,LINE_MIX,0.823,0.073,0.039
30002040,144,TEXT_HW,TEXT,LINE_MIX,0.809,0.083,0.033
30002040,182,TEXT_HW,TEXT,LINE_MIX,0.728,0.1,0.061
30002040,273,TEXT_HW,TEXT,LINE_MIX,0.764,0.078,0.063
30002042,43,TEXT_HW,TEXT,LINE_MIX,0.822,0.084,0.028
30002042,70,TEXT_HW,TEXT,LINE_MIX,0.736,0.089,0.066
30002042,118,TEXT_HW,TEXT,LINE_MIX,0.795,0.074,0.047
30002042,120,TEXT_HW,TEXT,LINE_MIX,0.838,0.066,0.03
30002042,199,TEXT_HW,TEXT,TEXT_TP,0.803,0.086,0.036
30002042,218,TEXT_HW,TEXT,TEXT_TP,0.814,0.084,0.037
30002042,247,TEXT_HW,TEXT,TEXT_TP,0.802,0.089,0.047
30002045,8,TEXT_HW,TEXT,TEXT_TP,0.797,0.091,0.029
30002045,12,TEXT_HW,TEXT,LINE_MIX,0.794,0.068,0.052
30002045,142,TEXT_HW,TEXT,LINE_MIX,0.744,0.095,0.062
30002045,309,TEXT_HW,TEXT,LINE_MIX,0.825,0.069,0.039
30002048,59,TEXT_HW,TEXT,LINE_MIX,0.814,0.063,0.042
30002048,142,TEXT_HW,TEXT,LINE_MIX,0.739,0.082,0.058
30002048,302,TEXT_HW,TEXT,LINE_MIX,0.754,0.092,0.062
30002048,338,TEXT_HW,TEXT,TEXT_TP,0.748,0.106,0.056
30002048,401,TEXT_HW,TEXT,TEXT_TP,0.741,0.104,0.045
30002050,162,TEXT_HW,LINE_MIX,LINE_HW,0.553,0.127,0.114
30002050,181,TEXT_HW,TEXT,LINE_HW,0.676,0.11,0.072
30002050,188,TEXT_HW,TEXT,TEXT_TP,0.798,0.088,0.048
30002050,232,TEXT_HW,TEXT,LINE_MIX,0.773,0.077,0.057
30002050,271,TEXT_HW,TEXT,LINE_MIX,0.837,0.078,0.029
30002050,287,TEXT_HW,TEXT,TEXT_TP,0.73,0.125,0.051
30002050,313,TEXT_HW,TEXT,LINE_MIX,0.84,0.062,0.034
30002051,46,TEXT_HW,TEXT,LINE_MIX,0.692,0.101,0.073
30002051,58,TEXT_HW,TEXT,LINE_MIX,0.797,0.097,0.03
30002051,104,TEXT_HW,TEXT,TEXT_TP,0.775,0.084,0.058
30002051,318,TEXT_HW,TEXT,TEXT_TP,0.786,0.084,0.052
30002051,440,TEXT_HW,TEXT,TEXT_TP,0.73,0.083,0.072
30002051,450,TEXT_HW,TEXT,LINE_MIX,0.752,0.08,0.061
30002056,98,TEXT_HW,TEXT,LINE_MIX,0.754,0.096,0.051
30002056,374,TEXT_HW,TEXT,TEXT_TP,0.826,0.071,0.034
30002056,449,TEXT_HW,TEXT,LINE_MIX,0.789,0.073,0.053
30003046,60,TEXT_HW,TEXT,TEXT_TP,0.671,0.12,0.07
30003050,44,TEXT_HW,LINE_HW,TEXT,0.57,0.153,0.111
30003050,65,TEXT_HW,TEXT,LINE_HW,0.656,0.114,0.074
30003116,216,TEXT_HW,TEXT,LINE_MIX,0.811,0.074,0.043
30003116,277,TEXT_HW,TEXT,TEXT_TP,0.76,0.103,0.047
40004026,92,TEXT_HW,TEXT,TEXT_TP,0.832,0.08,0.024
40004026,105,TEXT_HW,TEXT,LINE_HW,0.85,0.057,0.031
40004026,249,TEXT_HW,TEXT,LINE_HW,0.823,0.071,0.031
40004026,282,TEXT_HW,TEXT,LINE_MIX,0.833,0.069,0.029
40004026,288,TEXT_HW,TEXT,LINE_MIX,0.818,0.075,0.028
40004026,314,TEXT_HW,TEXT,TEXT_TP,0.827,0.072,0.03
40004026,369,TEXT_HW,TEXT,LINE_HW,0.761,0.092,0.044
40004033,54,TEXT_HW,TEXT,LINE_MIX,0.764,0.105,0.034
40004033,198,TEXT_HW,TEXT,LINE_HW,0.703,0.108,0.065
40004033,443,TEXT_HW,LINE_HW,TEXT,0.643,0.1,0.097
40004053,36,TEXT_HW,TEXT,LINE_HW,0.818,0.076,0.032
40004053,40,TEXT_HW,TEXT,LINE_MIX,0.835,0.079,0.025
40005340,8,TEXT_HW,LINE_HW,MISC,0.664,0.108,0.091
40005340,98,TEXT_HW,TEXT,LINE_HW,0.775,0.073,0.062
40005340,256,TEXT_HW,LINE_HW,TEXT,0.7,0.124,0.069
40005340,258,TEXT_HW,TEXT,MISC,0.826,0.063,0.039
40005340,281,TEXT_HW,LINE_HW,MISC,0.636,0.161,0.074
40005340,318,TEXT_HW,LINE_HW,TEXT,0.739,0.083,0.065
40005340,487,TEXT_HW,LINE_HW,TEXT,0.71,0.107,0.08
40005341,154,TEXT_HW,TEXT,MISC,0.727,0.112,0.063
40005341,259,TEXT_HW,TEXT,MISC,0.782,0.084,0.039
40005341,453,TEXT_HW,LINE_HW,TEXT,0.614,0.139,0.086
40005341,509,TEXT_HW,TEXT,LINE_HW,0.792,0.07,0.055
40005341,528,TEXT_HW,LINE_HW,TEXT,0.748,0.075,0.075
40005341,539,TEXT_HW,TEXT,MISC,0.739,0.098,0.064
40005341,600,TEXT_HW,TEXT,LINE_HW,0.763,0.082,0.063
40005343,67,TEXT_HW,TEXT,LINE_HW,0.81,0.062,0.053
40005343,363,TEXT_HW,LINE_HW,MISC,0.698,0.109,0.074
40005343,710,TEXT_HW,LINE_HW,TEXT,0.7,0.131,0.064
40005357,95,TEXT_HW,MISC,LINE_HW,0.731,0.074,0.07
40005357,129,TEXT_HW,LINE_HW,TEXT,0.628,0.132,0.077
40005357,156,TEXT_HW,LINE_HW,TEXT,0.753,0.093,0.059
40005357,201,TEXT_HW,TEXT,MISC,0.721,0.098,0.081
40005357,208,TEXT_HW,LINE_HW,MISC,0.723,0.099,0.076
40005357,231,TEXT_HW,TEXT,MISC,0.771,0.073,0.058
40005357,262,TEXT_HW,TEXT,LINE_HW,0.806,0.057,0.056
40005357,269,TEXT_HW,TEXT,MISC,0.689,0.092,0.089
40005368,26,TEXT_HW,TEXT,LINE_HW,0.829,0.075,0.031
40005368,148,TEXT_HW,TEXT,LINE_HW,0.78,0.082,0.04
40005368,195,TEXT_HW,TEXT,LINE_HW,0.833,0.071,0.033
40005368,369,TEXT_HW,TEXT,MISC,0.774,0.106,0.042
40005368,382,TEXT_HW,TEXT,MISC,0.768,0.112,0.032
40005368,453,TEXT_HW,TEXT,LINE_HW,0.768,0.078,0.059
40005368,498,TEXT_HW,TEXT,LINE_HW,0.752,0.079,0.06
40005382,227,TEXT_HW,TEXT,LINE_HW,0.727,0.087,0.061
40005382,310,TEXT_HW,TEXT,LINE_HW,0.744,0.077,0.076
40005382,652,TEXT_HW,LINE_HW,TEXT,0.67,0.138,0.076
40005382,706,TEXT_HW,TEXT,MISC,0.709,0.083,0.072
40005382,708,TEXT_HW,LINE_HW,TEXT,0.627,0.129,0.092
40005382,874,TEXT_HW,LINE_HW,MISC,0.507,0.199,0.105
40005382,1235,TEXT_HW,TEXT,LINE_HW,0.792,0.075,0.043
40005383,337,TEXT_HW,LINE_HW,TEXT,0.596,0.144,0.091
40005383,464,TEXT_HW,TEXT,LINE_HW,0.773,0.081,0.053
40005383,739,TEXT_HW,MISC,TEXT,0.704,0.092,0.092
40005399,38,TEXT_HW,MISC,TEXT,0.703,0.095,0.075
40005399,41,TEXT_HW,LINE_HW,TEXT,0.807,0.058,0.058
40005399,142,TEXT_HW,TEXT,MISC,0.834,0.071,0.024
40005399,164,TEXT_HW,LINE_HW,TEXT,0.637,0.169,0.074
40005399,347,TEXT_HW,LINE_HW,TEXT,0.73,0.086,0.072
40005399,494,TEXT_HW,TEXT,LINE_HW,0.803,0.074,0.041
40005399,579,TEXT_HW,TEXT,MISC,0.753,0.083,0.064
40005399,663,TEXT_HW,LINE_HW,TEXT,0.692,0.128,0.065
40005402,316,TEXT_HW,TEXT,MISC,0.806,0.072,0.038
40005402,454,TEXT_HW,TEXT,LINE_HW,0.801,0.061,0.052
40005402,479,TEXT_HW,MISC,LINE_HW,0.588,0.131,0.093
40005402,534,TEXT_HW,TEXT,LINE_HW,0.838,0.06,0.04
40005402,600,TEXT_HW,TEXT,LINE_HW,0.807,0.063,0.037
40005402,616,TEXT_HW,TEXT,MISC,0.752,0.09,0.054
40005402,764,TEXT_HW,TEXT,LINE_HW,0.801,0.083,0.04
40005402,834,TEXT_HW,LINE_HW,TEXT,0.766,0.077,0.065
40005416,98,TEXT_HW,LINE_HW,TEXT,0.673,0.13,0.068
40005416,266,TEXT_HW,LINE_HW,LINE_MIX,0.448,0.333,0.074
40005416,331,TEXT_HW,LINE_HW,TEXT,0.712,0.099,0.081
40005416,341,TEXT_HW,LINE_HW,TEXT,0.682,0.106,0.084
40005416,468,TEXT_HW,MISC,TEXT,0.668,0.099,0.088
40005416,518,TEXT_HW,TEXT,LINE_HW,0.76,0.097,0.051
40005416,519,TEXT_HW,TEXT,MISC,0.75,0.095,0.049
40005431,54,TEXT_HW,LINE_HW,MISC,0.561,0.174,0.105
40005431,94,TEXT_HW,LINE_HW,TEXT,0.727,0.08,0.077
40005431,113,TEXT_HW,TEXT,LINE_HW,0.784,0.071,0.058
40005431,119,TEXT_HW,LINE_HW,TEXT,0.609,0.161,0.079
40005431,245,TEXT_HW,TEXT,MISC,0.786,0.067,0.053
40005431,256,TEXT_HW,TEXT,MISC,0.75,0.08,0.079
40005431,303,TEXT_HW,LINE_HW,MISC,0.534,0.23,0.089
40005431,311,TEXT_HW,LINE_HW,TEXT,0.824,0.057,0.054
40005445,35,TEXT_HW,LINE_HW,TEXT,0.743,0.116,0.053
40005445,159,TEXT_HW,LINE_HW,MISC,0.636,0.14,0.083
40005445,183,TEXT_HW,LINE_HW,TEXT,0.702,0.1,0.075
40005445,189,TEXT_HW,TEXT,MISC,0.867,0.052,0.027
40005445,226,TEXT_HW,TEXT,LINE_HW,0.751,0.088,0.054
40005445,232,TEXT_HW,TEXT,LINE_HW,0.815,0.065,0.048
40005460,52,TEXT_HW,LINE_HW,TEXT,0.711,0.098,0.082
40005460,139,TEXT_HW,TEXT,LINE_HW,0.832,0.068,0.042
40005460,143,TEXT_HW,TEXT,LINE_HW,0.815,0.071,0.05
40005460,222,TEXT_HW,LINE_HW,TEXT,0.662,0.113,0.088
40005460,223,TEXT_HW,LINE_HW,TEXT,0.721,0.102,0.069
40005473,21,TEXT_HW,LINE_HW,MISC,0.789,0.065,0.06
40005473,36,TEXT_HW,LINE_HW,MISC,0.673,0.1,0.086
40005473,53,TEXT_HW,LINE_HW,TEXT,0.506,0.239,0.078
40005473,198,TEXT_HW,LINE_HW,TEXT,0.81,0.056,0.055
40005473,231,TEXT_HW,LINE_HW,TEXT,0.769,0.088,0.053
40005473,232,TEXT_HW,LINE_HW,TEXT,0.793,0.08,0.051
40005481,8,TEXT_HW,TEXT,LINE_HW,0.75,0.08,0.06
40005481,29,TEXT_HW,LINE_HW,TEXT,0.653,0.187,0.057
40005481,169,TEXT_HW,LINE_HW,TEXT,0.675,0.151,0.063
40005481,205,TEXT_HW,TEXT,LINE_HW,0.771,0.072,0.065
40005481,249,TEXT_HW,LINE_HW,TEXT,0.654,0.139,0.081
40005481,288,TEXT_HW,TEXT,MISC,0.694,0.087,0.084
40005481,330,TEXT_HW,TEXT,LINE_HW,0.74,0.083,0.059
40005481,337,TEXT_HW,LINE_HW,MISC,0.441,0.24,0.162
40005508,33,TEXT_HW,LINE_HW,TEXT,0.777,0.09,0.048
40005508,78,TEXT_HW,LINE_HW,MISC,0.497,0.164,0.145
40005508,169,TEXT_HW,TEXT,MISC,0.746,0.095,0.061
40005508,198,TEXT_HW,LINE_HW,MISC,0.603,0.122,0.097
40005508,223,TEXT_HW,MISC,TEXT,0.704,0.078,0.078
40005515,62,TEXT_HW,TEXT,MISC,0.81,0.072,0.045
40005515,80,TEXT_HW,LINE_HW,MISC,0.471,0.212,0.135
40005515,137,TEXT_HW,LINE_HW,TEXT,0.779,0.068,0.067
40005515,198,TEXT_HW,TEXT,LINE_HW,0.751,0.082,0.064
40005515,225,TEXT_HW,LINE_HW,MISC,0.414,0.175,0.159
40005515,241,TEXT_HW,LINE_HW,TEXT,0.538,0.183,0.104
40005515,244,TEXT_HW,TEXT,LINE_HW,0.744,0.08,0.068
40005515,310,TEXT_HW,LINE_HW,TEXT,0.635,0.16,0.076
40005522,74,TEXT_HW,LINE_HW,TEXT,0.783,0.074,0.067
40005522,83,TEXT_HW,TEXT,LINE_HW,0.82,0.063,0.046
40005522,202,TEXT_HW,LINE_HW,TEXT,0.742,0.081,0.077
40005522,209,TEXT_HW,LINE_HW,TEXT,0.764,0.071,0.065
40005552,72,TEXT_HW,TEXT,LINE_HW,0.84,0.05,0.042
40005552,173,TEXT_HW,TEXT,LINE_HW,0.816,0.065,0.037
40005552,209,TEXT_HW,TEXT,LINE_HW,0.831,0.053,0.038
40005552,228,TEXT_HW,TEXT,LINE_HW,0.839,0.056,0.038
40005552,258,TEXT_HW,TEXT,LINE_HW,0.83,0.061,0.038
40005552,263,TEXT_HW,LINE_HW,TEXT,0.664,0.11,0.075
40005566,67,TEXT_HW,TEXT,LINE_HW,0.742,0.077,0.069
40005566,86,TEXT_HW,LINE_HW,MISC,0.605,0.166,0.077
40005566,120,TEXT_HW,TEXT,MISC,0.734,0.089,0.057
40005566,172,TEXT_HW,LINE_HW,TEXT,0.721,0.089,0.078
40005566,248,TEXT_HW,TEXT,LINE_HW,0.587,0.114,0.112
40005566,272,TEXT_HW,LINE_HW,MISC,0.537,0.166,0.111
40005579,177,TEXT_HW,LINE_HW,TEXT,0.763,0.093,0.054
40005579,192,TEXT_HW,LINE_HW,TEXT,0.786,0.07,0.051
40005579,219,TEXT_HW,LINE_HW,TEXT,0.845,0.059,0.035
40005579,275,TEXT_HW,TEXT,MISC,0.784,0.065,0.057
40005581,59,TEXT_HW,TEXT,LINE_HW,0.821,0.056,0.049
40005581,142,TEXT_HW,TEXT,LINE_HW,0.857,0.043,0.035
40005581,146,TEXT_HW,TEXT,MISC,0.794,0.071,0.062
40005581,149,TEXT_HW,TEXT,MISC,0.82,0.065,0.043
40005581,245,TEXT_HW,LINE_HW,TEXT,0.723,0.13,0.061
40005588,22,TEXT_HW,TEXT,LINE_HW,0.874,0.04,0.038
40005588,27,TEXT_HW,TEXT,LINE_HW,0.847,0.049,0.049
40005588,59,TEXT_HW,LINE_HW,TEXT,0.741,0.102,0.069
40005588,92,TEXT_HW,TEXT,LINE_HW,0.879,0.045,0.028
40005588,202,TEXT_HW,TEXT,LINE_HW,0.799,0.058,0.049
40005588,206,TEXT_HW,TEXT,LINE_HW,0.81,0.059,0.057
40005588,215,TEXT_HW,TEXT,LINE_HW,0.815,0.056,0.055
40005588,255,TEXT_HW,LINE_HW,TEXT,0.687,0.101,0.082
40005589,121,TEXT_HW,TEXT,LINE_HW,0.773,0.071,0.059
40005589,209,TEXT_HW,LINE_HW,TEXT,0.788,0.078,0.054
40005589,234,TEXT_HW,TEXT,LINE_HW,0.821,0.057,0.042
40005589,237,TEXT_HW,LINE_HW,TEXT,0.816,0.067,0.048
40006259,372,TEXT_HW,TEXT,LINE_HW,0.757,0.088,0.051
40006259,475,TEXT_HW,TEXT,MISC,0.762,0.079,0.051
40006259,598,TEXT_HW,TEXT,MISC,0.712,0.076,0.069
40006259,617,TEXT_HW,MISC,TEXT,0.592,0.117,0.103
40006429,95,TEXT_HW,LINE_HW,TEXT,0.684,0.126,0.068
40006429,191,TEXT_HW,TEXT,LINE_HW,0.823,0.069,0.038
40006429,264,TEXT_HW,TEXT,MISC,0.747,0.082,0.053
40006429,333,TEXT_HW,LINE_HW,TEXT,0.677,0.135,0.077
40006496,49,TEXT_HW,TEXT,LINE_HW,0.819,0.075,0.03
40006496,59,TEXT_HW,TEXT,LINE_MIX,0.864,0.054,0.023
40006496,99,TEXT_HW,LINE_HW,TEXT,0.759,0.068,0.061
40006496,152,TEXT_HW,TEXT,MISC,0.834,0.072,0.025
40006496,165,TEXT_HW,TEXT,LINE_HW,0.732,0.092,0.059
40006496,201,TEXT_HW,TEXT,MISC,0.79,0.081,0.036
40006496,256,TEXT_HW,LINE_HW,TEXT,0.775,0.07,0.067
40006496,283,TEXT_HW,TEXT,LINE_HW,0.793,0.065,0.064
40006524,47,TEXT_HW,TEXT,LINE_HW,0.758,0.082,0.058
40006524,174,TEXT_HW,TEXT,MISC,0.703,0.108,0.069
40006524,263,TEXT_HW,TEXT,MISC,0.788,0.084,0.042
40006524,359,TEXT_HW,LINE_HW,TEXT,0.734,0.08,0.074
40006524,457,TEXT_HW,TEXT,MISC,0.782,0.088,0.035
40006525,43,TEXT_HW,LINE_HW,TEXT,0.765,0.073,0.065
40006525,83,TEXT_HW,MISC,TEXT,0.595,0.141,0.112
40006525,91,TEXT_HW,TEXT,MISC,0.784,0.097,0.053
40006525,101,TEXT_HW,TEXT,LINE_HW,0.754,0.096,0.051
40006525,103,TEXT_HW,TEXT,MISC,0.796,0.075,0.044
40006525,127,TEXT_HW,TEXT,MISC,0.762,0.11,0.042
40006525,174,TEXT_HW,TEXT,MISC,0.83,0.07,0.028
40006525,225,TEXT_HW,TEXT,MISC,0.793,0.082,0.05
40006530,256,TEXT_HW,TEXT,MISC,0.81,0.078,0.036
40006530,293,TEXT_HW,TEXT,LINE_HW,0.777,0.082,0.05
40006530,352,TEXT_HW,TEXT,MISC,0.657,0.123,0.077
40006530,449,TEXT_HW,TEXT,LINE_MIX,0.802,0.077,0.034
40006542,93,TEXT_HW,TEXT,LINE_MIX,0.796,0.078,0.037
40006542,249,TEXT_HW,TEXT,MISC,0.761,0.1,0.044
40006542,302,TEXT_HW,TEXT,LINE_HW,0.758,0.098,0.05
40006542,382,TEXT_HW,TEXT,MISC,0.708,0.114,0.067
40006542,444,TEXT_HW,TEXT,LINE_HW,0.816,0.081,0.028
40008497,33,TEXT_HW,TEXT,LINE_HW,0.776,0.083,0.04
40008497,62,TEXT_HW,TEXT,MISC,0.791,0.092,0.041
40008497,139,TEXT_HW,TEXT,MISC,0.78,0.109,0.043
40008508,12,TEXT_HW,TEXT,TEXT_TP,0.681,0.145,0.051
40008508,44,TEXT_HW,TEXT,MISC,0.767,0.118,0.034
40008508,71,TEXT_HW,TEXT,MISC,0.725,0.13,0.068
40008508,142,TEXT_HW,TEXT,MISC,0.532,0.17,0.102
40008508,201,TEXT_HW,TEXT,MISC,0.613,0.148,0.11
40008508,255,TEXT_HW,TEXT,MISC,0.747,0.101,0.06
40008508,256,TEXT_HW,TEXT,MISC,0.742,0.117,0.059
40009975,65,TEXT_HW,TEXT,LINE_HW,0.737,0.085,0.067
40009975,67,TEXT_HW,TEXT,LINE_HW,0.755,0.075,0.067
40009975,182,TEXT_HW,TEXT,LINE_HW,0.751,0.078,0.073
40009975,656,TEXT_HW,LINE_HW,TEXT,0.717,0.083,0.082
40009976,151,TEXT_HW,LINE_HW,TEXT,0.73,0.105,0.075
40009976,169,TEXT_HW,LINE_HW,TEXT,0.766,0.096,0.057
40009976,175,TEXT_HW,LINE_HW,TEXT,0.76,0.084,0.07
40009976,292,TEXT_HW,TEXT,LINE_HW,0.803,0.071,0.051
40009976,399,TEXT_HW,TEXT,LINE_HW,0.812,0.074,0.042
40009976,421,TEXT_HW,LINE_HW,TEXT,0.74,0.078,0.073
40009976,475,TEXT_HW,TEXT,MISC,0.81,0.081,0.036
71000562,20,TEXT_HW,TEXT,MISC,0.612,0.175,0.091
71000562,23,TEXT_HW,TEXT,MISC,0.614,0.153,0.131
71000562,29,TEXT_HW,TEXT,MISC,0.72,0.123,0.071
71000562,77,TEXT_HW,TEXT,MISC,0.692,0.109,0.088
71000562,84,TEXT_HW,TEXT,MISC,0.677,0.127,0.087
71000562,98,TEXT_HW,TEXT,MISC,0.713,0.128,0.065
71000562,118,TEXT_HW,TEXT,MISC,0.653,0.143,0.097
71000562,125,TEXT_HW,TEXT,MISC,0.752,0.108,0.06
71000563,5,TEXT_HW,MISC,TEXT,0.346,0.33,0.174
71000563,13,TEXT_HW,MISC,TEXT,0.566,0.145,0.136
71000563,31,TEXT_HW,TEXT,MISC,0.683,0.128,0.105
71000563,45,TEXT_HW,TEXT,MISC,0.632,0.135,0.126
71000563,71,TEXT_HW,TEXT,MISC,0.698,0.129,0.093
71000563,73,TEXT_HW,MISC,TEXT,0.584,0.145,0.137
71000563,76,TEXT_HW,TEXT,MISC,0.655,0.131,0.107
71000563,83,TEXT_HW,TEXT,MISC,0.651,0.137,0.115
71000564,35,TEXT_HW,TEXT,LINE_HW,0.656,0.104,0.092
71000564,43,TEXT_HW,TEXT,MISC,0.764,0.108,0.065
71000564,88,TEXT_HW,MISC,TEXT,0.631,0.12,0.105
71000564,109,TEXT_HW,TEXT,MISC,0.731,0.091,0.074
71000564,145,TEXT_HW,TEXT,MISC,0.826,0.082,0.032
71000564,150,TEXT_HW,TEXT,MISC,0.768,0.081,0.062
71000564,190,TEXT_HW,TEXT,MISC,0.658,0.142,0.079
A0003781,10,LINE_HW,TEXT_HW,LINE_MIX,0.5,0.236,0.084
A0003781,109,TEXT_HW,LINE_HW,MISC,0.534,0.163,0.158
A0003781,124,TEXT_HW,LINE_HW,TEXT,0.476,0.263,0.084
A0003781,242,TEXT_HW,LINE_HW,TEXT,0.71,0.087,0.087
A0003782,18,TEXT_HW,LINE_HW,TEXT,0.691,0.136,0.069
A0003782,75,TEXT_HW,LINE_HW,MISC,0.703,0.084,0.081
A0003782,99,TEXT_HW,MISC,TEXT,0.589,0.169,0.071
A0003782,138,TEXT_HW,MISC,TEXT,0.635,0.114,0.081
A0003782,237,TEXT_HW,LINE_HW,TEXT,0.657,0.151,0.069
A0003782,248,TEXT_HW,LINE_HW,TEXT,0.619,0.201,0.063
A0003782,262,TEXT_HW,MISC,LINE_HW,0.497,0.242,0.114
A0003782,319,TEXT_HW,LINE_HW,TEXT,0.703,0.087,0.079
A0003784,74,TEXT_HW,MISC,TEXT,0.591,0.175,0.095
A0003784,180,TEXT_HW,TEXT,LINE_HW,0.801,0.064,0.046
A0003784,182,TEXT_HW,TEXT,LINE_HW,0.819,0.072,0.051
A0003784,225,TEXT_HW,LINE_HW,TEXT,0.771,0.079,0.054
A0003784,345,TEXT_HW,LINE_HW,TEXT,0.61,0.169,0.088
A0003784,451,TEXT_HW,LINE_HW,TEXT,0.689,0.144,0.068
A0003784,667,TEXT_HW,MISC,LINE_HW,0.525,0.184,0.121
A0018096,69,TEXT_HW,LINE_HW,MISC,0.442,0.26,0.139
A0018096,146,TEXT_HW,LINE_HW,MISC,0.729,0.072,0.071
A0018096,153,TEXT_HW,LINE_HW,MISC,0.321,0.235,0.132
A0018096,280,TEXT_HW,LINE_HW,MISC,0.569,0.127,0.119
A0018096,293,TEXT_HW,TEXT,MISC,0.758,0.075,0.052
A0018096,312,TEXT_HW,LINE_HW,MISC,0.656,0.107,0.104
A0018096,625,TEXT_HW,LINE_HW,TEXT,0.616,0.146,0.078
A0018098,21,TEXT_HW,TEXT,MISC,0.66,0.116,0.066
A0018098,69,TEXT_HW,TEXT,LINE_HW,0.635,0.11,0.082
A0018098,80,TEXT_HW,MISC,TEXT,0.375,0.275,0.116
A0018098,135,TEXT_HW,TEXT,MISC,0.789,0.085,0.042
A0018098,182,TEXT_HW,TEXT,MISC,0.672,0.091,0.08
A0018098,191,TEXT_HW,MISC,LINE_HW,0.483,0.134,0.109
A0018098,211,TEXT_HW,TEXT,MISC,0.627,0.12,0.102
A0027864,4,TEXT_HW,MISC,TEXT,0.598,0.151,0.096
A0027864,425,TEXT_HW,LINE_HW,LINE_MIX,0.545,0.258,0.067
A0027864,474,TEXT_HW,LINE_HW,TEXT,0.607,0.191,0.066
A0027864,595,TEXT_HW,LINE_HW,MISC,0.421,0.222,0.115
A0027868,4,TEXT_HW,TEXT,MISC,0.673,0.087,0.074
A0027868,321,LINE_HW,TEXT_HW,MISC,0.416,0.345,0.082
A0027868,327,TEXT_HW,LINE_HW,LINE_MIX,0.571,0.231,0.049
A0027868,370,TEXT_HW,LINE_HW,LINE_MIX,0.45,0.329,0.071
A0027868,374,TEXT_HW,LINE_HW,TEXT,0.533,0.229,0.079
A0027870,38,TEXT_HW,LINE_HW,TEXT,0.522,0.18,0.104
A0027870,279,TEXT_HW,LINE_HW,MISC,0.41,0.248,0.133
A0027870,376,TEXT_HW,LINE_HW,MISC,0.389,0.377,0.077
A0027873,47,TEXT_HW,LINE_HW,TEXT,0.502,0.252,0.072
A0027873,52,TEXT_HW,LINE_HW,MISC,0.582,0.189,0.08
A0027873,420,TEXT_HW,LINE_HW,TEXT,0.649,0.116,0.099
A0027874,368,LINE_HW,TEXT_HW,MISC,0.463,0.35,0.069
A0027874,382,TEXT_HW,LINE_HW,TEXT,0.633,0.15,0.084
A0027874,574,TEXT_HW,LINE_HW,TEXT,0.506,0.18,0.116
A0027874,646,TEXT_HW,LINE_HW,TEXT,0.642,0.122,0.092
A0027878,51,TEXT_HW,TEXT,LINE_HW,0.721,0.087,0.07
A0027878,58,TEXT_HW,TEXT,LINE_HW,0.649,0.103,0.073
A0027878,313,TEXT_HW,LINE_HW,TEXT,0.693,0.097,0.088
A0027878,455,TEXT_HW,LINE_HW,TEXT,0.624,0.115,0.108
A0027878,508,TEXT_HW,TEXT,TEXT_TP,0.774,0.087,0.038
A0027878,529,TEXT_HW,TEXT,MISC,0.814,0.076,0.032
A0027880,317,TEXT_HW,TEXT,LINE_HW,0.61,0.108,0.098
A0027880,486,TEXT_HW,LINE_HW,MISC,0.496,0.207,0.122
A0027880,580,TEXT_HW,LINE_HW,TEXT,0.763,0.088,0.063
A0027880,600,TEXT_HW,TEXT,LINE_HW,0.669,0.106,0.091
A0027880,851,TEXT_HW,TEXT,LINE_HW,0.798,0.082,0.04
A0027881,240,TEXT_HW,TEXT,LINE_HW,0.76,0.075,0.05
A0027881,313,TEXT_HW,LINE_HW,TEXT,0.664,0.163,0.07
A0027881,572,LINE_HW,TEXT_HW,MISC,0.432,0.406,0.052
A0027881,573,LINE_HW,TEXT_HW,MISC,0.447,0.407,0.048
A0027881,965,TEXT_HW,LINE_HW,TEXT,0.673,0.128,0.084
A0027888,94,TEXT_HW,LINE_HW,TEXT,0.577,0.233,0.06
A0027888,166,TEXT_HW,LINE_HW,LINE_MIX,0.616,0.249,0.041
A0027888,392,TEXT_HW,LINE_HW,TEXT,0.641,0.115,0.087
A0027888,421,TEXT_HW,LINE_HW,MISC,0.481,0.183,0.126
A0027888,564,TEXT_HW,LINE_HW,TEXT,0.542,0.219,0.088
A0027888,578,TEXT_HW,LINE_HW,TEXT,0.58,0.177,0.095
A0027898,379,TEXT_HW,LINE_HW,MISC,0.53,0.25,0.068
A0027898,409,TEXT_HW,LINE_HW,TEXT,0.625,0.153,0.077
A0027898,587,TEXT_HW,LINE_HW,TEXT,0.659,0.147,0.065
A0027898,632,TEXT_HW,TEXT,LINE_HW,0.697,0.091,0.083
A0027898,797,TEXT_HW,LINE_HW,TEXT,0.635,0.166,0.074
A0027898,846,TEXT_HW,LINE_HW,TEXT,0.658,0.114,0.086
A0027904,133,TEXT_HW,MISC,PHOTO,0.284,0.181,0.154
A0027904,176,TEXT_HW,LINE_HW,MISC,0.534,0.163,0.099
A0027904,190,LINE_HW,MISC,TEXT_HW,0.295,0.237,0.179
A0027904,200,MISC,LINE_HW,TEXT_HW,0.333,0.19,0.178
A0027904,518,TEXT_HW,LINE_HW,MISC,0.419,0.246,0.086
A0027904,527,TEXT_HW,MISC,PHOTO,0.302,0.254,0.136
A0027907,137,TEXT_HW,LINE_HW,TEXT,0.627,0.154,0.096
A0027907,179,TEXT_HW,LINE_HW,TEXT,0.522,0.205,0.109
A0027907,285,TEXT_HW,MISC,TEXT,0.535,0.133,0.123
A0027907,298,TEXT_HW,LINE_HW,TEXT,0.655,0.129,0.104
A0027907,379,TEXT_HW,LINE_HW,TEXT,0.573,0.186,0.096
A0027909,8,TEXT_HW,LINE_HW,TEXT,0.593,0.232,0.064
A0027909,474,TEXT_HW,LINE_HW,TEXT,0.709,0.102,0.075
A0027909,498,TEXT_HW,TEXT,MISC,0.807,0.08,0.038
A0027909,524,TEXT_HW,TEXT,MISC,0.707,0.108,0.064
A0027909,539,TEXT_HW,TEXT,LINE_HW,0.772,0.101,0.042
A0027909,711,TEXT_HW,LINE_HW,TEXT,0.719,0.1,0.071
A0027909,1019,TEXT_HW,LINE_HW,TEXT,0.791,0.067,0.062
A0027914,142,TEXT_HW,LINE_HW,MISC,0.55,0.173,0.105
A0027914,147,TEXT_HW,LINE_HW,TEXT,0.437,0.32,0.076
A0027919,59,TEXT_HW,TEXT,LINE_HW,0.703,0.097,0.066
A0027919,218,TEXT_HW,PHOTO,LINE_HW,0.34,0.206,0.137
A0027919,285,TEXT_HW,LINE_HW,TEXT,0.538,0.201,0.069
A0027919,324,TEXT_HW,LINE_HW,MISC,0.45,0.197,0.153
A0027919,678,TEXT_HW,TEXT,LINE_HW,0.698,0.087,0.062
A0027919,697,TEXT_HW,LINE_HW,TEXT,0.563,0.161,0.089
A0027920,48,TEXT_HW,TEXT,LINE_HW,0.792,0.078,0.049
A0027920,84,TEXT_HW,TEXT,LINE_HW,0.773,0.084,0.047
A0027920,85,TEXT_HW,TEXT,LINE_HW,0.661,0.118,0.081
A0027920,134,TEXT_HW,LINE_HW,MISC,0.507,0.167,0.119
A0027920,232,LINE_HW,PHOTO,TEXT_HW,0.319,0.188,0.16
A0027920,244,TEXT_HW,TEXT,LINE_HW,0.769,0.074,0.072
A0027923,102,TEXT_HW,LINE_HW,TEXT,0.586,0.125,0.102
A0027923,127,TEXT_HW,LINE_HW,LINE_MIX,0.536,0.253,0.05
A0027923,178,TEXT_HW,LINE_HW,MISC,0.334,0.222,0.129
A0027923,351,TEXT_HW,LINE_HW,MISC,0.351,0.185,0.168
A0027923,392,TEXT_HW,MISC,LINE_HW,0.383,0.202,0.19
A0027923,401,TEXT_HW,LINE_HW,TEXT,0.475,0.198,0.08
A0027924,103,TEXT_HW,MISC,LINE_HW,0.271,0.228,0.167
A0027924,111,TEXT_HW,TEXT,LINE_HW,0.717,0.083,0.076
A0027924,248,LINE_HW,TEXT_HW,LINE_MIX,0.405,0.368,0.075
A0027931,82,TEXT_HW,MISC,LINE_HW,0.448,0.176,0.148
A0027931,131,PHOTO,MISC,TEXT_HW,0.478,0.153,0.121
A0027931,175,TEXT_HW,MISC,LINE_HW,0.57,0.133,0.112
A0027931,227,LINE_HW,LINE_MIX,TEXT_HW,0.653,0.115,0.077
A0027931,228,LINE_HW,LINE_MIX,TEXT_HW,0.653,0.123,0.067
A0027931,377,TEXT_HW,LINE_HW,MISC,0.581,0.159,0.089
A0027932,24,TEXT_HW,MISC,LINE_HW,0.603,0.105,0.097
A0027932,300,TEXT_HW,LINE_HW,PHOTO,0.421,0.143,0.143
A0027932,386,TEXT_HW,TEXT,LINE_HW,0.706,0.094,0.069
A0027932,499,TEXT_HW,MISC,LINE_HW,0.507,0.145,0.136
A0027932,717,TEXT_HW,LINE_HW,MISC,0.499,0.198,0.132
A0027935,23,TEXT_HW,LINE_HW,TEXT,0.634,0.165,0.078
A0027935,62,TEXT_HW,LINE_HW,TEXT,0.586,0.19,0.077
A0027942,6,TEXT_HW,TEXT,MISC,0.698,0.087,0.066
A0027942,25,LINE_HW,TEXT_HW,MISC,0.491,0.263,0.073
A0027942,31,TEXT_HW,LINE_HW,TEXT,0.617,0.138,0.086
A0027942,147,TEXT_HW,LINE_HW,TEXT,0.615,0.133,0.089
A0027942,218,TEXT_HW,LINE_HW,TEXT,0.576,0.176,0.087
A0027942,263,TEXT_HW,LINE_HW,TEXT,0.67,0.12,0.083
A0027944,152,TEXT_HW,TEXT,MISC,0.776,0.093,0.056
A0027944,169,TEXT_HW,LINE_HW,TEXT,0.479,0.273,0.073
A0027944,204,TEXT_HW,TEXT,LINE_HW,0.827,0.084,0.025
A0027944,552,LINE_HW,TEXT_HW,LINE_MIX,0.44,0.332,0.065
A0027944,562,TEXT_HW,TEXT,LINE_HW,0.801,0.082,0.045
A0027944,589,TEXT_HW,LINE_HW,TEXT,0.736,0.08,0.065
A0027945,3,TEXT_HW,MISC,LINE_HW,0.635,0.104,0.1
A0027945,217,TEXT_HW,LINE_HW,MISC,0.587,0.158,0.099
A0027946,28,TEXT_HW,LINE_HW,MISC,0.692,0.097,0.08
A0027946,64,TEXT_HW,TEXT,LINE_HW,0.8,0.059,0.046
A0027946,86,TEXT_HW,TEXT,MISC,0.817,0.061,0.051
A0027946,95,TEXT_HW,LINE_HW,MISC,0.55,0.209,0.097
A0027946,124,TEXT_HW,TEXT,MISC,0.7,0.101,0.086
A0027946,128,TEXT_HW,LINE_HW,MISC,0.326,0.316,0.138
A0027946,129,LINE_HW,TEXT_HW,LINE_MIX,0.574,0.192,0.066
A0027949,57,TEXT_HW,LINE_HW,TEXT,0.703,0.098,0.095
A0027949,105,TEXT_HW,LINE_HW,TEXT,0.617,0.147,0.095
A0027952,49,TEXT_HW,LINE_HW,TEXT,0.703,0.152,0.054
A0027952,206,TEXT_HW,LINE_HW,TEXT,0.717,0.15,0.051
A0027952,227,TEXT_HW,LINE_HW,LINE_MIX,0.526,0.34,0.051
A0027952,273,TEXT_HW,LINE_HW,MISC,0.432,0.381,0.051
A0027952,280,TEXT_HW,LINE_HW,TEXT,0.631,0.218,0.057
A0027952,357,TEXT_HW,LINE_HW,LINE_MIX,0.554,0.306,0.045
A0027964,269,TEXT_HW,LINE_HW,TEXT,0.602,0.221,0.053
A0027964,326,TEXT_HW,LINE_HW,LINE_MIX,0.582,0.235,0.065
A0027964,352,TEXT_HW,LINE_HW,TEXT,0.604,0.209,0.055
A0027968,62,TEXT_HW,LINE_HW,LINE_MIX,0.51,0.329,0.053
A0027968,142,TEXT_HW,LINE_HW,TEXT,0.673,0.16,0.06
A0027968,269,TEXT_HW,LINE_HW,TEXT,0.581,0.147,0.092
A0027968,302,TEXT_HW,TEXT,MISC,0.638,0.122,0.086
A0027969,294,TEXT_HW,TEXT,TEXT_TP,0.761,0.073,0.063
A0027975,179,TEXT_HW,LINE_HW,MISC,0.422,0.199,0.16
A0027975,275,TEXT_HW,LINE_HW,TEXT,0.623,0.168,0.077
A0027975,445,TEXT_HW,TEXT,LINE_HW,0.714,0.103,0.07
A0027975,528,TEXT_HW,LINE_HW,TEXT,0.677,0.125,0.078
A0027975,635,TEXT_HW,LINE_HW,MISC,0.456,0.294,0.105
A0027976,33,TEXT_HW,LINE_HW,MISC,0.492,0.255,0.09
A0027976,220,TEXT_HW,LINE_HW,TEXT,0.453,0.25,0.107
A0027976,410,TEXT_HW,LINE_HW,MISC,0.435,0.299,0.088
A0027976,507,TEXT_HW,LINE_HW,TEXT,0.701,0.122,0.076
A0027976,509,TEXT_HW,LINE_HW,TEXT,0.576,0.17,0.097
A0027976,766,TEXT_HW,MISC,TEXT,0.527,0.129,0.121
A0027982,78,TEXT_HW,TEXT,MISC,0.674,0.1,0.097
A0027982,450,TEXT_HW,TEXT,LINE_HW,0.677,0.104,0.098
A0027982,576,TEXT_HW,LINE_HW,MISC,0.442,0.229,0.153
A0027982,613,TEXT_HW,LINE_HW,MISC,0.458,0.245,0.116
A0030232,106,TEXT_HW,TEXT,LINE_HW,0.764,0.076,0.055
A0030232,112,TEXT_HW,LINE_HW,TEXT,0.669,0.138,0.072
A0030232,136,TEXT_HW,LINE_HW,TEXT,0.668,0.174,0.058
A0030232,137,TEXT_HW,LINE_HW,TEXT,0.724,0.104,0.071
A0030232,259,LINE_HW,TEXT_HW,LINE_MIX,0.533,0.202,0.105
A0030232,272,TEXT_HW,LINE_HW,TEXT,0.573,0.175,0.106
A0030240,113,TEXT_HW,LINE_HW,MISC,0.532,0.215,0.084
A0030240,138,LINE_HW,TEXT_HW,MISC,0.438,0.341,0.079
A0030240,207,TEXT_HW,LINE_HW,LINE_MIX,0.49,0.326,0.064
A0030240,230,TEXT_HW,LINE_HW,TEXT,0.538,0.224,0.083
A0030240,309,TEXT_HW,LINE_HW,MISC,0.646,0.131,0.076
A0030240,321,TEXT_HW,LINE_HW,TEXT,0.594,0.225,0.05
A0030240,328,TEXT_HW,LINE_HW,TEXT,0.628,0.136,0.079
A0030240,443,TEXT_HW,LINE_HW,LINE_MIX,0.376,0.376,0.072
A0030242,270,TEXT_HW,LINE_HW,MISC,0.482,0.275,0.088
A0030242,291,TEXT_HW,MISC,LINE_HW,0.39,0.19,0.179
A0030242,401,TEXT_HW,LINE_HW,TEXT,0.586,0.196,0.086
A0030422,150,TEXT_HW,LINE_HW,MISC,0.605,0.115,0.09
A0030422,368,TEXT_HW,LINE_HW,MISC,0.439,0.364,0.063
A0030422,380,TEXT_HW,LINE_HW,LINE_MIX,0.483,0.211,0.091
A0030423,338,TEXT_HW,LINE_HW,TEXT,0.578,0.131,0.068
A0030423,446,TEXT_HW,LINE_HW,TEXT,0.576,0.11,0.103
A0030423,510,TEXT_HW,LINE_HW,TEXT,0.65,0.141,0.078
A0030423,551,TEXT_HW,TEXT,TEXT_TP,0.682,0.091,0.068
A0030424,90,TEXT_HW,TEXT,MISC,0.762,0.08,0.072
A0030424,207,TEXT_HW,LINE_HW,TEXT,0.666,0.093,0.087
A0030424,218,TEXT_HW,TEXT,LINE_HW,0.755,0.082,0.063
A0030424,264,TEXT_HW,TEXT,MISC,0.743,0.083,0.06
A0030424,352,TEXT_HW,TEXT,LINE_HW,0.812,0.077,0.034
A0030424,395,TEXT_HW,TEXT,TEXT_TP,0.696,0.094,0.058
A0043896,67,TEXT_HW,LINE_HW,TEXT,0.655,0.121,0.087
A0043896,183,TEXT_HW,LINE_HW,MISC,0.349,0.255,0.11
A0043896,186,TEXT_HW,LINE_HW,TEXT,0.752,0.096,0.05
A0043896,361,TEXT_HW,LINE_HW,TEXT,0.606,0.135,0.102
A0043897,45,TEXT_HW,LINE_HW,TEXT,0.736,0.094,0.056
A0043897,108,TEXT_HW,TEXT,LINE_HW,0.738,0.08,0.069
A0043897,147,TEXT_HW,PHOTO,MISC,0.389,0.313,0.123
A0043897,416,TEXT_HW,TEXT,MISC,0.795,0.072,0.05
A0043897,466,TEXT_HW,MISC,LINE_HW,0.55,0.163,0.097
A0043899,160,TEXT_HW,TEXT,LINE_HW,0.729,0.091,0.067
A0043899,204,TEXT_HW,TEXT,LINE_HW,0.656,0.114,0.08
A0043899,279,TEXT_HW,LINE_HW,TEXT,0.7,0.102,0.079
A0043899,287,TEXT_HW,TEXT,LINE_HW,0.79,0.073,0.063
A0043899,397,TEXT_HW,LINE_HW,MISC,0.648,0.101,0.074
A0043900,73,TEXT_HW,TEXT,LINE_HW,0.753,0.069,0.055
A0043900,80,TEXT_HW,LINE_HW,TEXT,0.634,0.123,0.088
A0043900,85,TEXT_HW,LINE_HW,MISC,0.426,0.312,0.095
A0043900,120,TEXT_HW,LINE_HW,MISC,0.616,0.125,0.089
A0043900,141,TEXT_HW,MISC,LINE_HW,0.603,0.131,0.072
A0043900,182,TEXT_HW,LINE_HW,TEXT,0.579,0.131,0.111
A0043901,58,TEXT_HW,TEXT,LINE_HW,0.719,0.085,0.063
A0043901,80,TEXT_HW,TEXT,LINE_HW,0.761,0.069,0.051
A0043901,91,TEXT_HW,LINE_HW,TEXT,0.611,0.17,0.065
A0043901,94,TEXT_HW,MISC,LINE_HW,0.371,0.243,0.115
A0043901,130,TEXT_HW,LINE_HW,TEXT,0.658,0.126,0.072
A0043904,164,TEXT_HW,LINE_HW,TEXT,0.765,0.077,0.067
A0043904,212,TEXT_HW,LINE_HW,MISC,0.504,0.207,0.126
A0043904,238,TEXT_HW,LINE_HW,MISC,0.517,0.19,0.125
A0043904,281,TEXT_HW,LINE_HW,MISC,0.57,0.171,0.093
A0043904,294,TEXT_HW,LINE_HW,TEXT,0.678,0.109,0.088
A0043904,438,TEXT_HW,LINE_HW,TEXT,0.689,0.147,0.05
A0043906,14,TEXT_HW,TEXT,MISC,0.579,0.118,0.081
A0043906,87,TEXT_HW,LINE_HW,MISC,0.421,0.222,0.097
A0043906,116,MISC,PHOTO,TEXT_HW,0.284,0.239,0.215
A0043906,233,TEXT_HW,TEXT,LINE_HW,0.654,0.103,0.099
A0043906,283,TEXT_HW,TEXT,TEXT_TP,0.756,0.101,0.038
A0043908,296,TEXT_HW,LINE_HW,TEXT,0.639,0.136,0.069
A0043908,316,TEXT_HW,TEXT,LINE_HW,0.707,0.083,0.081
A0043908,441,TEXT_HW,LINE_HW,TEXT,0.672,0.113,0.075
A0043908,451,TEXT_HW,LINE_HW,MISC,0.51,0.151,0.127
A0043908,516,TEXT_HW,LINE_HW,MISC,0.673,0.128,0.067
A0043910,185,TEXT_HW,MISC,TEXT,0.549,0.13,0.098
A0043910,214,TEXT_HW,LINE_HW,TEXT,0.785,0.065,0.062
A0043910,255,TEXT_HW,TEXT,LINE_HW,0.736,0.088,0.056
A0043910,331,TEXT_HW,LINE_HW,MISC,0.397,0.265,0.083
A0043910,371,TEXT_HW,TEXT,LINE_HW,0.704,0.103,0.065
A0043910,396,TEXT_HW,TEXT,MISC,0.428,0.157,0.113
A0043912,32,TEXT_HW,LINE_HW,LINE_MIX,0.5,0.285,0.071
A0043912,52,TEXT_HW,LINE_HW,TEXT,0.651,0.1,0.091
A0043912,116,TEXT_HW,LINE_HW,MISC,0.618,0.122,0.098
A0043912,260,TEXT_HW,LINE_HW,TEXT,0.579,0.2,0.07
A0043912,348,TEXT_HW,TEXT,LINE_HW,0.812,0.055,0.051
A0043912,359,TEXT_HW,LINE_HW,TEXT,0.745,0.077,0.07
A0043912,431,TEXT_HW,LINE_HW,TEXT,0.768,0.061,0.061
A0043914,242,TEXT_HW,LINE_HW,TEXT,0.715,0.088,0.083
A0043914,295,TEXT_HW,LINE_HW,MISC,0.582,0.113,0.106
A0043914,315,TEXT_HW,TEXT,LINE_HW,0.73,0.086,0.069
A0043914,381,TEXT_HW,MISC,TEXT,0.559,0.119,0.11
A0043915,25,TEXT_HW,LINE_HW,TEXT,0.694,0.087,0.073
A0043915,148,TEXT_HW,LINE_HW,TEXT,0.503,0.23,0.078
A0043915,348,TEXT_HW,LINE_HW,TEXT,0.629,0.164,0.066
A0043915,427,TEXT_HW,LINE_HW,MISC,0.447,0.298,0.076
A0043915,437,TEXT_HW,MISC,TEXT,0.595,0.112,0.09
A0043915,455,TEXT_HW,LINE_HW,TEXT,0.597,0.116,0.102
A0043916,101,TEXT_HW,LINE_HW,LINE_MIX,0.494,0.219,0.072
A0043916,339,TEXT_HW,LINE_HW,MISC,0.452,0.169,0.101
A0043916,384,TEXT_HW,TEXT,LINE_HW,0.7,0.093,0.075
A0043916,511,TEXT_HW,TEXT,LINE_HW,0.73,0.094,0.059
A0043916,645,TEXT_HW,MISC,TEXT,0.66,0.122,0.081
A0043917,18,TEXT_HW,LINE_HW,TEXT,0.645,0.121,0.089
A0043917,57,TEXT_HW,LINE_HW,TEXT,0.617,0.166,0.075
A0043917,231,TEXT_HW,LINE_HW,TEXT,0.69,0.092,0.074
A0043917,283,TEXT_HW,LINE_HW,TEXT,0.653,0.15,0.068
A0043917,365,TEXT_HW,TEXT,MISC,0.64,0.106,0.091
A0043917,394,TEXT_HW,TEXT,LINE_HW,0.779,0.082,0.047
A0043917,430,TEXT_HW,TEXT,LINE_HW,0.745,0.081,0.057
A0043918,38,TEXT_HW,LINE_HW,MISC,0.523,0.136,0.1
A0043918,53,TEXT_HW,LINE_HW,TEXT,0.551,0.184,0.086
A0043918,177,TEXT_HW,TEXT,LINE_HW,0.799,0.078,0.039
A0043918,211,TEXT_HW,LINE_HW,TEXT,0.6,0.201,0.077
A0043918,307,TEXT_HW,TEXT,LINE_HW,0.633,0.108,0.087
A0043918,309,TEXT_HW,LINE_HW,TEXT,0.657,0.122,0.086
A0043918,314,TEXT_HW,LINE_HW,MISC,0.283,0.258,0.152
A0043922,63,LINE_HW,TEXT_HW,LINE_MIX,0.55,0.237,0.096
A0043922,79,TEXT_HW,TEXT,LINE_HW,0.773,0.079,0.058
A0043922,164,LINE_HW,TEXT_HW,LINE_MIX,0.481,0.242,0.095
A0043922,291,TEXT_HW,LINE_HW,LINE_MIX,0.415,0.285,0.084
A0043922,330,TEXT_HW,LINE_HW,TEXT,0.693,0.088,0.074
A0043922,375,TEXT_HW,LINE_HW,TEXT,0.658,0.104,0.082
A0043922,404,LINE_HW,TEXT_HW,LINE_MIX,0.405,0.336,0.096
A0043923,113,TEXT_HW,LINE_HW,TEXT,0.549,0.178,0.084
A0043923,203,TEXT_HW,LINE_HW,TEXT,0.663,0.139,0.07
A0043923,223,LINE_HW,TEXT_HW,MISC,0.376,0.353,0.085
A0043923,387,TEXT_HW,LINE_HW,TEXT,0.627,0.147,0.074
A0043923,398,TEXT_HW,LINE_HW,MISC,0.455,0.168,0.126
A0043925,164,TEXT_HW,LINE_HW,TEXT,0.693,0.124,0.072
A0043925,214,TEXT_HW,TEXT,LINE_HW,0.727,0.068,0.054
A0043925,231,TEXT_HW,LINE_HW,TEXT,0.76,0.078,0.063
A0043925,300,TEXT_HW,LINE_HW,MISC,0.521,0.167,0.095
A0043925,315,TEXT_HW,LINE_HW,TEXT,0.579,0.182,0.077
A0043925,374,TEXT_HW,LINE_HW,TEXT,0.639,0.138,0.084
A0043925,501,TEXT_HW,MISC,LINE_HW,0.609,0.113,0.103
A0043932,20,TEXT_HW,LINE_HW,MISC,0.68,0.101,0.084
A0043932,57,TEXT_HW,LINE_HW,TEXT,0.712,0.164,0.046
A0043932,80,TEXT_HW,LINE_HW,MISC,0.603,0.139,0.101
A0043932,140,TEXT_HW,LINE_HW,MISC,0.556,0.211,0.08
A0043932,258,TEXT_HW,MISC,TEXT,0.719,0.083,0.076
A0043932,262,TEXT_HW,TEXT,LINE_HW,0.721,0.083,0.067
A0043932,312,TEXT_HW,LINE_HW,MISC,0.628,0.124,0.088
A0043933,14,TEXT_HW,LINE_HW,MISC,0.539,0.162,0.124
A0043933,26,TEXT_HW,LINE_HW,MISC,0.623,0.168,0.083
A0043933,42,MISC,PHOTO,TEXT_HW,0.387,0.198,0.189
A0043933,99,TEXT_HW,MISC,TEXT,0.622,0.135,0.123
A0043933,145,TEXT_HW,MISC,LINE_HW,0.43,0.22,0.116
A0043933,182,TEXT_HW,LINE_HW,MISC,0.593,0.132,0.113
A0043933,224,TEXT_HW,MISC,LINE_HW,0.718,0.099,0.066
A0043933,286,TEXT_HW,MISC,LINE_HW,0.489,0.18,0.12
A0043934,160,TEXT_HW,LINE_HW,MISC,0.646,0.109,0.083
A0043934,259,TEXT_HW,LINE_HW,TEXT,0.679,0.114,0.095
A0043934,266,TEXT_HW,TEXT,LINE_HW,0.738,0.085,0.08
A0043934,302,TEXT_HW,LINE_HW,MISC,0.603,0.148,0.112
A0043934,341,TEXT_HW,TEXT,LINE_HW,0.515,0.147,0.134
A0043934,396,TEXT_HW,TEXT,MISC,0.636,0.125,0.092
A0043934,397,TEXT_HW,MISC,TEXT,0.572,0.14,0.109
A0043935,28,TEXT_HW,TEXT,LINE_HW,0.69,0.088,0.08
A0043935,47,TEXT_HW,LINE_HW,TEXT,0.659,0.126,0.092
A0043935,60,TEXT_HW,MISC,TEXT,0.602,0.115,0.105
A0043935,119,TEXT_HW,LINE_HW,TEXT,0.66,0.134,0.087
A0043935,178,TEXT_HW,LINE_HW,TEXT,0.664,0.099,0.096
A0043935,195,TEXT_HW,LINE_HW,TEXT,0.667,0.112,0.09
A0043935,200,TEXT_HW,LINE_HW,TEXT,0.547,0.189,0.101
A0043936,30,TEXT_HW,LINE_HW,TEXT,0.772,0.075,0.075
A0043936,51,TEXT_HW,LINE_HW,TEXT,0.528,0.149,0.123
A0043936,107,TEXT_HW,MISC,TEXT,0.483,0.192,0.111
A0043936,252,TEXT_HW,LINE_HW,MISC,0.617,0.118,0.096
A0043936,345,TEXT_HW,LINE_HW,MISC,0.517,0.176,0.123
A0043936,388,TEXT_HW,LINE_HW,TEXT,0.629,0.13,0.085
A0043937,25,TEXT_HW,MISC,LINE_HW,0.524,0.181,0.124
A0043937,38,TEXT_HW,LINE_HW,TEXT,0.748,0.095,0.067
A0043937,88,TEXT_HW,LINE_HW,TEXT,0.679,0.101,0.095
A0043937,145,TEXT_HW,TEXT,MISC,0.682,0.101,0.077
A0043937,230,TEXT_HW,TEXT,LINE_HW,0.61,0.103,0.096
A0043937,239,TEXT_HW,LINE_HW,TEXT,0.598,0.151,0.095
A0043937,316,TEXT_HW,TEXT,LINE_HW,0.64,0.126,0.084
A0043938,352,TEXT_HW,LINE_HW,MISC,0.531,0.228,0.101
A0043938,355,TEXT_HW,LINE_HW,MISC,0.567,0.196,0.09
A0043938,395,TEXT_HW,LINE_HW,MISC,0.508,0.218,0.11
A0043938,401,TEXT_HW,LINE_HW,MISC,0.51,0.219,0.094
A0043939,30,TEXT_HW,TEXT,LINE_HW,0.782,0.08,0.057
A0043939,46,TEXT_HW,TEXT,LINE_HW,0.807,0.073,0.055
A0043939,67,TEXT_HW,TEXT,LINE_HW,0.704,0.108,0.081
A0043939,72,TEXT_HW,TEXT,LINE_HW,0.819,0.074,0.044
A0043939,85,TEXT_HW,LINE_HW,TEXT,0.695,0.103,0.097
A0043939,97,TEXT_HW,TEXT,LINE_HW,0.78,0.085,0.048
A0043939,126,TEXT_HW,LINE_HW,TEXT,0.782,0.071,0.068
A0043939,139,TEXT_HW,TEXT,LINE_HW,0.753,0.087,0.064
A0054799,80,TEXT_HW,TEXT,LINE_HW,0.778,0.078,0.06
A0054799,112,TEXT_HW,LINE_HW,TEXT,0.688,0.112,0.085
A0054799,144,TEXT_HW,MISC,LINE_HW,0.548,0.152,0.124
A0054799,146,TEXT_HW,MISC,TEXT,0.566,0.148,0.13
A0054799,148,TEXT_HW,LINE_HW,TEXT,0.636,0.142,0.087
A0054799,208,TEXT_HW,LINE_HW,TEXT,0.73,0.09,0.058
A0054799,256,TEXT_HW,TEXT,LINE_HW,0.739,0.087,0.071
A0054799,293,TEXT_HW,LINE_HW,TEXT,0.675,0.121,0.086
A0054801,13,TEXT_HW,TEXT,MISC,0.758,0.106,0.045
A0054801,21,TEXT_HW,LINE_HW,TEXT,0.686,0.123,0.085
A0054801,35,TEXT_HW,TEXT,LINE_HW,0.823,0.07,0.037
A0054801,45,TEXT_HW,TEXT,LINE_HW,0.78,0.077,0.07
A0054801,54,TEXT_HW,LINE_HW,TEXT,0.747,0.104,0.065
A0054801,68,TEXT_HW,TEXT,LINE_HW,0.715,0.094,0.088
A0054801,111,TEXT_HW,TEXT,LINE_HW,0.777,0.077,0.07
A0054802,10,TEXT_HW,LINE_HW,TEXT,0.699,0.095,0.095
A0054802,23,TEXT_HW,TEXT,LINE_HW,0.739,0.106,0.06
A0054802,93,TEXT_HW,LINE_HW,TEXT,0.647,0.104,0.102
A0054802,111,TEXT_HW,LINE_HW,TEXT,0.725,0.089,0.079
A0054802,140,TEXT_HW,LINE_HW,TEXT,0.692,0.104,0.084
A0054802,169,TEXT_HW,TEXT,MISC,0.649,0.113,0.101
A0054802,179,TEXT_HW,MISC,LINE_HW,0.506,0.154,0.14
A0054802,182,TEXT_HW,TEXT,LINE_HW,0.726,0.111,0.064
A0054806,23,TEXT_HW,MISC,TEXT,0.666,0.107,0.094
A0054806,35,TEXT_HW,LINE_HW,TEXT,0.742,0.089,0.069
A0054806,57,TEXT_HW,LINE_HW,MISC,0.613,0.17,0.086
A0054806,64,TEXT_HW,LINE_HW,TEXT,0.759,0.085,0.064
A0054806,138,TEXT_HW,LINE_HW,TEXT,0.55,0.244,0.066
A0054806,155,TEXT_HW,LINE_HW,TEXT,0.66,0.108,0.087
A0054806,182,TEXT_HW,LINE_HW,TEXT,0.487,0.305,0.068
A0054806,220,TEXT_HW,LINE_HW,TEXT,0.683,0.103,0.072
A0054808,9,TEXT_HW,LINE_HW,TEXT,0.684,0.121,0.083
A0054808,45,TEXT_HW,LINE_HW,TEXT,0.708,0.1,0.078
A0054808,70,TEXT_HW,LINE_HW,MISC,0.659,0.134,0.081
A0054808,82,TEXT_HW,LINE_HW,TEXT,0.67,0.115,0.074
A0054808,91,TEXT_HW,LINE_HW,MISC,0.601,0.175,0.097
A0054808,105,TEXT_HW,LINE_HW,TEXT,0.666,0.185,0.051
A0054808,150,TEXT_HW,LINE_HW,TEXT,0.743,0.076,0.068
A0054810,44,TEXT_HW,LINE_HW,TEXT,0.782,0.073,0.066
A0054810,50,TEXT_HW,TEXT,LINE_HW,0.772,0.08,0.054
A0054810,63,TEXT_HW,LINE_HW,TEXT,0.524,0.247,0.072
A0054810,230,TEXT_HW,LINE_HW,TEXT,0.709,0.14,0.065
A0054810,255,TEXT_HW,TEXT,LINE_HW,0.78,0.074,0.052
A0054810,261,TEXT_HW,LINE_HW,TEXT,0.812,0.061,0.054
A0054810,280,TEXT_HW,LINE_HW,TEXT,0.77,0.07,0.065
A0054810,288,TEXT_HW,LINE_HW,TEXT,0.716,0.084,0.075
A0054812,38,TEXT_HW,LINE_HW,TEXT,0.672,0.128,0.094
A0054812,83,TEXT_HW,LINE_HW,TEXT,0.542,0.219,0.086
A0054812,96,TEXT_HW,LINE_HW,TEXT,0.694,0.098,0.078
A0054812,97,TEXT_HW,LINE_HW,TEXT,0.739,0.097,0.068
A0054812,108,TEXT_HW,LINE_HW,TEXT,0.737,0.11,0.062
A0054812,112,TEXT_HW,LINE_HW,MISC,0.467,0.283,0.079
A0054812,176,TEXT_HW,LINE_HW,TEXT,0.467,0.302,0.072
A0054815,11,TEXT_HW,TEXT,LINE_HW,0.803,0.064,0.063
A0054815,14,TEXT_HW,LINE_HW,TEXT,0.761,0.103,0.06
A0054815,75,TEXT_HW,LINE_HW,MISC,0.64,0.143,0.075
A0054815,136,TEXT_HW,LINE_HW,MISC,0.571,0.21,0.08
A0054815,146,TEXT_HW,LINE_HW,MISC,0.674,0.121,0.074
A0054815,204,TEXT_HW,TEXT,LINE_HW,0.768,0.069,0.066
A0054815,210,TEXT_HW,LINE_HW,TEXT,0.631,0.15,0.085
A0054816,33,TEXT_HW,LINE_HW,MISC,0.663,0.107,0.074
A0054816,35,TEXT_HW,LINE_HW,MISC,0.591,0.154,0.084
A0054816,38,TEXT_HW,MISC,LINE_HW,0.559,0.135,0.127
A0054816,80,TEXT_HW,LINE_HW,TEXT,0.724,0.092,0.074
A0054816,111,TEXT_HW,TEXT,LINE_HW,0.8,0.061,0.059
A0054816,124,TEXT_HW,LINE_HW,MISC,0.543,0.206,0.079
A0054816,194,LINE_HW,TEXT_HW,MISC,0.411,0.273,0.133
A0054816,215,TEXT_HW,LINE_HW,MISC,0.488,0.223,0.111
A0054823,37,TEXT_HW,LINE_HW,TEXT,0.554,0.159,0.107
A0054823,59,TEXT_HW,LINE_HW,MISC,0.312,0.228,0.208
A0054823,99,TEXT_HW,TEXT,MISC,0.591,0.136,0.122
A0054823,124,TEXT_HW,TEXT,LINE_HW,0.6,0.118,0.104
A0054823,126,TEXT_HW,LINE_HW,MISC,0.351,0.31,0.153
A0054823,288,TEXT_HW,MISC,TEXT,0.501,0.146,0.141
A0054823,339,TEXT_HW,LINE_HW,MISC,0.448,0.176,0.17
A0054823,344,TEXT_HW,MISC,TEXT,0.545,0.142,0.128
A0054825,31,TEXT_HW,LINE_HW,MISC,0.656,0.151,0.072
A0054825,41,TEXT_HW,TEXT,LINE_HW,0.74,0.078,0.07
A0054825,80,TEXT_HW,MISC,LINE_HW,0.544,0.169,0.14
A0054825,173,TEXT_HW,LINE_HW,TEXT,0.682,0.134,0.066
A0054825,186,TEXT_HW,LINE_HW,TEXT,0.667,0.14,0.081
A0054825,270,TEXT_HW,LINE_HW,MISC,0.655,0.112,0.082
A0054825,274,TEXT_HW,LINE_HW,TEXT,0.708,0.109,0.07
A0054825,324,TEXT_HW,LINE_HW,TEXT,0.716,0.101,0.068
A0054828,13,TEXT_HW,LINE_HW,TEXT,0.719,0.094,0.084
A0054828,231,TEXT_HW,LINE_HW,TEXT,0.558,0.222,0.069
A0054828,240,TEXT_HW,LINE_HW,TEXT,0.658,0.109,0.086
A0054828,315,TEXT_HW,LINE_HW,MISC,0.535,0.182,0.131
A0054828,466,TEXT_HW,LINE_HW,LINE_MIX,0.528,0.234,0.071
A0054828,590,TEXT_HW,LINE_HW,MISC,0.616,0.163,0.091
A0054828,707,TEXT_HW,LINE_HW,MISC,0.497,0.258,0.107
A0054828,924,TEXT_HW,LINE_HW,MISC,0.467,0.201,0.132
A0054831,66,TEXT_HW,MISC,LINE_HW,0.526,0.155,0.148
A0054831,126,TEXT_HW,LINE_HW,TEXT,0.639,0.126,0.086
A0054831,270,TEXT_HW,LINE_HW,TEXT,0.661,0.147,0.071
A0054831,291,TEXT_HW,TEXT,LINE_HW,0.779,0.067,0.061
A0054831,315,TEXT_HW,MISC,LINE_HW,0.62,0.113,0.111
A0054831,340,TEXT_HW,LINE_HW,MISC,0.657,0.122,0.089
A0054831,387,TEXT_HW,TEXT,MISC,0.784,0.071,0.049
A0054831,395,TEXT_HW,MISC,LINE_HW,0.574,0.15,0.108
A0054832,91,TEXT_HW,LINE_HW,MISC,0.608,0.132,0.104
A0054832,178,TEXT_HW,LINE_HW,MISC,0.391,0.334,0.099
A0054832,187,TEXT_HW,MISC,LINE_HW,0.535,0.144,0.131
A0054832,228,TEXT_HW,LINE_HW,MISC,0.493,0.193,0.137
A0054832,248,TEXT_HW,LINE_HW,TEXT,0.651,0.162,0.074
A0054832,288,TEXT_HW,LINE_HW,MISC,0.379,0.286,0.135
A0054832,372,LINE_HW,MISC,TEXT_HW,0.304,0.268,0.203
A0054832,515,TEXT_HW,LINE_HW,MISC,0.501,0.173,0.168
A0054834,65,TEXT_HW,LINE_HW,MISC,0.419,0.326,0.093
A0054834,121,TEXT_HW,LINE_HW,MISC,0.581,0.189,0.098
A0054834,178,TEXT_HW,LINE_HW,TEXT,0.681,0.126,0.066
A0054834,259,TEXT_HW,LINE_HW,TEXT,0.815,0.059,0.052
A0054834,337,TEXT_HW,MISC,LINE_HW,0.692,0.089,0.08
A0054834,349,TEXT_HW,MISC,LINE_HW,0.427,0.205,0.134
A0054834,524,TEXT_HW,LINE_HW,MISC,0.614,0.112,0.073
A0054838,59,TEXT_HW,LINE_HW,MISC,0.528,0.191,0.098
A0054838,68,LINE_HW,MISC,TEXT_HW,0.444,0.179,0.169
A0054838,138,LINE_HW,TEXT_HW,MISC,0.365,0.293,0.139
A0054838,298,TEXT_HW,LINE_HW,TEXT,0.723,0.084,0.065
A0054838,309,TEXT_HW,LINE_HW,MISC,0.693,0.119,0.073
A0054838,408,TEXT_HW,LINE_HW,TEXT,0.717,0.078,0.066
A0054838,427,TEXT_HW,LINE_HW,MISC,0.575,0.17,0.078
A0054838,553,TEXT_HW,LINE_HW,MISC,0.687,0.135,0.053
A0054840,164,TEXT_HW,TEXT,LINE_HW,0.681,0.097,0.085
A0054840,334,TEXT_HW,LINE_HW,MISC,0.582,0.175,0.079
A0054840,347,TEXT_HW,LINE_HW,MISC,0.459,0.238,0.122
A0054840,531,TEXT_HW,LINE_HW,MISC,0.548,0.195,0.085
A0054840,612,TEXT_HW,LINE_HW,TEXT,0.612,0.178,0.071
A0054840,809,TEXT_HW,LINE_HW,TEXT,0.744,0.084,0.069
A0054840,915,TEXT_HW,LINE_HW,MISC,0.586,0.252,0.062
A0054840,1065,TEXT_HW,LINE_HW,LINE_MIX,0.495,0.282,0.071
A0054841,88,LINE_HW,TEXT_HW,LINE_MIX,0.432,0.347,0.065
A0054841,176,TEXT_HW,LINE_HW,TEXT,0.561,0.206,0.081
A0054841,261,TEXT_HW,LINE_HW,TEXT,0.709,0.109,0.072
A0054841,351,TEXT_HW,LINE_HW,MISC,0.618,0.147,0.09
A0054841,357,TEXT_HW,LINE_HW,MISC,0.651,0.113,0.091
A0054841,706,TEXT_HW,LINE_HW,TEXT,0.787,0.102,0.042
A0054841,713,TEXT_HW,LINE_HW,TEXT,0.698,0.114,0.074
A0054841,826,TEXT_HW,TEXT,MISC,0.708,0.087,0.079
A0054843,17,TEXT_HW,LINE_HW,TEXT,0.639,0.177,0.072
A0054843,177,TEXT_HW,LINE_HW,TEXT,0.776,0.073,0.072
A0054843,299,TEXT_HW,LINE_HW,TEXT,0.74,0.1,0.061
A0054843,345,TEXT_HW,LINE_HW,TEXT,0.726,0.111,0.067
A0054843,610,TEXT_HW,LINE_HW,TEXT,0.724,0.111,0.071
A0054843,619,TEXT_HW,LINE_HW,TEXT,0.823,0.061,0.042
A0054843,719,TEXT_HW,LINE_HW,TEXT,0.853,0.041,0.041
A0054844,18,TEXT_HW,LINE_HW,TEXT,0.59,0.186,0.08
A0054844,86,TEXT_HW,LINE_HW,MISC,0.541,0.212,0.088
A0054844,256,TEXT_HW,LINE_HW,MISC,0.624,0.146,0.096
A0054844,345,TEXT_HW,LINE_HW,MISC,0.659,0.14,0.081
A0054844,371,TEXT_HW,LINE_HW,MISC,0.687,0.102,0.086
A0054844,553,TEXT_HW,LINE_HW,TEXT,0.759,0.097,0.052
A0054844,737,TEXT_HW,LINE_HW,MISC,0.636,0.121,0.101
A0054846,75,TEXT_HW,LINE_HW,MISC,0.562,0.156,0.114
A0054846,200,TEXT_HW,LINE_HW,MISC,0.634,0.168,0.07
A0054846,236,TEXT_HW,LINE_HW,MISC,0.483,0.235,0.115
A0054846,259,LINE_HW,TEXT_HW,MISC,0.414,0.365,0.071
A0054846,275,TEXT_HW,LINE_HW,TEXT,0.628,0.164,0.079
A0054846,422,TEXT_HW,LINE_HW,MISC,0.475,0.198,0.145
A0054846,583,TEXT_HW,LINE_HW,TEXT,0.737,0.095,0.068
A0054846,643,TEXT_HW,MISC,LINE_HW,0.554,0.152,0.095
A0054847,28,TEXT_HW,LINE_HW,TEXT,0.654,0.137,0.083
A0054847,38,TEXT_HW,LINE_HW,MISC,0.547,0.201,0.087
A0054847,61,TEXT_HW,LINE_HW,TEXT,0.636,0.188,0.065
A0054847,130,TEXT_HW,LINE_HW,TEXT,0.748,0.087,0.072
A0054847,304,TEXT_HW,LINE_HW,MISC,0.57,0.237,0.078
A0054847,394,TEXT_HW,LINE_HW,MISC,0.609,0.116,0.114
A0054847,447,TEXT_HW,LINE_HW,TEXT,0.661,0.152,0.069
A0054847,578,TEXT_HW,LINE_HW,TEXT,0.782,0.069,0.064
A0056930,130,LINE_HW,LINE_TP,LINE_MIX,0.672,0.12,0.072
A0056930,199,LINE_HW,LINE_TP,LINE_MIX,0.541,0.108,0.106
A0056939,166,LINE_HW,LINE_MIX,TEXT_HW,0.672,0.073,0.065
A0056985,336,LINE_HW,LINE_TP,LINE_MIX,0.708,0.082,0.076
A0060185,3,TEXT_HW,MISC,TEXT,0.45,0.249,0.127
A0060185,8,TEXT_HW,LINE_HW,MISC,0.328,0.276,0.208
A0060185,11,TEXT_HW,MISC,LINE_HW,0.381,0.217,0.18
A0060185,12,TEXT_HW,LINE_HW,MISC,0.409,0.241,0.206
A0060185,14,TEXT_HW,LINE_HW,MISC,0.637,0.129,0.114
A0060186,17,TEXT_HW,TEXT,MISC,0.781,0.095,0.052
A0060186,18,TEXT_HW,LINE_HW,TEXT,0.665,0.131,0.082
A0060186,25,TEXT_HW,LINE_HW,TEXT,0.696,0.107,0.072
A0060186,29,TEXT_HW,MISC,LINE_HW,0.482,0.221,0.122
A0060186,31,TEXT_HW,LINE_HW,MISC,0.71,0.083,0.083
A0060186,34,TEXT_HW,LINE_HW,TEXT,0.634,0.129,0.104
A0060186,40,TEXT_HW,TEXT,LINE_HW,0.71,0.101,0.077
A0060187,21,MISC,TEXT_HW,LINE_HW,0.35,0.34,0.121
A0060187,25,TEXT_HW,LINE_HW,MISC,0.689,0.099,0.092
A0060187,50,TEXT_HW,MISC,LINE_HW,0.431,0.224,0.149
A0060187,51,TEXT_HW,MISC,LINE_HW,0.474,0.207,0.129
A0060187,67,TEXT_HW,MISC,LINE_HW,0.562,0.188,0.101
A0060187,73,TEXT_HW,MISC,LINE_HW,0.744,0.09,0.066
A0060188,3,TEXT_HW,LINE_HW,MISC,0.513,0.145,0.122
A0060188,16,TEXT_HW,LINE_HW,MISC,0.52,0.204,0.101
A0060189,3,TEXT_HW,MISC,PHOTO,0.384,0.179,0.17
A0060189,10,TEXT_HW,TEXT,LINE_HW,0.802,0.07,0.043
A0060189,13,TEXT_HW,MISC,LINE_HW,0.512,0.185,0.144
A0060189,15,TEXT_HW,MISC,TEXT,0.584,0.143,0.132
A0060189,17,TEXT_HW,TEXT,LINE_HW,0.775,0.097,0.047
A0060190,7,TEXT_HW,LINE_HW,TEXT,0.546,0.207,0.077
A0060190,10,TEXT_HW,LINE_HW,TEXT,0.475,0.262,0.088
A0060190,18,TEXT_HW,LINE_HW,MISC,0.569,0.168,0.099
A0060190,24,TEXT_HW,LINE_HW,TEXT,0.624,0.146,0.1
A0060190,62,TEXT_HW,MISC,LINE_HW,0.609,0.13,0.126
A0060190,101,TEXT_HW,MISC,TEXT,0.65,0.134,0.088
A0060191,3,TEXT_HW,MISC,TEXT,0.482,0.262,0.099
A0060191,4,TEXT_HW,LINE_HW,TEXT,0.65,0.097,0.094
A0060191,9,TEXT_HW,TEXT,LINE_HW,0.663,0.103,0.069
A0060191,10,TEXT_HW,LINE_HW,TEXT,0.718,0.091,0.072
A0060191,11,TEXT_HW,LINE_HW,TEXT,0.578,0.158,0.093
A0060191,13,TEXT_HW,MISC,TEXT,0.65,0.095,0.095
A0060192,50,TEXT_HW,LINE_HW,MISC,0.628,0.164,0.074
A0060193,43,TEXT_HW,LINE_HW,TEXT,0.69,0.111,0.08
A0060194,3,TEXT_HW,LINE_HW,MISC,0.568,0.168,0.123
A0060194,7,TEXT_HW,LINE_HW,TEXT,0.703,0.134,0.062
A0060195,4,TEXT_HW,MISC,LINE_HW,0.624,0.117,0.105
A0060195,15,TEXT_HW,LINE_HW,TEXT,0.661,0.134,0.077
A0060195,16,TEXT_HW,LINE_HW,MISC,0.689,0.084,0.082
A0060195,22,TEXT_HW,TEXT,MISC,0.777,0.075,0.056
A0060195,25,TEXT_HW,TEXT,LINE_HW,0.746,0.08,0.063
A0060195,29,TEXT_HW,LINE_HW,TEXT,0.74,0.094,0.069
A0060195,34,TEXT_HW,TEXT,LINE_HW,0.78,0.077,0.051
A0060196,5,TEXT_HW,LINE_HW,TEXT,0.539,0.181,0.1
A0060196,6,TEXT_HW,LINE_HW,TEXT,0.592,0.12,0.117
A0060196,12,TEXT_HW,LINE_HW,MISC,0.452,0.266,0.084
A0060196,14,TEXT_HW,LINE_HW,MISC,0.653,0.125,0.094
A0060196,15,TEXT_HW,MISC,LINE_HW,0.376,0.225,0.157
A0060196,19,TEXT_HW,LINE_HW,MISC,0.447,0.192,0.175
A0060196,20,TEXT_HW,MISC,PHOTO,0.412,0.228,0.128
A0060196,22,TEXT_HW,MISC,LINE_HW,0.486,0.209,0.114
A0060197,11,TEXT_HW,LINE_HW,MISC,0.524,0.264,0.08
A0060197,15,TEXT_HW,LINE_HW,MISC,0.563,0.177,0.096
A0060197,16,TEXT_HW,LINE_HW,MISC,0.525,0.256,0.078
A0060197,20,TEXT_HW,LINE_HW,MISC,0.427,0.354,0.068
A0060197,28,TEXT_HW,LINE_HW,MISC,0.566,0.236,0.072
A0060197,31,TEXT_HW,LINE_HW,MISC,0.487,0.245,0.109
A0060198,17,TEXT_HW,LINE_HW,MISC,0.652,0.117,0.106
A0060198,57,TEXT_HW,MISC,LINE_HW,0.685,0.115,0.093
A0060199,8,TEXT_HW,LINE_HW,LINE_MIX,0.486,0.304,0.055
A0060199,22,TEXT_HW,LINE_HW,TEXT,0.696,0.141,0.05
A0060199,25,TEXT_HW,LINE_HW,TEXT,0.684,0.131,0.06
A0060199,27,TEXT_HW,LINE_HW,TEXT,0.666,0.107,0.078
A0068109,243,PHOTO,DRAW,MISC,0.384,0.276,0.176
A0068144,208,TEXT_HW,MISC,PHOTO,0.204,0.204,0.175
A0068144,721,TEXT_HW,MISC,LINE_HW,0.565,0.154,0.101
A0076300,100,TEXT_HW,TEXT,MISC,0.532,0.121,0.115
A0076300,291,TEXT_HW,MISC,TEXT,0.465,0.171,0.105
H0000610,5,TEXT_HW,LINE_HW,MISC,0.426,0.42,0.055
H0000642,165,TEXT_HW,MISC,TEXT,0.445,0.188,0.079
H0000642,225,TEXT_HW,MISC,LINE_HW,0.407,0.214,0.098
H0000650,172,TEXT_HW,PHOTO,MISC,0.337,0.307,0.136
H0000792,5,TEXT_HW,MISC,TEXT,0.325,0.305,0.142
H0000792,570,TEXT_HW,MISC,LINE_HW,0.343,0.236,0.162
H0000793,398,PHOTO,TEXT_HW,MISC,0.31,0.27,0.197
H0000793,432,TEXT_HW,PHOTO,LINE_HW,0.363,0.21,0.134
H0001029,136,TEXT_HW,MISC,LINE_HW,0.328,0.323,0.139
H0001029,463,TEXT_HW,MISC,LINE_HW,0.43,0.223,0.093
H0001032,546,PHOTO,MISC,TEXT_HW,0.274,0.253,0.22
H0001035,290,TEXT_HW,MISC,LINE_HW,0.312,0.302,0.14
H0001038,129,TEXT_HW,LINE_HW,TEXT,0.466,0.149,0.142
H0001039,283,TEXT_HW,MISC,TEXT,0.729,0.074,0.062
H0001039,310,TEXT_HW,LINE_HW,MISC,0.363,0.253,0.185
H0002045,237,LINE_HW,TEXT_HW,TEXT,0.397,0.233,0.079
H0002046,169,TEXT_HW,MISC,LINE_HW,0.46,0.186,0.088
H0002046,186,LINE_HW,TEXT_HW,LINE_MIX,0.561,0.174,0.071
H0002047,117,MISC,PHOTO,TEXT_HW,0.511,0.234,0.094
H0002048,588,TEXT_HW,MISC,LINE_HW,0.506,0.162,0.122
H0002054,97,LINE_HW,TEXT_HW,MISC,0.354,0.298,0.087
L0000131,101,TEXT_HW,TEXT,TEXT_TP,0.742,0.072,0.055
L0000195,8,LINE_HW,LINE_MIX,LINE_TP,0.769,0.107,0.045
L0000199,37,TEXT_HW,LINE_HW,TEXT,0.406,0.279,0.108
L0000199,66,TEXT_HW,LINE_HW,TEXT,0.68,0.13,0.069
L0000199,136,LINE_HW,TEXT_HW,MISC,0.444,0.296,0.086
L0000199,246,TEXT_HW,LINE_HW,MISC,0.354,0.338,0.139
R0000430,36,TEXT_HW,LINE_HW,MISC,0.475,0.258,0.134
R0000430,93,TEXT_HW,MISC,LINE_HW,0.511,0.23,0.118
R0000431,48,LINE_HW,TEXT_HW,MISC,0.398,0.3,0.125
R0001210,11,MISC,TEXT_HW,PHOTO,0.255,0.243,0.159
R0001234,56,TEXT_HW,MISC,LINE_HW,0.75,0.083,0.067
R0003319,2,DRAW,TEXT_HW,MISC,0.601,0.126,0.083
R0003375,249,LINE_HW,TEXT_HW,LINE_MIX,0.543,0.223,0.123
R0003389,55,TEXT_HW,TEXT,MISC,0.7,0.111,0.061
R0003389,170,TEXT_HW,TEXT,MISC,0.695,0.123,0.077
R0003392,53,TEXT_HW,MISC,LINE_HW,0.307,0.232,0.228
U0000011,133,TEXT_HW,LINE_HW,TEXT,0.638,0.13,0.081
U0000011,182,TEXT_HW,LINE_HW,TEXT,0.516,0.236,0.087
U0000011,370,TEXT_HW,TEXT,LINE_HW,0.74,0.073,0.069
U0000011,425,TEXT_HW,LINE_HW,MISC,0.498,0.235,0.095
U0000011,473,TEXT_HW,LINE_HW,TEXT,0.64,0.113,0.092
U0000057,119,TEXT_HW,LINE_HW,TEXT,0.512,0.227,0.085
U0000057,208,TEXT_HW,MISC,TEXT,0.588,0.123,0.112
U0000064,83,TEXT_HW,LINE_HW,MISC,0.428,0.313,0.087
U0000064,268,TEXT_HW,LINE_HW,MISC,0.484,0.15,0.137
U0000064,304,LINE_HW,TEXT_HW,LINE_MIX,0.348,0.337,0.101
U0000064,326,TEXT_HW,LINE_HW,LINE_MIX,0.467,0.283,0.073
U0000193,123,LINE_HW,TEXT_HW,LINE_MIX,0.507,0.263,0.072
U0000193,237,LINE_HW,LINE_MIX,TEXT_HW,0.684,0.131,0.086
U0000193,272,LINE_HW,LINE_MIX,TEXT_HW,0.664,0.105,0.091
U0000193,393,LINE_HW,TEXT_HW,LINE_MIX,0.676,0.117,0.079
U0000229,69,TEXT_HW,TEXT,LINE_HW,0.788,0.081,0.042
U0000229,127,TEXT_HW,LINE_HW,TEXT,0.527,0.153,0.123
U0000229,196,TEXT_HW,LINE_HW,TEXT,0.565,0.178,0.092
U0000229,300,TEXT_HW,TEXT,MISC,0.741,0.11,0.057
U0000234,197,TEXT_HW,MISC,TEXT,0.508,0.165,0.141
U0000236,116,TEXT_HW,LINE_HW,MISC,0.39,0.323,0.143
U0000236,196,LINE_HW,TEXT_HW,LINE_MIX,0.456,0.355,0.059
U0000236,420,TEXT_HW,LINE_HW,MISC,0.694,0.112,0.067
U0000236,621,TEXT_HW,LINE_HW,TEXT,0.563,0.22,0.084
U0000237,22,LINE_HW,TEXT_HW,MISC,0.372,0.36,0.078
U0000237,175,TEXT_HW,LINE_HW,TEXT,0.722,0.096,0.075
U0000237,196,LINE_HW,TEXT_HW,LINE_MIX,0.522,0.198,0.091
V0000219,122,TEXT_HW,LINE_HW,TEXT,0.786,0.069,0.069
V0000219,138,TEXT_HW,TEXT,LINE_HW,0.748,0.089,0.078
V0000219,155,TEXT_HW,TEXT,LINE_HW,0.764,0.079,0.052
V0000219,245,TEXT_HW,TEXT,LINE_HW,0.741,0.097,0.062
V0000219,300,TEXT_HW,LINE_HW,TEXT,0.717,0.099,0.067
A0060199,30,TEXT_HW,LINE_HW,TEXT,0.696,0.093,0.073
A0060199,32,TEXT_HW,LINE_HW,TEXT,0.688,0.147,0.062
A0060199,39,TEXT_HW,LINE_HW,MISC,0.573,0.164,0.103
A0060200,25,TEXT_HW,LINE_HW,MISC,0.572,0.149,0.089
A0060200,78,TEXT_HW,MISC,TEXT,0.583,0.115,0.105
A0060200,296,TEXT_HW,LINE_HW,MISC,0.451,0.194,0.174
A0060200,448,TEXT_HW,LINE_HW,MISC,0.337,0.258,0.175
A0060200,462,TEXT_HW,LINE_HW,MISC,0.487,0.185,0.158
A0060202,118,TEXT_HW,LINE_HW,TEXT,0.67,0.103,0.084
A0060202,255,TEXT_HW,LINE_HW,TEXT,0.636,0.111,0.111
A0060202,445,TEXT_HW,LINE_HW,LINE_MIX,0.587,0.16,0.096
A0060202,553,TEXT_HW,TEXT,LINE_HW,0.631,0.11,0.094
A0060202,750,TEXT_HW,TEXT,LINE_HW,0.762,0.069,0.06
A0060202,757,TEXT_HW,LINE_HW,TEXT,0.683,0.097,0.088
A0060203,411,TEXT_HW,LINE_HW,TEXT,0.766,0.086,0.063
A0060203,446,TEXT_HW,LINE_HW,TEXT,0.677,0.107,0.101
A0060203,450,TEXT_HW,TEXT,LINE_HW,0.752,0.096,0.048
A0060203,592,TEXT_HW,LINE_HW,TEXT,0.592,0.15,0.097
A0060208,51,TEXT_HW,TEXT,LINE_HW,0.668,0.107,0.101
A0060208,114,TEXT_HW,LINE_HW,TEXT,0.511,0.182,0.136
A0060208,183,TEXT_HW,LINE_HW,TEXT,0.526,0.188,0.121
A0060208,219,TEXT_HW,LINE_HW,TEXT,0.543,0.176,0.117
A0060208,242,TEXT_HW,LINE_HW,TEXT,0.608,0.164,0.092
A0060208,256,TEXT_HW,LINE_HW,TEXT,0.556,0.154,0.103
A0060208,287,TEXT_HW,LINE_HW,TEXT,0.635,0.182,0.061
A0060208,309,TEXT_HW,LINE_HW,MISC,0.512,0.174,0.118
A0060209,27,TEXT_HW,TEXT,MISC,0.668,0.118,0.072
A0060209,62,TEXT_HW,LINE_HW,TEXT,0.634,0.16,0.075
A0060209,114,TEXT_HW,MISC,LINE_HW,0.436,0.188,0.148
A0060209,439,TEXT_HW,LINE_HW,MISC,0.424,0.301,0.095
A0060209,442,TEXT_HW,TEXT,LINE_HW,0.807,0.084,0.04
A0060209,461,MISC,TEXT_HW,LINE_HW,0.416,0.277,0.135
A0065848,78,TEXT_HW,LINE_HW,MISC,0.637,0.127,0.086
A0065848,118,TEXT_HW,TEXT,TEXT_TP,0.812,0.066,0.034
A0065848,191,TEXT_HW,LINE_HW,TEXT,0.615,0.219,0.062
A0065848,234,TEXT_HW,LINE_HW,MISC,0.626,0.171,0.085
A0065848,242,TEXT_HW,LINE_HW,MISC,0.546,0.189,0.086
A0065848,276,TEXT_HW,MISC,LINE_HW,0.552,0.156,0.1
A0065848,289,TEXT_HW,LINE_HW,MISC,0.404,0.32,0.083
A0065850,153,TEXT_HW,LINE_HW,MISC,0.437,0.223,0.149
A0065850,155,TEXT_HW,LINE_HW,MISC,0.554,0.221,0.081
A0065850,203,TEXT_HW,LINE_HW,TEXT,0.653,0.163,0.067
A0065850,219,TEXT_HW,MISC,LINE_HW,0.548,0.147,0.117
A0065850,233,TEXT_HW,LINE_HW,MISC,0.536,0.2,0.114
A0065850,260,TEXT_HW,LINE_HW,MISC,0.439,0.207,0.186
A0065850,317,TEXT_HW,MISC,LINE_HW,0.491,0.202,0.162
A0065850,344,TEXT_HW,MISC,TEXT,0.59,0.191,0.074
A0065851,96,TEXT_HW,LINE_HW,MISC,0.515,0.195,0.13
A0065851,150,TEXT_HW,TEXT,LINE_HW,0.822,0.06,0.042
A0065851,174,LINE_HW,TEXT_HW,MISC,0.403,0.345,0.086
A0065851,178,TEXT_HW,MISC,PHOTO,0.568,0.179,0.091
A0065851,223,TEXT_HW,LINE_HW,MISC,0.575,0.247,0.053
A0065851,277,TEXT_HW,PHOTO,MISC,0.464,0.203,0.155
A0065856,36,TEXT_HW,TEXT,MISC,0.711,0.079,0.075
A0065856,53,TEXT_HW,LINE_HW,MISC,0.671,0.126,0.071
A0065856,81,TEXT_HW,LINE_HW,MISC,0.681,0.109,0.083
A0065856,98,TEXT_HW,LINE_HW,MISC,0.668,0.12,0.081
A0065856,114,TEXT_HW,LINE_HW,MISC,0.687,0.114,0.082
A0065856,164,TEXT_HW,LINE_HW,MISC,0.642,0.13,0.083
A0065856,274,TEXT_HW,TEXT,MISC,0.784,0.063,0.051
A0065856,318,TEXT_HW,LINE_HW,MISC,0.551,0.158,0.117
A0065859,68,TEXT_HW,LINE_HW,TEXT,0.676,0.137,0.074
A0065859,73,TEXT_HW,LINE_HW,TEXT,0.678,0.169,0.057
A0065859,163,TEXT_HW,LINE_HW,MISC,0.571,0.149,0.114
A0065859,311,TEXT_HW,LINE_HW,TEXT,0.774,0.08,0.061
A0065859,523,TEXT_HW,TEXT,LINE_HW,0.848,0.072,0.029
A0065859,551,TEXT_HW,TEXT,LINE_HW,0.817,0.069,0.045
A0065859,566,TEXT_HW,LINE_HW,TEXT,0.711,0.104,0.093
A0065859,622,TEXT_HW,LINE_HW,MISC,0.618,0.147,0.079
A0065869,10,TEXT_HW,LINE_HW,TEXT,0.735,0.126,0.057
A0065869,15,TEXT_HW,LINE_HW,TEXT,0.755,0.099,0.067
A0065869,87,TEXT_HW,TEXT,LINE_HW,0.826,0.059,0.05
A0065869,119,TEXT_HW,TEXT,LINE_HW,0.829,0.07,0.041
A0065869,153,TEXT_HW,TEXT,LINE_HW,0.841,0.06,0.036
A0065869,185,TEXT_HW,LINE_HW,TEXT,0.774,0.091,0.066
A0065869,193,TEXT_HW,TEXT,LINE_HW,0.811,0.069,0.049
A0065869,211,TEXT_HW,TEXT,LINE_HW,0.748,0.079,0.057
A0065870,137,TEXT_HW,LINE_HW,TEXT,0.644,0.114,0.093
A0065870,187,TEXT_HW,LINE_HW,MISC,0.566,0.236,0.07
A0065870,221,TEXT_HW,LINE_HW,TEXT,0.669,0.14,0.073
A0065870,256,TEXT_HW,LINE_HW,TEXT,0.798,0.079,0.053
A0065870,265,TEXT_HW,TEXT,LINE_HW,0.735,0.079,0.077
A0065870,267,TEXT_HW,LINE_HW,MISC,0.651,0.105,0.1
A0065870,282,TEXT_HW,LINE_HW,TEXT,0.724,0.118,0.064
A0065870,310,LINE_HW,TEXT_HW,MISC,0.565,0.154,0.088
A0065874,24,TEXT_HW,TEXT,LINE_HW,0.762,0.078,0.051
A0065874,58,TEXT_HW,LINE_HW,TEXT,0.696,0.187,0.038
A0065874,59,TEXT_HW,LINE_HW,TEXT,0.819,0.067,0.052
A0065874,133,TEXT_HW,LINE_HW,TEXT,0.718,0.146,0.055
A0065874,189,TEXT_HW,LINE_HW,MISC,0.38,0.346,0.111
A0065874,198,TEXT_HW,LINE_HW,MISC,0.435,0.225,0.139
A0065874,204,TEXT_HW,LINE_HW,MISC,0.438,0.274,0.096
A0065874,232,TEXT_HW,LINE_HW,TEXT,0.706,0.102,0.071
A0065876,48,TEXT_HW,LINE_HW,MISC,0.753,0.07,0.062
A0065876,79,TEXT_HW,MISC,TEXT,0.658,0.124,0.084
A0065876,145,TEXT_HW,LINE_HW,MISC,0.661,0.119,0.089
A0065876,146,TEXT_HW,LINE_HW,TEXT,0.664,0.131,0.068
A0065876,275,TEXT_HW,LINE_HW,TEXT,0.72,0.087,0.065
A0065876,437,TEXT_HW,TEXT,LINE_HW,0.715,0.083,0.078
A0065876,443,LINE_HW,TEXT_HW,MISC,0.392,0.357,0.092
A0065876,496,TEXT_HW,LINE_HW,TEXT,0.779,0.085,0.056
A0065877,6,TEXT_HW,LINE_HW,MISC,0.575,0.175,0.124
A0065877,12,TEXT_HW,MISC,LINE_HW,0.462,0.19,0.184
A0065877,16,TEXT_HW,LINE_HW,MISC,0.55,0.202,0.099
A0065877,20,TEXT_HW,LINE_HW,MISC,0.69,0.128,0.073
A0065877,36,TEXT_HW,LINE_HW,MISC,0.656,0.114,0.101
A0065877,178,TEXT_HW,LINE_HW,MISC,0.634,0.107,0.1
A0065877,208,TEXT_HW,LINE_HW,TEXT,0.647,0.124,0.085
A0065882,9,TEXT_HW,TEXT,LINE_HW,0.828,0.055,0.043
A0065882,32,TEXT_HW,TEXT,LINE_HW,0.79,0.067,0.057
A0065882,134,TEXT_HW,LINE_HW,MISC,0.741,0.108,0.045
A0065882,181,TEXT_HW,LINE_HW,MISC,0.673,0.157,0.053
A0065882,220,TEXT_HW,LINE_HW,TEXT,0.831,0.067,0.041
A0065882,265,TEXT_HW,TEXT,MISC,0.758,0.088,0.049
A0065882,342,TEXT_HW,LINE_HW,TEXT,0.76,0.111,0.056
A0065882,382,TEXT_HW,LINE_HW,TEXT,0.571,0.18,0.076
A0065889,138,TEXT_HW,LINE_HW,MISC,0.643,0.15,0.058
A0065889,205,TEXT_HW,LINE_HW,TEXT,0.829,0.045,0.042
A0065889,208,TEXT_HW,LINE_HW,LINE_MIX,0.484,0.276,0.08
A0065889,295,TEXT_HW,LINE_HW,TEXT,0.799,0.087,0.053
A0065889,315,TEXT_HW,LINE_HW,TEXT,0.729,0.09,0.078
A0065889,327,TEXT_HW,TEXT,LINE_HW,0.832,0.052,0.049
A0065889,363,TEXT_HW,LINE_HW,TEXT,0.838,0.048,0.042
A0065889,386,TEXT_HW,MISC,LINE_HW,0.38,0.206,0.161
A0065890,5,TEXT_HW,LINE_HW,MISC,0.347,0.316,0.111
A0065890,77,TEXT_HW,LINE_HW,TEXT,0.73,0.099,0.06
A0065890,119,LINE_HW,TEXT_HW,LINE_MIX,0.503,0.245,0.083
A0065890,162,TEXT_HW,LINE_HW,TEXT,0.752,0.079,0.064
A0065890,221,TEXT_HW,TEXT,LINE_HW,0.871,0.036,0.032
A0065890,284,TEXT_HW,MISC,TEXT,0.686,0.085,0.077
A0065890,307,TEXT_HW,LINE_HW,LINE_MIX,0.461,0.327,0.066
A0065894,22,TEXT_HW,MISC,PHOTO,0.467,0.149,0.109
A0065894,23,TEXT_HW,LINE_HW,MISC,0.469,0.198,0.128
A0065894,33,TEXT_HW,LINE_HW,MISC,0.666,0.101,0.093
A0065894,43,TEXT_HW,MISC,TEXT,0.605,0.153,0.089
A0065894,64,TEXT_HW,TEXT,LINE_HW,0.796,0.071,0.049
A0065894,75,TEXT_HW,LINE_HW,LINE_MIX,0.592,0.218,0.07
A0065894,227,TEXT_HW,LINE_HW,TEXT,0.807,0.059,0.054
A0065896,63,TEXT_HW,LINE_HW,TEXT,0.697,0.156,0.058
A0065896,73,TEXT_HW,LINE_HW,TEXT,0.704,0.143,0.055
A0065896,153,TEXT_HW,LINE_HW,TEXT,0.8,0.099,0.034
A0065896,250,TEXT_HW,LINE_HW,TEXT,0.696,0.119,0.066
A0065896,267,TEXT_HW,LINE_HW,MISC,0.593,0.165,0.087
A0065896,300,TEXT_HW,LINE_HW,TEXT,0.677,0.142,0.068
A0065896,320,TEXT_HW,LINE_HW,TEXT,0.726,0.091,0.062
A0065896,370,TEXT_HW,LINE_HW,TEXT,0.623,0.157,0.083
A0065901,58,TEXT_HW,LINE_HW,TEXT,0.721,0.118,0.067
A0065901,136,TEXT_HW,LINE_HW,TEXT,0.575,0.205,0.078
A0065901,137,TEXT_HW,LINE_HW,TEXT,0.589,0.185,0.085
A0065901,263,TEXT_HW,LINE_HW,TEXT,0.698,0.096,0.072
A0065901,323,TEXT_HW,LINE_HW,MISC,0.487,0.269,0.081
A0065901,328,TEXT_HW,LINE_HW,TEXT,0.662,0.162,0.065
A0065901,339,TEXT_HW,LINE_HW,MISC,0.467,0.275,0.103
A0065902,26,TEXT_HW,LINE_HW,LINE_MIX,0.55,0.236,0.072
A0065902,69,TEXT_HW,MISC,LINE_HW,0.485,0.19,0.129
A0065902,79,TEXT_HW,LINE_HW,TEXT,0.7,0.151,0.058
A0065902,85,TEXT_HW,LINE_HW,TEXT,0.616,0.206,0.058
A0065902,91,TEXT_HW,LINE_HW,TEXT,0.637,0.183,0.06
A0065902,95,TEXT_HW,MISC,LINE_HW,0.529,0.189,0.099
A0065902,122,TEXT_HW,LINE_HW,MISC,0.657,0.118,0.092
A0065902,148,TEXT_HW,LINE_HW,MISC,0.694,0.105,0.07
A0065910,88,MISC,TEXT_HW,LINE_HW,0.327,0.262,0.138
A0065910,179,TEXT_HW,LINE_HW,TEXT,0.797,0.095,0.036
A0065910,180,TEXT_HW,LINE_HW,TEXT,0.681,0.152,0.053
A0065910,248,TEXT_HW,MISC,LINE_HW,0.552,0.142,0.125
A0065910,292,PHOTO,TEXT_HW,MISC,0.29,0.244,0.153
A0065910,314,TEXT_HW,MISC,TEXT,0.806,0.057,0.047
A0065911,70,TEXT_HW,TEXT,LINE_HW,0.83,0.059,0.044
A0065911,93,TEXT_HW,LINE_HW,MISC,0.51,0.203,0.104
A0065911,107,TEXT_HW,MISC,TEXT_TP,0.648,0.099,0.093
A0065911,125,TEXT_HW,LINE_HW,TEXT,0.731,0.104,0.054
A0065911,135,TEXT_HW,LINE_HW,MISC,0.654,0.127,0.079
A0065911,173,TEXT_HW,LINE_HW,MISC,0.641,0.126,0.079
A0065911,184,TEXT_HW,MISC,LINE_HW,0.688,0.111,0.075
A0065913,22,TEXT_HW,LINE_HW,MISC,0.786,0.055,0.052
A0065913,255,TEXT_HW,MISC,LINE_HW,0.741,0.067,0.061
A0065913,268,TEXT_HW,MISC,LINE_HW,0.435,0.252,0.11
A0065913,284,TEXT_HW,MISC,TEXT,0.733,0.065,0.056
A0065913,361,TEXT_HW,LINE_HW,MISC,0.578,0.129,0.127
A0065913,380,TEXT_HW,MISC,LINE_HW,0.642,0.098,0.073
A0065913,384,TEXT_HW,LINE_HW,TEXT,0.774,0.07,0.07
A0065913,412,TEXT_HW,LINE_HW,MISC,0.642,0.13,0.102
A0065914,46,TEXT_HW,TEXT,MISC,0.725,0.084,0.071
A0065914,149,TEXT_HW,LINE_HW,TEXT,0.777,0.077,0.067
A0065914,161,TEXT_HW,LINE_HW,MISC,0.531,0.159,0.152
A0065914,186,TEXT_HW,PHOTO,MISC,0.354,0.263,0.175
A0065914,218,TEXT_HW,LINE_HW,TEXT,0.697,0.096,0.096
A0065914,309,TEXT_HW,LINE_HW,TEXT,0.673,0.157,0.057
A0065914,327,LINE_HW,TEXT_HW,MISC,0.355,0.252,0.173
A0066001,59,TEXT_HW,LINE_HW,TEXT,0.681,0.103,0.081
A0066001,89,TEXT_HW,LINE_HW,TEXT,0.565,0.155,0.089
A0066001,91,TEXT_HW,LINE_HW,TEXT,0.604,0.125,0.09
A0066001,105,TEXT_HW,TEXT,LINE_HW,0.7,0.096,0.057
A0066001,161,TEXT_HW,LINE_HW,TEXT,0.682,0.101,0.081
A0066001,284,TEXT_HW,LINE_HW,TEXT,0.684,0.115,0.064
A0067123,46,TEXT_HW,LINE_HW,TEXT,0.701,0.116,0.077
A0067123,200,TEXT_HW,LINE_HW,TEXT,0.499,0.165,0.13
A0067123,250,TEXT_HW,LINE_HW,TEXT,0.476,0.247,0.095
A0067123,353,TEXT_HW,LINE_HW,TEXT,0.636,0.14,0.089
A0067123,474,TEXT_HW,LINE_HW,TEXT,0.564,0.138,0.118
A0067123,476,TEXT_HW,TEXT,LINE_HW,0.69,0.098,0.072
A0067123,478,TEXT_HW,TEXT,LINE_HW,0.719,0.097,0.066
A0067123,568,TEXT_HW,LINE_HW,TEXT,0.699,0.118,0.078
A0067126,7,TEXT_HW,MISC,TEXT,0.571,0.14,0.112
A0067126,27,TEXT_HW,LINE_HW,TEXT,0.701,0.091,0.088
A0067126,40,TEXT_HW,MISC,TEXT,0.544,0.206,0.102
A0067126,67,TEXT_HW,TEXT,LINE_HW,0.647,0.104,0.095
A0067126,86,TEXT_HW,TEXT,LINE_HW,0.686,0.107,0.085
A0067126,103,TEXT_HW,LINE_HW,TEXT,0.688,0.12,0.08
A0067126,113,TEXT_HW,LINE_HW,TEXT,0.693,0.094,0.091
A0067126,131,TEXT_HW,MISC,LINE_HW,0.48,0.163,0.158
A0067130,8,TEXT_HW,LINE_HW,TEXT,0.674,0.097,0.094
A0067130,90,TEXT_HW,TEXT,LINE_HW,0.728,0.077,0.061
A0067130,120,TEXT_HW,LINE_HW,TEXT,0.631,0.132,0.083
A0067130,124,TEXT_HW,LINE_HW,MISC,0.58,0.194,0.077
A0067130,142,TEXT_HW,LINE_HW,TEXT,0.69,0.101,0.084
A0067130,161,TEXT_HW,LINE_HW,TEXT,0.668,0.116,0.081
A0067130,168,TEXT_HW,TEXT,LINE_HW,0.76,0.073,0.059
A0067140,10,TEXT_HW,LINE_HW,MISC,0.497,0.25,0.08
A0067140,96,TEXT_HW,LINE_HW,TEXT,0.646,0.179,0.057
A0067140,105,TEXT_HW,LINE_HW,TEXT,0.568,0.216,0.068
A0067140,113,LINE_HW,TEXT_HW,LINE_MIX,0.455,0.328,0.079
A0067140,122,TEXT_HW,LINE_HW,TEXT,0.684,0.148,0.062
A0067140,232,TEXT_HW,LINE_HW,TEXT,0.712,0.103,0.059
A0067140,248,TEXT_HW,LINE_HW,MISC,0.632,0.155,0.079
A0067140,274,TEXT_HW,LINE_HW,MISC,0.556,0.218,0.065
A0067182,27,TEXT_HW,LINE_HW,MISC,0.415,0.244,0.15
A0067182,105,LINE_HW,TEXT_HW,LINE_MIX,0.505,0.186,0.109
A0067182,162,LINE_HW,TEXT_HW,LINE_MIX,0.656,0.129,0.078
A0067182,169,TEXT_HW,LINE_HW,TEXT,0.454,0.298,0.072
A0067182,174,LINE_HW,TEXT_HW,MISC,0.379,0.334,0.078
A0067182,185,LINE_HW,TEXT_HW,LINE_MIX,0.449,0.272,0.088
A0067182,190,LINE_HW,TEXT_HW,LINE_MIX,0.455,0.294,0.077
A0067190,19,TEXT_HW,LINE_HW,TEXT,0.633,0.17,0.067
A0067190,118,TEXT_HW,LINE_HW,TEXT,0.667,0.095,0.095
A0067190,158,TEXT_HW,LINE_HW,MISC,0.628,0.174,0.084
A0067190,182,TEXT_HW,LINE_HW,MISC,0.523,0.247,0.087
A0067190,202,TEXT_HW,LINE_HW,TEXT,0.656,0.119,0.083
A0067190,204,TEXT_HW,LINE_HW,TEXT,0.637,0.156,0.073
A0067190,219,TEXT_HW,LINE_HW,TEXT,0.695,0.099,0.078
A0067190,277,TEXT_HW,LINE_HW,TEXT,0.735,0.099,0.073
A0067200,28,TEXT_HW,LINE_HW,MISC,0.51,0.185,0.116
A0067200,54,TEXT_HW,LINE_HW,TEXT,0.671,0.115,0.084
A0067200,81,TEXT_HW,TEXT,LINE_HW,0.674,0.102,0.087
A0067200,93,TEXT_HW,LINE_HW,MISC,0.515,0.152,0.152
A0067200,229,TEXT_HW,LINE_HW,MISC,0.569,0.153,0.11
A0067200,232,TEXT_HW,LINE_HW,TEXT,0.522,0.263,0.075
A0067200,238,TEXT_HW,LINE_HW,MISC,0.451,0.325,0.086
A0067233,36,TEXT_HW,LINE_HW,TEXT,0.697,0.109,0.071
A0067233,52,TEXT_HW,LINE_HW,TEXT,0.71,0.131,0.06
A0067233,80,TEXT_HW,LINE_HW,TEXT,0.671,0.141,0.056
A0067233,86,TEXT_HW,LINE_HW,LINE_MIX,0.542,0.268,0.063
A0067233,94,TEXT_HW,LINE_HW,TEXT,0.629,0.152,0.069
A0067233,95,TEXT_HW,LINE_HW,TEXT,0.648,0.169,0.058
A0067233,109,TEXT_HW,LINE_HW,TEXT,0.605,0.209,0.056
A0067238,78,LINE_HW,TEXT_HW,LINE_MIX,0.526,0.29,0.058
A0067238,104,LINE_HW,TEXT_HW,LINE_MIX,0.465,0.273,0.073
A0067238,113,TEXT_HW,LINE_HW,TEXT,0.455,0.333,0.064
A0067238,117,LINE_HW,TEXT_HW,LINE_MIX,0.528,0.25,0.069
A0067238,143,LINE_HW,TEXT_HW,LINE_MIX,0.523,0.263,0.074
A0067238,147,TEXT_HW,LINE_HW,MISC,0.439,0.292,0.084
A0067238,251,TEXT_HW,LINE_HW,MISC,0.472,0.23,0.129
A0067238,275,LINE_HW,TEXT_HW,MISC,0.436,0.291,0.109
A0067238,285,TEXT_HW,LINE_HW,MISC,0.512,0.242,0.098
A0067238,306,TEXT_HW,LINE_HW,MISC,0.457,0.295,0.109
A0067238,380,TEXT_HW,LINE_HW,MISC,0.378,0.378,0.087
A0067238,415,TEXT_HW,LINE_HW,MISC,0.429,0.324,0.091
A0067238,489,TEXT_HW,LINE_HW,MISC,0.514,0.243,0.089
A0067238,502,TEXT_HW,LINE_HW,TEXT,0.56,0.2,0.077
A0067241,45,TEXT_HW,LINE_HW,MISC,0.535,0.273,0.065
A0067241,169,LINE_HW,TEXT_HW,LINE_MIX,0.667,0.104,0.082
A0067241,264,LINE_HW,TEXT_HW,MISC,0.383,0.36,0.077
A0067241,340,TEXT_HW,LINE_HW,MISC,0.407,0.307,0.109
A0067241,342,TEXT_HW,LINE_HW,MISC,0.54,0.184,0.119
A0067241,390,TEXT_HW,LINE_HW,MISC,0.511,0.249,0.104
A0067241,427,TEXT_HW,LINE_HW,MISC,0.486,0.277,0.089
A0067241,661,LINE_HW,TEXT_HW,MISC,0.368,0.356,0.121
A0067257,222,TEXT_HW,MISC,LINE_HW,0.66,0.111,0.087
A0067257,254,TEXT_HW,LINE_HW,TEXT,0.685,0.105,0.07
A0067257,355,TEXT_HW,LINE_HW,TEXT,0.721,0.123,0.053
A0067257,458,TEXT_HW,LINE_HW,MISC,0.517,0.237,0.077
A0067257,498,TEXT_HW,LINE_HW,MISC,0.555,0.217,0.075
A0067257,601,TEXT_HW,LINE_HW,MISC,0.596,0.102,0.081
A0067257,723,TEXT_HW,LINE_HW,MISC,0.496,0.296,0.07
A0067257,784,TEXT_HW,LINE_HW,MISC,0.599,0.147,0.086
A0067259,114,TEXT_HW,LINE_HW,TEXT,0.721,0.098,0.063
A0067259,253,TEXT_HW,LINE_HW,TEXT,0.669,0.103,0.081
A0067259,411,TEXT_HW,LINE_HW,TEXT,0.557,0.259,0.056
A0067259,420,TEXT_HW,LINE_HW,TEXT,0.66,0.152,0.067
A0067259,452,TEXT_HW,LINE_HW,TEXT,0.628,0.169,0.079
A0067259,467,TEXT_HW,LINE_HW,TEXT,0.673,0.128,0.068
A0067259,476,TEXT_HW,LINE_HW,TEXT,0.668,0.128,0.067
A0067259,661,TEXT_HW,LINE_HW,TEXT,0.678,0.084,0.081
A0067272,40,TEXT_HW,LINE_HW,TEXT,0.654,0.137,0.076
A0067272,84,TEXT_HW,LINE_HW,MISC,0.503,0.185,0.14
A0067272,114,TEXT_HW,LINE_HW,MISC,0.603,0.162,0.075
A0067272,192,TEXT_HW,LINE_HW,LINE_MIX,0.638,0.189,0.048
A0067272,246,TEXT_HW,LINE_HW,MISC,0.613,0.205,0.068
A0067272,253,TEXT_HW,LINE_HW,TEXT,0.626,0.185,0.065
A0067272,324,TEXT_HW,LINE_HW,MISC,0.633,0.16,0.071
A0067277,163,TEXT_HW,LINE_HW,TEXT,0.669,0.111,0.073
A0067277,221,TEXT_HW,LINE_HW,TEXT,0.642,0.155,0.072
A0067277,280,TEXT_HW,LINE_HW,TEXT,0.702,0.136,0.052
A0067277,344,TEXT_HW,LINE_HW,TEXT,0.676,0.129,0.058
A0067277,390,TEXT_HW,LINE_HW,MISC,0.546,0.189,0.103
A0067277,551,TEXT_HW,LINE_HW,MISC,0.529,0.166,0.095
A0067277,553,TEXT_HW,LINE_HW,TEXT,0.726,0.103,0.069
A0067277,572,TEXT_HW,LINE_HW,MISC,0.628,0.145,0.085
A0067286,164,TEXT_HW,LINE_HW,LINE_MIX,0.451,0.3,0.095
A0067286,267,TEXT_HW,LINE_HW,TEXT,0.601,0.138,0.088
A0067286,301,TEXT_HW,LINE_HW,TEXT,0.655,0.146,0.061
A0067286,590,TEXT_HW,LINE_HW,MISC,0.581,0.189,0.076
A0067286,607,TEXT_HW,LINE_HW,MISC,0.626,0.149,0.081
A0067286,670,TEXT_HW,LINE_HW,MISC,0.566,0.196,0.078
A0067286,752,TEXT_HW,LINE_HW,TEXT,0.655,0.168,0.057
A0067286,824,TEXT_HW,LINE_HW,TEXT,0.7,0.109,0.076
A0067295,85,TEXT_HW,TEXT,LINE_HW,0.768,0.065,0.064
A0067295,102,TEXT_HW,MISC,LINE_HW,0.667,0.092,0.086
A0067295,126,TEXT_HW,TEXT,MISC,0.767,0.064,0.059
A0067295,156,TEXT_HW,TEXT,LINE_HW,0.742,0.083,0.076
A0067295,166,TEXT_HW,TEXT,LINE_HW,0.792,0.067,0.054
A0067295,177,TEXT_HW,LINE_HW,MISC,0.555,0.18,0.088
A0067295,185,TEXT_HW,MISC,TEXT,0.733,0.075,0.075
A0067323,223,TEXT_HW,LINE_HW,MISC,0.758,0.081,0.058
A0067323,298,TEXT_HW,LINE_HW,MISC,0.619,0.126,0.116
A0067323,441,TEXT_HW,MISC,LINE_HW,0.595,0.171,0.084
A0067323,654,TEXT_HW,TEXT,MISC,0.692,0.088,0.084
A0067323,660,TEXT_HW,MISC,LINE_HW,0.553,0.131,0.127
A0067323,695,TEXT_HW,TEXT,MISC,0.72,0.094,0.054
A0067352,48,TEXT_HW,TEXT,LINE_HW,0.828,0.069,0.03
A0067352,54,TEXT_HW,TEXT,LINE_HW,0.727,0.095,0.063
A0067352,71,TEXT_HW,LINE_HW,MISC,0.633,0.131,0.087
A0067352,78,TEXT_HW,LINE_HW,TEXT,0.716,0.095,0.077
A0067352,96,TEXT_HW,TEXT,MISC,0.844,0.066,0.032
A0067352,314,TEXT_HW,LINE_HW,MISC,0.6,0.172,0.076
A0067352,375,TEXT_HW,TEXT,LINE_HW,0.817,0.068,0.039
A0067352,415,TEXT_HW,TEXT,MISC,0.763,0.093,0.054
A0067352,555,TEXT_HW,LINE_HW,TEXT,0.761,0.08,0.06
A0067352,587,TEXT_HW,LINE_HW,TEXT,0.614,0.179,0.076
A0067352,626,TEXT_HW,LINE_HW,TEXT,0.686,0.1,0.077
A0067352,692,TEXT_HW,LINE_HW,MISC,0.618,0.166,0.077
A0067352,805,TEXT_HW,LINE_HW,MISC,0.654,0.119,0.082
A0067352,813,TEXT_HW,LINE_HW,MISC,0.63,0.145,0.085
A0067352,818,TEXT_HW,MISC,LINE_HW,0.643,0.115,0.096
A0067354,56,TEXT_HW,LINE_HW,TEXT,0.71,0.073,0.067
A0067354,140,LINE_HW,TEXT_HW,LINE_MIX,0.655,0.144,0.066
A0067354,320,TEXT_HW,LINE_HW,MISC,0.569,0.206,0.091
A0067354,567,TEXT_HW,LINE_HW,MISC,0.575,0.175,0.092
A0067354,594,TEXT_HW,LINE_HW,TEXT,0.657,0.125,0.076
A0067354,707,TEXT_HW,LINE_HW,MISC,0.652,0.155,0.078
A0067354,823,TEXT_HW,LINE_HW,MISC,0.669,0.096,0.079
A0067360,20,TEXT_HW,LINE_HW,TEXT,0.74,0.087,0.066
A0067360,76,TEXT_HW,LINE_HW,TEXT,0.784,0.064,0.059
A0067360,124,TEXT_HW,MISC,LINE_HW,0.56,0.129,0.097
A0067360,187,TEXT_HW,LINE_HW,TEXT,0.754,0.074,0.06
A0067360,232,TEXT_HW,LINE_HW,MISC,0.696,0.087,0.082
A0067360,257,TEXT_HW,LINE_HW,MISC,0.686,0.094,0.083
A0067360,337,TEXT_HW,LINE_HW,MISC,0.48,0.188,0.154
A0067363,146,TEXT_HW,LINE_HW,MISC,0.471,0.252,0.102
A0067363,233,TEXT_HW,LINE_HW,MISC,0.584,0.145,0.122
A0067363,461,LINE_HW,TEXT_HW,LINE_MIX,0.575,0.16,0.11
A0067363,466,TEXT_HW,LINE_HW,MISC,0.679,0.124,0.059
A0067363,503,TEXT_HW,LINE_HW,MISC,0.51,0.193,0.109
A0067364,93,TEXT_HW,LINE_HW,TEXT,0.788,0.064,0.06
A0067364,137,TEXT_HW,LINE_HW,TEXT,0.718,0.086,0.07
A0067364,139,TEXT_HW,LINE_HW,TEXT,0.729,0.073,0.063
A0067364,148,TEXT_HW,LINE_HW,MISC,0.523,0.263,0.067
A0067364,179,TEXT_HW,LINE_HW,TEXT,0.639,0.138,0.074
A0067381,10,TEXT_HW,LINE_HW,MISC,0.61,0.186,0.059
A0067381,60,LINE_HW,TEXT_HW,LINE_MIX,0.42,0.382,0.075
A0067381,81,TEXT_HW,LINE_HW,TEXT,0.654,0.16,0.071
A0067381,150,TEXT_HW,MISC,LINE_HW,0.609,0.132,0.095
A0067381,204,TEXT_HW,LINE_HW,MISC,0.57,0.177,0.09
A0067381,215,TEXT_HW,LINE_HW,MISC,0.675,0.151,0.052
A0067381,223,TEXT_HW,LINE_HW,MISC,0.584,0.208,0.077
A0067381,238,TEXT_HW,LINE_HW,MISC,0.606,0.163,0.07
A0067386,83,TEXT_HW,LINE_HW,TEXT,0.663,0.11,0.077
A0067386,151,TEXT_HW,LINE_HW,TEXT,0.606,0.166,0.069
A0067386,153,LINE_HW,TEXT_HW,LINE_MIX,0.623,0.196,0.068
A0067386,154,TEXT_HW,LINE_HW,MISC,0.562,0.238,0.069
A0067386,173,TEXT_HW,LINE_HW,TEXT,0.666,0.096,0.085
A0067386,192,TEXT_HW,LINE_HW,TEXT,0.603,0.152,0.086
A0067386,215,TEXT_HW,LINE_HW,TEXT,0.622,0.134,0.088
A0067386,322,TEXT_HW,LINE_HW,TEXT,0.627,0.154,0.08
A0067389,321,TEXT_HW,TEXT,LINE_HW,0.724,0.072,0.069
A0067389,513,TEXT_HW,LINE_HW,MISC,0.659,0.111,0.111
A0067389,608,TEXT_HW,LINE_HW,MISC,0.745,0.075,0.071
A0067389,638,TEXT_HW,LINE_HW,MISC,0.688,0.104,0.086
A0067389,963,TEXT_HW,MISC,LINE_HW,0.682,0.088,0.087
A0067389,975,TEXT_HW,LINE_HW,MISC,0.684,0.1,0.091
A0067389,1106,TEXT_HW,MISC,TEXT,0.68,0.103,0.078
A0067389,1120,TEXT_HW,LINE_HW,TEXT,0.718,0.093,0.07
A0067400,56,TEXT_HW,LINE_HW,MISC,0.685,0.108,0.079
A0067400,287,TEXT_HW,LINE_HW,MISC,0.607,0.129,0.112
A0067400,489,TEXT_HW,LINE_HW,MISC,0.618,0.151,0.092
A0067400,557,TEXT_HW,LINE_HW,MISC,0.626,0.112,0.105
A0067400,582,TEXT_HW,LINE_HW,MISC,0.544,0.156,0.114
A0067400,666,TEXT_HW,LINE_HW,MISC,0.648,0.093,0.079
A0067400,756,TEXT_HW,TEXT,LINE_HW,0.666,0.086,0.081
A0067405,51,TEXT_HW,MISC,LINE_HW,0.695,0.1,0.094
A0067405,143,TEXT_HW,MISC,LINE_HW,0.602,0.113,0.098
A0067405,162,TEXT_HW,MISC,TEXT,0.557,0.143,0.105
A0067405,192,TEXT_HW,LINE_HW,MISC,0.688,0.093,0.09
A0067405,275,TEXT_HW,TEXT,LINE_HW,0.745,0.067,0.065
A0067405,311,TEXT_HW,MISC,TEXT,0.716,0.106,0.083
A0067405,431,TEXT_HW,LINE_HW,LINE_MIX,0.561,0.282,0.054
A0067405,452,TEXT_HW,MISC,TEXT,0.668,0.095,0.084
A0067411,30,TEXT_HW,LINE_HW,MISC,0.737,0.085,0.062
A0067411,146,TEXT_HW,LINE_HW,TEXT,0.73,0.093,0.061
A0067411,175,TEXT_HW,LINE_HW,MISC,0.638,0.116,0.088
A0067411,308,TEXT_HW,LINE_HW,TEXT,0.682,0.101,0.063
A0067411,325,TEXT_HW,LINE_HW,MISC,0.669,0.109,0.082
A0067411,347,TEXT_HW,LINE_HW,MISC,0.666,0.123,0.085
A0067411,397,TEXT_HW,LINE_HW,MISC,0.626,0.098,0.093
A0067411,453,TEXT_HW,TEXT,MISC,0.716,0.069,0.068
A0067424,219,TEXT_HW,LINE_HW,MISC,0.55,0.244,0.077
A0067424,301,TEXT_HW,LINE_HW,LINE_MIX,0.651,0.162,0.064
A0067424,373,TEXT_HW,LINE_HW,TEXT,0.683,0.117,0.077
A0067424,441,TEXT_HW,LINE_HW,TEXT,0.73,0.091,0.066
A0067424,476,TEXT_HW,LINE_HW,TEXT,0.653,0.131,0.066
A0067424,696,TEXT_HW,LINE_HW,MISC,0.466,0.32,0.066
A0067424,803,TEXT_HW,LINE_HW,TEXT,0.784,0.06,0.059
A0067444,23,TEXT_HW,LINE_HW,MISC,0.672,0.103,0.074
A0067444,52,TEXT_HW,LINE_HW,MISC,0.608,0.147,0.082
A0067444,100,TEXT_HW,LINE_HW,TEXT,0.711,0.088,0.066
A0067444,128,TEXT_HW,LINE_HW,TEXT,0.728,0.108,0.059
A0067444,283,TEXT_HW,LINE_HW,MISC,0.616,0.149,0.092
A0067444,505,TEXT_HW,MISC,TEXT,0.594,0.157,0.084
A0067444,530,TEXT_HW,LINE_HW,MISC,0.635,0.139,0.076
A0067444,718,TEXT_HW,LINE_HW,MISC,0.656,0.125,0.08
A0067446,90,TEXT_HW,MISC,TEXT,0.668,0.107,0.089
A0067446,98,TEXT_HW,TEXT,MISC,0.68,0.108,0.073
A0067446,113,TEXT_HW,TEXT,MISC,0.725,0.076,0.063
A0067446,123,TEXT_HW,LINE_HW,MISC,0.648,0.102,0.09
A0067446,197,TEXT_HW,TEXT,MISC,0.73,0.072,0.062
A0067446,252,TEXT_HW,TEXT,MISC,0.704,0.087,0.063
A0067446,334,TEXT_HW,TEXT,MISC,0.729,0.09,0.07
A0067460,72,TEXT_HW,MISC,TEXT,0.651,0.113,0.088
A0067460,142,TEXT_HW,LINE_HW,MISC,0.483,0.307,0.054
A0067460,144,LINE_HW,TEXT_HW,LINE_MIX,0.371,0.259,0.097
A0067460,225,TEXT_HW,LINE_HW,MISC,0.667,0.095,0.092
A0067460,258,TEXT_HW,LINE_HW,TEXT,0.756,0.071,0.062
A0067460,339,TEXT_HW,LINE_HW,TEXT,0.666,0.114,0.086
A0067460,455,TEXT_HW,LINE_HW,MISC,0.613,0.121,0.088
A0067460,493,TEXT_HW,LINE_HW,TEXT,0.743,0.071,0.064
A0067477,226,TEXT_HW,LINE_HW,TEXT,0.736,0.103,0.062
A0067477,290,TEXT_HW,MISC,LINE_HW,0.566,0.145,0.115
A0067477,334,TEXT_HW,LINE_HW,TEXT,0.733,0.102,0.063
A0067477,415,TEXT_HW,LINE_HW,TEXT,0.681,0.136,0.066
A0067477,569,TEXT_HW,LINE_HW,TEXT,0.707,0.121,0.059
A0067477,776,TEXT_HW,LINE_HW,MISC,0.608,0.106,0.101
A0067477,842,TEXT_HW,TEXT,LINE_HW,0.727,0.073,0.071
A0067477,848,TEXT_HW,LINE_HW,TEXT,0.691,0.089,0.088
A0067478,39,TEXT_HW,LINE_HW,TEXT,0.692,0.117,0.064
A0067478,159,TEXT_HW,LINE_HW,TEXT,0.687,0.086,0.08
A0067478,164,TEXT_HW,LINE_HW,TEXT,0.637,0.124,0.088
A0067478,266,TEXT_HW,TEXT,LINE_HW,0.718,0.083,0.079
A0067478,267,TEXT_HW,TEXT,LINE_HW,0.782,0.074,0.052
A0067478,300,TEXT_HW,LINE_HW,TEXT,0.708,0.09,0.071
A0067478,333,TEXT_HW,TEXT,LINE_HW,0.769,0.074,0.068
A0067478,366,TEXT_HW,TEXT,LINE_HW,0.756,0.077,0.066
A0067484,87,TEXT_HW,MISC,TEXT,0.738,0.084,0.061
A0067484,120,TEXT_HW,LINE_HW,MISC,0.554,0.191,0.106
A0067484,134,TEXT_HW,LINE_HW,LINE_MIX,0.635,0.158,0.074
A0067484,135,TEXT_HW,TEXT,LINE_HW,0.791,0.056,0.052
A0067484,168,TEXT_HW,MISC,LINE_HW,0.652,0.094,0.079
A0067484,172,TEXT_HW,MISC,LINE_HW,0.669,0.096,0.084
A0067484,174,TEXT_HW,MISC,LINE_HW,0.529,0.149,0.118
A0067498,161,TEXT_HW,LINE_HW,MISC,0.628,0.113,0.113
A0067498,167,TEXT_HW,LINE_HW,MISC,0.548,0.236,0.084
A0067498,201,TEXT_HW,LINE_HW,TEXT,0.723,0.106,0.062
A0067498,286,TEXT_HW,TEXT,LINE_HW,0.683,0.095,0.09
A0067498,393,TEXT_HW,LINE_HW,TEXT,0.709,0.096,0.068
A0067498,398,TEXT_HW,LINE_HW,TEXT,0.701,0.106,0.056
A0067498,437,TEXT_HW,LINE_HW,TEXT,0.645,0.127,0.076
A0067498,501,TEXT_HW,LINE_HW,MISC,0.588,0.149,0.07
A0067512,9,TEXT_HW,LINE_HW,TEXT,0.585,0.178,0.068
A0067512,30,TEXT_HW,LINE_HW,TEXT,0.722,0.077,0.072
A0067512,38,TEXT_HW,LINE_HW,MISC,0.645,0.1,0.086
A0067512,48,TEXT_HW,LINE_HW,MISC,0.502,0.185,0.123
A0067512,60,TEXT_HW,LINE_HW,MISC,0.499,0.232,0.088
A0067512,96,TEXT_HW,LINE_HW,MISC,0.581,0.159,0.099
A0067512,148,TEXT_HW,TEXT,LINE_HW,0.759,0.084,0.057
A0067512,167,TEXT_HW,LINE_HW,MISC,0.51,0.203,0.104
A0067516,10,TEXT_HW,LINE_HW,LINE_MIX,0.389,0.377,0.069
A0067516,14,TEXT_HW,LINE_HW,MISC,0.567,0.215,0.082
A0067516,57,TEXT_HW,LINE_HW,MISC,0.699,0.09,0.085
A0067516,68,TEXT_HW,MISC,TEXT,0.725,0.091,0.071
A0067516,94,TEXT_HW,LINE_HW,MISC,0.71,0.09,0.068
A0067516,116,TEXT_HW,LINE_HW,MISC,0.63,0.109,0.087
A0067516,151,TEXT_HW,TEXT,MISC,0.756,0.081,0.064
A0067516,170,TEXT_HW,LINE_HW,MISC,0.688,0.106,0.07
A0067527,25,TEXT_HW,LINE_HW,MISC,0.665,0.105,0.082
A0067527,144,TEXT_HW,MISC,TEXT,0.711,0.075,0.072
A0067527,172,TEXT_HW,TEXT,MISC,0.708,0.102,0.079
A0067527,200,TEXT_HW,MISC,TEXT,0.589,0.138,0.104
A0067527,237,TEXT_HW,MISC,LINE_HW,0.65,0.109,0.085
A0067527,342,TEXT_HW,MISC,LINE_HW,0.564,0.154,0.092
A0067527,440,TEXT_HW,MISC,TEXT,0.554,0.152,0.098
A0067527,472,TEXT_HW,MISC,TEXT,0.654,0.119,0.078
A0067543,35,LINE_HW,TEXT_HW,LINE_MIX,0.394,0.353,0.091
A0067543,79,TEXT_HW,LINE_HW,TEXT,0.695,0.11,0.06
A0067543,178,TEXT_HW,LINE_HW,TEXT,0.725,0.126,0.04
A0067543,214,TEXT_HW,LINE_HW,TEXT,0.747,0.1,0.046
A0067543,459,TEXT_HW,MISC,LINE_HW,0.467,0.162,0.122
A0067543,530,TEXT_HW,MISC,LINE_HW,0.55,0.135,0.094
A0067543,754,TEXT_HW,LINE_HW,TEXT,0.75,0.072,0.053
A0067543,809,TEXT_HW,MISC,TEXT,0.442,0.226,0.115
A0067557,35,TEXT_HW,LINE_HW,MISC,0.316,0.224,0.192
A0067557,149,TEXT_HW,LINE_HW,MISC,0.522,0.164,0.126
A0067557,250,TEXT_HW,LINE_HW,MISC,0.627,0.136,0.102
A0067557,301,TEXT_HW,LINE_HW,MISC,0.567,0.143,0.125
A0067557,499,TEXT_HW,LINE_HW,TEXT,0.668,0.088,0.077
A0067557,513,TEXT_HW,MISC,TEXT,0.624,0.137,0.067
A0067557,646,TEXT_HW,LINE_HW,MISC,0.586,0.139,0.073
A0067557,788,TEXT_HW,LINE_HW,MISC,0.595,0.182,0.061
A0067935,8,TEXT_HW,LINE_HW,MISC,0.483,0.208,0.15
A0067935,16,TEXT_HW,LINE_HW,MISC,0.621,0.162,0.087
A0067935,28,TEXT_HW,LINE_HW,MISC,0.358,0.238,0.138
A0067935,30,TEXT_HW,LINE_HW,MISC,0.558,0.135,0.117
A0067935,111,TEXT_HW,MISC,LINE_HW,0.46,0.172,0.167
A0067935,155,TEXT_HW,LINE_HW,TEXT,0.547,0.157,0.113
A0067935,225,TEXT_HW,LINE_HW,TEXT,0.527,0.206,0.096
A0067935,256,TEXT_HW,LINE_HW,TEXT,0.735,0.109,0.051
A0068022,209,TEXT_HW,LINE_HW,TEXT,0.648,0.136,0.076
A0068022,224,TEXT_HW,MISC,TEXT,0.554,0.172,0.102
A0068022,248,TEXT_HW,LINE_HW,MISC,0.495,0.191,0.146
A0068022,294,TEXT_HW,MISC,LINE_HW,0.416,0.241,0.127
A0068022,297,TEXT_HW,MISC,LINE_HW,0.388,0.243,0.177
A0068022,305,TEXT_HW,MISC,LINE_HW,0.682,0.1,0.092
A0068022,521,TEXT_HW,LINE_HW,MISC,0.526,0.265,0.091
A0068022,609,TEXT_HW,MISC,LINE_HW,0.566,0.148,0.112
A0068109,80,TEXT_HW,MISC,TEXT,0.504,0.224,0.082
A0068109,345,TEXT_HW,MISC,LINE_HW,0.531,0.159,0.117
A0068109,441,TEXT_HW,MISC,LINE_HW,0.565,0.152,0.126
A0068109,558,TEXT_HW,MISC,LINE_HW,0.546,0.138,0.118
A0068109,566,TEXT_HW,MISC,TEXT,0.64,0.108,0.091
A0068144,8,TEXT_HW,LINE_HW,MISC,0.396,0.268,0.173
A0068144,359,TEXT_HW,MISC,LINE_HW,0.545,0.149,0.127
A0068144,514,TEXT_HW,LINE_HW,MISC,0.605,0.123,0.088
A0068144,601,TEXT_HW,TEXT,MISC,0.534,0.129,0.125
A0068144,865,TEXT_HW,LINE_HW,MISC,0.557,0.117,0.117
A0068144,895,TEXT_HW,LINE_HW,TEXT,0.602,0.143,0.091
A0068234,14,TEXT_HW,TEXT,LINE_HW,0.728,0.069,0.062
A0068234,95,TEXT_HW,MISC,LINE_HW,0.546,0.166,0.114
A0068234,146,TEXT_HW,LINE_HW,TEXT,0.783,0.06,0.046
A0068234,171,TEXT_HW,LINE_HW,TEXT,0.742,0.087,0.049
A0068234,261,TEXT_HW,TEXT,LINE_HW,0.723,0.085,0.076
A0068234,474,TEXT_HW,LINE_HW,TEXT,0.639,0.116,0.072
A0068234,476,TEXT_HW,LINE_HW,MISC,0.447,0.175,0.109
A0068338,283,TEXT_HW,LINE_HW,MISC,0.551,0.155,0.105
A0068338,287,TEXT_HW,LINE_HW,TEXT,0.769,0.08,0.062
A0068338,434,TEXT_HW,LINE_HW,MISC,0.736,0.073,0.067
A0068338,512,TEXT_HW,LINE_HW,MISC,0.51,0.206,0.133
A0068338,632,TEXT_HW,TEXT,LINE_HW,0.763,0.068,0.067
A0068338,826,TEXT_HW,LINE_HW,TEXT,0.666,0.112,0.075
A0068338,1020,TEXT_HW,MISC,PHOTO,0.506,0.232,0.068
A0068338,1094,TEXT_HW,MISC,LINE_HW,0.543,0.16,0.104
A0068400,172,TEXT_HW,LINE_HW,MISC,0.587,0.148,0.117
A0068400,251,TEXT_HW,LINE_HW,MISC,0.729,0.087,0.078
A0068400,268,TEXT_HW,TEXT,LINE_HW,0.792,0.068,0.062
A0068400,340,TEXT_HW,MISC,DRAW,0.394,0.228,0.13
A0068400,341,TEXT_HW,MISC,LINE_HW,0.45,0.23,0.144
A0068400,351,TEXT_HW,MISC,LINE_HW,0.627,0.127,0.122
A0068537,119,TEXT_HW,LINE_HW,MISC,0.485,0.272,0.088
A0068537,170,TEXT_HW,LINE_HW,MISC,0.626,0.163,0.074
A0068537,209,TEXT_HW,LINE_HW,MISC,0.58,0.227,0.066
A0068537,235,TEXT_HW,LINE_HW,LINE_MIX,0.634,0.193,0.054
A0068537,303,TEXT_HW,LINE_HW,MISC,0.605,0.146,0.096
A0068537,463,LINE_HW,TEXT_HW,MISC,0.491,0.228,0.094
A0068537,581,TEXT_HW,LINE_HW,LINE_MIX,0.594,0.222,0.053
A0068537,654,TEXT_HW,LINE_HW,MISC,0.528,0.227,0.095
A0068624,56,TEXT_HW,LINE_HW,MISC,0.428,0.24,0.162
A0068624,105,TEXT_HW,LINE_HW,MISC,0.598,0.177,0.081
A0068624,126,TEXT_HW,LINE_HW,MISC,0.623,0.157,0.087
A0068624,155,TEXT_HW,LINE_HW,MISC,0.709,0.099,0.072
A0068624,168,TEXT_HW,LINE_HW,MISC,0.39,0.206,0.187
A0068624,214,TEXT_HW,LINE_HW,MISC,0.498,0.262,0.07
A0068624,242,MISC,TEXT_HW,LINE_HW,0.306,0.287,0.159
A0068624,245,TEXT_HW,MISC,LINE_HW,0.354,0.251,0.198
A0068637,36,TEXT_HW,LINE_HW,TEXT,0.537,0.246,0.072
A0068637,507,TEXT_HW,LINE_HW,MISC,0.524,0.17,0.111
A0068637,577,TEXT_HW,LINE_HW,TEXT,0.656,0.158,0.062
A0068637,698,TEXT_HW,LINE_HW,LINE_MIX,0.508,0.248,0.079
A0068637,726,TEXT_HW,LINE_HW,TEXT,0.629,0.157,0.072
A0068637,790,TEXT_HW,LINE_HW,TEXT,0.588,0.174,0.087
A0068637,983,TEXT_HW,LINE_HW,LINE_MIX,0.449,0.35,0.058
A0068637,1017,TEXT_HW,LINE_HW,TEXT,0.581,0.164,0.073
A0068787,74,TEXT_HW,LINE_HW,TEXT,0.514,0.267,0.071
A0068787,158,TEXT_HW,LINE_HW,MISC,0.489,0.169,0.144
A0068787,201,TEXT_HW,MISC,LINE_HW,0.706,0.093,0.079
A0068787,251,TEXT_HW,LINE_HW,TEXT,0.679,0.113,0.076
A0068787,379,TEXT_HW,LINE_HW,TEXT,0.546,0.207,0.076
A0068787,392,TEXT_HW,LINE_HW,MISC,0.574,0.162,0.101
A0068787,448,TEXT_HW,LINE_HW,TEXT,0.611,0.17,0.066
A0068787,572,TEXT_HW,LINE_HW,TEXT,0.532,0.199,0.084
A0068837,33,TEXT_HW,LINE_HW,MISC,0.609,0.149,0.073
A0068837,61,TEXT_HW,LINE_HW,TEXT,0.593,0.137,0.095
A0068837,69,TEXT_HW,LINE_HW,TEXT,0.696,0.103,0.07
A0068837,93,TEXT_HW,LINE_HW,MISC,0.624,0.142,0.09
A0068837,104,TEXT_HW,LINE_HW,TEXT,0.628,0.166,0.067
A0068837,387,TEXT_HW,LINE_HW,LINE_MIX,0.607,0.158,0.077
A0068837,457,TEXT_HW,LINE_HW,MISC,0.517,0.229,0.087
A0068837,674,TEXT_HW,LINE_HW,TEXT,0.66,0.097,0.089
A0068869,23,TEXT_HW,LINE_HW,TEXT,0.693,0.095,0.077
A0068869,176,TEXT_HW,LINE_HW,TEXT,0.596,0.187,0.075
A0068869,261,TEXT_HW,LINE_HW,MISC,0.592,0.17,0.092
A0068869,380,TEXT_HW,LINE_HW,MISC,0.551,0.23,0.082
A0068869,680,TEXT_HW,LINE_HW,TEXT,0.615,0.146,0.085
A0068869,779,TEXT_HW,TEXT,MISC,0.724,0.079,0.078
A0068869,933,TEXT_HW,LINE_HW,TEXT,0.72,0.123,0.059
A0068869,995,TEXT_HW,LINE_HW,TEXT,0.711,0.098,0.064
A0076300,160,TEXT_HW,LINE_HW,MISC,0.592,0.183,0.085
A0076300,283,LINE_HW,TEXT_HW,MISC,0.186,0.174,0.169
A0076301,11,TEXT_HW,LINE_HW,MISC,0.617,0.123,0.095
A0076301,33,TEXT_HW,TEXT,LINE_HW,0.605,0.125,0.108
A0076301,89,TEXT_HW,LINE_HW,TEXT,0.568,0.151,0.088
A0076301,116,TEXT_HW,MISC,TEXT,0.606,0.137,0.096
A0076301,154,TEXT_HW,TEXT,MISC,0.683,0.108,0.078
A0076302,9,MISC,TEXT_HW,DRAW,0.468,0.225,0.089
A0076303,9,TEXT_HW,MISC,LINE_HW,0.27,0.18,0.14
A0076303,261,TEXT_HW,MISC,TEXT,0.459,0.242,0.109
B0000001,214,TEXT_HW,TEXT,MISC,0.758,0.08,0.048
B0000001,704,TEXT_HW,TEXT,LINE_HW,0.744,0.07,0.069
B0000001,762,TEXT_HW,LINE_HW,TEXT,0.667,0.135,0.072
B0000001,1060,TEXT_HW,MISC,LINE_HW,0.667,0.092,0.086
B0000001,1080,TEXT_HW,LINE_HW,LINE_MIX,0.454,0.322,0.085
B0000001,1271,TEXT_HW,LINE_HW,TEXT,0.675,0.133,0.066
B0000011,48,TEXT_HW,TEXT,LINE_HW,0.774,0.074,0.062
B0000011,228,TEXT_HW,TEXT,TEXT_TP,0.789,0.094,0.049
B0000011,339,TEXT_HW,TEXT,TEXT_TP,0.781,0.088,0.039
B0000011,383,TEXT_HW,TEXT,LINE_MIX,0.737,0.111,0.048
B0000011,392,TEXT_HW,TEXT,LINE_HW,0.672,0.094,0.079
B0000011,412,TEXT_HW,TEXT,TEXT_TP,0.839,0.081,0.03
B0000013,26,TEXT_HW,LINE_HW,LINE_MIX,0.444,0.357,0.077
B0000013,32,LINE_HW,TEXT_HW,LINE_MIX,0.406,0.358,0.088
B0000013,69,TEXT_HW,LINE_HW,TEXT,0.728,0.077,0.068
B0000015,3,TEXT_HW,LINE_HW,MISC,0.415,0.303,0.102
B0000015,6,TEXT_HW,TEXT,LINE_HW,0.708,0.093,0.073
B0000015,7,TEXT_HW,TEXT,LINE_HW,0.773,0.08,0.062
B0000015,17,TEXT_HW,TEXT,LINE_HW,0.756,0.081,0.06
B0000015,19,TEXT_HW,TEXT,TEXT_TP,0.849,0.066,0.044
B0000015,27,TEXT_HW,TEXT,MISC,0.629,0.126,0.072
B0000015,30,TEXT_HW,LINE_HW,MISC,0.622,0.124,0.106
B0000015,33,TEXT_HW,TEXT,TEXT_TP,0.764,0.087,0.045
B0000021,11,TEXT_HW,TEXT,LINE_HW,0.745,0.082,0.07
B0000021,43,TEXT_HW,LINE_HW,TEXT,0.598,0.177,0.088
B0000021,80,TEXT_HW,LINE_HW,TEXT,0.751,0.098,0.065
B0000021,86,TEXT_HW,LINE_HW,TEXT,0.723,0.089,0.085
B0000024,19,TEXT_HW,TEXT,MISC,0.707,0.117,0.059
B0000024,83,TEXT_HW,TEXT,LINE_HW,0.737,0.095,0.068
B0000024,304,TEXT_HW,LINE_HW,TEXT,0.599,0.152,0.076
B0001260,172,TEXT_HW,TEXT,MISC,0.743,0.078,0.074
B0001260,189,TEXT_HW,LINE_HW,MISC,0.711,0.088,0.081
B0001260,222,TEXT_HW,MISC,TEXT,0.662,0.113,0.095
B0001260,278,TEXT_HW,TEXT,MISC,0.788,0.079,0.046
B0001260,302,TEXT_HW,MISC,TEXT,0.513,0.189,0.099
B0001260,308,TEXT_HW,LINE_HW,TEXT,0.709,0.102,0.07
B0001260,342,TEXT_HW,TEXT,LINE_HW,0.781,0.075,0.051
B0001261,19,TEXT_HW,LINE_HW,MISC,0.653,0.123,0.093
B0001261,72,TEXT_HW,LINE_HW,TEXT,0.68,0.096,0.088
B0001261,181,TEXT_HW,LINE_HW,TEXT,0.652,0.15,0.076
B0003909,8,TEXT_HW,LINE_HW,MISC,0.517,0.16,0.141
B0003909,10,TEXT_HW,LINE_HW,TEXT,0.637,0.101,0.092
B0003909,12,TEXT_HW,LINE_HW,MISC,0.456,0.181,0.16
B0003909,13,TEXT_HW,LINE_HW,MISC,0.622,0.15,0.098
B0003909,20,TEXT_HW,MISC,LINE_HW,0.434,0.218,0.15
B0003910,7,TEXT_HW,MISC,LINE_HW,0.481,0.207,0.14
B0003910,36,TEXT_HW,TEXT,LINE_HW,0.783,0.064,0.06
B0003910,46,TEXT_HW,LINE_HW,TEXT,0.689,0.12,0.071
B0003910,60,TEXT_HW,LINE_HW,MISC,0.575,0.152,0.108
B0003910,63,TEXT_HW,LINE_HW,TEXT,0.702,0.115,0.071
B0003910,82,TEXT_HW,MISC,TEXT,0.467,0.22,0.118
G0000093,140,TEXT_HW,TEXT,TEXT_TP,0.795,0.07,0.044
G0000093,211,TEXT_HW,LINE_HW,TEXT,0.508,0.168,0.094
G0000093,293,TEXT_HW,TEXT,MISC,0.768,0.086,0.051
G0000093,296,TEXT_HW,LINE_HW,TEXT,0.386,0.227,0.093
G0000093,323,TEXT_HW,LINE_HW,TEXT,0.543,0.119,0.117
H0000001,8,TEXT_HW,LINE_HW,TEXT,0.416,0.295,0.082
H0000001,14,TEXT_HW,MISC,LINE_HW,0.293,0.288,0.183
H0000001,15,TEXT_HW,MISC,LINE_HW,0.349,0.236,0.196
H0000001,40,TEXT_HW,LINE_HW,MISC,0.481,0.207,0.109
H0000001,76,TEXT_HW,LINE_HW,MISC,0.369,0.227,0.195
H0000001,85,TEXT_HW,LINE_HW,TEXT,0.624,0.153,0.073
H0000001,112,TEXT_HW,LINE_HW,MISC,0.524,0.263,0.079
H0000001,116,TEXT_HW,LINE_HW,MISC,0.73,0.083,0.07
H0000002,53,TEXT_HW,LINE_HW,TEXT,0.45,0.26,0.1
H0000002,99,LINE_HW,TEXT_HW,MISC,0.355,0.323,0.099
H0000002,118,TEXT_HW,MISC,TEXT,0.568,0.184,0.096
H0000002,144,TEXT_HW,LINE_HW,MISC,0.299,0.252,0.212
H0000002,167,TEXT_HW,LINE_HW,MISC,0.469,0.193,0.155
H0000002,169,TEXT_HW,TEXT,MISC,0.764,0.081,0.055
H0000002,194,TEXT_HW,MISC,TEXT,0.635,0.119,0.083
H0000002,200,TEXT_HW,MISC,LINE_HW,0.583,0.152,0.12
H0000332,66,TEXT_HW,MISC,TEXT,0.641,0.115,0.092
H0000332,220,TEXT_HW,TEXT,LINE_HW,0.747,0.075,0.066
H0000332,235,TEXT_HW,LINE_HW,TEXT,0.574,0.17,0.091
H0000332,313,TEXT_HW,LINE_HW,TEXT,0.729,0.105,0.06
H0000332,314,TEXT_HW,LINE_HW,MISC,0.429,0.286,0.112
H0000332,373,TEXT_HW,TEXT,LINE_HW,0.646,0.123,0.077
H0000332,1012,TEXT_HW,LINE_HW,MISC,0.429,0.277,0.109
H0000333,31,TEXT_HW,TEXT,LINE_HW,0.655,0.107,0.083
H0000333,34,TEXT_HW,LINE_HW,MISC,0.522,0.17,0.126
H0000333,49,TEXT_HW,LINE_HW,MISC,0.48,0.213,0.107
H0000333,344,TEXT_HW,MISC,LINE_HW,0.539,0.138,0.136
H0000333,562,TEXT_HW,LINE_HW,TEXT,0.567,0.148,0.1
H0000333,773,TEXT_HW,LINE_HW,MISC,0.475,0.159,0.15
H0000333,934,MISC,TEXT_HW,LINE_HW,0.352,0.228,0.198
H0000334,63,TEXT_HW,LINE_HW,TEXT,0.768,0.081,0.074
H0000334,141,TEXT_HW,LINE_HW,TEXT,0.416,0.356,0.077
H0000334,182,TEXT_HW,LINE_HW,TEXT,0.666,0.14,0.085
H0000334,239,TEXT_HW,MISC,LINE_HW,0.406,0.254,0.164
H0000334,243,TEXT_HW,MISC,TEXT,0.559,0.19,0.086
H0000334,279,TEXT_HW,TEXT,LINE_HW,0.718,0.114,0.067
H0000335,117,TEXT_HW,LINE_HW,MISC,0.514,0.25,0.076
H0000335,161,LINE_HW,TEXT_HW,MISC,0.443,0.304,0.112
H0000335,304,TEXT_HW,TEXT,LINE_HW,0.805,0.058,0.057
H0000335,325,TEXT_HW,LINE_HW,MISC,0.744,0.071,0.065
H0000335,365,TEXT_HW,LINE_HW,MISC,0.441,0.244,0.132
H0000335,400,TEXT_HW,MISC,LINE_HW,0.655,0.104,0.097
H0000335,520,TEXT_HW,LINE_HW,MISC,0.509,0.248,0.108
H0000335,744,LINE_HW,TEXT_HW,LINE_MIX,0.636,0.151,0.076
H0000458,19,TEXT_HW,MISC,LINE_HW,0.592,0.124,0.109
H0000458,37,TEXT_HW,LINE_HW,MISC,0.594,0.141,0.094
H0000458,67,TEXT_HW,TEXT,LINE_HW,0.873,0.052,0.023
H0000458,113,TEXT_HW,LINE_HW,MISC,0.547,0.25,0.065
H0000458,138,TEXT_HW,LINE_HW,TEXT,0.661,0.172,0.063
H0000458,297,TEXT_HW,LINE_HW,TEXT,0.755,0.105,0.064
H0000458,306,TEXT_HW,LINE_HW,TEXT,0.705,0.108,0.079
H0000459,7,TEXT_HW,LINE_HW,TEXT,0.763,0.097,0.055
H0000459,41,TEXT_HW,LINE_HW,TEXT,0.665,0.163,0.068
H0000459,83,TEXT_HW,LINE_HW,MISC,0.618,0.156,0.101
H0000459,92,TEXT_HW,LINE_HW,MISC,0.571,0.217,0.07
H0000459,101,TEXT_HW,LINE_HW,TEXT,0.746,0.101,0.065
H0000459,255,TEXT_HW,LINE_HW,MISC,0.466,0.25,0.104
H0000459,283,TEXT_HW,MISC,TEXT,0.681,0.118,0.088
H0000459,320,TEXT_HW,MISC,LINE_HW,0.547,0.162,0.143
H0000610,6,TEXT_HW,TEXT,LINE_HW,0.694,0.092,0.087
H0000610,11,TEXT_HW,TEXT,LINE_HW,0.713,0.088,0.059
H0000610,12,TEXT_HW,LINE_HW,TEXT,0.537,0.246,0.074
H0000610,13,TEXT_HW,TEXT,LINE_HW,0.625,0.092,0.086
H0000610,14,TEXT_HW,LINE_HW,TEXT,0.579,0.257,0.052
H0000636,39,TEXT_HW,LINE_HW,TEXT,0.682,0.115,0.084
H0000636,116,TEXT_HW,LINE_HW,LINE_MIX,0.648,0.192,0.047
H0000636,119,TEXT_HW,LINE_HW,TEXT,0.704,0.122,0.072
H0000636,129,TEXT_HW,LINE_HW,TEXT,0.683,0.13,0.071
H0000636,225,TEXT_HW,LINE_HW,TEXT,0.677,0.129,0.074
H0000636,318,TEXT_HW,LINE_HW,TEXT,0.644,0.173,0.069
H0000636,340,TEXT_HW,LINE_HW,TEXT,0.766,0.085,0.053
H0000636,464,TEXT_HW,LINE_HW,TEXT,0.755,0.076,0.06
H0000637,93,TEXT_HW,LINE_HW,TEXT,0.537,0.279,0.059
H0000637,238,TEXT_HW,LINE_HW,MISC,0.678,0.109,0.08
H0000637,365,TEXT_HW,LINE_HW,TEXT,0.735,0.091,0.071
H0000637,381,TEXT_HW,LINE_HW,TEXT,0.747,0.085,0.072
H0000637,410,TEXT_HW,LINE_HW,TEXT,0.582,0.189,0.076
H0000637,457,TEXT_HW,TEXT,TEXT_TP,0.876,0.055,0.026
H0000637,634,TEXT_HW,LINE_HW,TEXT,0.578,0.233,0.06
H0000638,130,TEXT_HW,LINE_HW,TEXT,0.736,0.095,0.068
H0000638,156,TEXT_HW,LINE_HW,TEXT,0.715,0.126,0.063
H0000638,374,TEXT_HW,LINE_HW,TEXT,0.727,0.101,0.07
H0000638,380,TEXT_HW,TEXT,LINE_HW,0.795,0.061,0.056
H0000638,575,TEXT_HW,LINE_HW,LINE_MIX,0.403,0.367,0.082
H0000638,601,TEXT_HW,LINE_HW,TEXT,0.715,0.124,0.067
H0000639,115,TEXT_HW,LINE_HW,MISC,0.599,0.136,0.099
H0000639,207,TEXT_HW,LINE_HW,TEXT,0.641,0.178,0.072
H0000639,266,TEXT_HW,LINE_HW,MISC,0.587,0.237,0.067
H0000639,408,LINE_HW,MISC,TEXT_HW,0.318,0.294,0.179
H0000639,446,TEXT_HW,MISC,LINE_HW,0.517,0.196,0.117
H0000640,181,TEXT_HW,LINE_HW,MISC,0.502,0.191,0.161
H0000640,364,LINE_HW,TEXT_HW,MISC,0.455,0.313,0.063
H0000640,528,TEXT_HW,LINE_HW,MISC,0.543,0.171,0.146
H0000640,660,TEXT_HW,TEXT,MISC,0.735,0.085,0.073
H0000640,690,TEXT_HW,TEXT,MISC,0.7,0.118,0.061
H0000641,15,TEXT_HW,LINE_HW,MISC,0.638,0.152,0.071
H0000641,261,TEXT_HW,MISC,LINE_HW,0.654,0.131,0.091
H0000641,263,LINE_HW,TEXT_HW,MISC,0.421,0.263,0.128
H0000641,292,TEXT_HW,LINE_HW,MISC,0.628,0.149,0.089
H0000641,438,TEXT_HW,LINE_HW,MISC,0.668,0.112,0.106
H0000642,195,TEXT_HW,LINE_HW,MISC,0.306,0.27,0.207
H0000642,224,MISC,TEXT_HW,LINE_HW,0.326,0.25,0.242
H0000642,382,TEXT_HW,MISC,LINE_HW,0.551,0.135,0.121
H0000642,496,TEXT_HW,TEXT,LINE_HW,0.69,0.093,0.08
H0000642,530,TEXT_HW,LINE_HW,TEXT,0.668,0.197,0.058
H0000643,24,TEXT_HW,MISC,LINE_HW,0.417,0.238,0.135
H0000643,79,TEXT_HW,LINE_HW,MISC,0.61,0.116,0.098
H0000643,90,TEXT_HW,LINE_HW,MISC,0.567,0.143,0.13
H0000643,168,TEXT_HW,LINE_HW,MISC,0.422,0.233,0.181
H0000643,182,TEXT_HW,LINE_HW,MISC,0.745,0.066,0.062
H0000643,398,TEXT_HW,MISC,PHOTO,0.399,0.195,0.151
H0000646,84,TEXT_HW,LINE_HW,TEXT,0.617,0.127,0.096
H0000646,148,TEXT_HW,MISC,TEXT,0.654,0.103,0.087
H0000646,185,TEXT_HW,LINE_HW,MISC,0.356,0.286,0.182
H0000646,366,TEXT_HW,LINE_HW,MISC,0.589,0.18,0.075
H0000647,81,TEXT_HW,LINE_HW,MISC,0.541,0.16,0.155
H0000647,225,TEXT_HW,MISC,LINE_HW,0.684,0.096,0.071
H0000647,386,TEXT_HW,MISC,LINE_HW,0.502,0.2,0.129
H0000647,436,TEXT_HW,LINE_HW,MISC,0.24,0.24,0.209
H0000647,625,TEXT_HW,TEXT,MISC,0.751,0.073,0.065
H0000647,739,TEXT_HW,LINE_HW,TEXT,0.608,0.159,0.092
H0000648,8,TEXT_HW,MISC,TEXT,0.455,0.247,0.095
H0000648,47,TEXT_HW,MISC,TEXT,0.377,0.377,0.077
H0000648,104,TEXT_HW,LINE_HW,MISC,0.399,0.297,0.111
H0000648,123,TEXT_HW,MISC,LINE_HW,0.387,0.25,0.099
H0000648,163,TEXT_HW,MISC,TEXT,0.532,0.124,0.112
H0000648,289,TEXT_HW,LINE_HW,MISC,0.392,0.223,0.177
H0000648,371,TEXT_HW,LINE_HW,MISC,0.355,0.294,0.176
H0000650,212,TEXT_HW,LINE_HW,MISC,0.548,0.175,0.098
H0000650,272,TEXT_HW,LINE_HW,MISC,0.515,0.172,0.152
H0000650,321,TEXT_HW,LINE_HW,TEXT,0.656,0.099,0.096
H0000650,411,TEXT_HW,LINE_HW,TEXT,0.543,0.256,0.053
H0000651,11,LINE_HW,TEXT_HW,MISC,0.373,0.356,0.085
H0000651,28,MISC,TEXT_HW,LINE_HW,0.292,0.242,0.188
H0000651,157,TEXT_HW,LINE_HW,MISC,0.651,0.098,0.088
H0000651,245,TEXT_HW,LINE_HW,MISC,0.402,0.328,0.1
H0000651,383,TEXT_HW,MISC,TEXT,0.598,0.156,0.084
H0000651,515,TEXT_HW,LINE_HW,TEXT,0.614,0.127,0.102
H0000653,245,TEXT_HW,LINE_HW,TEXT,0.465,0.23,0.086
H0000653,282,TEXT_HW,LINE_HW,MISC,0.52,0.194,0.09
H0000653,554,TEXT_HW,LINE_HW,MISC,0.52,0.18,0.081
H0000654,765,TEXT_HW,LINE_HW,MISC,0.366,0.247,0.193
H0000654,891,TEXT_HW,LINE_HW,TEXT,0.452,0.254,0.089
H0000790,167,TEXT_HW,MISC,LINE_HW,0.651,0.115,0.098
H0000790,278,TEXT_HW,TEXT,LINE_HW,0.724,0.086,0.081
H0000790,404,TEXT_HW,TEXT,LINE_HW,0.725,0.101,0.059
H0000790,455,TEXT_HW,TEXT,MISC,0.777,0.082,0.05
H0000790,499,TEXT_HW,TEXT,MISC,0.745,0.078,0.063
H0000790,699,TEXT_HW,LINE_HW,MISC,0.577,0.155,0.103
H0000790,744,TEXT_HW,LINE_HW,TEXT,0.649,0.118,0.085
H0000791,51,TEXT_HW,LINE_HW,TEXT,0.683,0.103,0.09
H0000791,250,TEXT_HW,LINE_HW,TEXT,0.709,0.096,0.085
H0000791,347,TEXT_HW,TEXT,MISC,0.76,0.098,0.052
H0000791,375,TEXT_HW,TEXT,LINE_HW,0.731,0.083,0.072
H0000791,386,TEXT_HW,LINE_HW,TEXT,0.571,0.21,0.07
H0000791,498,TEXT_HW,TEXT,MISC,0.62,0.122,0.095
H0000791,522,TEXT_HW,TEXT,MISC,0.742,0.11,0.056
H0000791,614,TEXT_HW,LINE_HW,TEXT,0.671,0.115,0.085
H0000792,84,TEXT_HW,LINE_HW,TEXT,0.71,0.114,0.086
H0000792,165,TEXT_HW,LINE_HW,TEXT,0.645,0.185,0.066
H0000792,254,TEXT_HW,MISC,LINE_HW,0.618,0.144,0.102
H0000792,336,TEXT_HW,LINE_HW,TEXT,0.752,0.082,0.073
H0000792,389,TEXT_HW,MISC,TEXT,0.766,0.087,0.067
H0000792,601,TEXT_HW,MISC,TEXT,0.767,0.069,0.064
H0000793,194,TEXT_HW,LINE_HW,MISC,0.573,0.224,0.086
H0000793,210,TEXT_HW,LINE_HW,MISC,0.575,0.148,0.124
H0000793,331,TEXT_HW,LINE_HW,MISC,0.556,0.154,0.108
H0000794,30,TEXT_HW,TEXT,LINE_HW,0.801,0.066,0.043
H0000794,55,LINE_HW,TEXT_HW,MISC,0.471,0.248,0.108
H0000794,199,TEXT_HW,LINE_HW,MISC,0.636,0.105,0.102
H0000794,248,TEXT_HW,MISC,LINE_HW,0.4,0.297,0.122
H0000794,318,TEXT_HW,LINE_HW,MISC,0.672,0.128,0.071
H0000794,357,TEXT_HW,MISC,LINE_HW,0.412,0.224,0.192
H0000794,455,TEXT_HW,LINE_HW,TEXT,0.612,0.139,0.087
H0000794,571,TEXT_HW,MISC,TEXT,0.614,0.131,0.103
H0000795,76,TEXT_HW,LINE_HW,MISC,0.445,0.183,0.174
H0000795,234,TEXT_HW,LINE_HW,TEXT,0.685,0.127,0.071
H0000795,367,TEXT_HW,LINE_HW,TEXT,0.753,0.076,0.067
H0000795,427,TEXT_HW,LINE_HW,TEXT,0.694,0.137,0.073
H0000795,613,TEXT_HW,LINE_HW,MISC,0.511,0.123,0.098
H0001029,34,TEXT_HW,LINE_HW,MISC,0.533,0.176,0.108
H0001029,173,TEXT_HW,LINE_HW,LINE_MIX,0.463,0.281,0.067
H0001029,307,TEXT_HW,LINE_HW,TEXT,0.636,0.101,0.09
H0001029,329,TEXT_HW,MISC,LINE_HW,0.651,0.1,0.098
H0001029,438,TEXT_HW,LINE_HW,MISC,0.623,0.15,0.074
H0001029,439,TEXT_HW,MISC,TEXT,0.552,0.179,0.105
H0001030,325,TEXT_HW,MISC,LINE_HW,0.661,0.097,0.085
H0001030,369,TEXT_HW,TEXT,MISC,0.753,0.069,0.063
H0001030,801,TEXT_HW,TEXT,MISC,0.781,0.086,0.042
H0001030,810,TEXT_HW,TEXT,LINE_HW,0.769,0.08,0.048
H0001030,857,TEXT_HW,LINE_HW,MISC,0.619,0.12,0.107
H0001032,179,TEXT_HW,LINE_HW,MISC,0.56,0.158,0.114
H0001032,279,TEXT_HW,LINE_HW,TEXT,0.567,0.244,0.063
H0001032,635,TEXT_HW,LINE_HW,TEXT,0.633,0.173,0.064
H0001032,656,TEXT_HW,TEXT,LINE_HW,0.752,0.093,0.04
H0001032,782,TEXT_HW,LINE_HW,TEXT,0.535,0.144,0.09
H0001032,784,TEXT_HW,LINE_HW,TEXT,0.715,0.092,0.087
H0001034,9,LINE_HW,TEXT_HW,LINE_MIX,0.557,0.187,0.082
H0001034,40,TEXT_HW,LINE_HW,TEXT,0.6,0.167,0.103
H0001034,82,TEXT_HW,LINE_HW,TEXT,0.463,0.318,0.081
H0001034,113,TEXT_HW,TEXT,LINE_HW,0.801,0.066,0.051
H0001034,129,TEXT_HW,TEXT,LINE_HW,0.649,0.109,0.084
H0001034,364,TEXT_HW,LINE_HW,TEXT,0.673,0.119,0.095
H0001035,28,TEXT_HW,LINE_HW,MISC,0.525,0.17,0.105
H0001035,41,TEXT_HW,TEXT,LINE_HW,0.782,0.072,0.054
H0001035,136,TEXT_HW,LINE_HW,TEXT,0.767,0.073,0.071
H0001035,224,TEXT_HW,LINE_HW,TEXT,0.602,0.187,0.072
H0001035,357,TEXT_HW,MISC,TEXT,0.624,0.096,0.084
H0001035,380,TEXT_HW,LINE_HW,TEXT,0.689,0.118,0.075
H0001035,383,TEXT_HW,MISC,LINE_HW,0.31,0.245,0.22
H0001036,131,TEXT_HW,LINE_HW,TEXT,0.725,0.085,0.065
H0001036,172,TEXT_HW,TEXT,LINE_HW,0.832,0.046,0.041
H0001036,190,TEXT_HW,LINE_HW,TEXT,0.732,0.064,0.06
H0001036,245,TEXT_HW,MISC,TEXT,0.559,0.139,0.115
H0001036,265,TEXT_HW,MISC,TEXT,0.428,0.212,0.107
H0001036,324,TEXT_HW,LINE_HW,TEXT,0.48,0.185,0.112
H0001038,186,TEXT_HW,TEXT,MISC,0.781,0.081,0.058
H0001038,232,TEXT_HW,LINE_HW,MISC,0.459,0.249,0.122
H0001038,608,TEXT_HW,LINE_HW,TEXT,0.696,0.082,0.066
H0001039,53,TEXT_HW,TEXT,MISC,0.784,0.08,0.042
H0001039,115,TEXT_HW,LINE_HW,TEXT,0.724,0.106,0.072
H0001039,243,TEXT_HW,MISC,TEXT,0.745,0.072,0.068
H0001040,98,TEXT_HW,LINE_HW,MISC,0.493,0.256,0.091
H0001040,104,TEXT_HW,MISC,LINE_HW,0.496,0.14,0.112
H0001040,169,TEXT_HW,LINE_HW,TEXT,0.716,0.083,0.082
H0001040,170,TEXT_HW,MISC,TEXT,0.612,0.134,0.084
H0001041,69,TEXT_HW,MISC,LINE_HW,0.508,0.17,0.15
H0001041,231,TEXT_HW,TEXT,LINE_HW,0.777,0.071,0.048
H0001041,341,TEXT_HW,LINE_HW,MISC,0.384,0.281,0.141
H0001041,377,TEXT_HW,TEXT,LINE_HW,0.816,0.062,0.05
H0001042,218,TEXT_HW,LINE_HW,TEXT,0.525,0.219,0.094
H0001042,321,TEXT_HW,TEXT,LINE_HW,0.826,0.061,0.037
H0001042,393,TEXT_HW,LINE_HW,MISC,0.641,0.128,0.097
H0002045,120,TEXT_HW,LINE_HW,MISC,0.526,0.179,0.102
H0002045,265,TEXT_HW,TEXT,LINE_HW,0.732,0.081,0.066
H0002045,336,TEXT_HW,TEXT,LINE_HW,0.728,0.07,0.064
H0002045,425,TEXT_HW,LINE_HW,TEXT,0.543,0.173,0.086
H0002046,59,LINE_HW,TEXT_HW,LINE_MIX,0.483,0.332,0.052
H0002046,143,TEXT_HW,LINE_HW,LINE_MIX,0.479,0.244,0.084
H0002046,157,LINE_HW,TEXT_HW,LINE_MIX,0.459,0.381,0.062
H0002047,69,TEXT_HW,TEXT,MISC,0.765,0.076,0.068
H0002047,187,TEXT_HW,LINE_HW,TEXT,0.692,0.104,0.065
H0002047,202,TEXT_HW,TEXT,MISC,0.715,0.098,0.057
H0002047,248,TEXT_HW,LINE_HW,TEXT,0.754,0.07,0.066
H0002047,293,TEXT_HW,LINE_HW,TEXT,0.722,0.084,0.063
H0002047,302,TEXT_HW,LINE_HW,TEXT,0.648,0.147,0.07
H0002047,305,TEXT_HW,LINE_HW,TEXT,0.757,0.073,0.072
H0002048,54,TEXT_HW,MISC,TEXT,0.659,0.104,0.098
H0002048,66,TEXT_HW,LINE_HW,TEXT,0.787,0.064,0.061
H0002048,268,TEXT_HW,TEXT,TEXT_TP,0.801,0.076,0.042
H0002048,328,LINE_HW,TEXT_HW,MISC,0.413,0.343,0.07
H0002048,336,TEXT_HW,LINE_HW,MISC,0.518,0.176,0.115
H0002048,402,TEXT_HW,LINE_HW,TEXT,0.625,0.123,0.07
H0002048,579,TEXT_HW,LINE_HW,TEXT,0.688,0.085,0.067
H0002055,193,TEXT_HW,LINE_HW,MISC,0.447,0.225,0.159
H0002055,327,TEXT_HW,TEXT,MISC,0.646,0.111,0.059
H0002055,401,TEXT_HW,LINE_HW,MISC,0.415,0.378,0.071
H0002055,457,TEXT_HW,MISC,LINE_HW,0.45,0.22,0.121
H0002059,141,TEXT_HW,TEXT,MISC,0.775,0.09,0.043
H0002059,171,TEXT_HW,MISC,TEXT,0.548,0.202,0.075
H0002059,194,TEXT_HW,TEXT,MISC,0.621,0.118,0.091
L0000039,94,TEXT_HW,MISC,LINE_HW,0.367,0.252,0.171
L0000039,207,TEXT_HW,MISC,LINE_HW,0.515,0.192,0.101
L0000039,217,TEXT_HW,MISC,LINE_HW,0.662,0.126,0.095
L0000041,151,TEXT_HW,MISC,LINE_HW,0.496,0.174,0.138
L0000041,156,TEXT_HW,LINE_HW,TEXT,0.663,0.126,0.079
L0000041,196,TEXT_HW,MISC,TEXT,0.666,0.109,0.096
L0000041,236,TEXT_HW,MISC,LINE_HW,0.536,0.166,0.151
L0000041,242,TEXT_HW,TEXT,MISC,0.576,0.137,0.126
L0000041,269,TEXT_HW,LINE_HW,MISC,0.486,0.196,0.144
L0000067,37,TEXT_HW,LINE_HW,MISC,0.605,0.127,0.1
L0000067,93,TEXT_HW,MISC,LINE_HW,0.58,0.136,0.134
L0000067,181,TEXT_HW,MISC,LINE_HW,0.337,0.275,0.117
L0000067,228,TEXT_HW,MISC,TEXT,0.501,0.202,0.115
L0000067,278,TEXT_HW,MISC,LINE_HW,0.554,0.18,0.114
L0000067,296,TEXT_HW,LINE_HW,MISC,0.594,0.165,0.087
L0000067,322,TEXT_HW,LINE_HW,TEXT,0.566,0.208,0.077
L0000080,41,TEXT_HW,LINE_HW,MISC,0.548,0.16,0.11
L0000080,86,TEXT_HW,MISC,LINE_HW,0.619,0.126,0.113
L0000080,110,TEXT_HW,LINE_HW,MISC,0.615,0.137,0.104
L0000080,124,TEXT_HW,LINE_HW,TEXT,0.703,0.138,0.06
L0000080,135,TEXT_HW,MISC,LINE_HW,0.352,0.301,0.134
L0000080,383,TEXT_HW,LINE_HW,MISC,0.507,0.193,0.126
L0000082,63,TEXT_HW,TEXT,LINE_HW,0.748,0.089,0.075
L0000082,89,TEXT_HW,LINE_HW,MISC,0.474,0.262,0.084
L0000082,134,MISC,TEXT_HW,LINE_HW,0.311,0.283,0.192
L0000082,171,TEXT_HW,LINE_HW,TEXT,0.628,0.159,0.073
L0000082,189,TEXT_HW,TEXT,MISC,0.732,0.093,0.051
L0000082,288,TEXT_HW,LINE_HW,TEXT,0.625,0.114,0.097
L0000082,298,TEXT_HW,TEXT,LINE_HW,0.769,0.075,0.058
L0000082,371,TEXT_HW,LINE_HW,TEXT,0.667,0.098,0.095
L0000131,120,TEXT_HW,TEXT,LINE_HW,0.849,0.07,0.023
L0000131,155,TEXT_HW,TEXT,TEXT_TP,0.822,0.084,0.024
L0000133,3,TEXT_HW,LINE_HW,MISC,0.521,0.214,0.101
L0000184,53,TEXT_HW,TEXT,LINE_HW,0.705,0.086,0.083
L0000184,141,TEXT_HW,TEXT,LINE_HW,0.688,0.114,0.076
L0000184,162,TEXT_HW,MISC,TEXT,0.656,0.105,0.093
L0000184,211,TEXT_HW,TEXT,LINE_HW,0.737,0.083,0.078
L0000184,308,TEXT_HW,LINE_HW,TEXT,0.698,0.104,0.081
L0000184,313,TEXT_HW,LINE_HW,MISC,0.535,0.151,0.109
L0000184,370,TEXT_HW,LINE_HW,TEXT,0.585,0.155,0.093
L0000185,183,TEXT_HW,TEXT,MISC,0.715,0.106,0.088
L0000185,191,TEXT_HW,LINE_HW,MISC,0.586,0.163,0.102
L0000185,240,TEXT_HW,MISC,TEXT,0.595,0.139,0.11
L0000185,305,TEXT_HW,LINE_HW,MISC,0.609,0.161,0.113
L0000185,318,TEXT_HW,MISC,LINE_HW,0.372,0.314,0.129
L0000185,321,TEXT_HW,MISC,LINE_HW,0.514,0.198,0.115
L0000199,6,TEXT_HW,MISC,LINE_HW,0.565,0.159,0.115
L0000199,15,TEXT_HW,TEXT,LINE_HW,0.754,0.099,0.048
L0000199,59,TEXT_HW,MISC,LINE_HW,0.466,0.207,0.136
L0000199,208,TEXT_HW,TEXT,MISC,0.809,0.092,0.036
R0000430,45,TEXT_HW,LINE_HW,MISC,0.503,0.179,0.163
R0000430,122,TEXT_HW,MISC,TEXT,0.644,0.103,0.089
R0000430,138,TEXT_HW,LINE_HW,MISC,0.527,0.182,0.118
R0000430,142,TEXT_HW,MISC,TEXT,0.571,0.185,0.096
R0000431,43,TEXT_HW,MISC,TEXT,0.573,0.204,0.113
R0000431,80,TEXT_HW,MISC,TEXT,0.643,0.129,0.09
R0000431,109,TEXT_HW,MISC,LINE_HW,0.556,0.175,0.115
R0000431,117,TEXT_HW,LINE_HW,MISC,0.298,0.298,0.221
R0000431,133,TEXT_HW,LINE_HW,MISC,0.663,0.112,0.102
R0000431,152,LINE_HW,TEXT_HW,MISC,0.364,0.275,0.162
R0000431,217,TEXT_HW,LINE_HW,TEXT,0.77,0.092,0.064
40004033,424,TEXT,LINE_MIX,MISC,0.201,0.174,0.172
A0043938,237,TEXT_HW,TEXT,MISC,0.283,0.25,0.138
A0043938,243,TEXT,TEXT_HW,MISC,0.289,0.263,0.155
A0043938,280,TEXT_HW,TEXT,TEXT_TP,0.265,0.182,0.151
A0043938,283,TEXT_HW,TEXT,TEXT_TP,0.312,0.208,0.138
A0060197,4,MISC,PHOTO,TEXT_TP,0.44,0.343,0.085
G0000093,179,MISC,TEXT_HW,TEXT,0.233,0.206,0.184
G0000093,257,TEXT_HW,TEXT,MISC,0.314,0.212,0.155
G0000093,305,TEXT_HW,TEXT,TEXT_TP,0.353,0.243,0.195
H0001038,29,TEXT_HW,LINE_HW,TEXT,0.576,0.143,0.113
H0001039,44,LINE_HW,LINE_TP,TEXT_HW,0.51,0.144,0.102
H0001039,107,LINE_HW,TEXT_HW,LINE_TP,0.505,0.152,0.126
H0001039,201,TEXT_HW,TEXT,LINE_HW,0.689,0.102,0.073
H0001040,59,TEXT_HW,MISC,LINE_HW,0.314,0.179,0.148
H0001040,66,TEXT_HW,TEXT,LINE_HW,0.649,0.132,0.065
H0001041,306,TEXT_HW,TEXT_TP,TEXT,0.329,0.197,0.194
H0001041,353,LINE_HW,TEXT_HW,TEXT,0.336,0.228,0.114
H0001041,365,LINE_HW,TEXT_HW,MISC,0.42,0.199,0.105
H0001042,156,LINE_HW,TEXT_HW,LINE_MIX,0.324,0.278,0.129
H0001042,211,TEXT_HW,TEXT,LINE_HW,0.49,0.145,0.098
H0001042,216,LINE_HW,TEXT_HW,MISC,0.418,0.151,0.142
H0001042,361,TEXT_HW,MISC,LINE_HW,0.328,0.208,0.145
H0002046,46,TEXT_HW,LINE_HW,MISC,0.293,0.271,0.152
H0002054,222,TEXT_HW,LINE_HW,TEXT,0.415,0.157,0.139
H0002055,16,TEXT_HW,TEXT,LINE_HW,0.346,0.163,0.146
H0002055,111,TEXT_HW,LINE_HW,TEXT,0.31,0.301,0.12
H0002055,487,TEXT_HW,TEXT,MISC,0.322,0.195,0.17
R0000568,66,TEXT_HW,LINE_HW,TEXT,0.634,0.129,0.088
R0000568,121,TEXT_HW,LINE_HW,MISC,0.531,0.159,0.122
R0000568,142,TEXT_HW,MISC,LINE_HW,0.459,0.2,0.102
R0000568,248,TEXT_HW,TEXT,LINE_HW,0.762,0.084,0.051
R0000568,249,TEXT_HW,LINE_HW,MISC,0.472,0.163,0.158
R0000568,264,TEXT_HW,MISC,LINE_HW,0.534,0.168,0.121
R0000568,283,TEXT_HW,MISC,TEXT,0.543,0.148,0.109
R0000798,180,TEXT_HW,LINE_HW,TEXT,0.618,0.142,0.075
R0000798,208,TEXT_HW,LINE_HW,TEXT,0.657,0.147,0.069
R0000798,244,TEXT_HW,LINE_HW,TEXT,0.611,0.175,0.071
R0000798,407,TEXT_HW,LINE_HW,TEXT,0.662,0.139,0.075
R0000798,429,TEXT_HW,TEXT,LINE_HW,0.791,0.078,0.041
R0000798,703,TEXT_HW,LINE_HW,TEXT,0.479,0.264,0.083
R0000798,726,TEXT_HW,LINE_HW,MISC,0.506,0.225,0.089
R0000798,825,TEXT_HW,LINE_HW,LINE_MIX,0.492,0.289,0.071
R0000816,4,TEXT_HW,MISC,LINE_HW,0.664,0.121,0.088
R0000816,10,TEXT_HW,LINE_HW,MISC,0.488,0.287,0.08
R0000816,18,TEXT_HW,TEXT,LINE_HW,0.766,0.07,0.059
R0000816,21,TEXT_HW,LINE_HW,TEXT,0.775,0.1,0.054
R0000816,23,TEXT_HW,LINE_HW,MISC,0.648,0.124,0.107
R0000816,24,TEXT_HW,LINE_HW,TEXT,0.773,0.079,0.068
R0001203,58,TEXT_HW,TEXT,LINE_HW,0.708,0.085,0.082
R0001203,223,TEXT_HW,LINE_HW,MISC,0.602,0.173,0.08
R0001203,328,TEXT_HW,LINE_HW,MISC,0.464,0.273,0.099
R0001203,358,TEXT_HW,LINE_HW,TEXT,0.704,0.101,0.073
R0001203,376,TEXT_HW,LINE_HW,TEXT,0.767,0.086,0.055
R0001203,457,TEXT_HW,LINE_HW,TEXT,0.742,0.097,0.058
R0001203,513,TEXT_HW,LINE_HW,TEXT,0.781,0.074,0.057
R0001203,563,TEXT_HW,LINE_HW,MISC,0.676,0.114,0.074
R0001204,5,TEXT_HW,MISC,TEXT,0.641,0.13,0.087
R0001204,78,TEXT_HW,LINE_HW,TEXT,0.643,0.158,0.079
R0001204,102,TEXT_HW,TEXT,LINE_HW,0.811,0.06,0.056
R0001204,251,TEXT_HW,LINE_HW,TEXT,0.791,0.068,0.056
R0001204,441,TEXT_HW,LINE_HW,TEXT,0.786,0.074,0.06
R0001204,454,TEXT_HW,LINE_HW,TEXT,0.645,0.135,0.081
R0001204,467,TEXT_HW,LINE_HW,TEXT,0.826,0.053,0.053
R0001204,555,TEXT_HW,MISC,TEXT,0.757,0.07,0.07
R0001205,5,TEXT_HW,MISC,PHOTO,0.34,0.291,0.161
R0001205,102,TEXT_HW,LINE_HW,TEXT,0.672,0.108,0.087
R0001205,107,TEXT_HW,TEXT,MISC,0.796,0.074,0.042
R0001205,114,TEXT_HW,LINE_HW,MISC,0.566,0.148,0.145
R0001205,129,TEXT_HW,TEXT,MISC,0.759,0.073,0.071
R0001205,159,TEXT_HW,LINE_HW,MISC,0.646,0.112,0.093
R0001205,160,TEXT_HW,TEXT,MISC,0.703,0.08,0.078
R0001205,166,TEXT_HW,LINE_HW,MISC,0.676,0.105,0.091
R0001206,60,TEXT_HW,LINE_HW,MISC,0.488,0.249,0.09
R0001206,78,TEXT_HW,MISC,TEXT,0.656,0.095,0.089
R0001206,90,TEXT_HW,TEXT,LINE_HW,0.74,0.078,0.076
R0001206,110,TEXT_HW,LINE_HW,TEXT,0.683,0.1,0.08
R0001206,165,TEXT_HW,LINE_HW,TEXT,0.646,0.151,0.075
R0001206,202,TEXT_HW,TEXT,LINE_HW,0.768,0.076,0.058
R0001206,351,TEXT_HW,MISC,LINE_HW,0.509,0.19,0.129
R0001206,352,TEXT_HW,MISC,TEXT,0.672,0.141,0.071
R0001207,24,TEXT_HW,TEXT,LINE_HW,0.778,0.068,0.064
R0001207,39,TEXT_HW,LINE_HW,MISC,0.626,0.149,0.077
R0001207,50,TEXT_HW,LINE_HW,TEXT,0.703,0.145,0.056
R0001207,51,TEXT_HW,MISC,LINE_HW,0.566,0.155,0.106
R0001207,72,TEXT_HW,LINE_HW,MISC,0.632,0.139,0.103
R0001207,88,TEXT_HW,LINE_HW,MISC,0.534,0.19,0.127
R0001207,160,TEXT_HW,MISC,LINE_HW,0.66,0.111,0.1
R0001207,174,TEXT_HW,MISC,TEXT,0.728,0.103,0.082
R0001208,22,TEXT_HW,LINE_HW,TEXT,0.738,0.083,0.075
R0001208,57,TEXT_HW,LINE_HW,TEXT,0.688,0.101,0.078
R0001208,76,TEXT_HW,LINE_HW,TEXT,0.795,0.073,0.059
R0001208,105,TEXT_HW,LINE_HW,TEXT,0.59,0.177,0.091
R0001208,112,TEXT_HW,LINE_HW,TEXT,0.801,0.066,0.051
R0001208,154,TEXT_HW,LINE_HW,MISC,0.585,0.146,0.103
R0001208,166,TEXT_HW,MISC,LINE_HW,0.552,0.133,0.129
R0001209,3,TEXT_HW,LINE_HW,MISC,0.662,0.092,0.084
R0001209,4,TEXT_HW,MISC,TEXT,0.641,0.126,0.108
R0001209,5,TEXT_HW,MISC,TEXT,0.669,0.136,0.092
R0001210,5,TEXT_HW,TEXT,MISC,0.731,0.082,0.076
R0001210,6,TEXT_HW,MISC,TEXT,0.531,0.134,0.134
R0001210,7,TEXT_HW,MISC,TEXT,0.459,0.301,0.111
R0001210,10,TEXT_HW,MISC,TEXT,0.518,0.216,0.107
R0001211,26,TEXT_HW,LINE_HW,TEXT,0.556,0.225,0.069
R0001211,31,TEXT_HW,LINE_HW,TEXT,0.634,0.155,0.075
R0001211,35,TEXT_HW,LINE_HW,TEXT,0.8,0.068,0.063
R0001211,44,TEXT_HW,LINE_HW,TEXT,0.751,0.073,0.072
R0001211,68,TEXT_HW,MISC,TEXT,0.583,0.154,0.108
R0001211,69,TEXT_HW,LINE_HW,MISC,0.684,0.091,0.082
R0001211,93,TEXT_HW,LINE_HW,TEXT,0.744,0.099,0.059
R0001212,3,TEXT_HW,LINE_HW,MISC,0.607,0.14,0.096
R0001213,24,TEXT_HW,LINE_HW,MISC,0.592,0.205,0.07
R0001213,26,TEXT_HW,TEXT,LINE_HW,0.78,0.075,0.054
R0001213,79,TEXT_HW,MISC,TEXT,0.751,0.086,0.084
R0001213,90,TEXT_HW,TEXT,LINE_HW,0.808,0.063,0.049
R0001213,129,TEXT_HW,LINE_HW,TEXT,0.706,0.117,0.066
R0001213,130,TEXT_HW,LINE_HW,TEXT,0.756,0.09,0.065
R0001213,136,TEXT_HW,LINE_HW,TEXT,0.657,0.125,0.095
R0001234,8,TEXT_HW,LINE_HW,MISC,0.4,0.243,0.198
R0001234,9,TEXT_HW,TEXT,LINE_HW,0.729,0.084,0.08
R0001234,29,TEXT_HW,LINE_HW,TEXT,0.695,0.103,0.086
R0001234,45,TEXT_HW,TEXT,MISC,0.766,0.096,0.046
R0001234,46,TEXT_HW,MISC,TEXT,0.71,0.101,0.08
R0001234,49,TEXT_HW,LINE_HW,TEXT,0.642,0.141,0.093
R0002231,27,TEXT_HW,LINE_HW,TEXT,0.602,0.228,0.058
R0002231,53,TEXT_HW,LINE_HW,TEXT,0.614,0.206,0.055
R0002231,96,TEXT_HW,MISC,LINE_HW,0.607,0.156,0.116
R0002231,102,TEXT_HW,LINE_HW,MISC,0.587,0.223,0.073
R0002231,267,TEXT_HW,LINE_HW,TEXT,0.784,0.067,0.058
R0002231,276,TEXT_HW,LINE_HW,LINE_MIX,0.646,0.179,0.054
R0002231,287,TEXT_HW,LINE_HW,TEXT,0.71,0.123,0.07
R0002231,330,TEXT_HW,LINE_HW,MISC,0.619,0.189,0.064
R0002405,102,TEXT_HW,LINE_HW,TEXT,0.609,0.186,0.072
R0002405,313,TEXT_HW,LINE_HW,TEXT,0.712,0.107,0.063
R0002405,353,TEXT_HW,LINE_HW,MISC,0.361,0.252,0.209
R0002405,536,TEXT_HW,LINE_HW,TEXT,0.59,0.124,0.09
R0002405,559,TEXT_HW,LINE_HW,TEXT,0.69,0.102,0.075
R0002406,71,TEXT_HW,LINE_HW,TEXT,0.753,0.076,0.061
R0002406,140,TEXT_HW,LINE_HW,TEXT,0.493,0.264,0.077
R0002406,174,TEXT_HW,LINE_HW,TEXT,0.599,0.189,0.073
R0002406,294,TEXT_HW,LINE_HW,TEXT,0.629,0.159,0.081
R0002406,313,TEXT_HW,LINE_HW,TEXT,0.678,0.114,0.075
R0002406,352,TEXT_HW,MISC,TEXT,0.656,0.114,0.09
R0002406,428,TEXT_HW,LINE_HW,TEXT,0.555,0.128,0.113
R0002406,451,TEXT_HW,TEXT,LINE_HW,0.714,0.087,0.083
R0003230,42,TEXT_HW,MISC,LINE_HW,0.402,0.209,0.19
R0003230,86,TEXT_HW,LINE_HW,MISC,0.567,0.153,0.119
R0003230,130,TEXT_HW,LINE_HW,MISC,0.436,0.233,0.173
R0003230,217,TEXT_HW,LINE_HW,TEXT,0.671,0.124,0.088
R0003230,231,TEXT_HW,MISC,LINE_HW,0.535,0.176,0.129
R0003230,317,TEXT_HW,MISC,TEXT,0.663,0.103,0.099
R0003230,342,TEXT_HW,TEXT,MISC,0.69,0.088,0.086
R0003230,386,TEXT_HW,MISC,LINE_HW,0.358,0.25,0.183
R0003375,92,TEXT_HW,TEXT,MISC,0.733,0.111,0.051
R0003375,286,TEXT_HW,TEXT,LINE_HW,0.844,0.066,0.025
R0003375,324,TEXT_HW,TEXT,MISC,0.669,0.134,0.081
R0003375,339,TEXT_HW,TEXT,MISC,0.772,0.095,0.058
R0003387,6,TEXT_HW,TEXT,TEXT_TP,0.801,0.093,0.03
R0003387,152,TEXT_HW,PHOTO,MISC,0.399,0.262,0.107
R0003387,273,TEXT_HW,MISC,TEXT,0.452,0.149,0.123
R0003387,342,TEXT_HW,MISC,TEXT,0.636,0.093,0.086
R0003387,360,TEXT_HW,TEXT,LINE_HW,0.67,0.095,0.091
R0003387,381,TEXT_HW,TEXT,MISC,0.547,0.141,0.136
R0003388,51,TEXT_HW,MISC,TEXT,0.62,0.124,0.124
R0003388,105,TEXT_HW,TEXT,LINE_HW,0.712,0.084,0.072
R0003388,156,TEXT_HW,TEXT,LINE_HW,0.78,0.082,0.048
R0003388,201,TEXT_HW,TEXT,MISC,0.693,0.095,0.085
R0003388,434,TEXT_HW,MISC,TEXT,0.454,0.218,0.122
R0003388,443,TEXT_HW,TEXT,MISC,0.764,0.08,0.057
R0003388,494,TEXT_HW,MISC,TEXT,0.581,0.156,0.09
R0003388,525,TEXT_HW,TEXT,MISC,0.663,0.09,0.078
R0003389,49,TEXT_HW,TEXT,MISC,0.63,0.124,0.085
R0003389,108,TEXT_HW,TEXT,MISC,0.677,0.127,0.082
R0003389,129,TEXT_HW,TEXT,MISC,0.683,0.134,0.087
R0003389,236,TEXT_HW,TEXT,MISC,0.705,0.121,0.073
R0003389,301,TEXT_HW,TEXT,LINE_HW,0.731,0.091,0.068
R0003390,16,TEXT_HW,TEXT,MISC,0.671,0.122,0.083
R0003390,167,TEXT_HW,TEXT,LINE_HW,0.745,0.071,0.049
R0003390,171,TEXT_HW,TEXT,LINE_HW,0.764,0.09,0.047
R0003390,203,TEXT_HW,TEXT,MISC,0.603,0.145,0.113
R0003390,222,TEXT_HW,LINE_HW,TEXT,0.795,0.071,0.052
R0003390,243,TEXT_HW,LINE_HW,TEXT,0.742,0.083,0.071
R0003390,320,TEXT_HW,MISC,LINE_HW,0.629,0.092,0.074
R0003391,9,TEXT_HW,LINE_HW,TEXT,0.516,0.123,0.119
R0003391,33,TEXT_HW,MISC,TEXT,0.6,0.095,0.078
R0003391,60,TEXT_HW,TEXT,PHOTO,0.614,0.09,0.077
R0003391,88,TEXT_HW,LINE_HW,TEXT,0.645,0.153,0.06
R0003391,225,TEXT_HW,TEXT,MISC,0.71,0.12,0.073
R0003391,268,TEXT_HW,TEXT,LINE_HW,0.752,0.087,0.054
R0003392,31,TEXT_HW,MISC,LINE_HW,0.569,0.129,0.125
R0003392,41,TEXT_HW,LINE_HW,TEXT,0.642,0.155,0.073
R0003392,52,TEXT_HW,TEXT,LINE_HW,0.714,0.088,0.073
R0003392,76,TEXT_HW,MISC,LINE_HW,0.506,0.175,0.124
R0003392,86,TEXT_HW,LINE_HW,TEXT,0.602,0.16,0.071
R0003392,88,TEXT_HW,TEXT,MISC,0.652,0.105,0.098
R0003392,101,TEXT_HW,LINE_HW,MISC,0.63,0.18,0.078
R0003393,6,TEXT_HW,MISC,LINE_HW,0.486,0.203,0.097
R0003393,76,TEXT_HW,LINE_HW,TEXT,0.67,0.124,0.089
R0003393,79,TEXT_HW,LINE_HW,MISC,0.425,0.231,0.172
R0003393,86,TEXT_HW,LINE_HW,MISC,0.595,0.176,0.09
R0003393,136,TEXT_HW,TEXT,MISC,0.796,0.064,0.053
R0003393,319,TEXT_HW,LINE_HW,MISC,0.546,0.242,0.091
R0003393,323,TEXT_HW,MISC,LINE_HW,0.409,0.268,0.168
R0003393,353,TEXT_HW,TEXT,LINE_HW,0.803,0.104,0.027
R0003448,25,TEXT_HW,MISC,TEXT,0.513,0.201,0.116
R0003448,92,TEXT_HW,TEXT,MISC,0.763,0.087,0.053
R0003448,128,TEXT_HW,TEXT,LINE_HW,0.628,0.122,0.092
R0003448,161,TEXT_HW,MISC,TEXT,0.511,0.166,0.129
R0003448,206,TEXT_HW,LINE_HW,MISC,0.373,0.213,0.176
R0003448,296,TEXT_HW,MISC,LINE_HW,0.58,0.14,0.122
R0003448,340,TEXT_HW,MISC,TEXT,0.562,0.166,0.109
R0003449,62,TEXT_HW,MISC,TEXT,0.572,0.106,0.098
R0003449,103,TEXT_HW,TEXT,MISC,0.613,0.113,0.103
R0003449,122,TEXT_HW,MISC,LINE_HW,0.487,0.223,0.091
R0003449,192,TEXT_HW,MISC,TEXT,0.44,0.192,0.13
R0003449,211,TEXT_HW,MISC,LINE_HW,0.603,0.132,0.095
R0003449,221,TEXT_HW,TEXT,LINE_HW,0.622,0.112,0.098
R0003449,238,TEXT_HW,TEXT,MISC,0.582,0.132,0.13
R0003449,286,TEXT_HW,TEXT,MISC,0.691,0.116,0.072
U0000011,218,TEXT_HW,LINE_HW,MISC,0.592,0.128,0.113
U0000011,258,TEXT_HW,TEXT,MISC,0.746,0.089,0.076
U0000011,376,TEXT_HW,MISC,LINE_HW,0.59,0.128,0.126
U0000057,33,TEXT_HW,TEXT,MISC,0.684,0.123,0.068
U0000057,83,TEXT_HW,MISC,LINE_HW,0.627,0.112,0.106
U0000057,159,TEXT_HW,LINE_HW,MISC,0.337,0.224,0.217
U0000057,196,TEXT_HW,TEXT,LINE_HW,0.641,0.097,0.092
U0000057,201,TEXT_HW,LINE_HW,MISC,0.59,0.126,0.12
U0000057,256,TEXT_HW,TEXT,LINE_HW,0.741,0.076,0.071
U0000064,36,TEXT_TP,PHOTO,TEXT_HW,0.257,0.257,0.227
U0000064,224,TEXT_HW,TEXT,LINE_HW,0.741,0.099,0.069
U0000064,300,LINE_HW,TEXT_HW,LINE_MIX,0.458,0.194,0.14
U0000193,50,LINE_HW,TEXT_HW,MISC,0.394,0.37,0.1
U0000193,182,LINE_HW,MISC,TEXT_HW,0.34,0.31,0.185
U0000193,320,LINE_HW,TEXT_HW,LINE_MIX,0.614,0.155,0.069
U0000193,331,TEXT_HW,LINE_HW,MISC,0.322,0.243,0.214
U0000229,106,TEXT_HW,TEXT,MISC,0.796,0.081,0.052
U0000229,224,TEXT_HW,TEXT,LINE_HW,0.759,0.094,0.059
U0000229,286,TEXT_HW,MISC,LINE_HW,0.462,0.175,0.155
U0000234,67,TEXT_HW,TEXT,MISC,0.787,0.1,0.04
U0000234,100,TEXT_HW,TEXT,LINE_HW,0.648,0.12,0.091
U0000234,156,TEXT_HW,TEXT,MISC,0.736,0.097,0.07
U0000234,172,TEXT_HW,LINE_HW,TEXT,0.54,0.187,0.122
U0000234,185,TEXT_HW,LINE_HW,TEXT,0.308,0.276,0.175
U0000234,194,TEXT_HW,LINE_HW,TEXT,0.458,0.179,0.156
U0000236,83,TEXT_HW,MISC,LINE_HW,0.673,0.097,0.095
U0000236,147,TEXT_HW,LINE_HW,MISC,0.499,0.208,0.147
U0000236,191,TEXT_HW,LINE_HW,MISC,0.613,0.139,0.117
U0000236,216,TEXT_HW,LINE_HW,TEXT,0.679,0.126,0.08
U0000237,34,TEXT_HW,LINE_HW,TEXT,0.679,0.111,0.086
U0000237,59,TEXT_HW,LINE_HW,TEXT,0.701,0.126,0.069
U0000237,145,TEXT_HW,TEXT,MISC,0.777,0.077,0.061
U0000237,176,TEXT_HW,LINE_HW,MISC,0.66,0.094,0.094
U0000237,284,TEXT_HW,MISC,LINE_HW,0.606,0.131,0.094
V0000219,96,TEXT_HW,LINE_HW,MISC,0.531,0.228,0.118
V0000219,119,TEXT_HW,MISC,TEXT,0.611,0.141,0.1
V0000219,147,TEXT_HW,LINE_HW,TEXT,0.545,0.227,0.067
