FILE,PAGE,CLASS-1,CLASS-2,CLASS-3,SCORE-1,SCORE-2,SCORE-3
30002031,37,TEXT_HW,TEXT,LINE_HW,0.707,0.203,0.04
30002031,58,TEXT_HW,TEXT,LINE_HW,0.831,0.112,0.032
30002031,164,TEXT_HW,TEXT,LINE_HW,0.716,0.176,0.055
30002032,212,LINE_P,LINE_T,PHOTO_L,0.355,0.272,0.103
30002040,354,TEXT_HW,TEXT,LINE_HW,0.496,0.21,0.177
30002040,360,LINE_P,LINE_T,PHOTO_L,0.355,0.272,0.103
30002042,123,TEXT_HW,TEXT,TEXT_T,0.766,0.158,0.034
30002045,57,TEXT_HW,TEXT,LINE_HW,0.548,0.259,0.119
30002045,143,TEXT_HW,TEXT,LINE_HW,0.631,0.172,0.134
30002045,169,TEXT_HW,TEXT,LINE_HW,0.775,0.162,0.028
30002045,219,TEXT_HW,TEXT,LINE_HW,0.711,0.207,0.035
30002048,8,TEXT_HW,TEXT,LINE_HW,0.466,0.335,0.116
30002048,44,TEXT_HW,TEXT,LINE_HW,0.619,0.239,0.096
30002048,79,TEXT_HW,TEXT,LINE_HW,0.6,0.231,0.082
30002050,196,TEXT_HW,TEXT,LINE_HW,0.642,0.205,0.075
30002051,121,TEXT_HW,LINE_HW,TEXT,0.383,0.307,0.218
30002051,152,TEXT_HW,TEXT,LINE_HW,0.644,0.222,0.061
30002056,101,TEXT_HW,TEXT,LINE_HW,0.781,0.149,0.031
30002056,114,TEXT_HW,TEXT,LINE_HW,0.738,0.157,0.067
30002056,172,LINE_HW,TEXT_HW,TEXT,0.538,0.175,0.116
30002056,268,TEXT_HW,TEXT,LINE_HW,0.748,0.154,0.061
30002056,530,TEXT_HW,TEXT,LINE_HW,0.755,0.163,0.039
30002057,11,LINE_HW,TEXT_HW,TEXT,0.606,0.185,0.089
30002057,43,LINE_HW,TEXT_HW,TEXT,0.614,0.133,0.079
30002057,67,LINE_HW,TEXT_HW,TEXT,0.604,0.165,0.087
30002057,77,LINE_HW,TEXT_HW,TEXT,0.548,0.199,0.11
30002057,128,LINE_HW,TEXT_HW,TEXT,0.638,0.111,0.08
30002057,142,LINE_HW,TEXT_HW,TEXT,0.565,0.172,0.095
30002057,143,LINE_HW,TEXT_HW,TEXT,0.517,0.196,0.117
30002057,175,LINE_HW,TEXT_HW,TEXT,0.62,0.157,0.08
30003046,17,TEXT_HW,TEXT,LINE_HW,0.557,0.199,0.16
30003046,23,TEXT_HW,TEXT,LINE_HW,0.456,0.233,0.202
30003046,24,TEXT_HW,TEXT,LINE_HW,0.446,0.201,0.198
30003046,27,TEXT_HW,TEXT,LINE_HW,0.404,0.253,0.227
30003046,42,TEXT_HW,TEXT,LINE_HW,0.581,0.198,0.138
30003046,66,TEXT_HW,TEXT,LINE_HW,0.463,0.304,0.148
30003046,72,TEXT_HW,TEXT,LINE_HW,0.63,0.169,0.15
30003050,1,LINE_P,LINE_HW,TEXT_P,0.317,0.186,0.181
30003050,28,TEXT_HW,TEXT,LINE_HW,0.538,0.221,0.134
30003050,38,TEXT_HW,TEXT,LINE_HW,0.366,0.264,0.24
30003050,67,TEXT_HW,LINE_HW,TEXT,0.524,0.205,0.205
30003050,94,TEXT_HW,LINE_HW,TEXT,0.542,0.215,0.163
30003050,101,LINE_T,LINE_P,TEXT_T,0.406,0.275,0.103
30003051,41,LINE_HW,TEXT,TEXT_HW,0.521,0.152,0.111
30003051,80,LINE_HW,TEXT_HW,TEXT,0.397,0.26,0.153
30003051,111,LINE_HW,TEXT_HW,TEXT,0.417,0.237,0.174
30003051,120,LINE_HW,TEXT_HW,TEXT,0.593,0.122,0.091
30003051,128,LINE_HW,TEXT_HW,TEXT,0.564,0.134,0.113
30003051,155,LINE_HW,TEXT,TEXT_HW,0.51,0.188,0.185
30003051,292,LINE_HW,TEXT_HW,TEXT,0.493,0.165,0.158
30003051,306,LINE_HW,TEXT,TEXT_HW,0.468,0.186,0.18
30003052,10,TEXT_HW,LINE_HW,TEXT,0.375,0.198,0.18
30003052,61,TEXT_HW,LINE_HW,TEXT,0.313,0.308,0.181
30003052,67,LINE_HW,TEXT_HW,TEXT,0.381,0.246,0.169
30003052,70,LINE_HW,TEXT_HW,TEXT,0.395,0.263,0.175
30003052,129,LINE_HW,TEXT,TEXT_HW,0.514,0.164,0.157
30003052,137,LINE_HW,TEXT,TEXT_HW,0.496,0.156,0.144
30003052,197,LINE_HW,TEXT_HW,TEXT,0.436,0.196,0.144
30003052,247,LINE_HW,TEXT_HW,TEXT,0.602,0.155,0.105
30003053,23,TEXT_HW,LINE_HW,TEXT_T,0.37,0.143,0.134
30003053,27,LINE_HW,TEXT_HW,TEXT,0.576,0.139,0.112
30003053,37,LINE_HW,TEXT_HW,TEXT,0.501,0.135,0.133
30003053,117,LINE_HW,TEXT,TEXT_HW,0.409,0.229,0.215
30003053,118,LINE_HW,TEXT_HW,TEXT,0.433,0.214,0.192
30003053,137,LINE_HW,TEXT,TEXT_HW,0.506,0.113,0.108
30003053,207,LINE_HW,TEXT_HW,TEXT,0.49,0.175,0.145
30003053,218,LINE_HW,TEXT_HW,TEXT,0.565,0.108,0.106
30003054,36,LINE_HW,TEXT,TEXT_HW,0.528,0.144,0.12
30003054,68,LINE_HW,TEXT_HW,TEXT,0.517,0.141,0.121
30003054,93,LINE_HW,TEXT,LINE_T,0.558,0.1,0.097
30003054,101,LINE_HW,TEXT,TEXT_HW,0.528,0.118,0.109
30003054,124,LINE_HW,TEXT_HW,TEXT,0.608,0.116,0.114
30003054,131,LINE_HW,TEXT_HW,TEXT,0.526,0.129,0.11
30003054,135,LINE_HW,TEXT,TEXT_HW,0.586,0.115,0.091
30003054,205,LINE_HW,TEXT_HW,TEXT,0.565,0.143,0.13
30003055,28,LINE_HW,TEXT_HW,TEXT,0.535,0.151,0.125
30003055,52,LINE_HW,TEXT_HW,TEXT,0.366,0.256,0.24
30003055,79,LINE_HW,TEXT_HW,TEXT,0.635,0.104,0.097
30003055,85,LINE_HW,TEXT_HW,TEXT,0.624,0.119,0.108
30003055,116,LINE_HW,TEXT_HW,TEXT,0.562,0.14,0.109
30003055,167,LINE_HW,TEXT_HW,TEXT,0.515,0.208,0.119
30003055,191,LINE_HW,TEXT_HW,TEXT,0.569,0.168,0.125
30003055,196,LINE_HW,TEXT,TEXT_HW,0.518,0.168,0.166
30003056,84,LINE_HW,TEXT_HW,TEXT,0.548,0.098,0.097
30003056,106,LINE_HW,TEXT_HW,TEXT,0.384,0.237,0.199
30003056,113,LINE_HW,TEXT_HW,TEXT,0.441,0.184,0.152
30003056,149,LINE_HW,TEXT_HW,TEXT,0.473,0.166,0.14
30003056,156,LINE_HW,TEXT_HW,TEXT,0.577,0.11,0.105
30003056,198,LINE_HW,TEXT_HW,TEXT,0.513,0.164,0.152
30003056,203,LINE_HW,TEXT_HW,TEXT,0.558,0.17,0.129
30003056,297,LINE_HW,LINE_T,TEXT_HW,0.567,0.102,0.098
30003068,38,LINE_HW,TEXT_HW,TEXT,0.418,0.194,0.154
30003068,149,LINE_HW,LINE_T,TEXT_HW,0.578,0.097,0.078
30003068,154,LINE_HW,TEXT_HW,TEXT,0.38,0.227,0.153
30003068,162,LINE_HW,TEXT_HW,TEXT,0.422,0.163,0.129
30003068,220,LINE_HW,TEXT,TEXT_HW,0.438,0.161,0.142
30003068,227,LINE_HW,TEXT_HW,TEXT,0.435,0.17,0.155
30003068,238,LINE_HW,TEXT,TEXT_HW,0.473,0.151,0.14
30003068,309,LINE_HW,TEXT_HW,TEXT,0.453,0.177,0.124
30003116,32,TEXT_HW,TEXT,TEXT_T,0.71,0.2,0.038
30003116,99,TEXT_HW,TEXT,LINE_HW,0.646,0.179,0.12
30003116,175,TEXT_HW,TEXT,TEXT_T,0.672,0.236,0.053
30003116,474,TEXT_HW,TEXT,TEXT_T,0.737,0.195,0.029
30003116,498,TEXT_HW,TEXT,LINE_HW,0.71,0.2,0.055
30003116,523,TEXT_HW,TEXT,LINE_HW,0.751,0.176,0.034
40004026,495,TEXT_HW,LINE_HW,TEXT,0.41,0.351,0.144
40004033,4,PHOTO_L,TEXT_P,TEXT,0.172,0.152,0.136
40004033,167,TEXT_HW,LINE_HW,TEXT,0.39,0.384,0.153
40004033,336,TEXT_HW,LINE_HW,TEXT,0.576,0.19,0.179
40004033,399,TEXT_HW,TEXT,LINE_HW,0.703,0.175,0.095
40004036,2,TEXT_HW,LINE_HW,DRAW_L,0.363,0.283,0.114
40004036,3,TEXT_HW,TEXT,LINE_HW,0.451,0.386,0.09
40004036,6,TEXT_HW,TEXT,LINE_HW,0.637,0.147,0.059
40004036,7,DRAW,DRAW_L,TEXT_HW,0.729,0.264,0.003
40004036,13,DRAW,DRAW_L,TEXT,0.659,0.316,0.004
40004036,18,DRAW,DRAW_L,PHOTO,0.655,0.329,0.005
40004036,21,DRAW,DRAW_L,TEXT,0.735,0.25,0.004
40004036,22,DRAW,DRAW_L,TEXT,0.716,0.28,0.001
40004045,1,LINE_HW,LINE_P,TEXT,0.287,0.185,0.136
40004045,6,TEXT,LINE_HW,LINE_P,0.234,0.213,0.144
40004045,7,LINE_HW,LINE_T,LINE_P,0.337,0.255,0.225
40004045,8,LINE_HW,LINE_T,LINE_P,0.335,0.249,0.207
40004045,9,LINE_HW,LINE_T,LINE_P,0.329,0.212,0.196
40004045,11,LINE_HW,LINE_T,LINE_P,0.476,0.181,0.13
40004045,15,LINE_HW,LINE_T,LINE_P,0.318,0.202,0.155
40004045,17,TEXT_HW,TEXT,TEXT_P,0.394,0.192,0.167
40004053,70,TEXT_HW,TEXT,LINE_HW,0.684,0.184,0.095
40004053,94,TEXT_HW,TEXT,LINE_HW,0.72,0.171,0.082
40004053,99,TEXT_HW,TEXT,LINE_HW,0.723,0.138,0.098
40004053,103,TEXT_HW,TEXT,LINE_HW,0.734,0.159,0.079
40004053,120,LINE_HW,TEXT_HW,TEXT,0.516,0.19,0.155
40004053,122,LINE_HW,DRAW_L,TEXT_HW,0.581,0.106,0.082
40005340,274,TEXT_HW,LINE_HW,TEXT,0.649,0.186,0.126
40005341,327,TEXT_HW,TEXT,LINE_HW,0.77,0.132,0.052
40005343,209,TEXT_HW,TEXT,LINE_HW,0.743,0.146,0.083
40005343,492,TEXT_HW,TEXT,LINE_HW,0.786,0.111,0.065
40005343,628,TEXT_HW,TEXT,LINE_HW,0.745,0.125,0.098
40005343,794,TEXT_HW,TEXT,LINE_HW,0.798,0.121,0.049
40005343,812,TEXT_HW,TEXT,LINE_HW,0.828,0.094,0.048
40005368,459,TEXT_HW,TEXT,LINE_HW,0.683,0.162,0.11
40005382,32,TEXT_HW,TEXT,LINE_HW,0.636,0.194,0.114
40005383,5,TEXT_HW,LINE_HW,TEXT,0.612,0.17,0.165
40005383,17,TEXT_HW,TEXT,LINE_HW,0.344,0.202,0.175
40005383,510,TEXT_HW,TEXT,LINE_HW,0.631,0.187,0.141
40005383,837,TEXT_HW,TEXT,LINE_HW,0.798,0.091,0.081
40005383,1022,TEXT_HW,TEXT,LINE_HW,0.721,0.131,0.102
40005416,285,TEXT_HW,LINE_HW,TEXT,0.774,0.106,0.091
40005445,199,TEXT_HW,TEXT,LINE_HW,0.777,0.121,0.071
40005445,252,TEXT_HW,TEXT,LINE_HW,0.69,0.183,0.063
40005460,259,TEXT_HW,TEXT,LINE_HW,0.733,0.114,0.111
40005460,260,TEXT_HW,LINE_HW,TEXT,0.691,0.132,0.122
40005460,313,TEXT_HW,TEXT,LINE_HW,0.827,0.086,0.068
40005473,2,LINE_HW,LINE_P,PHOTO_L,0.257,0.216,0.179
40005473,43,TEXT_HW,LINE_HW,TEXT,0.41,0.329,0.153
40005508,77,TEXT_HW,LINE_HW,TEXT,0.541,0.233,0.157
40005508,139,TEXT_HW,LINE_HW,TEXT,0.592,0.175,0.152
40005508,239,LINE_T,LINE_P,TEXT_T,0.404,0.274,0.105
40005522,90,LINE_HW,TEXT_HW,TEXT,0.391,0.314,0.176
40005522,171,TEXT_HW,TEXT,LINE_HW,0.813,0.1,0.063
40005522,222,TEXT_HW,TEXT,LINE_HW,0.647,0.158,0.149
40005522,224,TEXT_HW,LINE_HW,TEXT,0.664,0.155,0.139
40005552,274,TEXT_HW,TEXT,LINE_HW,0.796,0.108,0.059
40005552,276,TEXT_HW,TEXT,LINE_HW,0.73,0.151,0.058
40005566,7,TEXT_HW,TEXT,LINE_HW,0.724,0.13,0.111
40005566,263,TEXT_HW,TEXT,LINE_HW,0.592,0.201,0.138
40005579,34,TEXT_HW,LINE_HW,TEXT,0.772,0.108,0.1
40005579,71,TEXT_HW,TEXT,LINE_HW,0.765,0.115,0.096
40005579,97,TEXT_HW,LINE_HW,TEXT,0.796,0.101,0.088
40005579,200,TEXT_HW,LINE_HW,TEXT,0.719,0.155,0.099
40005581,64,TEXT_HW,TEXT,LINE_HW,0.785,0.147,0.042
40005581,103,TEXT_HW,TEXT,LINE_HW,0.764,0.146,0.071
40005581,225,TEXT_HW,TEXT,LINE_HW,0.769,0.114,0.098
40005589,7,TEXT_HW,TEXT,LINE_HW,0.798,0.134,0.048
40005589,65,TEXT_HW,TEXT,LINE_HW,0.799,0.105,0.075
40005589,75,TEXT_HW,TEXT,LINE_HW,0.765,0.131,0.077
40005589,103,TEXT_HW,LINE_HW,TEXT,0.473,0.206,0.188
40006259,444,TEXT_HW,TEXT,LINE_HW,0.65,0.218,0.065
40006259,601,TEXT_HW,LINE_HW,TEXT,0.714,0.122,0.113
40006259,604,TEXT_HW,TEXT,LINE_HW,0.78,0.116,0.069
40006259,643,TEXT_HW,TEXT,LINE_HW,0.618,0.201,0.089
40006429,90,TEXT_HW,TEXT,LINE_HW,0.599,0.22,0.126
40006429,110,TEXT_HW,TEXT,LINE_HW,0.603,0.178,0.173
40006429,428,TEXT_HW,TEXT,LINE_HW,0.537,0.21,0.18
40006429,491,TEXT_HW,LINE_HW,TEXT,0.513,0.228,0.204
40006524,250,TEXT_HW,TEXT,LINE_HW,0.703,0.195,0.067
40006524,283,TEXT_HW,TEXT,LINE_HW,0.616,0.286,0.062
40006524,454,TEXT_HW,TEXT,LINE_HW,0.729,0.17,0.067
40006530,78,TEXT_HW,TEXT,LINE_HW,0.685,0.184,0.081
40006530,179,TEXT_HW,TEXT,LINE_HW,0.693,0.196,0.083
40006530,204,TEXT_HW,TEXT,LINE_HW,0.694,0.184,0.091
40006530,217,TEXT_HW,TEXT,LINE_HW,0.715,0.155,0.097
40006542,237,TEXT_HW,TEXT,LINE_HW,0.719,0.135,0.102
40006542,349,TEXT_HW,TEXT,LINE_HW,0.442,0.323,0.176
40006542,393,TEXT_HW,TEXT,LINE_HW,0.649,0.201,0.079
40007959,28,LINE_HW,TEXT,TEXT_HW,0.3,0.295,0.206
40007959,78,LINE_HW,DRAW_L,TEXT_HW,0.304,0.226,0.179
40007959,114,LINE_HW,TEXT,TEXT_HW,0.472,0.163,0.142
40007959,320,LINE_HW,DRAW_L,TEXT_HW,0.341,0.207,0.2
40007959,375,LINE_HW,DRAW_L,TEXT_HW,0.326,0.246,0.132
40007959,426,LINE_HW,TEXT_HW,TEXT,0.404,0.185,0.142
40007959,450,LINE_HW,DRAW_L,DRAW,0.305,0.287,0.119
40007959,479,LINE_HW,DRAW_L,TEXT_HW,0.404,0.194,0.146
40008195,16,LINE_HW,TEXT_HW,TEXT,0.429,0.264,0.114
40008195,18,TEXT_HW,TEXT,LINE_HW,0.381,0.242,0.231
40008195,152,TEXT,LINE_HW,TEXT_HW,0.263,0.247,0.205
40008195,292,TEXT_HW,TEXT,LINE_HW,0.386,0.287,0.137
40008195,313,LINE_HW,TEXT,TEXT_HW,0.283,0.213,0.204
40008195,316,LINE_HW,TEXT_HW,TEXT,0.292,0.258,0.231
40008195,320,LINE_HW,TEXT_HW,TEXT,0.314,0.223,0.2
40008195,365,TEXT_HW,TEXT,LINE_HW,0.413,0.284,0.15
40008497,104,TEXT_HW,TEXT,LINE_HW,0.602,0.259,0.091
40008497,109,TEXT_HW,TEXT,LINE_HW,0.514,0.332,0.051
40008497,274,TEXT_HW,TEXT,LINE_HW,0.55,0.19,0.146
40008497,307,TEXT_HW,TEXT,LINE_HW,0.672,0.16,0.108
40008497,320,TEXT_HW,TEXT,LINE_HW,0.582,0.262,0.084
40008508,28,TEXT_HW,TEXT,TEXT_T,0.424,0.346,0.083
40009975,45,TEXT_HW,TEXT,LINE_HW,0.703,0.157,0.104
40009975,86,TEXT_HW,TEXT,LINE_HW,0.738,0.15,0.081
40009975,481,TEXT_HW,TEXT,LINE_HW,0.737,0.178,0.06
40009975,683,TEXT_HW,TEXT,LINE_HW,0.52,0.27,0.154
40009976,419,TEXT_HW,TEXT,LINE_HW,0.704,0.173,0.088
71000564,202,DRAW_L,LINE_P,TEXT_P,0.185,0.169,0.156
A0003781,76,LINE_HW,LINE_T,LINE_P,0.723,0.09,0.08
A0003781,162,LINE_HW,LINE_T,LINE_P,0.719,0.107,0.064
A0003781,224,TEXT_HW,LINE_HW,TEXT,0.388,0.312,0.221
A0003781,533,LINE_HW,LINE_T,LINE_P,0.625,0.114,0.105
A0003784,102,LINE_HW,TEXT_HW,TEXT,0.54,0.225,0.075
A0018096,118,TEXT_HW,LINE_HW,DRAW_L,0.334,0.313,0.153
A0018098,117,LINE_HW,LINE_P,LINE_T,0.623,0.125,0.072
A0027039,51,TEXT_HW,LINE_HW,TEXT,0.446,0.271,0.164
A0027039,73,LINE_HW,TEXT_HW,TEXT,0.538,0.106,0.101
A0027039,80,LINE_HW,LINE_P,LINE_T,0.598,0.101,0.093
A0027039,91,LINE_HW,TEXT,TEXT_HW,0.536,0.131,0.098
A0027039,114,LINE_HW,LINE_P,TEXT,0.514,0.109,0.104
A0027039,122,LINE_HW,LINE_P,LINE_T,0.597,0.121,0.085
A0027039,189,LINE_HW,LINE_P,TEXT,0.453,0.164,0.097
A0027039,190,LINE_HW,LINE_P,TEXT,0.495,0.135,0.121
A0027040,10,LINE_HW,TEXT_HW,LINE_T,0.599,0.092,0.089
A0027040,31,LINE_HW,LINE_T,LINE_P,0.544,0.138,0.107
A0027040,62,LINE_HW,LINE_T,LINE_P,0.556,0.136,0.089
A0027040,72,LINE_HW,LINE_P,LINE_T,0.573,0.118,0.113
A0027040,90,LINE_HW,LINE_T,LINE_P,0.613,0.117,0.086
A0027040,128,LINE_HW,LINE_T,LINE_P,0.564,0.138,0.095
A0027040,132,LINE_HW,LINE_T,LINE_P,0.516,0.123,0.082
A0027040,144,LINE_HW,LINE_T,LINE_P,0.603,0.157,0.078
A0027041,22,LINE_HW,LINE_T,TEXT_HW,0.56,0.129,0.083
A0027041,43,LINE_HW,LINE_T,LINE_P,0.476,0.143,0.117
A0027041,45,LINE_HW,LINE_T,LINE_P,0.526,0.137,0.104
A0027041,73,LINE_HW,TEXT_HW,LINE_T,0.587,0.121,0.082
A0027041,79,LINE_HW,TEXT_HW,LINE_T,0.609,0.086,0.084
A0027041,96,LINE_HW,LINE_P,LINE_T,0.522,0.128,0.106
A0027041,111,LINE_HW,LINE_T,LINE_P,0.543,0.127,0.123
A0027041,150,LINE_HW,TEXT_HW,TEXT,0.606,0.139,0.07
A0027864,212,TEXT_HW,TEXT,LINE_HW,0.707,0.158,0.099
A0027864,295,TEXT_HW,LINE_HW,TEXT,0.435,0.308,0.165
A0027864,332,TEXT_HW,LINE_HW,TEXT,0.501,0.268,0.153
A0027864,390,TEXT_HW,LINE_HW,TEXT,0.489,0.287,0.159
A0027868,109,TEXT_HW,TEXT,LINE_HW,0.57,0.216,0.135
A0027868,262,TEXT_HW,LINE_HW,TEXT,0.512,0.265,0.156
A0027868,714,TEXT_HW,LINE_HW,TEXT,0.509,0.281,0.141
A0027870,150,TEXT_HW,LINE_HW,TEXT,0.467,0.258,0.189
A0027870,333,TEXT_HW,LINE_HW,TEXT,0.398,0.351,0.146
A0027870,416,TEXT_HW,LINE_HW,TEXT,0.546,0.195,0.172
A0027870,863,TEXT_HW,LINE_HW,TEXT,0.446,0.288,0.159
A0027870,895,TEXT_HW,LINE_HW,TEXT,0.432,0.307,0.159
A0027873,45,TEXT_HW,LINE_HW,TEXT,0.496,0.242,0.166
A0027873,226,LINE_HW,TEXT_HW,TEXT,0.439,0.284,0.157
A0027873,291,TEXT_HW,TEXT,LINE_HW,0.55,0.209,0.173
A0027873,497,LINE_HW,TEXT_HW,TEXT,0.521,0.231,0.145
A0027873,644,TEXT_HW,TEXT,LINE_HW,0.603,0.184,0.167
A0027874,274,TEXT_HW,LINE_HW,TEXT,0.498,0.284,0.134
A0027874,487,TEXT_HW,LINE_HW,TEXT,0.489,0.238,0.174
A0027874,579,TEXT_HW,LINE_HW,TEXT,0.369,0.336,0.174
A0027874,667,TEXT_HW,LINE_HW,TEXT,0.369,0.369,0.159
A0027878,398,TEXT_HW,LINE_HW,TEXT,0.413,0.303,0.208
A0027878,576,TEXT_HW,TEXT,LINE_HW,0.594,0.225,0.103
A0027880,103,TEXT_HW,TEXT,LINE_HW,0.648,0.169,0.106
A0027880,273,TEXT_HW,TEXT,LINE_HW,0.597,0.206,0.133
A0027880,551,LINE_HW,TEXT_HW,TEXT,0.488,0.296,0.074
A0027881,334,TEXT_HW,TEXT,LINE_HW,0.652,0.152,0.139
A0027881,943,LINE_HW,TEXT_HW,TEXT,0.368,0.325,0.197
A0027881,957,TEXT_HW,LINE_HW,TEXT,0.416,0.367,0.139
A0027888,241,TEXT_HW,TEXT,LINE_HW,0.406,0.27,0.239
A0027888,505,LINE_HW,LINE_P,LINE_T,0.625,0.091,0.077
A0027898,629,LINE_HW,TEXT_HW,TEXT,0.555,0.231,0.076
A0027898,745,TEXT_HW,LINE_HW,TEXT,0.584,0.202,0.139
A0027904,75,LINE_HW,TEXT_HW,TEXT,0.408,0.299,0.15
A0027904,509,TEXT_HW,TEXT,LINE_HW,0.624,0.23,0.093
A0027907,1,LINE_HW,LINE_T,LINE_P,0.282,0.227,0.182
A0027907,227,TEXT_HW,LINE_HW,TEXT,0.37,0.327,0.192
A0027907,346,TEXT_HW,LINE_HW,TEXT,0.436,0.329,0.125
A0027909,768,TEXT_HW,TEXT,LINE_HW,0.573,0.186,0.175
A0027914,44,TEXT_HW,TEXT,LINE_HW,0.693,0.187,0.072
A0027914,109,TEXT_HW,TEXT,LINE_HW,0.605,0.223,0.112
A0027914,149,TEXT_HW,TEXT,LINE_HW,0.548,0.222,0.157
A0027914,169,LINE_HW,LINE_T,LINE_P,0.654,0.09,0.086
A0027914,317,TEXT_HW,TEXT,LINE_HW,0.706,0.179,0.077
A0027914,350,LINE_HW,TEXT_HW,TEXT,0.595,0.206,0.09
A0027919,843,LINE_HW,PHOTO_L,DRAW_L,0.347,0.138,0.126
A0027919,1025,TEXT_HW,TEXT,LINE_HW,0.643,0.178,0.125
A0027920,13,TEXT_HW,TEXT,LINE_HW,0.559,0.219,0.165
A0027920,219,TEXT_HW,LINE_HW,TEXT,0.424,0.216,0.216
A0027923,219,TEXT_HW,LINE_HW,TEXT,0.567,0.19,0.184
A0027923,228,TEXT_HW,LINE_HW,TEXT,0.554,0.224,0.166
A0027924,119,TEXT_HW,LINE_HW,TEXT,0.553,0.224,0.159
A0027924,211,TEXT_HW,TEXT,LINE_HW,0.618,0.177,0.156
A0027924,221,TEXT_HW,LINE_HW,TEXT,0.515,0.228,0.189
A0027924,231,TEXT_HW,LINE_HW,TEXT,0.436,0.282,0.182
A0027924,296,TEXT_HW,LINE_HW,TEXT,0.504,0.253,0.169
A0027931,98,TEXT_HW,LINE_HW,TEXT,0.563,0.275,0.098
A0027931,200,LINE_HW,TEXT_HW,TEXT,0.542,0.199,0.077
A0027932,17,TEXT_HW,LINE_HW,TEXT,0.533,0.196,0.193
A0027932,463,LINE_HW,DRAW_L,LINE_P,0.505,0.192,0.074
A0027932,590,TEXT_HW,LINE_HW,TEXT,0.617,0.163,0.154
A0027935,41,TEXT_HW,TEXT,LINE_HW,0.56,0.226,0.142
A0027935,138,TEXT_HW,TEXT,LINE_HW,0.661,0.215,0.062
A0027935,176,LINE_HW,LINE_T,LINE_P,0.662,0.077,0.071
A0027935,199,TEXT_HW,TEXT,LINE_HW,0.644,0.209,0.09
A0027935,223,TEXT_HW,TEXT,LINE_HW,0.639,0.235,0.058
A0027935,228,TEXT_HW,TEXT,LINE_HW,0.66,0.228,0.067
A0027940,13,TEXT_HW,LINE_HW,TEXT,0.569,0.179,0.173
A0027940,31,TEXT_HW,TEXT,LINE_HW,0.683,0.167,0.075
A0027940,38,TEXT_HW,TEXT,LINE_HW,0.699,0.151,0.101
A0027940,58,TEXT_HW,TEXT,LINE_HW,0.607,0.21,0.087
A0027940,94,TEXT_HW,TEXT,LINE_HW,0.684,0.19,0.072
A0027940,108,TEXT_HW,TEXT,LINE_HW,0.582,0.195,0.152
A0027940,123,TEXT_HW,TEXT,LINE_HW,0.707,0.131,0.119
A0027940,130,TEXT_HW,TEXT,LINE_HW,0.7,0.138,0.118
A0027942,168,TEXT_HW,LINE_HW,TEXT,0.629,0.211,0.106
A0027942,239,TEXT_HW,LINE_HW,TEXT,0.487,0.26,0.168
A0027944,112,LINE_HW,TEXT_HW,TEXT,0.586,0.203,0.09
A0027944,172,TEXT_HW,TEXT,LINE_HW,0.661,0.208,0.081
A0027945,10,TEXT_HW,LINE_HW,TEXT,0.547,0.214,0.147
A0027945,19,TEXT_HW,TEXT,LINE_HW,0.689,0.149,0.102
A0027945,33,TEXT_HW,TEXT,LINE_HW,0.657,0.161,0.138
A0027945,176,TEXT_HW,TEXT,LINE_HW,0.495,0.234,0.194
A0027945,199,TEXT_HW,LINE_HW,TEXT,0.586,0.168,0.163
A0027945,238,TEXT_HW,TEXT,LINE_HW,0.617,0.213,0.104
A0027946,14,TEXT_HW,TEXT,LINE_HW,0.622,0.167,0.139
A0027949,12,TEXT_HW,TEXT,LINE_HW,0.581,0.25,0.095
A0027949,25,TEXT_HW,TEXT,LINE_HW,0.543,0.265,0.097
A0027949,68,TEXT_HW,TEXT,LINE_HW,0.647,0.217,0.08
A0027949,225,TEXT_HW,TEXT,LINE_HW,0.723,0.118,0.114
A0027949,230,TEXT_HW,TEXT,LINE_HW,0.649,0.149,0.14
A0027949,255,TEXT_HW,LINE_HW,TEXT,0.712,0.132,0.12
A0027951,36,TEXT_HW,LINE_HW,TEXT,0.417,0.278,0.231
A0027951,85,TEXT_HW,TEXT,LINE_HW,0.639,0.189,0.108
A0027951,94,TEXT_HW,TEXT,LINE_HW,0.693,0.212,0.052
A0027951,105,TEXT_HW,TEXT,LINE_HW,0.708,0.173,0.073
A0027951,123,TEXT_HW,TEXT,LINE_HW,0.669,0.169,0.116
A0027951,127,TEXT_HW,TEXT,LINE_HW,0.687,0.174,0.087
A0027951,209,TEXT_HW,TEXT,LINE_HW,0.478,0.233,0.199
A0027951,232,TEXT_HW,TEXT,LINE_HW,0.575,0.211,0.141
A0027952,8,TEXT_HW,LINE_HW,TEXT,0.521,0.316,0.113
A0027952,116,TEXT_HW,LINE_HW,TEXT,0.545,0.213,0.171
A0027964,51,TEXT_HW,LINE_HW,TEXT,0.534,0.304,0.102
A0027964,83,TEXT_HW,LINE_HW,TEXT,0.444,0.335,0.158
A0027964,100,TEXT_HW,TEXT,LINE_HW,0.726,0.202,0.046
A0027964,254,LINE_HW,TEXT_HW,LINE_T,0.784,0.064,0.049
A0027964,347,TEXT_HW,LINE_HW,TEXT,0.563,0.242,0.12
A0027968,24,TEXT_HW,TEXT,LINE_HW,0.812,0.11,0.049
A0027968,49,LINE_HW,LINE_T,TEXT_HW,0.778,0.065,0.059
A0027968,131,TEXT_HW,TEXT,LINE_HW,0.719,0.137,0.107
A0027968,153,TEXT_HW,LINE_HW,TEXT,0.33,0.33,0.22
A0027969,101,TEXT_HW,TEXT,LINE_HW,0.618,0.274,0.069
A0027969,169,TEXT_HW,TEXT,LINE_HW,0.521,0.231,0.191
A0027969,174,TEXT_HW,TEXT,LINE_HW,0.641,0.195,0.11
A0027969,183,TEXT_HW,TEXT,LINE_HW,0.656,0.171,0.107
A0027969,187,TEXT_HW,TEXT,LINE_HW,0.567,0.222,0.157
A0027969,262,TEXT_HW,TEXT,LINE_HW,0.684,0.215,0.054
A0027969,274,TEXT_HW,TEXT,LINE_HW,0.663,0.158,0.131
A0027975,337,TEXT_HW,LINE_HW,TEXT,0.434,0.328,0.155
A0027975,411,TEXT_HW,LINE_HW,TEXT,0.486,0.268,0.168
A0027975,453,TEXT_HW,TEXT,LINE_HW,0.599,0.194,0.156
A0027976,30,TEXT_HW,TEXT,LINE_HW,0.538,0.246,0.136
A0027976,662,LINE_HW,TEXT_HW,TEXT,0.546,0.235,0.077
A0027982,196,TEXT_HW,LINE_HW,TEXT,0.437,0.34,0.137
A0027982,248,TEXT_HW,LINE_HW,TEXT,0.459,0.262,0.185
A0027982,440,TEXT_HW,LINE_HW,TEXT,0.467,0.258,0.177
A0027982,629,LINE_HW,TEXT_HW,TEXT,0.548,0.195,0.077
A0030232,3,LINE_HW,LINE_P,TEXT,0.317,0.298,0.141
A0030232,211,LINE_HW,TEXT_HW,LINE_T,0.72,0.114,0.051
A0030242,323,TEXT_HW,LINE_HW,TEXT,0.522,0.211,0.211
A0030242,333,LINE_HW,TEXT_HW,TEXT,0.409,0.318,0.181
A0030242,438,TEXT_HW,LINE_HW,TEXT,0.379,0.345,0.185
A0030242,449,TEXT_HW,TEXT,LINE_HW,0.626,0.197,0.14
A0030242,592,TEXT_HW,TEXT,LINE_HW,0.697,0.166,0.085
A0030422,49,TEXT_HW,TEXT,LINE_HW,0.678,0.166,0.092
A0030422,91,LINE_HW,TEXT_HW,TEXT,0.482,0.224,0.116
A0030422,94,TEXT_HW,TEXT,LINE_HW,0.627,0.164,0.149
A0030422,190,TEXT_HW,TEXT,LINE_HW,0.527,0.234,0.151
A0030422,230,TEXT_HW,TEXT,LINE_HW,0.638,0.156,0.13
A0030423,26,TEXT_HW,LINE_HW,TEXT,0.496,0.166,0.142
A0030423,41,TEXT_HW,LINE_HW,TEXT,0.56,0.2,0.151
A0030423,224,TEXT_HW,LINE_HW,TEXT,0.344,0.233,0.19
A0030423,679,LINE_HW,TEXT_HW,TEXT,0.524,0.247,0.097
A0030424,78,LINE_HW,TEXT_HW,TEXT,0.472,0.325,0.105
A0030424,280,TEXT_HW,TEXT,LINE_HW,0.604,0.252,0.087
A0036633,245,LINE_HW,LINE_P,TEXT_HW,0.719,0.069,0.061
A0036633,253,LINE_HW,LINE_P,LINE_T,0.596,0.131,0.079
A0036633,283,LINE_HW,LINE_P,LINE_T,0.628,0.124,0.077
A0036633,299,LINE_HW,LINE_P,LINE_T,0.69,0.098,0.068
A0036633,372,LINE_HW,LINE_P,LINE_T,0.776,0.06,0.055
A0036633,429,LINE_HW,LINE_T,TEXT_HW,0.663,0.088,0.073
A0036633,504,LINE_HW,LINE_P,LINE_T,0.691,0.098,0.047
A0036633,524,LINE_HW,LINE_P,LINE_T,0.67,0.104,0.057
A0043896,139,TEXT_HW,TEXT,LINE_HW,0.636,0.146,0.133
A0043896,289,LINE_P,PHOTO_L,LINE_HW,0.368,0.169,0.127
A0043896,362,TEXT_HW,TEXT,LINE_HW,0.488,0.216,0.174
A0043896,378,LINE_HW,TEXT_HW,TEXT,0.671,0.152,0.042
A0043897,4,PHOTO_L,LINE_P,PHOTO,0.218,0.192,0.132
A0043897,179,TEXT_HW,TEXT,LINE_HW,0.658,0.183,0.095
A0043897,438,LINE_HW,TEXT_HW,TEXT,0.423,0.227,0.14
A0043899,100,LINE_HW,TEXT_HW,LINE_T,0.563,0.228,0.061
A0043899,110,LINE_HW,TEXT_HW,TEXT_T,0.55,0.184,0.063
A0043899,208,LINE_HW,TEXT_HW,TEXT_T,0.476,0.28,0.065
A0043900,86,LINE_HW,TEXT_HW,TEXT,0.553,0.223,0.051
A0043900,226,LINE_HW,TEXT_HW,PHOTO_L,0.436,0.223,0.1
A0043901,77,LINE_HW,PHOTO_L,LINE_P,0.257,0.21,0.107
A0043901,83,LINE_HW,TEXT_HW,LINE_P,0.605,0.197,0.056
A0043901,256,LINE_HW,TEXT_HW,LINE_T,0.642,0.113,0.065
A0043904,33,LINE_HW,TEXT_HW,LINE_P,0.591,0.108,0.089
A0043904,442,LINE_HW,PHOTO_L,LINE_P,0.203,0.197,0.168
A0043906,274,LINE_HW,TEXT_HW,TEXT,0.558,0.16,0.059
A0043906,276,LINE_HW,TEXT_HW,TEXT,0.472,0.194,0.109
A0043906,431,LINE_HW,TEXT_HW,TEXT,0.427,0.289,0.097
A0043908,19,DRAW_L,LINE_HW,DRAW,0.278,0.234,0.21
A0043908,291,TEXT_HW,LINE_HW,TEXT,0.587,0.223,0.094
A0043908,385,LINE_HW,TEXT_HW,LINE_T,0.684,0.125,0.054
A0043910,239,TEXT_HW,LINE_HW,TEXT,0.527,0.241,0.116
A0043910,303,LINE_HW,DRAW_L,TEXT_HW,0.556,0.117,0.089
A0043912,201,LINE_HW,TEXT_HW,TEXT,0.521,0.347,0.058
A0043914,12,LINE_HW,LINE_T,LINE_P,0.659,0.084,0.071
A0043914,15,LINE_HW,TEXT_HW,TEXT,0.612,0.117,0.071
A0043914,160,LINE_HW,TEXT_HW,LINE_T,0.659,0.086,0.067
A0043914,329,LINE_HW,LINE_P,PHOTO_L,0.531,0.183,0.061
A0043915,16,LINE_HW,TEXT_HW,TEXT,0.591,0.145,0.084
A0043915,330,LINE_HW,LINE_P,LINE_T,0.676,0.094,0.087
A0043916,356,LINE_HW,TEXT_HW,DRAW_L,0.461,0.145,0.122
A0043916,407,LINE_HW,LINE_P,TEXT_HW,0.512,0.099,0.09
A0043916,492,TEXT_HW,LINE_HW,TEXT,0.683,0.157,0.108
A0043917,508,LINE_HW,TEXT_HW,TEXT,0.529,0.201,0.09
A0043918,136,LINE_HW,TEXT_HW,TEXT,0.506,0.267,0.098
A0043922,3,DRAW_L,LINE_P,PHOTO_L,0.557,0.137,0.134
A0043923,12,LINE_HW,TEXT_HW,LINE_P,0.703,0.117,0.045
A0043923,92,LINE_HW,LINE_P,LINE_T,0.626,0.12,0.098
A0043923,452,LINE_HW,TEXT_HW,TEXT,0.454,0.307,0.06
A0043925,342,LINE_HW,TEXT_HW,LINE_T,0.633,0.105,0.09
A0043932,3,LINE_HW,TEXT_HW,LINE_P,0.415,0.179,0.088
A0043934,242,LINE_HW,LINE_P,TEXT_HW,0.303,0.178,0.128
A0043935,350,LINE_HW,TEXT_HW,TEXT,0.422,0.379,0.065
A0043936,1,LINE_HW,LINE_P,LINE_T,0.319,0.193,0.117
A0043936,101,LINE_HW,TEXT_HW,DRAW_L,0.598,0.136,0.068
A0043937,303,LINE_HW,DRAW_L,LINE_P,0.578,0.116,0.112
A0054801,3,PHOTO_L,LINE_HW,LINE_P,0.312,0.118,0.1
A0054808,4,PHOTO_L,PHOTO,LINE_P,0.325,0.18,0.123
A0054812,9,TEXT_HW,LINE_HW,TEXT,0.479,0.309,0.083
A0054815,3,PHOTO_L,LINE_HW,LINE_P,0.236,0.212,0.162
A0054834,6,PHOTO_L,LINE_HW,PHOTO,0.246,0.246,0.128
A0054843,566,LINE_HW,LINE_P,TEXT_HW,0.716,0.111,0.044
A0054844,619,TEXT_HW,LINE_HW,TEXT,0.818,0.088,0.068
A0056924,39,LINE_HW,LINE_T,LINE_P,0.645,0.102,0.099
A0056924,74,LINE_HW,LINE_T,LINE_P,0.656,0.099,0.087
A0056924,115,LINE_HW,LINE_T,LINE_P,0.554,0.102,0.085
A0056924,120,LINE_HW,LINE_P,LINE_T,0.525,0.144,0.105
A0056924,177,LINE_HW,LINE_T,LINE_P,0.581,0.132,0.106
A0056924,202,LINE_HW,LINE_P,LINE_T,0.59,0.127,0.111
A0056924,230,LINE_P,TEXT,PHOTO_L,0.301,0.189,0.132
A0056924,254,LINE_HW,LINE_P,LINE_T,0.528,0.133,0.114
A0056926,4,LINE_HW,LINE_P,LINE_T,0.44,0.267,0.172
A0056926,29,LINE_HW,LINE_T,LINE_P,0.572,0.166,0.104
A0056926,67,LINE_HW,LINE_T,LINE_P,0.582,0.152,0.143
A0056926,89,LINE_HW,LINE_T,LINE_P,0.565,0.115,0.1
A0056926,93,LINE_HW,LINE_P,LINE_T,0.593,0.098,0.085
A0056926,124,LINE_HW,LINE_T,TEXT_HW,0.638,0.082,0.077
A0056926,156,LINE_HW,LINE_T,LINE_P,0.549,0.155,0.148
A0056926,216,LINE_HW,LINE_T,LINE_P,0.556,0.097,0.097
A0056930,69,LINE_HW,LINE_T,LINE_P,0.573,0.134,0.103
A0056930,127,LINE_HW,LINE_T,LINE_P,0.657,0.118,0.089
A0056930,153,LINE_HW,LINE_P,LINE_T,0.571,0.106,0.101
A0056930,160,LINE_HW,LINE_T,LINE_P,0.66,0.098,0.068
A0056930,195,LINE_HW,LINE_T,LINE_P,0.579,0.144,0.119
A0056930,201,LINE_HW,TEXT_HW,LINE_T,0.57,0.107,0.099
A0056931,6,LINE_HW,LINE_T,LINE_P,0.723,0.072,0.07
A0056931,86,LINE_HW,LINE_P,LINE_T,0.553,0.166,0.121
A0056931,135,LINE_HW,LINE_P,LINE_T,0.612,0.132,0.098
A0056931,168,LINE_HW,LINE_T,LINE_P,0.624,0.094,0.075
A0056931,188,LINE_HW,LINE_T,LINE_P,0.603,0.122,0.122
A0056931,262,LINE_HW,LINE_P,LINE_T,0.545,0.138,0.09
A0056931,263,LINE_HW,LINE_T,LINE_P,0.624,0.096,0.079
A0056931,275,LINE_HW,DRAW,DRAW_L,0.229,0.19,0.155
A0056939,46,LINE_HW,LINE_P,LINE_T,0.63,0.115,0.089
A0056939,82,LINE_HW,TEXT_HW,LINE_P,0.501,0.137,0.088
A0056939,93,LINE_HW,LINE_T,LINE_P,0.586,0.094,0.084
A0056939,114,LINE_HW,LINE_T,TEXT_HW,0.544,0.112,0.105
A0056939,132,LINE_HW,LINE_T,LINE_P,0.55,0.129,0.123
A0056939,187,LINE_HW,LINE_T,LINE_P,0.549,0.132,0.1
A0056939,215,LINE_HW,TEXT_HW,LINE_P,0.613,0.106,0.078
A0056947,5,DRAW_L,PHOTO_L,DRAW,0.236,0.225,0.173
A0056947,19,LINE_HW,LINE_T,LINE_P,0.585,0.121,0.108
A0056947,36,LINE_HW,LINE_T,LINE_P,0.585,0.119,0.093
A0056947,86,LINE_HW,LINE_T,LINE_P,0.62,0.126,0.088
A0056947,164,LINE_HW,LINE_T,LINE_P,0.573,0.116,0.096
A0056947,297,LINE_HW,LINE_T,LINE_P,0.564,0.159,0.152
A0056947,311,LINE_HW,TEXT_HW,LINE_T,0.554,0.127,0.084
A0056947,341,LINE_HW,LINE_T,TEXT_HW,0.622,0.105,0.083
A0056952,1,LINE_HW,LINE_P,TEXT_P,0.27,0.2,0.161
A0056952,25,LINE_HW,LINE_T,LINE_P,0.58,0.102,0.089
A0056952,170,LINE_HW,LINE_T,LINE_P,0.606,0.144,0.077
A0056952,184,LINE_HW,LINE_T,LINE_P,0.542,0.107,0.096
A0056952,187,LINE_HW,LINE_T,LINE_P,0.625,0.107,0.072
A0056952,191,LINE_HW,LINE_T,TEXT_HW,0.644,0.1,0.079
A0056952,221,LINE_HW,LINE_T,LINE_P,0.628,0.154,0.093
A0056952,288,LINE_HW,LINE_T,LINE_P,0.618,0.114,0.075
A0056955,13,LINE_HW,LINE_T,TEXT_HW,0.57,0.118,0.093
A0056955,35,LINE_HW,LINE_P,LINE_T,0.557,0.119,0.092
A0056955,50,LINE_HW,LINE_T,LINE_P,0.638,0.118,0.091
A0056955,122,LINE_HW,LINE_T,LINE_P,0.63,0.118,0.079
A0056955,133,LINE_HW,LINE_P,LINE_T,0.627,0.129,0.09
A0056955,214,LINE_HW,LINE_P,LINE_T,0.599,0.128,0.111
A0056955,240,LINE_HW,LINE_P,LINE_T,0.59,0.103,0.093
A0056955,269,LINE_HW,LINE_T,LINE_P,0.629,0.114,0.072
A0056975,15,LINE_HW,TEXT_HW,LINE_T,0.63,0.104,0.089
A0056975,82,LINE_HW,TEXT_HW,LINE_T,0.596,0.139,0.076
A0056975,171,LINE_HW,LINE_T,TEXT_HW,0.631,0.111,0.085
A0056975,186,LINE_HW,LINE_T,LINE_P,0.562,0.158,0.099
A0056975,195,LINE_HW,LINE_T,LINE_P,0.559,0.107,0.091
A0056975,245,LINE_HW,LINE_T,LINE_P,0.621,0.097,0.088
A0056975,312,LINE_HW,LINE_T,LINE_P,0.603,0.126,0.088
A0056975,369,LINE_HW,LINE_T,LINE_P,0.63,0.108,0.07
A0056980,19,LINE_HW,TEXT_HW,LINE_T,0.682,0.08,0.079
A0056980,57,LINE_HW,TEXT_HW,LINE_T,0.604,0.093,0.084
A0056980,61,LINE_HW,TEXT_HW,LINE_T,0.613,0.108,0.082
A0056980,71,LINE_HW,LINE_T,LINE_P,0.64,0.12,0.072
A0056980,166,LINE_HW,LINE_T,LINE_P,0.691,0.103,0.094
A0056980,185,LINE_HW,LINE_P,LINE_T,0.56,0.139,0.082
A0056980,195,LINE_HW,LINE_P,LINE_T,0.648,0.095,0.086
A0056980,214,LINE_HW,LINE_T,LINE_P,0.629,0.1,0.08
A0056984,178,LINE_HW,LINE_P,DRAW_L,0.607,0.111,0.081
A0056984,209,LINE_HW,LINE_T,LINE_P,0.626,0.156,0.09
A0056984,302,LINE_HW,LINE_T,LINE_P,0.553,0.151,0.096
A0056984,304,LINE_HW,LINE_T,LINE_P,0.629,0.116,0.079
A0056984,310,LINE_HW,LINE_T,LINE_P,0.556,0.115,0.087
A0056984,316,LINE_HW,LINE_T,LINE_P,0.61,0.128,0.097
A0056984,364,LINE_HW,LINE_T,LINE_P,0.549,0.167,0.086
A0056984,405,LINE_HW,LINE_T,LINE_P,0.598,0.089,0.089
A0056985,109,LINE_HW,LINE_T,LINE_P,0.669,0.118,0.072
A0056985,225,LINE_HW,LINE_T,LINE_P,0.614,0.105,0.088
A0056985,230,LINE_HW,LINE_T,LINE_P,0.637,0.12,0.082
A0056985,277,LINE_HW,LINE_P,PHOTO_L,0.662,0.09,0.05
A0056985,342,LINE_HW,LINE_T,LINE_P,0.671,0.101,0.094
A0056985,384,LINE_HW,LINE_T,LINE_P,0.706,0.093,0.061
A0056985,472,LINE_HW,LINE_T,LINE_P,0.651,0.1,0.077
A0060185,1,LINE_HW,LINE_T,TEXT_T,0.339,0.135,0.127
A0060185,2,LINE_HW,TEXT_HW,PHOTO_L,0.207,0.163,0.135
A0060185,7,TEXT_HW,LINE_HW,TEXT,0.363,0.352,0.169
A0060186,45,TEXT_HW,LINE_HW,TEXT,0.535,0.206,0.191
A0060187,1,LINE_HW,LINE_P,LINE_T,0.398,0.156,0.144
A0060187,29,LINE_HW,TEXT,TEXT_HW,0.465,0.351,0.149
A0060188,1,TEXT_T,LINE_T,LINE_HW,0.287,0.161,0.146
A0060188,2,LINE_HW,TEXT_HW,PHOTO_L,0.218,0.172,0.098
A0060188,4,TEXT_HW,LINE_HW,TEXT,0.632,0.175,0.15
A0060188,8,TEXT_HW,TEXT,LINE_HW,0.685,0.158,0.114
A0060188,11,TEXT_HW,TEXT,LINE_HW,0.642,0.19,0.123
A0060188,18,TEXT_HW,TEXT,LINE_HW,0.571,0.254,0.128
A0060189,1,LINE_HW,LINE_P,LINE_T,0.391,0.144,0.127
A0060189,4,PHOTO_L,LINE_HW,TEXT_HW,0.322,0.247,0.092
A0060189,5,PHOTO_L,DRAW_L,PHOTO,0.381,0.189,0.174
A0060190,21,TEXT_HW,TEXT,LINE_HW,0.61,0.183,0.167
A0060190,83,TEXT_HW,TEXT,LINE_HW,0.67,0.162,0.109
A0060191,2,DRAW_L,LINE_HW,TEXT_HW,0.199,0.187,0.135
A0060191,15,PHOTO_L,LINE_HW,PHOTO,0.241,0.182,0.153
A0060192,15,TEXT_HW,LINE_HW,TEXT,0.581,0.195,0.124
A0060192,25,TEXT_HW,LINE_HW,TEXT,0.486,0.277,0.135
A0060192,26,TEXT_HW,LINE_HW,TEXT,0.553,0.261,0.099
A0060192,33,TEXT_HW,LINE_HW,TEXT,0.536,0.245,0.127
A0060192,35,TEXT_HW,LINE_HW,TEXT,0.469,0.312,0.111
A0060192,41,TEXT_HW,LINE_HW,TEXT,0.454,0.312,0.111
A0060192,43,TEXT_HW,LINE_HW,TEXT,0.541,0.219,0.15
A0060193,2,LINE_HW,LINE_P,TEXT_HW,0.243,0.162,0.159
A0060193,10,TEXT_HW,TEXT,LINE_HW,0.536,0.227,0.156
A0060193,14,TEXT_HW,TEXT,LINE_HW,0.632,0.24,0.1
A0060193,30,TEXT_HW,LINE_HW,TEXT,0.521,0.204,0.192
A0060193,40,TEXT_HW,TEXT,LINE_HW,0.569,0.182,0.166
A0060193,60,TEXT_HW,LINE_HW,TEXT,0.551,0.193,0.185
A0060193,71,PHOTO_L,LINE_HW,PHOTO,0.241,0.182,0.153
A0060194,1,TEXT,TEXT_P,LINE_HW,0.289,0.201,0.13
A0060194,2,TEXT_HW,LINE_HW,TEXT,0.227,0.227,0.154
A0060194,4,TEXT_HW,TEXT,LINE_HW,0.741,0.129,0.097
A0060194,5,TEXT_HW,TEXT,LINE_HW,0.668,0.194,0.098
A0060194,6,TEXT_HW,TEXT,LINE_HW,0.628,0.198,0.136
A0060194,8,PHOTO_L,LINE_HW,PHOTO,0.241,0.182,0.153
A0060195,46,PHOTO_L,LINE_HW,PHOTO,0.241,0.182,0.153
A0060197,33,PHOTO_L,LINE_HW,PHOTO,0.241,0.182,0.153
A0060198,5,TEXT_HW,TEXT,LINE_HW,0.592,0.18,0.164
A0060198,7,TEXT_HW,LINE_HW,TEXT,0.555,0.211,0.154
A0060198,39,TEXT_HW,LINE_HW,TEXT,0.503,0.238,0.168
A0060198,51,TEXT_HW,LINE_HW,TEXT,0.596,0.234,0.129
A0060198,58,TEXT_HW,TEXT,LINE_HW,0.576,0.187,0.165
A0060198,64,TEXT_HW,LINE_HW,TEXT,0.673,0.16,0.121
A0060199,7,TEXT_HW,LINE_HW,TEXT,0.539,0.28,0.122
A0060200,311,TEXT_HW,LINE_HW,TEXT,0.534,0.223,0.144
A0060200,351,TEXT_HW,TEXT,LINE_HW,0.714,0.145,0.103
A0060200,582,PHOTO_L,PHOTO,LINE_HW,0.429,0.148,0.115
A0060202,51,TEXT_HW,TEXT,LINE_HW,0.641,0.167,0.143
A0060202,210,TEXT_HW,LINE_HW,TEXT,0.695,0.141,0.117
A0060203,1,LINE_HW,LINE_T,LINE_P,0.355,0.205,0.143
A0060203,229,TEXT_HW,LINE_HW,TEXT,0.519,0.278,0.138
A0060203,454,TEXT_HW,LINE_HW,TEXT,0.529,0.266,0.138
A0060203,575,TEXT_HW,LINE_HW,TEXT,0.393,0.369,0.169
A0060209,290,TEXT_HW,TEXT,LINE_HW,0.672,0.193,0.105
A0060209,312,TEXT_HW,TEXT,LINE_HW,0.714,0.124,0.115
A0065848,327,LINE_HW,TEXT_HW,TEXT,0.484,0.243,0.079
A0065851,256,DRAW_L,DRAW,LINE_HW,0.235,0.186,0.175
A0065851,289,PHOTO_L,PHOTO,LINE_HW,0.464,0.222,0.117
A0065877,3,LINE_P,LINE_HW,TEXT,0.189,0.183,0.177
A0065890,412,LINE_HW,TEXT_HW,TEXT,0.488,0.336,0.095
A0065894,143,LINE_P,LINE_HW,PHOTO_L,0.221,0.17,0.159
A0065901,2,LINE_P,LINE_HW,PHOTO_L,0.394,0.228,0.145
A0065910,219,LINE_HW,TEXT_HW,DRAW_L,0.373,0.329,0.151
A0065910,288,LINE_HW,DRAW_L,TEXT_HW,0.545,0.235,0.085
A0065911,4,LINE_HW,PHOTO_L,DRAW_L,0.565,0.117,0.075
A0065914,361,PHOTO_L,LINE_HW,PHOTO,0.194,0.191,0.169
A0066000,82,TEXT_HW,TEXT,LINE_HW,0.594,0.222,0.115
A0066000,98,TEXT_HW,TEXT,LINE_HW,0.552,0.23,0.148
A0066000,149,TEXT_HW,TEXT,LINE_HW,0.457,0.273,0.182
A0066000,287,TEXT_HW,LINE_HW,TEXT,0.429,0.334,0.144
A0066000,296,TEXT_HW,TEXT,LINE_HW,0.651,0.193,0.111
A0066000,343,TEXT_HW,TEXT,LINE_HW,0.557,0.236,0.132
A0066000,372,TEXT_HW,TEXT,LINE_HW,0.624,0.182,0.148
A0066000,464,LINE_HW,TEXT_HW,TEXT,0.486,0.277,0.144
A0066001,241,TEXT_HW,TEXT,LINE_HW,0.649,0.154,0.134
A0066001,306,LINE_HW,TEXT_HW,TEXT,0.712,0.096,0.061
A0067130,4,LINE_HW,LINE_P,LINE_T,0.165,0.16,0.135
A0067182,221,PHOTO_L,PHOTO,LINE_P,0.344,0.232,0.11
A0067200,240,LINE_P,PHOTO_L,LINE_HW,0.469,0.172,0.12
A0067233,126,PHOTO_L,LINE_P,PHOTO,0.271,0.15,0.147
A0067238,5,DRAW_L,LINE_HW,DRAW,0.289,0.222,0.153
A0067238,407,LINE_P,PHOTO_L,LINE_HW,0.471,0.237,0.105
A0067272,76,LINE_HW,TEXT_HW,TEXT,0.567,0.168,0.087
A0067295,168,LINE_HW,TEXT_HW,TEXT,0.579,0.253,0.045
A0067323,3,LINE_P,PHOTO_L,TEXT,0.314,0.282,0.156
A0067323,468,LINE_HW,TEXT_HW,TEXT,0.628,0.217,0.051
A0067352,503,LINE_HW,TEXT_HW,TEXT,0.587,0.112,0.069
A0067354,665,TEXT_HW,LINE_HW,TEXT,0.681,0.18,0.091
A0067360,153,PHOTO_L,LINE_P,LINE_HW,0.457,0.182,0.129
A0067363,3,PHOTO_L,LINE_P,TEXT,0.294,0.268,0.173
A0067363,8,LINE_HW,TEXT_HW,TEXT,0.613,0.184,0.065
A0067363,238,TEXT_HW,LINE_HW,TEXT,0.564,0.312,0.064
A0067364,1,LINE_HW,LINE_P,LINE_T,0.285,0.285,0.187
A0067364,39,TEXT_HW,LINE_HW,TEXT,0.61,0.243,0.081
A0067364,69,TEXT_HW,LINE_HW,TEXT,0.403,0.351,0.142
A0067400,161,LINE_HW,TEXT_HW,DRAW_L,0.623,0.105,0.07
A0067424,684,TEXT_HW,LINE_HW,TEXT,0.568,0.202,0.179
A0067446,79,LINE_P,LINE_HW,TEXT,0.313,0.285,0.122
A0067484,241,PHOTO_L,PHOTO,LINE_P,0.351,0.278,0.081
A0068109,241,LINE_HW,TEXT_HW,PHOTO_L,0.404,0.227,0.075
A0068109,632,LINE_HW,TEXT_HW,DRAW_L,0.337,0.263,0.118
A0068234,454,TEXT_HW,LINE_HW,TEXT,0.559,0.285,0.086
A0068400,86,LINE_HW,TEXT_HW,DRAW_L,0.481,0.149,0.126
A0068400,329,LINE_HW,TEXT_HW,TEXT,0.442,0.378,0.046
A0068948,45,LINE_HW,LINE_P,TEXT,0.737,0.094,0.046
A0068948,167,LINE_HW,LINE_P,DRAW_L,0.635,0.1,0.082
A0068948,170,LINE_HW,LINE_P,DRAW_L,0.497,0.142,0.096
A0068948,191,LINE_HW,LINE_P,LINE_T,0.331,0.177,0.098
A0068948,195,LINE_HW,LINE_P,LINE_T,0.659,0.113,0.07
A0068948,249,LINE_HW,LINE_P,TEXT_HW,0.741,0.061,0.061
A0068948,410,LINE_HW,LINE_P,LINE_T,0.549,0.162,0.103
A0068948,417,LINE_HW,LINE_P,LINE_T,0.617,0.131,0.099
A0068956,10,TEXT_HW,TEXT,LINE_HW,0.826,0.115,0.036
A0068956,20,LINE_HW,LINE_P,TEXT,0.486,0.148,0.09
A0068956,38,LINE_HW,LINE_P,LINE_T,0.557,0.126,0.084
A0068956,44,LINE_HW,LINE_T,LINE_P,0.554,0.12,0.092
A0068956,45,LINE_HW,TEXT_HW,TEXT,0.555,0.132,0.089
A0068956,60,LINE_HW,TEXT_HW,LINE_T,0.529,0.107,0.089
A0068956,64,LINE_HW,TEXT_HW,LINE_T,0.518,0.129,0.107
A0068956,72,LINE_HW,LINE_T,LINE_P,0.465,0.234,0.107
A0076300,249,TEXT_HW,LINE_HW,TEXT,0.41,0.291,0.056
A0076300,263,LINE_HW,TEXT_HW,TEXT,0.407,0.271,0.091
A0076300,266,DRAW_L,LINE_HW,DRAW,0.324,0.233,0.17
A0076300,322,DRAW_L,DRAW,PHOTO_L,0.381,0.375,0.156
A0076301,47,LINE_HW,TEXT_HW,TEXT,0.4,0.235,0.152
A0076301,106,TEXT,LINE_HW,TEXT_HW,0.303,0.24,0.24
A0076301,171,TEXT_HW,LINE_HW,TEXT,0.409,0.299,0.144
A0076302,4,DRAW_L,DRAW,PHOTO_L,0.32,0.188,0.18
A0076302,7,LINE_HW,LINE_P,LINE_T,0.599,0.104,0.092
A0076302,11,LINE_HW,TEXT_HW,TEXT_T,0.501,0.181,0.078
A0076302,12,LINE_HW,TEXT_HW,LINE_T,0.456,0.105,0.094
A0076302,13,LINE_HW,TEXT_HW,LINE_P,0.528,0.127,0.106
A0076302,14,PHOTO_L,LINE_HW,DRAW_L,0.244,0.236,0.165
A0076302,15,LINE_T,LINE_P,TEXT_T,0.267,0.184,0.157
A0076303,124,TEXT,LINE_P,LINE_HW,0.285,0.146,0.146
A0076303,192,LINE_HW,TEXT_HW,TEXT,0.509,0.102,0.099
A0076303,208,LINE_HW,TEXT,LINE_P,0.49,0.138,0.101
A0076303,240,LINE_HW,TEXT_HW,TEXT,0.517,0.215,0.077
A0076303,293,TEXT_HW,TEXT,LINE_HW,0.643,0.15,0.139
A0076303,325,TEXT_HW,TEXT,LINE_HW,0.617,0.207,0.138
B0000001,1277,LINE_HW,TEXT_HW,LINE_P,0.608,0.109,0.08
B0000001,1278,LINE_HW,TEXT_HW,TEXT,0.546,0.242,0.071
B0000011,84,TEXT_HW,LINE_HW,TEXT,0.387,0.381,0.086
B0000011,469,TEXT_HW,LINE_HW,TEXT_T,0.312,0.141,0.122
B0000013,9,LINE_HW,TEXT_HW,TEXT,0.411,0.351,0.127
B0000013,14,LINE_HW,TEXT_HW,TEXT,0.427,0.289,0.167
B0000013,46,TEXT_HW,LINE_HW,TEXT,0.423,0.351,0.117
B0000013,54,LINE_HW,TEXT_HW,TEXT,0.571,0.224,0.081
B0000013,68,TEXT_HW,LINE_HW,TEXT,0.391,0.379,0.129
B0000016,9,LINE_HW,TEXT_HW,TEXT,0.508,0.15,0.09
B0000016,27,LINE_HW,TEXT_HW,TEXT,0.542,0.184,0.082
B0000016,37,LINE_HW,TEXT_HW,TEXT,0.546,0.221,0.067
B0000016,49,LINE_HW,TEXT_HW,LINE_T,0.609,0.126,0.098
B0000016,63,TEXT_HW,TEXT,LINE_HW,0.666,0.153,0.116
B0000016,84,LINE_HW,TEXT_HW,LINE_T,0.599,0.116,0.086
B0000016,89,PHOTO_L,PHOTO,LINE_P,0.38,0.257,0.089
B0000016,98,LINE_HW,TEXT_HW,LINE_T,0.687,0.08,0.069
B0000018,2,PHOTO_L,PHOTO,LINE_P,0.333,0.211,0.119
B0000018,9,LINE_HW,TEXT_HW,TEXT,0.487,0.226,0.085
B0000018,19,LINE_HW,TEXT_HW,TEXT,0.453,0.297,0.081
B0000018,23,LINE_HW,TEXT_HW,TEXT,0.462,0.247,0.087
B0000018,26,LINE_HW,TEXT_HW,TEXT,0.425,0.311,0.086
B0000018,27,LINE_HW,TEXT_HW,LINE_T,0.518,0.187,0.078
B0000018,32,LINE_HW,TEXT_HW,LINE_T,0.523,0.143,0.095
B0000018,33,LINE_HW,TEXT_HW,TEXT,0.45,0.261,0.092
B0000019,3,PHOTO_L,LINE_HW,DRAW_L,0.417,0.163,0.14
B0000019,7,LINE_HW,TEXT_HW,TEXT,0.423,0.241,0.096
B0000019,32,LINE_HW,TEXT_HW,TEXT,0.404,0.3,0.097
B0000019,61,LINE_HW,TEXT_HW,TEXT,0.383,0.323,0.11
B0000019,112,LINE_HW,TEXT_HW,LINE_T,0.495,0.216,0.082
B0000019,141,LINE_HW,TEXT_HW,TEXT,0.433,0.243,0.097
B0000019,152,LINE_HW,TEXT_HW,LINE_T,0.504,0.151,0.089
B0000019,162,LINE_HW,TEXT_HW,LINE_T,0.45,0.277,0.076
B0000020,1,LINE_HW,LINE_P,TEXT,0.329,0.223,0.163
B0000020,26,LINE_HW,TEXT_HW,TEXT,0.567,0.178,0.086
B0000020,27,LINE_HW,TEXT_HW,TEXT,0.488,0.207,0.114
B0000020,36,LINE_HW,TEXT_HW,LINE_T,0.532,0.148,0.124
B0000020,56,LINE_HW,TEXT_HW,LINE_T,0.507,0.148,0.115
B0000020,94,LINE_HW,TEXT_HW,LINE_T,0.539,0.157,0.103
B0000020,97,LINE_HW,TEXT_HW,LINE_T,0.481,0.151,0.126
B0000020,107,LINE_HW,TEXT_HW,LINE_T,0.509,0.155,0.115
B0000021,5,TEXT_HW,LINE_HW,TEXT,0.591,0.198,0.147
B0000021,135,LINE_HW,TEXT_HW,LINE_T,0.541,0.184,0.073
B0000021,186,LINE_HW,TEXT_HW,LINE_T,0.554,0.166,0.092
B0000021,189,LINE_HW,TEXT_HW,LINE_P,0.519,0.146,0.083
B0000024,172,TEXT_HW,TEXT,LINE_HW,0.433,0.228,0.198
B0000024,189,TEXT_HW,TEXT,LINE_HW,0.424,0.265,0.169
B0000024,291,LINE_HW,TEXT_HW,TEXT,0.423,0.261,0.148
B0000024,324,TEXT_HW,TEXT,LINE_HW,0.775,0.129,0.054
B0000024,352,TEXT_HW,TEXT,LINE_HW,0.58,0.22,0.122
B0001260,256,TEXT_HW,LINE_HW,TEXT,0.347,0.342,0.138
B0001261,2,PHOTO_L,PHOTO,LINE_HW,0.463,0.285,0.06
B0001261,3,TEXT,PHOTO_L,TEXT_P,0.188,0.171,0.129
B0001261,47,TEXT_HW,LINE_HW,TEXT,0.572,0.198,0.152
B0001261,86,TEXT_HW,LINE_HW,TEXT,0.647,0.174,0.124
B0001261,157,TEXT_HW,TEXT,LINE_HW,0.814,0.099,0.041
B0003909,1,LINE_HW,LINE_T,TEXT_T,0.334,0.151,0.137
B0003909,3,LINE_HW,PHOTO_L,DRAW_L,0.208,0.157,0.15
B0003909,4,LINE_HW,TEXT_HW,LINE_P,0.264,0.166,0.144
B0003910,31,TEXT_HW,LINE_HW,TEXT,0.723,0.13,0.107
B0003910,64,TEXT_HW,LINE_HW,TEXT,0.46,0.288,0.169
G0000183,30,PHOTO_L,PHOTO,TEXT,0.573,0.358,0.016
G0000183,69,PHOTO_L,PHOTO,TEXT,0.542,0.345,0.04
G0000183,83,PHOTO,PHOTO_L,TEXT,0.446,0.375,0.068
G0000183,87,PHOTO,PHOTO_L,TEXT,0.448,0.395,0.057
G0000183,103,PHOTO_L,PHOTO,TEXT,0.565,0.343,0.036
G0000183,138,PHOTO_L,PHOTO,TEXT,0.432,0.412,0.054
G0000183,180,LINE_HW,LINE_P,DRAW_L,0.331,0.143,0.126
G0000183,199,PHOTO,PHOTO_L,LINE_HW,0.433,0.407,0.048
G0000184,5,PHOTO_L,PHOTO,TEXT,0.506,0.426,0.02
G0000184,26,PHOTO_L,PHOTO,TEXT,0.521,0.342,0.052
G0000184,32,PHOTO_L,PHOTO,LINE_HW,0.639,0.307,0.013
G0000184,35,PHOTO_L,PHOTO,LINE_HW,0.735,0.183,0.028
G0000184,46,PHOTO_L,PHOTO,LINE_HW,0.644,0.309,0.014
G0000184,52,PHOTO_L,PHOTO,LINE_HW,0.538,0.375,0.029
G0000184,56,PHOTO_L,PHOTO,LINE_HW,0.564,0.37,0.02
G0000184,63,PHOTO,PHOTO_L,TEXT,0.541,0.435,0.012
G0000185,9,TEXT_HW,LINE_HW,TEXT,0.486,0.226,0.185
G0000185,10,TEXT_HW,LINE_HW,TEXT,0.487,0.233,0.185
G0000185,13,LINE_HW,TEXT_HW,TEXT,0.385,0.304,0.139
G0000185,18,TEXT_HW,LINE_HW,TEXT,0.354,0.338,0.119
G0000185,19,TEXT_HW,LINE_HW,TEXT,0.689,0.142,0.088
G0000185,21,TEXT_HW,LINE_HW,TEXT,0.417,0.295,0.142
G0000185,26,TEXT_HW,LINE_HW,TEXT,0.521,0.224,0.126
G0000185,28,TEXT_P,LINE_P,LINE_HW,0.22,0.174,0.129
G0000186,7,PHOTO,PHOTO_L,TEXT,0.488,0.38,0.045
G0000186,13,PHOTO,PHOTO_L,TEXT,0.485,0.442,0.029
G0000186,18,PHOTO,PHOTO_L,TEXT,0.469,0.338,0.071
G0000186,36,PHOTO,PHOTO_L,TEXT,0.484,0.354,0.068
G0000186,47,PHOTO,PHOTO_L,TEXT,0.523,0.395,0.022
G0000186,99,PHOTO,PHOTO_L,TEXT,0.467,0.4,0.05
G0000186,100,PHOTO_L,PHOTO,LINE_HW,0.468,0.433,0.032
G0000186,104,PHOTO,PHOTO_L,TEXT,0.492,0.441,0.017
G0000187,20,LINE_HW,TEXT_HW,TEXT,0.445,0.283,0.098
G0000187,26,LINE_HW,TEXT_HW,TEXT,0.588,0.176,0.094
G0000187,36,LINE_HW,TEXT_HW,TEXT,0.48,0.245,0.076
G0000187,37,LINE_HW,TEXT_HW,TEXT,0.517,0.19,0.11
G0000187,39,TEXT_HW,LINE_HW,TEXT,0.608,0.164,0.112
G0000187,40,LINE_HW,TEXT_HW,TEXT,0.384,0.367,0.115
G0000187,43,LINE_HW,TEXT_HW,TEXT,0.559,0.17,0.115
G0000187,44,LINE_HW,TEXT_HW,TEXT,0.382,0.293,0.132
H0000332,14,PHOTO_L,TEXT_HW,LINE_HW,0.182,0.179,0.148
H0000333,307,LINE_HW,TEXT_HW,TEXT,0.19,0.16,0.117
H0000334,41,LINE_HW,TEXT_HW,TEXT,0.425,0.279,0.093
H0000334,348,LINE_HW,TEXT_HW,TEXT,0.372,0.256,0.129
H0000458,262,TEXT_HW,LINE_HW,TEXT,0.483,0.364,0.095
H0000610,2,PHOTO_L,LINE_HW,PHOTO,0.19,0.173,0.16
H0000610,4,LINE_HW,TEXT_HW,TEXT,0.44,0.312,0.094
H0000637,278,TEXT_HW,LINE_HW,TEXT,0.563,0.254,0.12
H0000638,146,TEXT_HW,LINE_HW,TEXT,0.579,0.194,0.171
H0000638,486,LINE_HW,TEXT_HW,TEXT,0.43,0.305,0.119
H0000639,238,LINE_HW,TEXT_HW,TEXT,0.369,0.347,0.169
H0000639,263,TEXT_HW,LINE_HW,TEXT,0.446,0.337,0.132
H0000639,454,TEXT_HW,LINE_HW,TEXT,0.448,0.349,0.106
H0000640,15,TEXT_HW,LINE_HW,TEXT,0.544,0.249,0.146
H0000640,206,LINE_HW,LINE_P,LINE_T,0.639,0.085,0.075
H0000640,400,TEXT_HW,LINE_HW,TEXT,0.513,0.274,0.093
H0000641,148,TEXT_HW,LINE_HW,TEXT,0.569,0.269,0.104
H0000641,651,LINE_HW,TEXT_HW,TEXT,0.44,0.332,0.118
H0000641,699,PHOTO,TEXT_HW,LINE_HW,0.294,0.187,0.173
H0000642,510,LINE_HW,TEXT_HW,TEXT,0.412,0.342,0.124
H0000643,417,LINE_HW,TEXT_HW,TEXT,0.322,0.317,0.079
H0000643,461,TEXT_HW,LINE_HW,TEXT,0.524,0.289,0.112
H0000646,155,TEXT_HW,LINE_HW,TEXT,0.45,0.335,0.127
H0000646,347,DRAW_L,DRAW,LINE_HW,0.383,0.192,0.189
H0000646,460,LINE_HW,TEXT_HW,TEXT,0.618,0.201,0.054
H0000646,642,TEXT_HW,LINE_HW,TEXT,0.536,0.249,0.106
H0000647,260,TEXT_HW,LINE_HW,TEXT,0.566,0.211,0.165
H0000647,541,LINE_HW,TEXT_HW,LINE_P,0.581,0.098,0.084
H0000648,472,LINE_HW,TEXT_HW,TEXT,0.428,0.237,0.135
H0000650,317,TEXT_HW,LINE_HW,TEXT,0.454,0.343,0.126
H0000650,554,LINE_HW,TEXT_HW,TEXT_T,0.613,0.123,0.067
H0000650,584,TEXT_HW,LINE_HW,TEXT,0.661,0.167,0.15
H0000651,142,LINE_HW,TEXT_HW,TEXT,0.567,0.264,0.076
H0000651,189,TEXT_HW,LINE_HW,TEXT,0.5,0.285,0.084
H0000653,3,LINE_HW,TEXT_HW,TEXT,0.43,0.325,0.118
H0000653,206,TEXT_HW,LINE_HW,TEXT,0.528,0.287,0.101
H0000653,468,TEXT_HW,LINE_HW,TEXT,0.345,0.309,0.209
H0000653,694,TEXT_HW,LINE_HW,TEXT,0.395,0.303,0.172
H0000653,747,TEXT_HW,LINE_HW,TEXT,0.512,0.32,0.095
H0000654,270,TEXT_HW,LINE_HW,TEXT,0.435,0.26,0.066
H0000654,524,LINE_HW,TEXT_HW,LINE_T,0.719,0.094,0.064
H0000654,619,LINE_HW,TEXT_HW,TEXT,0.599,0.161,0.081
H0000654,686,LINE_HW,TEXT_HW,TEXT,0.611,0.172,0.064
H0000654,708,TEXT_HW,TEXT,LINE_HW,0.648,0.166,0.114
H0000654,729,LINE_HW,TEXT_HW,TEXT,0.388,0.267,0.157
H0000790,213,LINE_HW,TEXT_HW,TEXT,0.299,0.24,0.157
H0000793,67,LINE_HW,PHOTO_L,TEXT_HW,0.282,0.133,0.129
H0000793,169,LINE_HW,TEXT_HW,TEXT,0.46,0.279,0.079
H0000793,434,PHOTO_L,PHOTO,LINE_HW,0.332,0.302,0.128
H0000795,95,LINE_HW,TEXT_HW,TEXT,0.434,0.349,0.143
H0000795,572,TEXT_HW,TEXT,LINE_HW,0.723,0.161,0.077
H0000795,646,LINE_HW,PHOTO,TEXT_HW,0.303,0.155,0.132
H0001030,639,LINE_HW,TEXT_HW,TEXT,0.38,0.249,0.134
H0001030,642,LINE_HW,TEXT_HW,TEXT,0.418,0.381,0.095
H0001030,685,LINE_HW,TEXT_HW,LINE_T,0.571,0.159,0.06
H0001032,584,TEXT_HW,LINE_HW,TEXT,0.363,0.358,0.132
H0001034,3,TEXT_HW,LINE_HW,TEXT,0.326,0.25,0.143
H0001034,200,LINE_HW,TEXT_HW,TEXT,0.555,0.254,0.091
H0001036,3,TEXT_HW,LINE_HW,PHOTO_L,0.272,0.222,0.097
H0001036,348,TEXT_HW,LINE_HW,TEXT,0.515,0.354,0.103
H0001038,23,LINE_HW,TEXT_HW,TEXT,0.619,0.124,0.095
H0001038,72,LINE_HW,LINE_T,LINE_P,0.771,0.067,0.059
H0001038,577,LINE_HW,TEXT_HW,TEXT,0.567,0.19,0.139
H0001040,246,LINE_HW,TEXT_HW,TEXT_T,0.596,0.173,0.063
H0001040,326,LINE_HW,TEXT_HW,TEXT_T,0.561,0.216,0.074
H0001041,105,LINE_HW,TEXT_HW,TEXT_T,0.436,0.257,0.133
H0001042,180,LINE_HW,DRAW_L,DRAW,0.484,0.111,0.111
H0002045,56,TEXT_HW,LINE_HW,TEXT,0.227,0.224,0.124
H0002045,389,LINE_HW,LINE_P,LINE_T,0.757,0.102,0.043
H0002045,478,TEXT_HW,LINE_HW,TEXT,0.433,0.267,0.15
H0002046,47,TEXT_HW,LINE_HW,TEXT_T,0.413,0.327,0.098
H0002046,84,LINE_HW,TEXT_HW,LINE_P,0.668,0.08,0.068
H0002054,128,LINE_HW,TEXT_HW,LINE_P,0.655,0.083,0.065
H0002054,143,LINE_HW,LINE_T,LINE_P,0.675,0.144,0.079
H0002054,239,LINE_HW,LINE_T,LINE_P,0.759,0.076,0.055
H0002054,340,LINE_HW,LINE_T,LINE_P,0.681,0.116,0.089
H0002054,440,LINE_HW,TEXT_HW,LINE_T,0.608,0.114,0.102
H0002054,448,LINE_HW,TEXT_HW,LINE_T,0.64,0.098,0.08
H0002055,19,PHOTO_L,DRAW_L,PHOTO,0.322,0.157,0.105
H0002058,68,LINE_HW,LINE_T,DRAW_L,0.599,0.12,0.073
H0002058,111,LINE_HW,LINE_T,LINE_P,0.636,0.114,0.104
H0002058,151,LINE_HW,LINE_T,LINE_P,0.676,0.112,0.067
H0002058,280,LINE_HW,LINE_T,LINE_P,0.61,0.172,0.087
H0002058,341,LINE_HW,LINE_T,TEXT_HW,0.548,0.189,0.064
H0002058,355,LINE_HW,LINE_T,LINE_P,0.642,0.126,0.082
H0002058,387,LINE_HW,LINE_T,LINE_P,0.651,0.143,0.06
H0002058,400,LINE_HW,LINE_T,LINE_P,0.603,0.153,0.095
H0002059,39,LINE_HW,LINE_T,LINE_P,0.701,0.085,0.072
H0002059,64,LINE_HW,LINE_P,LINE_T,0.612,0.117,0.091
H0002059,89,LINE_HW,LINE_P,LINE_T,0.72,0.081,0.067
H0002059,119,LINE_HW,LINE_T,TEXT_HW,0.711,0.086,0.058
H0002059,234,LINE_HW,TEXT_HW,LINE_P,0.706,0.081,0.069
K0037981,1,DRAW,DRAW_L,PHOTO_L,0.534,0.45,0.006
L0000039,60,TEXT_HW,LINE_HW,TEXT,0.567,0.212,0.15
L0000039,106,TEXT_HW,TEXT,LINE_HW,0.562,0.207,0.183
L0000039,153,LINE_HW,TEXT_HW,DRAW_L,0.332,0.255,0.113
L0000039,186,LINE_HW,TEXT_HW,TEXT,0.353,0.348,0.147
L0000039,296,TEXT_HW,LINE_HW,TEXT,0.394,0.284,0.201
L0000041,195,LINE_HW,TEXT_HW,DRAW_L,0.261,0.253,0.135
L0000041,288,TEXT_HW,LINE_HW,TEXT,0.431,0.292,0.217
L0000067,267,TEXT_HW,LINE_HW,TEXT,0.489,0.297,0.132
L0000080,263,TEXT_HW,TEXT,LINE_HW,0.685,0.141,0.115
L0000080,324,TEXT_HW,LINE_HW,TEXT,0.64,0.208,0.076
L0000131,9,TEXT_HW,TEXT,LINE_HW,0.716,0.175,0.06
L0000131,19,TEXT_HW,TEXT,LINE_HW,0.751,0.153,0.066
L0000131,28,TEXT_HW,TEXT,LINE_HW,0.739,0.148,0.067
L0000131,92,TEXT_HW,TEXT,TEXT_T,0.762,0.187,0.022
L0000131,144,TEXT_HW,TEXT,LINE_HW,0.709,0.153,0.093
L0000132,67,TEXT_HW,TEXT,LINE_HW,0.722,0.161,0.062
L0000132,76,TEXT_HW,TEXT,LINE_HW,0.719,0.182,0.058
L0000132,81,TEXT_HW,TEXT,TEXT_T,0.729,0.168,0.044
L0000132,86,TEXT_HW,TEXT,TEXT_T,0.754,0.142,0.057
L0000132,93,TEXT_HW,TEXT,LINE_HW,0.681,0.189,0.058
L0000132,95,TEXT_HW,TEXT,LINE_HW,0.786,0.134,0.039
L0000132,98,TEXT_HW,TEXT,TEXT_T,0.671,0.232,0.041
L0000132,137,TEXT_HW,LINE_HW,TEXT,0.69,0.118,0.104
L0000133,5,TEXT_HW,TEXT,LINE_HW,0.713,0.172,0.055
L0000133,7,TEXT_HW,TEXT,LINE_HW,0.81,0.124,0.033
L0000133,11,TEXT_HW,TEXT,LINE_HW,0.759,0.145,0.049
L0000133,13,TEXT_HW,TEXT,LINE_HW,0.797,0.13,0.046
L0000133,22,TEXT_HW,TEXT,LINE_HW,0.728,0.153,0.055
L0000133,26,TEXT_HW,TEXT,LINE_HW,0.801,0.119,0.04
L0000133,27,TEXT_HW,TEXT,LINE_HW,0.776,0.123,0.053
L0000135,11,LINE_HW,TEXT_HW,LINE_P,0.637,0.092,0.067
L0000135,15,LINE_HW,TEXT_HW,LINE_T,0.596,0.121,0.072
L0000135,24,LINE_HW,TEXT_HW,TEXT,0.62,0.132,0.07
L0000135,26,LINE_HW,TEXT_HW,TEXT_T,0.565,0.15,0.074
L0000135,31,LINE_HW,LINE_T,TEXT_HW,0.629,0.104,0.071
L0000135,45,LINE_HW,LINE_T,TEXT_HW,0.608,0.085,0.082
L0000135,59,LINE_HW,TEXT_HW,TEXT_T,0.441,0.236,0.128
L0000135,74,LINE_HW,TEXT_HW,TEXT,0.584,0.098,0.074
L0000173,4,LINE_HW,LINE_P,LINE_T,0.629,0.122,0.091
L0000173,10,LINE_HW,DRAW_L,LINE_P,0.397,0.155,0.125
L0000173,86,LINE_HW,LINE_T,LINE_P,0.587,0.096,0.086
L0000173,91,LINE_HW,TEXT_HW,TEXT,0.623,0.093,0.084
L0000173,109,LINE_HW,LINE_T,TEXT_HW,0.619,0.091,0.082
L0000173,115,LINE_HW,LINE_T,LINE_P,0.616,0.094,0.082
L0000173,117,LINE_HW,LINE_T,TEXT_HW,0.637,0.093,0.076
L0000173,220,LINE_HW,LINE_T,LINE_P,0.631,0.094,0.092
L0000184,382,TEXT_HW,LINE_HW,TEXT,0.421,0.371,0.139
L0000185,80,LINE_HW,TEXT_HW,TEXT,0.344,0.308,0.146
L0000185,277,TEXT_HW,TEXT,LINE_HW,0.654,0.16,0.09
L0000195,22,LINE_HW,TEXT_HW,LINE_T,0.613,0.133,0.079
L0000195,29,LINE_HW,TEXT_HW,LINE_T,0.648,0.084,0.08
L0000195,32,LINE_HW,TEXT_HW,LINE_T,0.62,0.092,0.08
L0000195,45,LINE_HW,TEXT_HW,TEXT,0.497,0.159,0.126
L0000195,109,LINE_HW,TEXT_HW,TEXT,0.54,0.141,0.105
L0000195,116,LINE_HW,TEXT_HW,TEXT,0.592,0.152,0.075
L0000195,138,LINE_HW,TEXT_HW,LINE_P,0.591,0.1,0.078
R0000430,115,DRAW_L,LINE_HW,TEXT_HW,0.327,0.289,0.122
R0000430,172,PHOTO_L,LINE_HW,PHOTO,0.189,0.152,0.139
R0000568,2,TEXT_P,LINE_P,LINE_HW,0.369,0.228,0.074
R0000816,6,TEXT_HW,LINE_HW,TEXT,0.709,0.123,0.112
R0000816,7,TEXT_P,LINE_P,PHOTO_L,0.19,0.165,0.125
R0001208,2,LINE_P,TEXT_P,PHOTO_L,0.241,0.174,0.168
R0001209,1,LINE_HW,LINE_P,LINE_T,0.42,0.218,0.1
R0001209,2,TEXT_HW,TEXT,LINE_HW,0.307,0.263,0.259
R0001209,6,LINE_HW,DRAW_L,TEXT_HW,0.317,0.199,0.16
R0001209,7,LINE_P,LINE_HW,LINE_T,0.22,0.214,0.195
R0001210,1,LINE_HW,LINE_P,LINE_T,0.408,0.199,0.11
R0001210,2,TEXT_P,TEXT,LINE_P,0.226,0.16,0.137
R0001210,12,LINE_P,LINE_HW,LINE_T,0.231,0.204,0.182
R0001211,15,LINE_HW,TEXT,TEXT_HW,0.219,0.16,0.153
R0001212,1,LINE_HW,LINE_P,TEXT,0.459,0.177,0.109
R0001212,2,LINE_HW,TEXT_HW,TEXT,0.322,0.251,0.235
R0001212,4,LINE_P,LINE_HW,LINE_T,0.214,0.201,0.183
R0001213,82,LINE_HW,TEXT_HW,TEXT,0.219,0.209,0.139
R0001234,89,PHOTO_L,LINE_P,LINE_HW,0.185,0.176,0.168
R0001509,1,DRAW,DRAW_L,TEXT,0.5,0.492,0.002
R0001509,2,DRAW_L,DRAW,TEXT,0.649,0.331,0.004
R0001854,1,DRAW_L,DRAW,PHOTO_L,0.641,0.229,0.037
R0002182,1,DRAW,DRAW_L,TEXT,0.563,0.425,0.003
R0002405,6,TEXT_HW,TEXT,LINE_HW,0.327,0.307,0.186
R0002405,572,LINE_P,LINE_HW,DRAW_L,0.44,0.195,0.178
R0002405,623,LINE_P,LINE_HW,DRAW_L,0.392,0.194,0.154
R0002492,1,DRAW,DRAW_L,TEXT_HW,0.688,0.287,0.007
R0002493,1,DRAW,DRAW_L,TEXT_HW,0.505,0.453,0.018
R0002494,1,DRAW_L,DRAW,TEXT,0.655,0.309,0.011
R0002504,1,DRAW,DRAW_L,PHOTO,0.646,0.249,0.032
R0003189,1,DRAW,DRAW_L,TEXT_HW,0.673,0.313,0.005
R0003189,2,DRAW,DRAW_L,PHOTO,0.602,0.389,0.002
R0003190,1,DRAW,DRAW_L,TEXT_HW,0.511,0.466,0.007
R0003190,2,DRAW_L,DRAW,LINE_HW,0.764,0.229,0.002
R0003317,1,DRAW,DRAW_L,TEXT,0.761,0.205,0.014
R0003317,2,TEXT_HW,LINE_HW,TEXT,0.416,0.191,0.116
R0003318,1,DRAW,DRAW_L,TEXT,0.318,0.289,0.13
R0003318,2,DRAW_L,DRAW,TEXT_HW,0.349,0.349,0.098
R0003319,1,DRAW_L,DRAW,TEXT_HW,0.33,0.249,0.159
R0003320,1,DRAW_L,DRAW,TEXT,0.488,0.481,0.009
R0003375,4,PHOTO_L,PHOTO,DRAW_L,0.285,0.202,0.112
R0003375,78,PHOTO_L,PHOTO,LINE_P,0.336,0.13,0.109
R0003375,240,LINE_HW,LINE_P,TEXT_HW,0.312,0.154,0.136
R0003387,3,TEXT,TEXT_HW,LINE_HW,0.279,0.204,0.12
R0003387,277,LINE_HW,DRAW,DRAW_L,0.31,0.191,0.174
R0003389,198,LINE_HW,TEXT_HW,TEXT,0.242,0.189,0.145
R0003390,150,LINE_HW,LINE_P,TEXT,0.536,0.111,0.084
R0003391,1,LINE_HW,TEXT,TEXT_P,0.212,0.19,0.187
R0003391,282,TEXT_HW,LINE_HW,TEXT,0.709,0.142,0.102
R0003448,31,TEXT_HW,LINE_HW,TEXT,0.309,0.241,0.173
U0000064,96,LINE_HW,TEXT_HW,LINE_P,0.582,0.097,0.089
U0000229,150,LINE_HW,TEXT_HW,LINE_T,0.502,0.213,0.078
U0000234,217,LINE_HW,LINE_P,TEXT,0.571,0.124,0.096
30002031,10,TEXT_HW,TEXT,LINE_HW,0.7,0.188,0.069
30002031,34,TEXT_HW,TEXT,LINE_HW,0.695,0.222,0.04
30002031,75,TEXT_HW,TEXT,LINE_HW,0.766,0.182,0.023
30002031,87,TEXT_HW,TEXT,LINE_HW,0.813,0.139,0.027
30002031,121,TEXT_HW,TEXT,LINE_HW,0.736,0.189,0.035
30002032,89,TEXT_HW,TEXT,LINE_HW,0.718,0.206,0.044
30002032,92,TEXT_HW,TEXT,LINE_HW,0.802,0.153,0.022
30002032,94,TEXT_HW,TEXT,LINE_HW,0.705,0.222,0.04
30002032,97,TEXT_HW,TEXT,LINE_HW,0.74,0.199,0.03
30002032,116,TEXT_HW,TEXT,LINE_HW,0.623,0.268,0.048
30002032,152,TEXT_HW,TEXT,LINE_HW,0.74,0.184,0.042
30002032,180,TEXT_HW,TEXT,LINE_HW,0.686,0.209,0.069
30002036,10,TEXT_HW,TEXT,LINE_HW,0.753,0.179,0.035
30002036,63,TEXT_HW,TEXT,LINE_HW,0.631,0.271,0.05
30002036,69,TEXT_HW,TEXT,LINE_HW,0.712,0.21,0.028
30002036,87,TEXT_HW,TEXT,LINE_HW,0.663,0.251,0.036
30002036,109,TEXT_HW,TEXT,LINE_HW,0.728,0.199,0.035
30002036,117,TEXT_HW,TEXT,TEXT_T,0.793,0.144,0.028
30002036,120,TEXT_HW,TEXT,TEXT_T,0.798,0.136,0.029
30002036,170,TEXT_HW,TEXT,LINE_HW,0.582,0.337,0.037
30002039,8,TEXT_HW,TEXT,LINE_HW,0.734,0.201,0.03
30002039,17,TEXT_HW,TEXT,LINE_HW,0.723,0.183,0.055
30002039,21,TEXT_HW,TEXT,LINE_HW,0.707,0.199,0.043
30002039,58,TEXT_HW,TEXT,TEXT_T,0.665,0.241,0.039
30002039,96,TEXT_HW,TEXT,LINE_HW,0.813,0.139,0.023
30002039,202,TEXT_HW,TEXT,TEXT_T,0.696,0.209,0.044
30002039,213,TEXT_HW,TEXT,LINE_HW,0.775,0.141,0.042
30002039,290,TEXT_HW,TEXT,LINE_HW,0.633,0.252,0.082
30002040,11,TEXT_HW,TEXT,LINE_HW,0.736,0.195,0.038
30002040,36,TEXT_HW,TEXT,LINE_HW,0.757,0.169,0.038
30002040,57,TEXT_HW,TEXT,LINE_HW,0.743,0.188,0.035
30002040,144,TEXT_HW,TEXT,LINE_HW,0.735,0.192,0.035
30002040,182,TEXT_HW,TEXT,LINE_HW,0.661,0.228,0.062
30002040,273,TEXT_HW,TEXT,LINE_HW,0.738,0.181,0.046
30002042,43,TEXT_HW,TEXT,LINE_HW,0.719,0.209,0.036
30002042,70,TEXT_HW,TEXT,LINE_HW,0.696,0.187,0.051
30002042,118,TEXT_HW,TEXT,LINE_HW,0.756,0.174,0.033
30002042,120,TEXT_HW,TEXT,LINE_HW,0.78,0.154,0.034
30002042,199,TEXT_HW,TEXT,LINE_HW,0.722,0.2,0.033
30002042,218,TEXT_HW,TEXT,LINE_HW,0.705,0.205,0.034
30002042,247,TEXT_HW,TEXT,TEXT_T,0.73,0.203,0.029
30002045,8,TEXT_HW,TEXT,LINE_HW,0.682,0.222,0.046
30002045,12,TEXT_HW,TEXT,LINE_HW,0.749,0.175,0.038
30002045,142,TEXT_HW,TEXT,LINE_HW,0.638,0.258,0.054
30002045,309,TEXT_HW,TEXT,LINE_HW,0.773,0.167,0.03
30002048,59,TEXT_HW,TEXT,LINE_HW,0.778,0.148,0.044
30002048,142,TEXT_HW,TEXT,LINE_HW,0.688,0.216,0.056
30002048,302,TEXT_HW,TEXT,LINE_HW,0.65,0.239,0.062
30002048,338,TEXT_HW,TEXT,TEXT_T,0.683,0.229,0.041
30002048,401,TEXT_HW,TEXT,LINE_HW,0.609,0.279,0.052
30002050,162,TEXT_HW,TEXT,LINE_HW,0.564,0.242,0.132
30002050,181,TEXT_HW,TEXT,LINE_HW,0.483,0.343,0.11
30002050,188,TEXT_HW,TEXT,TEXT_T,0.74,0.193,0.027
30002050,232,TEXT_HW,TEXT,LINE_HW,0.748,0.183,0.033
30002050,271,TEXT_HW,TEXT,LINE_HW,0.731,0.219,0.021
30002050,287,TEXT_HW,TEXT,TEXT_T,0.639,0.25,0.049
30002050,313,TEXT_HW,TEXT,LINE_HW,0.779,0.158,0.036
30002051,46,TEXT_HW,TEXT,LINE_HW,0.604,0.268,0.069
30002051,58,TEXT_HW,TEXT,LINE_HW,0.651,0.267,0.051
30002051,104,TEXT_HW,TEXT,LINE_HW,0.729,0.212,0.025
30002051,318,TEXT_HW,TEXT,LINE_HW,0.71,0.21,0.034
30002051,440,TEXT_HW,TEXT,LINE_HW,0.743,0.177,0.038
30002051,450,TEXT_HW,TEXT,LINE_HW,0.668,0.231,0.057
30002056,98,TEXT_HW,TEXT,LINE_HW,0.621,0.271,0.06
30002056,374,TEXT_HW,TEXT,LINE_HW,0.771,0.162,0.033
30002056,449,TEXT_HW,TEXT,LINE_HW,0.775,0.158,0.039
30003046,60,TEXT_HW,TEXT,LINE_HW,0.714,0.164,0.051
30003050,44,TEXT_HW,TEXT,LINE_HW,0.547,0.198,0.178
30003050,65,TEXT_HW,TEXT,LINE_HW,0.66,0.183,0.103
30003116,216,TEXT_HW,TEXT,LINE_HW,0.718,0.212,0.044
30003116,277,TEXT_HW,TEXT,TEXT_T,0.705,0.205,0.039
40004026,92,TEXT_HW,TEXT,LINE_HW,0.745,0.177,0.038
40004026,105,TEXT_HW,TEXT,LINE_HW,0.755,0.158,0.059
40004026,249,TEXT_HW,TEXT,LINE_HW,0.753,0.16,0.055
40004026,282,TEXT_HW,TEXT,LINE_HW,0.781,0.142,0.051
40004026,288,TEXT_HW,TEXT,LINE_HW,0.731,0.185,0.051
40004026,314,TEXT_HW,TEXT,LINE_HW,0.764,0.16,0.042
40004026,369,TEXT_HW,TEXT,LINE_HW,0.668,0.207,0.075
40004033,54,TEXT_HW,TEXT,LINE_HW,0.747,0.161,0.042
40004033,198,TEXT_HW,TEXT,LINE_HW,0.593,0.232,0.119
40004033,443,TEXT_HW,TEXT,LINE_HW,0.56,0.223,0.151
40004053,36,TEXT_HW,TEXT,LINE_HW,0.697,0.182,0.091
40004053,40,TEXT_HW,TEXT,LINE_HW,0.76,0.159,0.049
40005340,8,TEXT_HW,TEXT,LINE_HW,0.62,0.17,0.164
40005340,98,TEXT_HW,TEXT,LINE_HW,0.67,0.189,0.109
40005340,256,TEXT_HW,LINE_HW,TEXT,0.618,0.183,0.156
40005340,258,TEXT_HW,TEXT,LINE_HW,0.739,0.152,0.074
40005340,281,TEXT_HW,LINE_HW,TEXT,0.546,0.246,0.152
40005340,318,TEXT_HW,LINE_HW,TEXT,0.676,0.148,0.131
40005340,487,TEXT_HW,TEXT,LINE_HW,0.592,0.204,0.147
40005341,154,TEXT_HW,TEXT,LINE_HW,0.594,0.264,0.067
40005341,259,TEXT_HW,TEXT,LINE_HW,0.707,0.176,0.073
40005341,453,TEXT_HW,LINE_HW,TEXT,0.587,0.176,0.174
40005341,509,TEXT_HW,TEXT,LINE_HW,0.693,0.17,0.095
40005341,528,TEXT_HW,TEXT,LINE_HW,0.627,0.161,0.159
40005341,539,TEXT_HW,TEXT,LINE_HW,0.663,0.178,0.094
40005341,600,TEXT_HW,TEXT,LINE_HW,0.692,0.164,0.1
40005343,67,TEXT_HW,TEXT,LINE_HW,0.737,0.147,0.087
40005343,363,TEXT_HW,LINE_HW,TEXT,0.629,0.172,0.162
40005343,710,TEXT_HW,LINE_HW,TEXT,0.673,0.153,0.135
40005357,95,TEXT_HW,TEXT,LINE_HW,0.673,0.152,0.119
40005357,129,TEXT_HW,LINE_HW,TEXT,0.537,0.194,0.194
40005357,156,TEXT_HW,LINE_HW,TEXT,0.693,0.155,0.115
40005357,201,TEXT_HW,TEXT,LINE_HW,0.659,0.18,0.108
40005357,208,TEXT_HW,LINE_HW,TEXT,0.653,0.168,0.139
40005357,231,TEXT_HW,TEXT,LINE_HW,0.626,0.2,0.121
40005357,262,TEXT_HW,TEXT,LINE_HW,0.715,0.16,0.088
40005357,269,TEXT_HW,TEXT,LINE_HW,0.618,0.183,0.144
40005368,26,TEXT_HW,TEXT,LINE_HW,0.741,0.171,0.054
40005368,148,TEXT_HW,TEXT,LINE_HW,0.694,0.199,0.064
40005368,195,TEXT_HW,TEXT,LINE_HW,0.709,0.197,0.062
40005368,369,TEXT_HW,TEXT,LINE_HW,0.607,0.287,0.047
40005368,382,TEXT_HW,TEXT,LINE_HW,0.636,0.257,0.045
40005368,453,TEXT_HW,TEXT,LINE_HW,0.674,0.196,0.094
40005368,498,TEXT_HW,TEXT,LINE_HW,0.672,0.181,0.094
40005382,227,TEXT_HW,TEXT,LINE_HW,0.661,0.172,0.113
40005382,310,TEXT_HW,TEXT,LINE_HW,0.66,0.18,0.116
40005382,652,TEXT_HW,LINE_HW,TEXT,0.597,0.185,0.171
40005382,706,TEXT_HW,TEXT,LINE_HW,0.662,0.162,0.121
40005382,708,TEXT_HW,LINE_HW,TEXT,0.573,0.186,0.175
40005382,874,TEXT_HW,LINE_HW,TEXT,0.434,0.298,0.19
40005382,1235,TEXT_HW,TEXT,LINE_HW,0.72,0.144,0.094
40005383,337,TEXT_HW,TEXT,LINE_HW,0.476,0.239,0.218
40005383,464,TEXT_HW,TEXT,LINE_HW,0.635,0.203,0.112
40005383,739,TEXT_HW,TEXT,LINE_HW,0.64,0.181,0.12
40005399,38,TEXT_HW,TEXT,LINE_HW,0.649,0.152,0.145
40005399,41,TEXT_HW,TEXT,LINE_HW,0.711,0.164,0.098
40005399,142,TEXT_HW,TEXT,LINE_HW,0.758,0.156,0.048
40005399,164,TEXT_HW,LINE_HW,TEXT,0.557,0.205,0.17
40005399,347,TEXT_HW,TEXT,LINE_HW,0.613,0.184,0.145
40005399,494,TEXT_HW,TEXT,LINE_HW,0.728,0.148,0.07
40005399,579,TEXT_HW,TEXT,LINE_HW,0.66,0.195,0.087
40005399,663,TEXT_HW,LINE_HW,TEXT,0.576,0.202,0.173
40005402,316,TEXT_HW,TEXT,LINE_HW,0.718,0.173,0.067
40005402,454,TEXT_HW,TEXT,LINE_HW,0.7,0.149,0.118
40005402,479,TEXT_HW,TEXT,LINE_HW,0.537,0.194,0.177
40005402,534,TEXT_HW,TEXT,LINE_HW,0.776,0.153,0.052
40005402,600,TEXT_HW,TEXT,LINE_HW,0.743,0.151,0.064
40005402,616,TEXT_HW,TEXT,LINE_HW,0.685,0.182,0.088
40005402,764,TEXT_HW,TEXT,LINE_HW,0.659,0.231,0.067
40005402,834,TEXT_HW,TEXT,LINE_HW,0.663,0.181,0.119
40005416,98,TEXT_HW,LINE_HW,TEXT,0.565,0.198,0.198
40005416,266,LINE_HW,TEXT_HW,TEXT,0.405,0.33,0.182
40005416,331,TEXT_HW,TEXT,LINE_HW,0.62,0.192,0.138
40005416,341,TEXT_HW,TEXT,LINE_HW,0.579,0.21,0.161
40005416,468,TEXT_HW,TEXT,LINE_HW,0.587,0.206,0.156
40005416,518,TEXT_HW,TEXT,LINE_HW,0.612,0.255,0.09
40005416,519,TEXT_HW,TEXT,LINE_HW,0.601,0.232,0.115
40005431,54,TEXT_HW,LINE_HW,TEXT,0.539,0.228,0.17
40005431,94,TEXT_HW,TEXT,LINE_HW,0.689,0.144,0.12
40005431,113,TEXT_HW,TEXT,LINE_HW,0.686,0.163,0.112
40005431,119,TEXT_HW,LINE_HW,TEXT,0.559,0.215,0.17
40005431,245,TEXT_HW,TEXT,LINE_HW,0.719,0.121,0.114
40005431,256,TEXT_HW,TEXT,LINE_HW,0.675,0.168,0.096
40005431,303,TEXT_HW,LINE_HW,TEXT,0.453,0.342,0.143
40005431,311,TEXT_HW,TEXT,LINE_HW,0.736,0.14,0.092
40005445,35,TEXT_HW,TEXT,LINE_HW,0.677,0.144,0.142
40005445,159,TEXT_HW,LINE_HW,TEXT,0.547,0.208,0.198
40005445,183,TEXT_HW,TEXT,LINE_HW,0.65,0.164,0.109
40005445,189,TEXT_HW,TEXT,LINE_HW,0.815,0.112,0.049
40005445,226,TEXT_HW,TEXT,LINE_HW,0.66,0.183,0.101
40005445,232,TEXT_HW,TEXT,LINE_HW,0.708,0.168,0.085
40005460,52,TEXT_HW,TEXT,LINE_HW,0.628,0.166,0.154
40005460,139,TEXT_HW,TEXT,LINE_HW,0.747,0.169,0.056
40005460,143,TEXT_HW,TEXT,LINE_HW,0.725,0.162,0.078
40005460,222,TEXT_HW,TEXT,LINE_HW,0.622,0.155,0.139
40005460,223,TEXT_HW,LINE_HW,TEXT,0.668,0.14,0.138
40005473,21,TEXT_HW,LINE_HW,TEXT,0.709,0.129,0.127
40005473,36,TEXT_HW,LINE_HW,TEXT,0.628,0.177,0.147
40005473,53,TEXT_HW,LINE_HW,TEXT,0.458,0.282,0.166
40005473,198,TEXT_HW,TEXT,LINE_HW,0.756,0.138,0.085
40005473,231,TEXT_HW,TEXT,LINE_HW,0.738,0.115,0.113
40005473,232,TEXT_HW,TEXT,LINE_HW,0.757,0.113,0.103
40005481,8,TEXT_HW,TEXT,LINE_HW,0.655,0.188,0.102
40005481,29,TEXT_HW,LINE_HW,TEXT,0.583,0.208,0.165
40005481,169,TEXT_HW,LINE_HW,TEXT,0.628,0.172,0.149
40005481,205,TEXT_HW,TEXT,LINE_HW,0.671,0.157,0.113
40005481,249,TEXT_HW,LINE_HW,TEXT,0.575,0.199,0.16
40005481,288,TEXT_HW,TEXT,LINE_HW,0.635,0.156,0.142
40005481,330,TEXT_HW,TEXT,LINE_HW,0.634,0.182,0.125
40005481,337,LINE_HW,TEXT_HW,TEXT,0.396,0.366,0.158
40005508,33,TEXT_HW,LINE_HW,TEXT,0.714,0.145,0.103
40005508,78,TEXT_HW,LINE_HW,TEXT,0.479,0.241,0.173
40005508,169,TEXT_HW,TEXT,LINE_HW,0.612,0.212,0.103
40005508,198,TEXT_HW,TEXT,LINE_HW,0.471,0.233,0.203
40005508,223,TEXT_HW,TEXT,LINE_HW,0.64,0.155,0.141
40005515,62,TEXT_HW,TEXT,LINE_HW,0.721,0.182,0.062
40005515,80,TEXT_HW,LINE_HW,TEXT,0.401,0.318,0.173
40005515,137,TEXT_HW,TEXT,LINE_HW,0.699,0.161,0.101
40005515,198,TEXT_HW,TEXT,LINE_HW,0.667,0.171,0.104
40005515,225,TEXT_HW,LINE_HW,TEXT,0.398,0.278,0.203
40005515,241,TEXT_HW,LINE_HW,TEXT,0.44,0.232,0.218
40005515,244,TEXT_HW,TEXT,LINE_HW,0.659,0.161,0.113
40005515,310,TEXT_HW,TEXT,LINE_HW,0.547,0.208,0.189
40005522,74,TEXT_HW,TEXT,LINE_HW,0.684,0.165,0.117
40005522,83,TEXT_HW,TEXT,LINE_HW,0.746,0.138,0.079
40005522,202,TEXT_HW,TEXT,LINE_HW,0.622,0.212,0.124
40005522,209,TEXT_HW,TEXT,LINE_HW,0.697,0.163,0.104
40005552,72,TEXT_HW,TEXT,LINE_HW,0.79,0.127,0.056
40005552,173,TEXT_HW,TEXT,LINE_HW,0.77,0.124,0.072
40005552,209,TEXT_HW,TEXT,LINE_HW,0.808,0.097,0.065
40005552,228,TEXT_HW,TEXT,LINE_HW,0.807,0.109,0.053
40005552,258,TEXT_HW,TEXT,LINE_HW,0.771,0.143,0.056
40005552,263,TEXT_HW,TEXT,LINE_HW,0.657,0.166,0.123
40005566,67,TEXT_HW,TEXT,LINE_HW,0.647,0.147,0.138
40005566,86,TEXT_HW,LINE_HW,TEXT,0.528,0.234,0.166
40005566,120,TEXT_HW,TEXT,LINE_HW,0.649,0.186,0.103
40005566,172,TEXT_HW,TEXT,LINE_HW,0.669,0.156,0.118
40005566,248,TEXT_HW,TEXT,LINE_HW,0.515,0.236,0.165
40005566,272,TEXT_HW,LINE_HW,TEXT,0.507,0.243,0.175
40005579,177,TEXT_HW,LINE_HW,TEXT,0.657,0.166,0.14
40005579,192,TEXT_HW,LINE_HW,TEXT,0.684,0.153,0.125
40005579,219,TEXT_HW,LINE_HW,TEXT,0.797,0.098,0.091
40005579,275,TEXT_HW,TEXT,LINE_HW,0.684,0.202,0.084
40005581,59,TEXT_HW,TEXT,LINE_HW,0.752,0.146,0.082
40005581,142,TEXT_HW,TEXT,LINE_HW,0.815,0.105,0.063
40005581,146,TEXT_HW,TEXT,LINE_HW,0.649,0.246,0.076
40005581,149,TEXT_HW,TEXT,LINE_HW,0.721,0.174,0.075
40005581,245,TEXT_HW,TEXT,LINE_HW,0.605,0.269,0.109
40005588,22,TEXT_HW,TEXT,LINE_HW,0.797,0.12,0.064
40005588,27,TEXT_HW,TEXT,LINE_HW,0.78,0.131,0.065
40005588,59,TEXT_HW,TEXT,LINE_HW,0.582,0.224,0.154
40005588,92,TEXT_HW,TEXT,LINE_HW,0.804,0.125,0.052
40005588,202,TEXT_HW,TEXT,LINE_HW,0.723,0.142,0.096
40005588,206,TEXT_HW,TEXT,LINE_HW,0.705,0.167,0.095
40005588,215,TEXT_HW,TEXT,LINE_HW,0.706,0.15,0.112
40005588,255,TEXT_HW,TEXT,LINE_HW,0.609,0.169,0.161
40005589,121,TEXT_HW,TEXT,LINE_HW,0.676,0.173,0.099
40005589,209,TEXT_HW,TEXT,LINE_HW,0.722,0.144,0.102
40005589,234,TEXT_HW,TEXT,LINE_HW,0.756,0.144,0.074
40005589,237,TEXT_HW,TEXT,LINE_HW,0.762,0.132,0.079
40006259,372,TEXT_HW,TEXT,LINE_HW,0.71,0.166,0.08
40006259,475,TEXT_HW,TEXT,LINE_HW,0.738,0.148,0.071
40006259,598,TEXT_HW,TEXT,LINE_HW,0.658,0.169,0.111
40006259,617,TEXT_HW,TEXT,LINE_HW,0.548,0.221,0.143
40006429,95,TEXT_HW,LINE_HW,TEXT,0.596,0.194,0.156
40006429,191,TEXT_HW,TEXT,LINE_HW,0.717,0.176,0.072
40006429,264,TEXT_HW,TEXT,LINE_HW,0.666,0.188,0.101
40006429,333,TEXT_HW,TEXT,LINE_HW,0.507,0.247,0.198
40006496,49,TEXT_HW,TEXT,LINE_HW,0.664,0.219,0.078
40006496,59,TEXT_HW,TEXT,LINE_HW,0.797,0.136,0.042
40006496,99,TEXT_HW,TEXT,LINE_HW,0.675,0.16,0.131
40006496,152,TEXT_HW,TEXT,LINE_HW,0.738,0.175,0.053
40006496,165,TEXT_HW,TEXT,LINE_HW,0.584,0.244,0.098
40006496,201,TEXT_HW,TEXT,LINE_HW,0.7,0.188,0.069
40006496,256,TEXT_HW,TEXT,LINE_HW,0.692,0.181,0.1
40006496,283,TEXT_HW,TEXT,LINE_HW,0.653,0.193,0.115
40006524,47,TEXT_HW,TEXT,LINE_HW,0.632,0.19,0.112
40006524,174,TEXT_HW,TEXT,LINE_HW,0.504,0.315,0.125
40006524,263,TEXT_HW,TEXT,LINE_HW,0.689,0.197,0.07
40006524,359,TEXT_HW,TEXT,LINE_HW,0.645,0.188,0.119
40006524,457,TEXT_HW,TEXT,LINE_HW,0.678,0.223,0.051
40006525,43,TEXT_HW,TEXT,LINE_HW,0.689,0.166,0.109
40006525,83,TEXT_HW,TEXT,LINE_HW,0.512,0.27,0.134
40006525,91,TEXT_HW,TEXT,LINE_HW,0.634,0.256,0.06
40006525,101,TEXT_HW,TEXT,LINE_HW,0.579,0.282,0.099
40006525,103,TEXT_HW,TEXT,LINE_HW,0.681,0.211,0.079
40006525,127,TEXT_HW,TEXT,LINE_HW,0.607,0.249,0.062
40006525,174,TEXT_HW,TEXT,LINE_HW,0.724,0.169,0.069
40006525,225,TEXT_HW,TEXT,LINE_HW,0.714,0.175,0.055
40006530,256,TEXT_HW,TEXT,LINE_HW,0.729,0.168,0.056
40006530,293,TEXT_HW,TEXT,LINE_HW,0.672,0.205,0.08
40006530,352,TEXT_HW,TEXT,LINE_HW,0.453,0.342,0.108
40006530,449,TEXT_HW,TEXT,LINE_HW,0.716,0.196,0.052
40006542,93,TEXT_HW,TEXT,LINE_HW,0.709,0.182,0.064
40006542,249,TEXT_HW,TEXT,LINE_HW,0.674,0.212,0.063
40006542,302,TEXT_HW,TEXT,LINE_HW,0.645,0.213,0.085
40006542,382,TEXT_HW,TEXT,LINE_HW,0.667,0.191,0.064
40006542,444,TEXT_HW,TEXT,LINE_HW,0.682,0.218,0.058
40008497,33,TEXT_HW,TEXT,LINE_HW,0.622,0.215,0.108
40008497,62,TEXT_HW,TEXT,LINE_HW,0.636,0.238,0.067
40008497,139,TEXT_HW,TEXT,LINE_HW,0.647,0.234,0.061
40008508,12,TEXT_HW,TEXT,TEXT_T,0.569,0.286,0.056
40008508,44,TEXT_HW,TEXT,LINE_HW,0.656,0.245,0.04
40008508,71,TEXT_HW,TEXT,LINE_HW,0.586,0.277,0.062
40008508,142,TEXT_HW,TEXT,LINE_HW,0.495,0.286,0.099
40008508,201,TEXT_HW,TEXT,LINE_HW,0.493,0.328,0.078
40008508,255,TEXT_HW,TEXT,LINE_HW,0.633,0.233,0.079
40008508,256,TEXT_HW,TEXT,LINE_HW,0.658,0.224,0.044
40009975,65,TEXT_HW,TEXT,LINE_HW,0.695,0.184,0.083
40009975,67,TEXT_HW,TEXT,LINE_HW,0.717,0.162,0.086
40009975,182,TEXT_HW,TEXT,LINE_HW,0.685,0.181,0.09
40009975,656,TEXT_HW,TEXT,LINE_HW,0.671,0.172,0.105
40009976,151,TEXT_HW,TEXT,LINE_HW,0.568,0.256,0.139
40009976,169,TEXT_HW,TEXT,LINE_HW,0.658,0.183,0.136
40009976,175,TEXT_HW,TEXT,LINE_HW,0.61,0.224,0.134
40009976,292,TEXT_HW,TEXT,LINE_HW,0.714,0.192,0.064
40009976,399,TEXT_HW,TEXT,LINE_HW,0.749,0.165,0.058
40009976,421,TEXT_HW,TEXT,LINE_HW,0.687,0.168,0.11
40009976,475,TEXT_HW,TEXT,LINE_HW,0.736,0.172,0.06
71000562,20,TEXT,TEXT_HW,TEXT_P,0.422,0.372,0.078
71000562,23,TEXT_HW,TEXT,LINE_HW,0.459,0.336,0.084
71000562,29,TEXT_HW,TEXT,LINE_HW,0.542,0.295,0.081
71000562,77,TEXT_HW,TEXT,LINE_HW,0.555,0.271,0.1
71000562,84,TEXT_HW,TEXT,LINE_HW,0.518,0.281,0.117
71000562,98,TEXT_HW,TEXT,LINE_HW,0.532,0.313,0.074
71000562,118,TEXT_HW,TEXT,LINE_HW,0.524,0.303,0.077
71000562,125,TEXT_HW,TEXT,LINE_HW,0.61,0.271,0.056
71000563,5,TEXT,TEXT_HW,LINE_HW,0.368,0.261,0.14
71000563,13,TEXT_HW,TEXT,LINE_HW,0.465,0.226,0.166
71000563,31,TEXT_HW,TEXT,LINE_HW,0.552,0.249,0.096
71000563,45,TEXT_HW,TEXT,LINE_HW,0.535,0.265,0.109
71000563,71,TEXT_HW,TEXT,LINE_HW,0.57,0.245,0.085
71000563,73,TEXT_HW,TEXT,LINE_HW,0.503,0.253,0.149
71000563,76,TEXT_HW,TEXT,LINE_HW,0.527,0.274,0.109
71000563,83,TEXT_HW,TEXT,LINE_HW,0.544,0.265,0.102
71000564,35,TEXT_HW,TEXT,LINE_HW,0.58,0.231,0.136
71000564,43,TEXT_HW,TEXT,LINE_HW,0.645,0.245,0.059
71000564,88,TEXT_HW,TEXT,LINE_HW,0.54,0.212,0.17
71000564,109,TEXT_HW,TEXT,LINE_HW,0.614,0.209,0.119
71000564,145,TEXT_HW,TEXT,LINE_HW,0.71,0.194,0.056
71000564,150,TEXT_HW,TEXT,LINE_HW,0.653,0.196,0.102
71000564,190,TEXT_HW,TEXT,LINE_HW,0.563,0.283,0.085
A0003781,10,LINE_HW,TEXT_HW,TEXT,0.384,0.281,0.182
A0003781,109,TEXT_HW,LINE_HW,TEXT,0.423,0.373,0.133
A0003781,124,TEXT_HW,LINE_HW,TEXT,0.431,0.315,0.154
A0003781,242,TEXT_HW,TEXT,LINE_HW,0.556,0.239,0.136
A0003782,18,TEXT_HW,LINE_HW,TEXT,0.591,0.204,0.164
A0003782,75,TEXT_HW,LINE_HW,TEXT,0.58,0.171,0.171
A0003782,99,TEXT_HW,LINE_HW,TEXT,0.534,0.222,0.144
A0003782,138,TEXT_HW,LINE_HW,TEXT,0.465,0.278,0.119
A0003782,237,TEXT_HW,LINE_HW,TEXT,0.586,0.179,0.173
A0003782,248,TEXT_HW,LINE_HW,TEXT,0.548,0.228,0.157
A0003782,262,TEXT_HW,LINE_HW,TEXT,0.477,0.285,0.122
A0003782,319,TEXT_HW,TEXT,LINE_HW,0.601,0.189,0.138
A0003784,74,TEXT_HW,LINE_HW,TEXT,0.556,0.167,0.15
A0003784,180,TEXT_HW,TEXT,LINE_HW,0.757,0.116,0.076
A0003784,182,TEXT_HW,TEXT,LINE_HW,0.727,0.13,0.105
A0003784,225,TEXT_HW,TEXT,LINE_HW,0.707,0.135,0.115
A0003784,345,TEXT_HW,LINE_HW,TEXT,0.545,0.207,0.161
A0003784,451,TEXT_HW,LINE_HW,TEXT,0.611,0.175,0.15
A0003784,667,TEXT_HW,LINE_HW,TEXT,0.39,0.367,0.068
A0018096,69,LINE_HW,TEXT_HW,TEXT,0.406,0.381,0.101
A0018096,146,TEXT_HW,LINE_HW,TEXT,0.696,0.16,0.067
A0018096,153,LINE_HW,TEXT_HW,TEXT,0.369,0.279,0.122
A0018096,280,TEXT_HW,LINE_HW,TEXT,0.46,0.239,0.154
A0018096,293,TEXT_HW,TEXT,LINE_HW,0.68,0.13,0.118
A0018096,312,TEXT_HW,LINE_HW,TEXT,0.56,0.2,0.142
A0018096,625,TEXT_HW,LINE_HW,TEXT,0.551,0.203,0.119
A0018098,21,TEXT_HW,TEXT,LINE_HW,0.569,0.168,0.116
A0018098,69,TEXT_HW,LINE_HW,TEXT,0.52,0.171,0.164
A0018098,80,LINE_HW,TEXT_HW,TEXT,0.323,0.272,0.17
A0018098,135,TEXT_HW,TEXT,LINE_HW,0.682,0.155,0.076
A0018098,182,TEXT_HW,LINE_HW,TEXT,0.562,0.166,0.156
A0018098,191,TEXT_HW,LINE_HW,TEXT,0.391,0.329,0.117
A0018098,211,TEXT_HW,TEXT,LINE_HW,0.534,0.197,0.131
A0027864,4,TEXT_HW,LINE_HW,TEXT,0.489,0.257,0.144
A0027864,425,TEXT_HW,LINE_HW,TEXT,0.46,0.337,0.136
A0027864,474,TEXT_HW,LINE_HW,TEXT,0.562,0.274,0.118
A0027864,595,LINE_HW,TEXT_HW,TEXT,0.411,0.392,0.107
A0027868,4,TEXT_HW,LINE_HW,TEXT,0.628,0.174,0.116
A0027868,321,LINE_HW,TEXT_HW,TEXT,0.434,0.308,0.122
A0027868,327,TEXT_HW,LINE_HW,TEXT,0.483,0.364,0.089
A0027868,370,TEXT_HW,LINE_HW,TEXT,0.39,0.366,0.135
A0027868,374,TEXT_HW,LINE_HW,TEXT,0.473,0.261,0.174
A0027870,38,TEXT_HW,LINE_HW,TEXT,0.423,0.273,0.182
A0027870,279,LINE_HW,TEXT_HW,TEXT,0.357,0.306,0.18
A0027870,376,LINE_HW,TEXT_HW,TEXT,0.446,0.336,0.098
A0027873,47,TEXT_HW,LINE_HW,TEXT,0.439,0.331,0.126
A0027873,52,TEXT_HW,LINE_HW,TEXT,0.498,0.293,0.13
A0027873,420,TEXT_HW,TEXT,LINE_HW,0.546,0.195,0.183
A0027874,368,LINE_HW,TEXT_HW,TEXT,0.58,0.266,0.059
A0027874,382,TEXT_HW,LINE_HW,TEXT,0.532,0.222,0.168
A0027874,574,TEXT_HW,LINE_HW,TEXT,0.387,0.274,0.214
A0027874,646,TEXT_HW,LINE_HW,TEXT,0.48,0.227,0.194
A0027878,51,TEXT_HW,LINE_HW,TEXT,0.675,0.137,0.129
A0027878,58,TEXT_HW,TEXT,LINE_HW,0.522,0.239,0.169
A0027878,313,TEXT_HW,TEXT,LINE_HW,0.552,0.203,0.168
A0027878,455,TEXT_HW,TEXT,LINE_HW,0.466,0.257,0.183
A0027878,508,TEXT_HW,TEXT,LINE_HW,0.684,0.168,0.082
A0027878,529,TEXT_HW,TEXT,LINE_HW,0.715,0.16,0.075
A0027880,317,TEXT_HW,LINE_HW,TEXT,0.512,0.22,0.183
A0027880,486,TEXT_HW,LINE_HW,TEXT,0.427,0.389,0.121
A0027880,580,TEXT_HW,TEXT,LINE_HW,0.655,0.16,0.146
A0027880,600,TEXT_HW,TEXT,LINE_HW,0.523,0.263,0.141
A0027880,851,TEXT_HW,TEXT,LINE_HW,0.685,0.196,0.07
A0027881,240,TEXT_HW,TEXT,LINE_HW,0.641,0.167,0.122
A0027881,313,TEXT_HW,LINE_HW,TEXT,0.612,0.181,0.165
A0027881,572,LINE_HW,TEXT_HW,TEXT,0.579,0.32,0.044
A0027881,573,LINE_HW,TEXT_HW,TEXT,0.601,0.302,0.046
A0027881,965,TEXT_HW,LINE_HW,TEXT,0.567,0.202,0.173
A0027888,94,TEXT_HW,LINE_HW,TEXT,0.519,0.305,0.099
A0027888,166,TEXT_HW,LINE_HW,TEXT,0.51,0.385,0.056
A0027888,392,TEXT_HW,LINE_HW,TEXT,0.537,0.204,0.154
A0027888,421,TEXT_HW,LINE_HW,TEXT,0.349,0.318,0.187
A0027888,564,TEXT_HW,LINE_HW,TEXT,0.406,0.326,0.164
A0027888,578,TEXT_HW,TEXT,LINE_HW,0.48,0.213,0.194
A0027898,379,TEXT_HW,LINE_HW,TEXT,0.436,0.397,0.077
A0027898,409,TEXT_HW,LINE_HW,TEXT,0.492,0.255,0.16
A0027898,587,TEXT_HW,LINE_HW,TEXT,0.526,0.265,0.133
A0027898,632,TEXT_HW,TEXT,LINE_HW,0.614,0.171,0.133
A0027898,797,TEXT_HW,LINE_HW,TEXT,0.53,0.251,0.147
A0027898,846,TEXT_HW,LINE_HW,TEXT,0.536,0.216,0.158
A0027904,133,TEXT_HW,TEXT,LINE_HW,0.3,0.273,0.223
A0027904,176,TEXT_HW,LINE_HW,TEXT,0.478,0.241,0.182
A0027904,190,LINE_HW,TEXT_HW,DRAW_L,0.512,0.13,0.081
A0027904,200,LINE_HW,TEXT_HW,TEXT,0.429,0.182,0.093
A0027904,518,LINE_HW,TEXT_HW,TEXT,0.4,0.382,0.149
A0027904,527,LINE_HW,TEXT_HW,TEXT,0.333,0.272,0.145
A0027907,137,TEXT_HW,TEXT,LINE_HW,0.516,0.252,0.168
A0027907,179,TEXT_HW,TEXT,LINE_HW,0.433,0.263,0.211
A0027907,285,TEXT_HW,LINE_HW,TEXT,0.485,0.247,0.19
A0027907,298,TEXT_HW,TEXT,LINE_HW,0.507,0.255,0.187
A0027907,379,TEXT_HW,TEXT,LINE_HW,0.523,0.218,0.17
A0027909,8,TEXT_HW,LINE_HW,TEXT,0.559,0.264,0.129
A0027909,474,TEXT_HW,LINE_HW,TEXT,0.623,0.173,0.143
A0027909,498,TEXT_HW,TEXT,LINE_HW,0.706,0.153,0.093
A0027909,524,TEXT_HW,TEXT,LINE_HW,0.595,0.206,0.129
A0027909,539,TEXT_HW,TEXT,LINE_HW,0.665,0.185,0.085
A0027909,711,TEXT_HW,LINE_HW,TEXT,0.613,0.219,0.108
A0027909,1019,TEXT_HW,LINE_HW,TEXT,0.655,0.171,0.129
A0027914,142,TEXT_HW,LINE_HW,TEXT,0.461,0.232,0.205
A0027914,147,TEXT_HW,LINE_HW,TEXT,0.421,0.272,0.226
A0027919,59,TEXT_HW,TEXT,LINE_HW,0.624,0.203,0.112
A0027919,218,TEXT_HW,LINE_HW,TEXT,0.443,0.269,0.137
A0027919,285,TEXT_HW,LINE_HW,TEXT,0.478,0.334,0.107
A0027919,324,TEXT_HW,LINE_HW,TEXT,0.405,0.357,0.149
A0027919,678,TEXT_HW,TEXT,LINE_HW,0.646,0.168,0.14
A0027919,697,TEXT_HW,LINE_HW,TEXT,0.553,0.179,0.169
A0027920,48,TEXT_HW,TEXT,LINE_HW,0.717,0.16,0.078
A0027920,84,TEXT_HW,TEXT,LINE_HW,0.632,0.199,0.113
A0027920,85,TEXT_HW,TEXT,LINE_HW,0.488,0.269,0.163
A0027920,134,TEXT_HW,LINE_HW,TEXT,0.422,0.361,0.119
A0027920,232,LINE_HW,TEXT_HW,TEXT,0.532,0.173,0.078
A0027920,244,TEXT_HW,TEXT,LINE_HW,0.642,0.202,0.108
A0027923,102,TEXT_HW,LINE_HW,TEXT,0.504,0.25,0.159
A0027923,127,LINE_HW,TEXT_HW,TEXT,0.467,0.425,0.059
A0027923,178,LINE_HW,TEXT_HW,TEXT,0.432,0.306,0.14
A0027923,351,LINE_HW,TEXT_HW,TEXT,0.429,0.334,0.096
A0027923,392,TEXT_HW,LINE_HW,TEXT,0.414,0.322,0.139
A0027923,401,TEXT_HW,LINE_HW,TEXT,0.432,0.321,0.172
A0027924,103,LINE_HW,TEXT_HW,DRAW_L,0.502,0.151,0.121
A0027924,111,TEXT_HW,LINE_HW,TEXT,0.625,0.188,0.131
A0027924,248,LINE_HW,TEXT_HW,TEXT,0.357,0.335,0.191
A0027931,82,TEXT_HW,LINE_HW,TEXT,0.412,0.297,0.152
A0027931,131,LINE_HW,PHOTO_L,PHOTO,0.246,0.177,0.174
A0027931,175,TEXT_HW,LINE_HW,TEXT,0.465,0.282,0.177
A0027931,227,LINE_HW,TEXT_HW,LINE_P,0.681,0.078,0.076
A0027931,228,LINE_HW,TEXT_HW,TEXT,0.664,0.078,0.077
A0027931,377,TEXT_HW,LINE_HW,TEXT,0.537,0.279,0.104
A0027932,24,TEXT_HW,LINE_HW,TEXT,0.55,0.229,0.146
A0027932,300,TEXT_HW,LINE_HW,TEXT,0.472,0.319,0.119
A0027932,386,TEXT_HW,TEXT,LINE_HW,0.621,0.195,0.136
A0027932,499,TEXT_HW,LINE_HW,TEXT,0.54,0.267,0.128
A0027932,717,TEXT_HW,LINE_HW,TEXT,0.478,0.339,0.103
A0027935,23,TEXT_HW,LINE_HW,TEXT,0.524,0.256,0.16
A0027935,62,TEXT_HW,LINE_HW,TEXT,0.449,0.361,0.129
A0027942,6,TEXT_HW,LINE_HW,TEXT,0.621,0.165,0.16
A0027942,25,LINE_HW,TEXT_HW,TEXT,0.518,0.223,0.109
A0027942,31,TEXT_HW,LINE_HW,TEXT,0.525,0.233,0.171
A0027942,147,TEXT_HW,LINE_HW,TEXT,0.531,0.195,0.178
A0027942,218,TEXT_HW,LINE_HW,TEXT,0.5,0.276,0.148
A0027942,263,TEXT_HW,LINE_HW,TEXT,0.584,0.19,0.167
A0027944,152,TEXT_HW,TEXT,LINE_HW,0.68,0.178,0.092
A0027944,169,TEXT_HW,LINE_HW,TEXT,0.404,0.335,0.168
A0027944,204,TEXT_HW,TEXT,LINE_HW,0.713,0.211,0.043
A0027944,552,LINE_HW,TEXT_HW,TEXT,0.454,0.332,0.134
A0027944,562,TEXT_HW,TEXT,LINE_HW,0.705,0.178,0.068
A0027944,589,TEXT_HW,LINE_HW,TEXT,0.639,0.201,0.108
A0027945,3,TEXT_HW,LINE_HW,TEXT,0.544,0.194,0.146
A0027945,217,TEXT_HW,LINE_HW,TEXT,0.484,0.243,0.184
A0027946,28,TEXT_HW,LINE_HW,TEXT,0.589,0.246,0.104
A0027946,64,TEXT_HW,LINE_HW,TEXT,0.763,0.108,0.09
A0027946,86,TEXT_HW,LINE_HW,TEXT,0.754,0.1,0.099
A0027946,95,TEXT_HW,LINE_HW,TEXT,0.478,0.329,0.094
A0027946,124,TEXT_HW,TEXT,LINE_HW,0.599,0.156,0.138
A0027946,128,LINE_HW,TEXT_HW,TEXT,0.431,0.274,0.114
A0027946,129,LINE_HW,TEXT_HW,TEXT,0.668,0.14,0.054
A0027949,57,TEXT_HW,TEXT,LINE_HW,0.594,0.225,0.124
A0027949,105,TEXT_HW,LINE_HW,TEXT,0.567,0.19,0.184
A0027952,49,TEXT_HW,LINE_HW,TEXT,0.635,0.226,0.102
A0027952,206,TEXT_HW,LINE_HW,TEXT,0.678,0.188,0.098
A0027952,227,TEXT_HW,LINE_HW,TEXT,0.529,0.342,0.076
A0027952,273,LINE_HW,TEXT_HW,TEXT,0.424,0.411,0.085
A0027952,280,TEXT_HW,LINE_HW,TEXT,0.575,0.28,0.1
A0027952,357,TEXT_HW,LINE_HW,TEXT,0.523,0.371,0.056
A0027964,269,TEXT_HW,LINE_HW,TEXT,0.53,0.332,0.081
A0027964,326,TEXT_HW,LINE_HW,TEXT,0.572,0.279,0.092
A0027964,352,TEXT_HW,LINE_HW,TEXT,0.563,0.266,0.114
A0027968,62,TEXT_HW,LINE_HW,TEXT,0.526,0.309,0.11
A0027968,142,TEXT_HW,TEXT,LINE_HW,0.678,0.182,0.098
A0027968,269,TEXT_HW,LINE_HW,TEXT,0.479,0.265,0.174
A0027968,302,TEXT_HW,TEXT,LINE_HW,0.521,0.27,0.132
A0027969,294,TEXT_HW,TEXT,TEXT_T,0.718,0.155,0.054
A0027975,179,TEXT_HW,LINE_HW,TEXT,0.344,0.268,0.252
A0027975,275,TEXT_HW,LINE_HW,TEXT,0.525,0.233,0.165
A0027975,445,TEXT_HW,TEXT,LINE_HW,0.575,0.212,0.143
A0027975,528,TEXT_HW,LINE_HW,TEXT,0.565,0.208,0.172
A0027975,635,LINE_HW,TEXT_HW,TEXT,0.428,0.366,0.095
A0027976,33,TEXT_HW,LINE_HW,TEXT,0.443,0.345,0.125
A0027976,220,TEXT_HW,LINE_HW,TEXT,0.351,0.3,0.227
A0027976,410,TEXT_HW,LINE_HW,TEXT,0.38,0.325,0.191
A0027976,507,TEXT_HW,TEXT,LINE_HW,0.588,0.179,0.174
A0027976,509,TEXT_HW,LINE_HW,TEXT,0.462,0.24,0.212
A0027976,766,TEXT_HW,TEXT,LINE_HW,0.421,0.255,0.199
A0027982,78,TEXT_HW,TEXT,LINE_HW,0.559,0.199,0.15
A0027982,450,TEXT_HW,TEXT,LINE_HW,0.536,0.217,0.163
A0027982,576,TEXT_HW,LINE_HW,TEXT,0.385,0.373,0.133
A0027982,613,TEXT_HW,LINE_HW,TEXT,0.395,0.349,0.128
A0030232,106,TEXT_HW,TEXT,LINE_HW,0.742,0.176,0.045
A0030232,112,TEXT_HW,TEXT,LINE_HW,0.717,0.17,0.079
A0030232,136,TEXT_HW,LINE_HW,TEXT,0.635,0.206,0.121
A0030232,137,TEXT_HW,LINE_HW,TEXT,0.683,0.143,0.13
A0030232,259,LINE_HW,TEXT_HW,TEXT,0.445,0.253,0.144
A0030232,272,TEXT_HW,TEXT,LINE_HW,0.499,0.267,0.167
A0030240,113,TEXT_HW,LINE_HW,TEXT,0.427,0.343,0.157
A0030240,138,LINE_HW,TEXT_HW,TEXT,0.488,0.305,0.102
A0030240,207,TEXT_HW,LINE_HW,TEXT,0.513,0.292,0.142
A0030240,230,TEXT_HW,LINE_HW,TEXT,0.521,0.254,0.152
A0030240,309,TEXT_HW,LINE_HW,TEXT,0.547,0.275,0.103
A0030240,321,TEXT_HW,LINE_HW,TEXT,0.581,0.302,0.079
A0030240,328,TEXT_HW,LINE_HW,TEXT,0.551,0.23,0.163
A0030240,443,LINE_HW,TEXT_HW,TEXT,0.408,0.36,0.137
A0030242,270,LINE_HW,TEXT_HW,TEXT,0.413,0.343,0.118
A0030242,291,LINE_HW,TEXT_HW,TEXT,0.314,0.277,0.23
A0030242,401,TEXT_HW,LINE_HW,TEXT,0.521,0.217,0.204
A0030422,150,TEXT_HW,LINE_HW,TEXT,0.532,0.251,0.139
A0030422,368,LINE_HW,TEXT_HW,TEXT,0.52,0.336,0.085
A0030422,380,TEXT_HW,LINE_HW,TEXT,0.426,0.365,0.134
A0030423,338,TEXT_HW,LINE_HW,TEXT,0.545,0.258,0.145
A0030423,446,TEXT_HW,LINE_HW,TEXT,0.453,0.246,0.228
A0030423,510,TEXT_HW,LINE_HW,TEXT,0.556,0.218,0.164
A0030423,551,TEXT_HW,TEXT,LINE_HW,0.604,0.212,0.119
A0030424,90,TEXT_HW,TEXT,LINE_HW,0.658,0.172,0.106
A0030424,207,TEXT_HW,TEXT,LINE_HW,0.588,0.169,0.158
A0030424,218,TEXT_HW,TEXT,LINE_HW,0.688,0.144,0.105
A0030424,264,TEXT_HW,TEXT,LINE_HW,0.586,0.19,0.139
A0030424,352,TEXT_HW,TEXT,LINE_HW,0.728,0.15,0.073
A0030424,395,TEXT_HW,TEXT,LINE_HW,0.565,0.228,0.115
A0043896,67,TEXT_HW,LINE_HW,TEXT,0.572,0.204,0.132
A0043896,183,LINE_HW,TEXT_HW,TEXT,0.542,0.226,0.066
A0043896,186,TEXT_HW,LINE_HW,TEXT,0.63,0.247,0.072
A0043896,361,TEXT_HW,LINE_HW,TEXT,0.514,0.178,0.172
A0043897,45,TEXT_HW,LINE_HW,TEXT,0.65,0.172,0.091
A0043897,108,TEXT_HW,LINE_HW,TEXT,0.642,0.135,0.135
A0043897,147,TEXT_HW,LINE_HW,TEXT,0.457,0.277,0.077
A0043897,416,TEXT_HW,TEXT,LINE_HW,0.729,0.123,0.087
A0043897,466,TEXT_HW,LINE_HW,TEXT,0.496,0.253,0.129
A0043899,160,TEXT_HW,TEXT,LINE_HW,0.62,0.172,0.128
A0043899,204,TEXT_HW,TEXT,LINE_HW,0.565,0.167,0.152
A0043899,279,TEXT_HW,LINE_HW,TEXT,0.588,0.203,0.149
A0043899,287,TEXT_HW,TEXT,LINE_HW,0.704,0.155,0.101
A0043899,397,TEXT_HW,LINE_HW,TEXT,0.587,0.23,0.107
A0043900,73,TEXT_HW,LINE_HW,TEXT,0.666,0.137,0.127
A0043900,80,TEXT_HW,LINE_HW,TEXT,0.54,0.205,0.17
A0043900,85,LINE_HW,TEXT_HW,TEXT,0.514,0.348,0.045
A0043900,120,TEXT_HW,LINE_HW,TEXT,0.527,0.32,0.066
A0043900,141,TEXT_HW,LINE_HW,TEXT,0.558,0.248,0.078
A0043900,182,TEXT_HW,LINE_HW,TEXT,0.462,0.267,0.17
A0043901,58,TEXT_HW,LINE_HW,TEXT,0.61,0.162,0.152
A0043901,80,TEXT_HW,LINE_HW,TEXT,0.643,0.158,0.107
A0043901,91,TEXT_HW,LINE_HW,TEXT,0.492,0.308,0.11
A0043901,94,TEXT_HW,LINE_HW,TEXT,0.347,0.311,0.154
A0043901,130,TEXT_HW,LINE_HW,TEXT,0.473,0.296,0.129
A0043904,164,TEXT_HW,LINE_HW,TEXT,0.692,0.124,0.12
A0043904,212,TEXT_HW,LINE_HW,TEXT,0.419,0.406,0.098
A0043904,238,TEXT_HW,LINE_HW,TEXT,0.425,0.364,0.099
A0043904,281,TEXT_HW,LINE_HW,TEXT,0.451,0.362,0.104
A0043904,294,TEXT_HW,TEXT,LINE_HW,0.602,0.162,0.152
A0043904,438,TEXT_HW,LINE_HW,TEXT,0.627,0.234,0.086
A0043906,14,TEXT_HW,TEXT,LINE_HW,0.546,0.156,0.152
A0043906,87,LINE_HW,TEXT_HW,TEXT,0.432,0.363,0.07
A0043906,116,TEXT_HW,LINE_HW,TEXT,0.281,0.222,0.181
A0043906,233,TEXT_HW,TEXT,LINE_HW,0.575,0.192,0.145
A0043906,283,TEXT_HW,TEXT,LINE_HW,0.677,0.194,0.061
A0043908,296,TEXT_HW,LINE_HW,TEXT,0.551,0.237,0.107
A0043908,316,TEXT_HW,LINE_HW,TEXT,0.597,0.156,0.138
A0043908,441,TEXT_HW,LINE_HW,TEXT,0.569,0.241,0.135
A0043908,451,TEXT_HW,LINE_HW,TEXT,0.399,0.352,0.109
A0043908,516,TEXT_HW,LINE_HW,TEXT,0.581,0.242,0.113
A0043910,185,TEXT_HW,LINE_HW,TEXT,0.466,0.266,0.109
A0043910,214,TEXT_HW,LINE_HW,TEXT,0.736,0.128,0.097
A0043910,255,TEXT_HW,TEXT,LINE_HW,0.689,0.174,0.068
A0043910,331,TEXT_HW,LINE_HW,TEXT,0.4,0.381,0.122
A0043910,371,TEXT_HW,TEXT,LINE_HW,0.631,0.17,0.105
A0043910,396,TEXT_HW,LINE_HW,TEXT,0.352,0.217,0.192
A0043912,32,TEXT_HW,LINE_HW,TEXT,0.427,0.401,0.085
A0043912,52,TEXT_HW,LINE_HW,TEXT,0.504,0.217,0.169
A0043912,116,TEXT_HW,LINE_HW,TEXT,0.534,0.226,0.146
A0043912,260,TEXT_HW,LINE_HW,TEXT,0.524,0.272,0.105
A0043912,348,TEXT_HW,LINE_HW,TEXT,0.768,0.093,0.092
A0043912,359,TEXT_HW,LINE_HW,TEXT,0.664,0.133,0.131
A0043912,431,TEXT_HW,LINE_HW,TEXT,0.738,0.122,0.088
A0043914,242,TEXT_HW,TEXT,LINE_HW,0.621,0.172,0.143
A0043914,295,TEXT_HW,LINE_HW,TEXT,0.489,0.25,0.159
A0043914,315,TEXT_HW,TEXT,LINE_HW,0.651,0.134,0.13
A0043914,381,TEXT_HW,LINE_HW,TEXT,0.449,0.229,0.168
A0043915,25,TEXT_HW,LINE_HW,TEXT,0.603,0.212,0.11
A0043915,148,TEXT_HW,LINE_HW,TEXT,0.385,0.385,0.102
A0043915,348,TEXT_HW,LINE_HW,TEXT,0.586,0.241,0.089
A0043915,427,LINE_HW,TEXT_HW,TEXT,0.436,0.35,0.108
A0043915,437,TEXT_HW,TEXT,LINE_HW,0.599,0.142,0.14
A0043915,455,TEXT_HW,LINE_HW,TEXT,0.537,0.161,0.142
A0043916,101,TEXT_HW,LINE_HW,TEXT,0.444,0.325,0.098
A0043916,339,TEXT_HW,LINE_HW,TEXT,0.433,0.293,0.092
A0043916,384,TEXT_HW,TEXT,LINE_HW,0.638,0.167,0.142
A0043916,511,TEXT_HW,TEXT,LINE_HW,0.646,0.163,0.096
A0043916,645,TEXT_HW,LINE_HW,TEXT,0.606,0.185,0.114
A0043917,18,TEXT_HW,LINE_HW,TEXT,0.56,0.185,0.156
A0043917,57,TEXT_HW,LINE_HW,TEXT,0.518,0.269,0.107
A0043917,231,TEXT_HW,LINE_HW,TEXT,0.631,0.17,0.126
A0043917,283,TEXT_HW,LINE_HW,TEXT,0.604,0.229,0.099
A0043917,365,TEXT_HW,LINE_HW,TEXT,0.558,0.176,0.165
A0043917,394,TEXT_HW,TEXT,LINE_HW,0.682,0.145,0.115
A0043917,430,TEXT_HW,TEXT,LINE_HW,0.69,0.132,0.116
A0043918,38,TEXT_HW,LINE_HW,TEXT,0.417,0.315,0.095
A0043918,53,TEXT_HW,LINE_HW,TEXT,0.518,0.252,0.135
A0043918,177,TEXT_HW,TEXT,LINE_HW,0.73,0.129,0.1
A0043918,211,TEXT_HW,LINE_HW,TEXT,0.492,0.28,0.155
A0043918,307,TEXT_HW,LINE_HW,TEXT,0.583,0.157,0.145
A0043918,309,TEXT_HW,LINE_HW,TEXT,0.595,0.187,0.125
A0043918,314,LINE_HW,TEXT_HW,TEXT,0.38,0.234,0.129
A0043922,63,LINE_HW,TEXT_HW,TEXT,0.56,0.234,0.093
A0043922,79,TEXT_HW,TEXT,LINE_HW,0.687,0.163,0.096
A0043922,164,LINE_HW,TEXT_HW,TEXT,0.563,0.207,0.077
A0043922,291,TEXT_HW,LINE_HW,TEXT,0.38,0.346,0.133
A0043922,330,TEXT_HW,LINE_HW,TEXT,0.588,0.234,0.09
A0043922,375,TEXT_HW,LINE_HW,TEXT,0.529,0.221,0.154
A0043922,404,LINE_HW,TEXT_HW,TEXT,0.502,0.324,0.075
A0043923,113,TEXT_HW,LINE_HW,TEXT,0.509,0.24,0.125
A0043923,203,TEXT_HW,LINE_HW,TEXT,0.588,0.21,0.123
A0043923,223,LINE_HW,TEXT_HW,TEXT,0.475,0.307,0.1
A0043923,387,TEXT_HW,LINE_HW,TEXT,0.525,0.268,0.121
A0043923,398,TEXT_HW,LINE_HW,TEXT,0.369,0.347,0.093
A0043925,164,TEXT_HW,LINE_HW,TEXT,0.59,0.217,0.126
A0043925,214,TEXT_HW,LINE_HW,TEXT,0.64,0.178,0.106
A0043925,231,TEXT_HW,LINE_HW,TEXT,0.69,0.154,0.103
A0043925,300,TEXT_HW,LINE_HW,TEXT,0.447,0.317,0.111
A0043925,315,TEXT_HW,LINE_HW,TEXT,0.514,0.251,0.143
A0043925,374,TEXT_HW,LINE_HW,TEXT,0.548,0.208,0.167
A0043925,501,TEXT_HW,TEXT,LINE_HW,0.546,0.195,0.167
A0043932,20,TEXT_HW,LINE_HW,TEXT,0.559,0.219,0.17
A0043932,57,TEXT_HW,LINE_HW,TEXT,0.645,0.21,0.109
A0043932,80,TEXT_HW,LINE_HW,TEXT,0.505,0.262,0.149
A0043932,140,TEXT_HW,LINE_HW,TEXT,0.419,0.347,0.149
A0043932,258,TEXT_HW,TEXT,LINE_HW,0.569,0.203,0.163
A0043932,262,TEXT_HW,TEXT,LINE_HW,0.566,0.236,0.13
A0043932,312,TEXT_HW,LINE_HW,TEXT,0.5,0.294,0.119
A0043933,14,TEXT_HW,LINE_HW,TEXT,0.398,0.362,0.153
A0043933,26,TEXT_HW,LINE_HW,TEXT,0.483,0.312,0.141
A0043933,42,LINE_HW,TEXT_HW,PHOTO_L,0.403,0.185,0.089
A0043933,99,TEXT_HW,TEXT,LINE_HW,0.492,0.272,0.152
A0043933,145,TEXT_HW,LINE_HW,TEXT,0.356,0.265,0.223
A0043933,182,TEXT_HW,LINE_HW,TEXT,0.493,0.299,0.137
A0043933,224,TEXT_HW,LINE_HW,TEXT,0.649,0.207,0.094
A0043933,286,TEXT_HW,LINE_HW,TEXT,0.384,0.349,0.141
A0043934,160,TEXT_HW,LINE_HW,TEXT,0.494,0.295,0.135
A0043934,259,TEXT_HW,TEXT,LINE_HW,0.552,0.245,0.153
A0043934,266,TEXT_HW,TEXT,LINE_HW,0.614,0.206,0.133
A0043934,302,TEXT_HW,LINE_HW,TEXT,0.502,0.261,0.191
A0043934,341,TEXT_HW,TEXT,LINE_HW,0.404,0.335,0.168
A0043934,396,TEXT_HW,TEXT,LINE_HW,0.529,0.258,0.122
A0043934,397,TEXT_HW,TEXT,LINE_HW,0.472,0.223,0.216
A0043935,28,TEXT_HW,LINE_HW,TEXT,0.609,0.169,0.154
A0043935,47,TEXT_HW,TEXT,LINE_HW,0.567,0.19,0.179
A0043935,60,TEXT_HW,TEXT,LINE_HW,0.464,0.226,0.219
A0043935,119,TEXT_HW,LINE_HW,TEXT,0.514,0.251,0.178
A0043935,178,TEXT_HW,LINE_HW,TEXT,0.562,0.188,0.177
A0043935,195,TEXT_HW,LINE_HW,TEXT,0.54,0.247,0.155
A0043935,200,TEXT_HW,LINE_HW,TEXT,0.402,0.285,0.236
A0043936,30,TEXT_HW,TEXT,LINE_HW,0.646,0.185,0.14
A0043936,51,TEXT_HW,TEXT,LINE_HW,0.356,0.26,0.256
A0043936,107,TEXT_HW,LINE_HW,TEXT,0.33,0.31,0.206
A0043936,252,TEXT_HW,LINE_HW,TEXT,0.48,0.278,0.18
A0043936,345,TEXT_HW,LINE_HW,TEXT,0.372,0.328,0.218
A0043936,388,TEXT_HW,LINE_HW,TEXT,0.458,0.269,0.2
A0043937,25,TEXT_HW,LINE_HW,TEXT,0.451,0.31,0.142
A0043937,38,TEXT_HW,TEXT,LINE_HW,0.67,0.169,0.124
A0043937,88,TEXT_HW,TEXT,LINE_HW,0.553,0.204,0.18
A0043937,145,TEXT_HW,TEXT,LINE_HW,0.572,0.239,0.124
A0043937,230,TEXT_HW,TEXT,LINE_HW,0.452,0.25,0.207
A0043937,239,TEXT_HW,TEXT,LINE_HW,0.458,0.238,0.23
A0043937,316,TEXT_HW,TEXT,LINE_HW,0.524,0.255,0.121
A0043938,352,LINE_HW,TEXT_HW,TEXT,0.387,0.375,0.151
A0043938,355,TEXT_HW,LINE_HW,TEXT,0.436,0.309,0.187
A0043938,395,LINE_HW,TEXT_HW,TEXT,0.429,0.334,0.144
A0043938,401,TEXT_HW,LINE_HW,TEXT,0.419,0.316,0.169
A0043939,30,TEXT_HW,TEXT,LINE_HW,0.658,0.214,0.084
A0043939,46,TEXT_HW,TEXT,LINE_HW,0.695,0.17,0.097
A0043939,67,TEXT_HW,TEXT,LINE_HW,0.581,0.283,0.089
A0043939,72,TEXT_HW,TEXT,LINE_HW,0.701,0.183,0.079
A0043939,85,TEXT_HW,TEXT,LINE_HW,0.593,0.232,0.124
A0043939,97,TEXT_HW,TEXT,LINE_HW,0.66,0.214,0.081
A0043939,126,TEXT_HW,TEXT,LINE_HW,0.681,0.172,0.108
A0043939,139,TEXT_HW,TEXT,LINE_HW,0.632,0.205,0.11
A0054799,80,TEXT_HW,LINE_HW,TEXT,0.727,0.117,0.117
A0054799,112,TEXT_HW,LINE_HW,TEXT,0.626,0.168,0.149
A0054799,144,TEXT_HW,LINE_HW,TEXT,0.472,0.273,0.176
A0054799,146,TEXT_HW,TEXT,LINE_HW,0.485,0.212,0.199
A0054799,148,TEXT_HW,LINE_HW,TEXT,0.452,0.311,0.147
A0054799,208,TEXT_HW,LINE_HW,TEXT,0.669,0.192,0.089
A0054799,256,TEXT_HW,TEXT,LINE_HW,0.63,0.159,0.154
A0054799,293,TEXT_HW,LINE_HW,TEXT,0.554,0.224,0.164
A0054801,13,TEXT_HW,TEXT,LINE_HW,0.662,0.167,0.102
A0054801,21,TEXT_HW,LINE_HW,TEXT,0.636,0.146,0.146
A0054801,35,TEXT_HW,TEXT,LINE_HW,0.734,0.154,0.07
A0054801,45,TEXT_HW,TEXT,LINE_HW,0.708,0.153,0.096
A0054801,54,TEXT_HW,LINE_HW,TEXT,0.701,0.157,0.098
A0054801,68,TEXT_HW,TEXT,LINE_HW,0.672,0.155,0.113
A0054801,111,TEXT_HW,TEXT,LINE_HW,0.717,0.137,0.097
A0054802,10,TEXT_HW,LINE_HW,TEXT,0.609,0.169,0.164
A0054802,23,TEXT_HW,TEXT,LINE_HW,0.655,0.219,0.093
A0054802,93,TEXT_HW,TEXT,LINE_HW,0.607,0.18,0.151
A0054802,111,TEXT_HW,TEXT,LINE_HW,0.67,0.154,0.118
A0054802,140,TEXT_HW,TEXT,LINE_HW,0.613,0.181,0.173
A0054802,169,TEXT_HW,TEXT,LINE_HW,0.592,0.218,0.132
A0054802,179,TEXT_HW,LINE_HW,TEXT,0.475,0.214,0.214
A0054802,182,TEXT_HW,TEXT,LINE_HW,0.623,0.215,0.107
A0054806,23,TEXT_HW,LINE_HW,TEXT,0.566,0.208,0.155
A0054806,35,TEXT_HW,LINE_HW,TEXT,0.616,0.188,0.133
A0054806,57,TEXT_HW,LINE_HW,TEXT,0.43,0.368,0.119
A0054806,64,TEXT_HW,LINE_HW,TEXT,0.697,0.129,0.129
A0054806,138,TEXT_HW,LINE_HW,TEXT,0.487,0.305,0.118
A0054806,155,TEXT_HW,LINE_HW,TEXT,0.575,0.205,0.145
A0054806,182,TEXT_HW,LINE_HW,TEXT,0.451,0.33,0.135
A0054806,220,TEXT_HW,LINE_HW,TEXT,0.612,0.199,0.11
A0054808,9,TEXT_HW,LINE_HW,TEXT,0.546,0.242,0.156
A0054808,45,TEXT_HW,LINE_HW,TEXT,0.645,0.188,0.116
A0054808,70,TEXT_HW,LINE_HW,TEXT,0.606,0.234,0.125
A0054808,82,TEXT_HW,LINE_HW,TEXT,0.564,0.25,0.128
A0054808,91,TEXT_HW,LINE_HW,TEXT,0.533,0.328,0.087
A0054808,105,TEXT_HW,LINE_HW,TEXT,0.522,0.359,0.071
A0054808,150,TEXT_HW,LINE_HW,TEXT,0.679,0.186,0.093
A0054810,44,TEXT_HW,LINE_HW,TEXT,0.727,0.117,0.115
A0054810,50,TEXT_HW,LINE_HW,TEXT,0.737,0.106,0.106
A0054810,63,TEXT_HW,LINE_HW,TEXT,0.489,0.288,0.124
A0054810,230,TEXT_HW,LINE_HW,TEXT,0.609,0.242,0.099
A0054810,255,TEXT_HW,TEXT,LINE_HW,0.726,0.122,0.108
A0054810,261,TEXT_HW,TEXT,LINE_HW,0.792,0.089,0.087
A0054810,280,TEXT_HW,LINE_HW,TEXT,0.7,0.147,0.109
A0054810,288,TEXT_HW,LINE_HW,TEXT,0.633,0.199,0.103
A0054812,38,TEXT_HW,LINE_HW,TEXT,0.614,0.176,0.15
A0054812,83,TEXT_HW,LINE_HW,TEXT,0.526,0.244,0.129
A0054812,96,TEXT_HW,LINE_HW,TEXT,0.663,0.157,0.115
A0054812,97,TEXT_HW,LINE_HW,TEXT,0.708,0.139,0.102
A0054812,108,TEXT_HW,LINE_HW,TEXT,0.703,0.143,0.108
A0054812,112,TEXT_HW,LINE_HW,TEXT,0.435,0.361,0.096
A0054812,176,TEXT_HW,LINE_HW,TEXT,0.503,0.278,0.112
A0054815,11,TEXT_HW,TEXT,LINE_HW,0.786,0.11,0.07
A0054815,14,TEXT_HW,LINE_HW,TEXT,0.725,0.122,0.122
A0054815,75,TEXT_HW,LINE_HW,TEXT,0.494,0.351,0.091
A0054815,136,TEXT_HW,LINE_HW,TEXT,0.454,0.401,0.081
A0054815,146,TEXT_HW,LINE_HW,TEXT,0.562,0.274,0.098
A0054815,204,TEXT_HW,LINE_HW,TEXT,0.666,0.161,0.129
A0054815,210,TEXT_HW,LINE_HW,TEXT,0.497,0.266,0.172
A0054816,33,TEXT_HW,LINE_HW,TEXT,0.614,0.212,0.121
A0054816,35,TEXT_HW,LINE_HW,TEXT,0.534,0.268,0.137
A0054816,38,TEXT_HW,LINE_HW,TEXT,0.535,0.241,0.146
A0054816,80,TEXT_HW,LINE_HW,TEXT,0.663,0.168,0.121
A0054816,111,TEXT_HW,TEXT,LINE_HW,0.754,0.109,0.102
A0054816,124,TEXT_HW,LINE_HW,TEXT,0.485,0.294,0.137
A0054816,194,LINE_HW,TEXT_HW,TEXT,0.538,0.258,0.067
A0054816,215,TEXT_HW,LINE_HW,TEXT,0.452,0.352,0.112
A0054823,37,TEXT_HW,TEXT,LINE_HW,0.506,0.211,0.198
A0054823,59,TEXT_HW,TEXT,LINE_HW,0.291,0.278,0.265
A0054823,99,TEXT_HW,TEXT,LINE_HW,0.54,0.189,0.167
A0054823,124,TEXT_HW,TEXT,LINE_HW,0.58,0.169,0.156
A0054823,126,LINE_HW,TEXT_HW,TEXT,0.411,0.301,0.156
A0054823,288,TEXT_HW,TEXT,LINE_HW,0.467,0.242,0.166
A0054823,339,TEXT_HW,LINE_HW,TEXT,0.393,0.242,0.235
A0054823,344,TEXT_HW,TEXT,LINE_HW,0.471,0.24,0.173
A0054825,31,TEXT_HW,LINE_HW,TEXT,0.608,0.21,0.14
A0054825,41,TEXT_HW,LINE_HW,TEXT,0.687,0.14,0.135
A0054825,80,TEXT_HW,LINE_HW,TEXT,0.506,0.298,0.134
A0054825,173,TEXT_HW,LINE_HW,TEXT,0.655,0.197,0.1
A0054825,186,TEXT_HW,LINE_HW,TEXT,0.623,0.19,0.131
A0054825,270,TEXT_HW,LINE_HW,TEXT,0.643,0.179,0.121
A0054825,274,TEXT_HW,LINE_HW,TEXT,0.648,0.169,0.116
A0054825,324,TEXT_HW,LINE_HW,TEXT,0.685,0.168,0.105
A0054828,13,TEXT_HW,LINE_HW,TEXT,0.626,0.161,0.153
A0054828,231,TEXT_HW,LINE_HW,TEXT,0.49,0.326,0.12
A0054828,240,TEXT_HW,LINE_HW,TEXT,0.594,0.202,0.15
A0054828,315,TEXT_HW,LINE_HW,TEXT,0.489,0.283,0.159
A0054828,466,TEXT_HW,LINE_HW,TEXT,0.488,0.346,0.102
A0054828,590,TEXT_HW,LINE_HW,TEXT,0.568,0.286,0.1
A0054828,707,TEXT_HW,LINE_HW,TEXT,0.456,0.366,0.117
A0054828,924,TEXT_HW,LINE_HW,TEXT,0.405,0.306,0.185
A0054831,66,TEXT_HW,LINE_HW,TEXT,0.487,0.273,0.158
A0054831,126,TEXT_HW,LINE_HW,TEXT,0.589,0.191,0.154
A0054831,270,TEXT_HW,LINE_HW,TEXT,0.583,0.243,0.115
A0054831,291,TEXT_HW,TEXT,LINE_HW,0.683,0.157,0.119
A0054831,315,TEXT_HW,LINE_HW,TEXT,0.542,0.223,0.135
A0054831,340,TEXT_HW,LINE_HW,TEXT,0.592,0.225,0.106
A0054831,387,TEXT_HW,TEXT,LINE_HW,0.732,0.131,0.095
A0054831,395,TEXT_HW,LINE_HW,TEXT,0.554,0.221,0.132
A0054832,91,TEXT_HW,LINE_HW,TEXT,0.532,0.244,0.16
A0054832,178,TEXT_HW,LINE_HW,TEXT,0.415,0.294,0.196
A0054832,187,TEXT_HW,TEXT,LINE_HW,0.536,0.227,0.166
A0054832,228,TEXT_HW,LINE_HW,TEXT,0.434,0.281,0.193
A0054832,248,TEXT_HW,LINE_HW,TEXT,0.612,0.196,0.148
A0054832,288,TEXT_HW,LINE_HW,TEXT,0.353,0.342,0.175
A0054832,372,LINE_HW,TEXT,TEXT_HW,0.363,0.27,0.22
A0054832,515,TEXT_HW,LINE_HW,TEXT,0.559,0.203,0.16
A0054834,65,LINE_HW,TEXT_HW,TEXT,0.44,0.401,0.081
A0054834,121,TEXT_HW,LINE_HW,TEXT,0.574,0.298,0.076
A0054834,178,TEXT_HW,LINE_HW,TEXT,0.595,0.248,0.099
A0054834,259,TEXT_HW,LINE_HW,TEXT,0.701,0.177,0.091
A0054834,337,TEXT_HW,LINE_HW,TEXT,0.653,0.229,0.068
A0054834,349,LINE_HW,TEXT_HW,TEXT,0.401,0.343,0.103
A0054834,524,TEXT_HW,LINE_HW,TEXT,0.508,0.303,0.096
A0054838,59,TEXT_HW,LINE_HW,TEXT,0.532,0.263,0.15
A0054838,68,LINE_HW,TEXT_HW,TEXT,0.487,0.206,0.149
A0054838,138,LINE_HW,TEXT_HW,TEXT,0.456,0.308,0.121
A0054838,298,TEXT_HW,LINE_HW,TEXT,0.621,0.208,0.122
A0054838,309,TEXT_HW,LINE_HW,TEXT,0.624,0.244,0.094
A0054838,408,TEXT_HW,LINE_HW,TEXT,0.617,0.182,0.151
A0054838,427,TEXT_HW,LINE_HW,TEXT,0.484,0.303,0.143
A0054838,553,TEXT_HW,LINE_HW,TEXT,0.603,0.259,0.102
A0054840,164,TEXT_HW,LINE_HW,TEXT,0.568,0.203,0.173
A0054840,334,TEXT_HW,LINE_HW,TEXT,0.571,0.266,0.088
A0054840,347,TEXT_HW,LINE_HW,TEXT,0.368,0.368,0.149
A0054840,531,TEXT_HW,LINE_HW,TEXT,0.474,0.306,0.149
A0054840,612,TEXT_HW,LINE_HW,TEXT,0.556,0.271,0.108
A0054840,809,TEXT_HW,LINE_HW,TEXT,0.629,0.211,0.108
A0054840,915,TEXT_HW,LINE_HW,TEXT,0.465,0.411,0.074
A0054840,1065,LINE_HW,TEXT_HW,TEXT,0.41,0.398,0.092
A0054841,88,LINE_HW,TEXT_HW,TEXT,0.414,0.365,0.137
A0054841,176,TEXT_HW,LINE_HW,TEXT,0.546,0.221,0.156
A0054841,261,TEXT_HW,LINE_HW,TEXT,0.614,0.206,0.129
A0054841,351,TEXT_HW,LINE_HW,TEXT,0.577,0.233,0.129
A0054841,357,TEXT_HW,LINE_HW,TEXT,0.615,0.193,0.127
A0054841,706,TEXT_HW,LINE_HW,TEXT,0.746,0.161,0.069
A0054841,713,TEXT_HW,LINE_HW,TEXT,0.593,0.218,0.148
A0054841,826,TEXT_HW,TEXT,LINE_HW,0.629,0.164,0.154
A0054843,17,TEXT_HW,LINE_HW,TEXT,0.609,0.198,0.154
A0054843,177,TEXT_HW,LINE_HW,TEXT,0.715,0.124,0.117
A0054843,299,TEXT_HW,LINE_HW,TEXT,0.637,0.213,0.098
A0054843,345,TEXT_HW,LINE_HW,TEXT,0.604,0.222,0.133
A0054843,610,TEXT_HW,LINE_HW,TEXT,0.581,0.214,0.164
A0054843,619,TEXT_HW,LINE_HW,TEXT,0.785,0.111,0.084
A0054843,719,TEXT_HW,LINE_HW,TEXT,0.806,0.092,0.085
A0054844,18,TEXT_HW,LINE_HW,TEXT,0.608,0.204,0.125
A0054844,86,TEXT_HW,LINE_HW,TEXT,0.503,0.296,0.118
A0054844,256,TEXT_HW,LINE_HW,TEXT,0.513,0.279,0.142
A0054844,345,TEXT_HW,LINE_HW,TEXT,0.583,0.267,0.098
A0054844,371,TEXT_HW,LINE_HW,TEXT,0.673,0.173,0.108
A0054844,553,TEXT_HW,LINE_HW,TEXT,0.713,0.175,0.081
A0054844,737,TEXT_HW,LINE_HW,TEXT,0.571,0.27,0.106
A0054846,75,TEXT_HW,LINE_HW,TEXT,0.493,0.281,0.144
A0054846,200,TEXT_HW,LINE_HW,TEXT,0.556,0.288,0.104
A0054846,236,TEXT_HW,LINE_HW,TEXT,0.402,0.402,0.112
A0054846,259,LINE_HW,TEXT_HW,TEXT,0.531,0.284,0.095
A0054846,275,TEXT_HW,LINE_HW,TEXT,0.526,0.256,0.153
A0054846,422,TEXT_HW,LINE_HW,TEXT,0.426,0.365,0.117
A0054846,583,TEXT_HW,LINE_HW,TEXT,0.665,0.171,0.127
A0054846,643,TEXT_HW,LINE_HW,TEXT,0.512,0.25,0.134
A0054847,28,TEXT_HW,LINE_HW,TEXT,0.6,0.207,0.138
A0054847,38,TEXT_HW,LINE_HW,TEXT,0.491,0.307,0.124
A0054847,61,TEXT_HW,LINE_HW,TEXT,0.596,0.226,0.129
A0054847,130,TEXT_HW,LINE_HW,TEXT,0.671,0.154,0.128
A0054847,304,TEXT_HW,LINE_HW,TEXT,0.488,0.369,0.098
A0054847,394,TEXT_HW,LINE_HW,TEXT,0.536,0.253,0.133
A0054847,447,TEXT_HW,LINE_HW,TEXT,0.599,0.235,0.118
A0054847,578,TEXT_HW,LINE_HW,TEXT,0.688,0.149,0.127
A0056930,130,LINE_HW,LINE_P,LINE_T,0.677,0.095,0.082
A0056930,199,LINE_HW,TEXT_HW,LINE_T,0.554,0.114,0.096
A0056939,166,LINE_HW,LINE_P,LINE_T,0.598,0.101,0.093
A0056985,336,LINE_HW,LINE_T,LINE_P,0.621,0.117,0.075
A0060185,3,TEXT_HW,TEXT,LINE_HW,0.411,0.25,0.2
A0060185,8,LINE_HW,TEXT_HW,TEXT,0.449,0.349,0.093
A0060185,11,LINE_HW,TEXT_HW,TEXT,0.449,0.35,0.066
A0060185,12,TEXT_HW,LINE_HW,TEXT,0.411,0.374,0.119
A0060185,14,TEXT_HW,LINE_HW,TEXT,0.563,0.242,0.126
A0060186,17,TEXT_HW,TEXT,LINE_HW,0.649,0.169,0.074
A0060186,18,TEXT_HW,LINE_HW,TEXT,0.508,0.233,0.176
A0060186,25,TEXT_HW,LINE_HW,TEXT,0.577,0.222,0.137
A0060186,29,TEXT_HW,LINE_HW,TEXT,0.434,0.289,0.15
A0060186,31,TEXT_HW,LINE_HW,TEXT,0.699,0.133,0.105
A0060186,34,TEXT_HW,TEXT,LINE_HW,0.492,0.219,0.199
A0060186,40,TEXT_HW,TEXT,LINE_HW,0.601,0.214,0.116
A0060187,21,LINE_HW,TEXT_HW,TEXT,0.368,0.3,0.114
A0060187,25,TEXT_HW,LINE_HW,TEXT,0.637,0.182,0.125
A0060187,50,TEXT_HW,LINE_HW,TEXT,0.378,0.378,0.117
A0060187,51,TEXT_HW,LINE_HW,TEXT,0.419,0.327,0.128
A0060187,67,TEXT_HW,LINE_HW,TEXT,0.461,0.332,0.1
A0060187,73,TEXT_HW,LINE_HW,TEXT,0.602,0.189,0.143
A0060188,3,TEXT_HW,LINE_HW,TEXT,0.504,0.242,0.171
A0060188,16,TEXT_HW,LINE_HW,TEXT,0.531,0.243,0.152
A0060189,3,TEXT_HW,LINE_HW,TEXT,0.398,0.315,0.109
A0060189,10,TEXT_HW,TEXT,LINE_HW,0.695,0.187,0.082
A0060189,13,TEXT_HW,LINE_HW,TEXT,0.476,0.289,0.138
A0060189,15,TEXT_HW,TEXT,LINE_HW,0.476,0.317,0.141
A0060189,17,TEXT_HW,TEXT,LINE_HW,0.614,0.264,0.091
A0060190,7,TEXT_HW,LINE_HW,TEXT,0.523,0.24,0.16
A0060190,10,TEXT_HW,LINE_HW,TEXT,0.455,0.251,0.196
A0060190,18,TEXT_HW,LINE_HW,TEXT,0.504,0.316,0.109
A0060190,24,TEXT_HW,TEXT,LINE_HW,0.54,0.218,0.181
A0060190,62,TEXT_HW,LINE_HW,TEXT,0.543,0.309,0.075
A0060190,101,TEXT_HW,LINE_HW,TEXT,0.589,0.185,0.147
A0060191,3,TEXT_HW,LINE_HW,TEXT,0.473,0.197,0.188
A0060191,4,TEXT_HW,TEXT,LINE_HW,0.513,0.195,0.189
A0060191,9,TEXT_HW,TEXT,LINE_HW,0.577,0.176,0.141
A0060191,10,TEXT_HW,TEXT,LINE_HW,0.617,0.164,0.161
A0060191,11,TEXT_HW,LINE_HW,TEXT,0.481,0.227,0.185
A0060191,13,TEXT_HW,TEXT,LINE_HW,0.558,0.187,0.162
A0060192,50,TEXT_HW,LINE_HW,TEXT,0.562,0.242,0.129
A0060193,43,TEXT_HW,TEXT,LINE_HW,0.634,0.155,0.151
A0060194,3,TEXT_HW,LINE_HW,TEXT,0.551,0.216,0.148
A0060194,7,TEXT_HW,LINE_HW,TEXT,0.629,0.198,0.136
A0060195,4,TEXT_HW,LINE_HW,TEXT,0.522,0.239,0.14
A0060195,15,TEXT_HW,LINE_HW,TEXT,0.568,0.223,0.135
A0060195,16,TEXT_HW,LINE_HW,TEXT,0.641,0.155,0.13
A0060195,22,TEXT_HW,LINE_HW,TEXT,0.667,0.135,0.135
A0060195,25,TEXT_HW,TEXT,LINE_HW,0.635,0.161,0.142
A0060195,29,TEXT_HW,LINE_HW,TEXT,0.656,0.166,0.133
A0060195,34,TEXT_HW,TEXT,LINE_HW,0.69,0.14,0.113
A0060196,5,TEXT_HW,TEXT,LINE_HW,0.482,0.221,0.207
A0060196,6,TEXT_HW,TEXT,LINE_HW,0.492,0.233,0.193
A0060196,12,TEXT_HW,LINE_HW,TEXT,0.421,0.318,0.16
A0060196,14,TEXT_HW,LINE_HW,TEXT,0.568,0.277,0.114
A0060196,15,LINE_HW,TEXT_HW,TEXT,0.4,0.298,0.134
A0060196,19,LINE_HW,TEXT_HW,TEXT,0.404,0.392,0.09
A0060196,20,LINE_HW,TEXT_HW,TEXT,0.391,0.34,0.091
A0060196,22,TEXT_HW,LINE_HW,TEXT,0.417,0.335,0.125
A0060197,11,TEXT_HW,LINE_HW,TEXT,0.403,0.39,0.135
A0060197,15,TEXT_HW,LINE_HW,TEXT,0.453,0.311,0.167
A0060197,16,TEXT_HW,LINE_HW,TEXT,0.427,0.389,0.115
A0060197,20,LINE_HW,TEXT_HW,TEXT,0.41,0.361,0.165
A0060197,28,TEXT_HW,LINE_HW,TEXT,0.505,0.316,0.124
A0060197,31,LINE_HW,TEXT_HW,TEXT,0.419,0.358,0.145
A0060198,17,TEXT_HW,LINE_HW,TEXT,0.593,0.24,0.088
A0060198,57,TEXT_HW,LINE_HW,TEXT,0.677,0.177,0.078
A0060199,8,TEXT_HW,LINE_HW,TEXT,0.497,0.321,0.107
A0060199,22,TEXT_HW,LINE_HW,TEXT,0.663,0.196,0.102
A0060199,25,TEXT_HW,LINE_HW,TEXT,0.637,0.207,0.095
A0060199,27,TEXT_HW,LINE_HW,TEXT,0.643,0.168,0.123
A0068109,243,DRAW_L,PHOTO_L,DRAW,0.405,0.161,0.149
A0068144,208,LINE_HW,DRAW_L,TEXT_HW,0.318,0.233,0.219
A0068144,721,TEXT_HW,LINE_HW,TEXT,0.543,0.309,0.058
A0076300,100,TEXT_HW,TEXT,LINE_HW,0.448,0.212,0.187
A0076300,291,TEXT_HW,LINE_HW,TEXT,0.423,0.209,0.2
H0000610,5,LINE_HW,TEXT_HW,TEXT,0.507,0.383,0.063
H0000642,165,TEXT_HW,LINE_HW,TEXT,0.448,0.24,0.124
H0000642,225,LINE_HW,TEXT_HW,TEXT,0.39,0.304,0.068
H0000650,172,TEXT_HW,LINE_HW,TEXT,0.397,0.223,0.11
H0000792,5,TEXT,LINE_HW,TEXT_HW,0.388,0.293,0.228
H0000792,570,LINE_HW,TEXT_HW,TEXT,0.464,0.261,0.121
H0000793,398,LINE_HW,TEXT_HW,PHOTO,0.401,0.307,0.081
H0000793,432,LINE_HW,TEXT_HW,TEXT,0.377,0.354,0.13
H0001029,136,TEXT_HW,LINE_HW,TEXT,0.386,0.346,0.104
H0001029,463,TEXT_HW,LINE_HW,TEXT,0.427,0.298,0.113
H0001032,546,LINE_HW,TEXT_HW,TEXT,0.375,0.18,0.147
H0001035,290,LINE_HW,TEXT_HW,TEXT,0.411,0.274,0.14
H0001038,129,LINE_HW,TEXT,TEXT_HW,0.317,0.293,0.263
H0001039,283,TEXT_HW,TEXT,LINE_HW,0.608,0.18,0.159
H0001039,310,LINE_HW,TEXT_HW,TEXT,0.53,0.262,0.115
H0002045,237,LINE_HW,TEXT_HW,TEXT_T,0.472,0.226,0.11
H0002046,169,TEXT_HW,LINE_HW,TEXT,0.502,0.245,0.102
H0002046,186,LINE_HW,TEXT_HW,TEXT,0.567,0.205,0.077
H0002047,117,LINE_HW,PHOTO,TEXT_HW,0.251,0.17,0.152
H0002048,588,TEXT_HW,LINE_HW,TEXT,0.446,0.288,0.157
H0002054,97,LINE_HW,TEXT_HW,TEXT_T,0.447,0.263,0.1
L0000131,101,TEXT_HW,TEXT,LINE_HW,0.596,0.26,0.097
L0000195,8,LINE_HW,LINE_P,LINE_T,0.633,0.097,0.086
L0000199,37,LINE_HW,TEXT_HW,TEXT,0.364,0.342,0.169
L0000199,66,TEXT_HW,LINE_HW,TEXT,0.589,0.224,0.125
L0000199,136,LINE_HW,TEXT_HW,TEXT,0.442,0.294,0.146
L0000199,246,LINE_HW,TEXT_HW,TEXT,0.531,0.28,0.074
R0000430,36,LINE_HW,TEXT_HW,TEXT,0.409,0.349,0.115
R0000430,93,TEXT_HW,LINE_HW,TEXT,0.408,0.395,0.074
R0000431,48,LINE_HW,TEXT_HW,TEXT,0.424,0.282,0.125
R0001210,11,LINE_HW,TEXT_HW,DRAW,0.281,0.209,0.15
R0001234,56,TEXT_HW,LINE_HW,TEXT,0.729,0.148,0.073
R0003319,2,DRAW_L,DRAW,TEXT_HW,0.337,0.332,0.136
R0003375,249,LINE_HW,TEXT_HW,TEXT,0.523,0.259,0.092
R0003389,55,TEXT_HW,TEXT,LINE_HW,0.637,0.204,0.08
R0003389,170,TEXT_HW,TEXT,LINE_HW,0.635,0.226,0.056
R0003392,53,LINE_HW,TEXT_HW,TEXT,0.435,0.308,0.105
U0000011,133,TEXT_HW,LINE_HW,TEXT,0.575,0.199,0.141
U0000011,182,TEXT_HW,LINE_HW,TEXT,0.451,0.282,0.151
U0000011,370,TEXT_HW,LINE_HW,TEXT,0.677,0.146,0.112
U0000011,425,TEXT_HW,LINE_HW,TEXT,0.415,0.323,0.158
U0000011,473,TEXT_HW,LINE_HW,TEXT,0.535,0.197,0.168
U0000057,119,TEXT_HW,LINE_HW,TEXT,0.413,0.302,0.183
U0000057,208,TEXT_HW,TEXT,LINE_HW,0.534,0.185,0.179
U0000064,83,LINE_HW,TEXT_HW,TEXT,0.37,0.337,0.17
U0000064,268,TEXT_HW,LINE_HW,TEXT,0.457,0.269,0.158
U0000064,304,LINE_HW,TEXT_HW,TEXT,0.394,0.312,0.143
U0000064,326,TEXT_HW,LINE_HW,TEXT,0.42,0.327,0.159
U0000193,123,LINE_HW,TEXT_HW,TEXT,0.465,0.249,0.092
U0000193,237,LINE_HW,TEXT_HW,LINE_T,0.589,0.111,0.086
U0000193,272,LINE_HW,TEXT_HW,LINE_P,0.544,0.099,0.095
U0000193,393,LINE_HW,TEXT_HW,TEXT,0.592,0.115,0.084
U0000229,69,TEXT_HW,TEXT,LINE_HW,0.755,0.133,0.056
U0000229,127,TEXT_HW,TEXT,LINE_HW,0.398,0.3,0.191
U0000229,196,TEXT_HW,LINE_HW,TEXT,0.459,0.217,0.21
U0000229,300,TEXT_HW,TEXT,LINE_HW,0.653,0.202,0.059
U0000234,197,TEXT_HW,TEXT,LINE_HW,0.44,0.284,0.17
U0000236,116,LINE_HW,TEXT_HW,TEXT,0.49,0.327,0.085
U0000236,196,LINE_HW,TEXT_HW,TEXT,0.512,0.301,0.085
U0000236,420,TEXT_HW,LINE_HW,TEXT,0.678,0.185,0.078
U0000236,621,TEXT_HW,LINE_HW,TEXT,0.501,0.237,0.184
U0000237,22,LINE_HW,TEXT_HW,TEXT,0.387,0.331,0.113
U0000237,175,TEXT_HW,LINE_HW,TEXT,0.585,0.215,0.135
U0000237,196,LINE_HW,TEXT_HW,TEXT,0.557,0.155,0.091
V0000219,122,TEXT_HW,TEXT,LINE_HW,0.706,0.141,0.1
V0000219,138,TEXT_HW,TEXT,LINE_HW,0.652,0.187,0.11
V0000219,155,TEXT_HW,TEXT,LINE_HW,0.726,0.132,0.091
V0000219,245,TEXT_HW,TEXT,LINE_HW,0.642,0.202,0.094
V0000219,300,TEXT_HW,LINE_HW,TEXT,0.679,0.156,0.109
A0060199,30,TEXT_HW,LINE_HW,TEXT,0.622,0.17,0.137
A0060199,32,TEXT_HW,LINE_HW,TEXT,0.624,0.182,0.131
A0060199,39,TEXT_HW,LINE_HW,TEXT,0.544,0.213,0.177
A0060200,25,TEXT_HW,LINE_HW,TEXT,0.514,0.284,0.136
A0060200,78,TEXT_HW,LINE_HW,TEXT,0.499,0.215,0.189
A0060200,296,TEXT_HW,LINE_HW,TEXT,0.408,0.328,0.15
A0060200,448,LINE_HW,TEXT_HW,TEXT,0.364,0.307,0.18
A0060200,462,TEXT_HW,LINE_HW,TEXT,0.429,0.277,0.153
A0060202,118,TEXT_HW,TEXT,LINE_HW,0.599,0.172,0.156
A0060202,255,TEXT_HW,TEXT,LINE_HW,0.53,0.218,0.172
A0060202,445,TEXT_HW,LINE_HW,TEXT,0.582,0.189,0.157
A0060202,553,TEXT_HW,TEXT,LINE_HW,0.547,0.195,0.152
A0060202,750,TEXT_HW,LINE_HW,TEXT,0.695,0.141,0.117
A0060202,757,TEXT_HW,TEXT,LINE_HW,0.632,0.155,0.143
A0060203,411,TEXT_HW,TEXT,LINE_HW,0.655,0.156,0.151
A0060203,446,TEXT_HW,TEXT,LINE_HW,0.533,0.215,0.178
A0060203,450,TEXT_HW,TEXT,LINE_HW,0.632,0.199,0.097
A0060203,592,TEXT_HW,TEXT,LINE_HW,0.483,0.228,0.214
A0060208,51,TEXT_HW,TEXT,LINE_HW,0.608,0.217,0.099
A0060208,114,TEXT_HW,TEXT,LINE_HW,0.459,0.278,0.161
A0060208,183,TEXT_HW,TEXT,LINE_HW,0.493,0.248,0.165
A0060208,219,TEXT_HW,TEXT,LINE_HW,0.477,0.308,0.128
A0060208,242,TEXT_HW,TEXT,LINE_HW,0.602,0.184,0.139
A0060208,256,TEXT_HW,TEXT,LINE_HW,0.546,0.235,0.122
A0060208,287,TEXT_HW,LINE_HW,TEXT,0.628,0.217,0.084
A0060208,309,TEXT_HW,LINE_HW,TEXT,0.484,0.294,0.148
A0060209,27,TEXT_HW,TEXT,LINE_HW,0.597,0.191,0.118
A0060209,62,TEXT_HW,LINE_HW,TEXT,0.59,0.192,0.149
A0060209,114,TEXT_HW,LINE_HW,TEXT,0.37,0.312,0.178
A0060209,439,TEXT_HW,LINE_HW,TEXT,0.366,0.366,0.162
A0060209,442,TEXT_HW,TEXT,LINE_HW,0.679,0.201,0.084
A0060209,461,LINE_HW,TEXT_HW,TEXT,0.345,0.286,0.163
A0065848,78,TEXT_HW,LINE_HW,TEXT,0.542,0.26,0.144
A0065848,118,TEXT_HW,TEXT,LINE_HW,0.777,0.104,0.089
A0065848,191,TEXT_HW,LINE_HW,TEXT,0.57,0.278,0.107
A0065848,234,TEXT_HW,LINE_HW,TEXT,0.549,0.333,0.072
A0065848,242,TEXT_HW,LINE_HW,TEXT,0.55,0.252,0.139
A0065848,276,TEXT_HW,LINE_HW,TEXT,0.493,0.277,0.158
A0065848,289,TEXT_HW,LINE_HW,TEXT,0.4,0.376,0.169
A0065850,153,LINE_HW,TEXT_HW,TEXT,0.395,0.383,0.15
A0065850,155,TEXT_HW,LINE_HW,TEXT,0.479,0.385,0.091
A0065850,203,TEXT_HW,LINE_HW,TEXT,0.584,0.263,0.113
A0065850,219,TEXT_HW,LINE_HW,TEXT,0.488,0.282,0.156
A0065850,233,TEXT_HW,LINE_HW,TEXT,0.504,0.301,0.142
A0065850,260,TEXT_HW,LINE_HW,TEXT,0.414,0.338,0.173
A0065850,317,TEXT_HW,LINE_HW,TEXT,0.47,0.344,0.105
A0065850,344,TEXT_HW,LINE_HW,TEXT,0.547,0.271,0.089
A0065851,96,TEXT_HW,LINE_HW,TEXT,0.49,0.342,0.111
A0065851,150,TEXT_HW,TEXT,LINE_HW,0.741,0.117,0.11
A0065851,174,LINE_HW,TEXT_HW,TEXT,0.519,0.296,0.112
A0065851,178,TEXT_HW,LINE_HW,TEXT,0.547,0.288,0.06
A0065851,223,TEXT_HW,LINE_HW,TEXT,0.465,0.385,0.097
A0065851,277,TEXT_HW,LINE_HW,TEXT,0.438,0.335,0.045
A0065856,36,TEXT_HW,LINE_HW,TEXT,0.654,0.163,0.123
A0065856,53,TEXT_HW,LINE_HW,TEXT,0.566,0.298,0.092
A0065856,81,TEXT_HW,LINE_HW,TEXT,0.575,0.24,0.122
A0065856,98,TEXT_HW,LINE_HW,TEXT,0.556,0.312,0.079
A0065856,114,TEXT_HW,LINE_HW,TEXT,0.539,0.317,0.094
A0065856,164,TEXT_HW,LINE_HW,TEXT,0.517,0.323,0.107
A0065856,274,TEXT_HW,LINE_HW,TEXT,0.717,0.125,0.103
A0065856,318,TEXT_HW,LINE_HW,TEXT,0.456,0.318,0.135
A0065859,68,TEXT_HW,LINE_HW,TEXT,0.592,0.205,0.165
A0065859,73,TEXT_HW,LINE_HW,TEXT,0.621,0.221,0.122
A0065859,163,TEXT_HW,LINE_HW,TEXT,0.483,0.279,0.159
A0065859,311,TEXT_HW,LINE_HW,TEXT,0.661,0.162,0.139
A0065859,523,TEXT_HW,TEXT,LINE_HW,0.751,0.153,0.07
A0065859,551,TEXT_HW,TEXT,LINE_HW,0.749,0.143,0.078
A0065859,566,TEXT_HW,TEXT,LINE_HW,0.589,0.191,0.163
A0065859,622,TEXT_HW,LINE_HW,TEXT,0.546,0.288,0.108
A0065869,10,TEXT_HW,LINE_HW,TEXT,0.683,0.178,0.102
A0065869,15,TEXT_HW,TEXT,LINE_HW,0.677,0.156,0.125
A0065869,87,TEXT_HW,TEXT,LINE_HW,0.782,0.111,0.08
A0065869,119,TEXT_HW,TEXT,LINE_HW,0.75,0.162,0.059
A0065869,153,TEXT_HW,TEXT,LINE_HW,0.77,0.138,0.073
A0065869,185,TEXT_HW,TEXT,LINE_HW,0.667,0.158,0.14
A0065869,193,TEXT_HW,TEXT,LINE_HW,0.72,0.171,0.082
A0065869,211,TEXT_HW,TEXT,LINE_HW,0.656,0.188,0.114
A0065870,137,TEXT_HW,LINE_HW,TEXT,0.493,0.215,0.215
A0065870,187,LINE_HW,TEXT_HW,TEXT,0.413,0.401,0.115
A0065870,221,TEXT_HW,LINE_HW,TEXT,0.58,0.213,0.151
A0065870,256,TEXT_HW,LINE_HW,TEXT,0.706,0.148,0.115
A0065870,265,TEXT_HW,LINE_HW,TEXT,0.659,0.147,0.138
A0065870,267,TEXT_HW,LINE_HW,TEXT,0.584,0.218,0.13
A0065870,282,TEXT_HW,TEXT,LINE_HW,0.654,0.16,0.141
A0065870,310,LINE_HW,TEXT_HW,DRAW_L,0.606,0.11,0.1
A0065874,24,TEXT_HW,TEXT,LINE_HW,0.621,0.189,0.138
A0065874,58,TEXT_HW,LINE_HW,TEXT,0.615,0.265,0.091
A0065874,59,TEXT_HW,LINE_HW,TEXT,0.735,0.12,0.12
A0065874,133,TEXT_HW,LINE_HW,TEXT,0.638,0.201,0.13
A0065874,189,LINE_HW,TEXT_HW,TEXT,0.46,0.297,0.154
A0065874,198,LINE_HW,TEXT_HW,TEXT,0.373,0.34,0.179
A0065874,204,LINE_HW,TEXT_HW,TEXT,0.419,0.327,0.157
A0065874,232,TEXT_HW,LINE_HW,TEXT,0.607,0.21,0.135
A0065876,48,TEXT_HW,LINE_HW,TEXT,0.685,0.173,0.093
A0065876,79,TEXT_HW,LINE_HW,TEXT,0.594,0.187,0.133
A0065876,145,TEXT_HW,LINE_HW,TEXT,0.554,0.287,0.095
A0065876,146,TEXT_HW,LINE_HW,TEXT,0.609,0.217,0.128
A0065876,275,TEXT_HW,LINE_HW,TEXT,0.655,0.166,0.125
A0065876,437,TEXT_HW,TEXT,LINE_HW,0.655,0.146,0.137
A0065876,443,LINE_HW,TEXT_HW,TEXT,0.442,0.355,0.127
A0065876,496,TEXT_HW,TEXT,LINE_HW,0.742,0.129,0.1
A0065877,6,TEXT_HW,LINE_HW,TEXT,0.467,0.331,0.134
A0065877,12,TEXT_HW,LINE_HW,TEXT,0.421,0.408,0.079
A0065877,16,TEXT_HW,LINE_HW,TEXT,0.434,0.371,0.128
A0065877,20,TEXT_HW,LINE_HW,TEXT,0.591,0.297,0.068
A0065877,36,TEXT_HW,LINE_HW,TEXT,0.56,0.277,0.104
A0065877,178,TEXT_HW,LINE_HW,TEXT,0.474,0.231,0.204
A0065877,208,TEXT_HW,LINE_HW,TEXT,0.504,0.278,0.144
A0065882,9,TEXT_HW,LINE_HW,TEXT,0.761,0.119,0.088
A0065882,32,TEXT_HW,LINE_HW,TEXT,0.667,0.163,0.125
A0065882,134,TEXT_HW,LINE_HW,TEXT,0.683,0.215,0.082
A0065882,181,TEXT_HW,LINE_HW,TEXT,0.558,0.328,0.082
A0065882,220,TEXT_HW,LINE_HW,TEXT,0.79,0.121,0.063
A0065882,265,TEXT_HW,TEXT,LINE_HW,0.715,0.143,0.095
A0065882,342,TEXT_HW,LINE_HW,TEXT,0.65,0.18,0.128
A0065882,382,TEXT_HW,LINE_HW,TEXT,0.455,0.285,0.173
A0065889,138,TEXT_HW,LINE_HW,TEXT,0.523,0.317,0.111
A0065889,205,TEXT_HW,LINE_HW,TEXT,0.749,0.157,0.073
A0065889,208,TEXT_HW,LINE_HW,TEXT,0.438,0.399,0.098
A0065889,295,TEXT_HW,LINE_HW,TEXT,0.678,0.183,0.112
A0065889,315,TEXT_HW,LINE_HW,TEXT,0.58,0.183,0.177
A0065889,327,TEXT_HW,TEXT,LINE_HW,0.703,0.138,0.126
A0065889,363,TEXT_HW,LINE_HW,TEXT,0.723,0.156,0.096
A0065889,386,LINE_HW,TEXT_HW,LINE_P,0.559,0.212,0.062
A0065890,5,LINE_HW,TEXT_HW,TEXT,0.482,0.284,0.066
A0065890,77,TEXT_HW,LINE_HW,TEXT,0.639,0.189,0.124
A0065890,119,LINE_HW,TEXT_HW,TEXT,0.527,0.234,0.083
A0065890,162,TEXT_HW,LINE_HW,TEXT,0.615,0.194,0.142
A0065890,221,TEXT_HW,LINE_HW,TEXT,0.801,0.129,0.05
A0065890,284,TEXT_HW,LINE_HW,TEXT,0.635,0.179,0.133
A0065890,307,TEXT_HW,LINE_HW,TEXT,0.503,0.33,0.104
A0065894,22,LINE_HW,TEXT_HW,TEXT,0.445,0.393,0.066
A0065894,23,LINE_HW,TEXT_HW,TEXT,0.496,0.38,0.061
A0065894,33,TEXT_HW,LINE_HW,TEXT,0.505,0.311,0.126
A0065894,43,TEXT_HW,LINE_HW,TEXT,0.548,0.218,0.157
A0065894,64,TEXT_HW,TEXT,LINE_HW,0.71,0.138,0.114
A0065894,75,TEXT_HW,LINE_HW,TEXT,0.497,0.302,0.14
A0065894,227,TEXT_HW,LINE_HW,TEXT,0.695,0.165,0.099
A0065896,63,TEXT_HW,LINE_HW,TEXT,0.643,0.196,0.127
A0065896,73,TEXT_HW,LINE_HW,TEXT,0.615,0.233,0.125
A0065896,153,TEXT_HW,LINE_HW,TEXT,0.756,0.164,0.064
A0065896,250,TEXT_HW,LINE_HW,TEXT,0.544,0.301,0.099
A0065896,267,TEXT_HW,LINE_HW,TEXT,0.473,0.315,0.149
A0065896,300,TEXT_HW,LINE_HW,TEXT,0.583,0.228,0.157
A0065896,320,TEXT_HW,LINE_HW,TEXT,0.672,0.199,0.097
A0065896,370,TEXT_HW,LINE_HW,TEXT,0.606,0.21,0.131
A0065901,58,TEXT_HW,LINE_HW,TEXT,0.629,0.192,0.132
A0065901,136,TEXT_HW,LINE_HW,TEXT,0.482,0.274,0.207
A0065901,137,TEXT_HW,LINE_HW,TEXT,0.482,0.25,0.22
A0065901,263,TEXT_HW,LINE_HW,TEXT,0.594,0.236,0.131
A0065901,323,LINE_HW,TEXT_HW,TEXT,0.396,0.372,0.17
A0065901,328,TEXT_HW,LINE_HW,TEXT,0.628,0.197,0.132
A0065901,339,TEXT_HW,LINE_HW,TEXT,0.41,0.385,0.146
A0065902,26,TEXT_HW,LINE_HW,TEXT,0.538,0.224,0.167
A0065902,69,TEXT_HW,LINE_HW,TEXT,0.36,0.36,0.124
A0065902,79,TEXT_HW,LINE_HW,TEXT,0.596,0.245,0.112
A0065902,85,TEXT_HW,LINE_HW,TEXT,0.552,0.269,0.133
A0065902,91,TEXT_HW,LINE_HW,TEXT,0.616,0.234,0.116
A0065902,95,TEXT_HW,LINE_HW,TEXT,0.445,0.27,0.144
A0065902,122,TEXT_HW,LINE_HW,TEXT,0.59,0.211,0.145
A0065902,148,TEXT_HW,LINE_HW,TEXT,0.623,0.215,0.119
A0065910,88,LINE_HW,TEXT_HW,DRAW_L,0.438,0.258,0.092
A0065910,179,TEXT_HW,LINE_HW,TEXT,0.649,0.239,0.089
A0065910,180,TEXT_HW,LINE_HW,TEXT,0.527,0.31,0.118
A0065910,248,TEXT_HW,LINE_HW,TEXT,0.473,0.287,0.169
A0065910,292,LINE_HW,TEXT_HW,DRAW_L,0.438,0.183,0.156
A0065910,314,TEXT_HW,LINE_HW,TEXT,0.81,0.106,0.058
A0065911,70,TEXT_HW,TEXT,LINE_HW,0.759,0.113,0.104
A0065911,93,TEXT_HW,LINE_HW,TEXT,0.438,0.387,0.082
A0065911,107,TEXT_HW,LINE_HW,TEXT,0.61,0.217,0.08
A0065911,125,TEXT_HW,LINE_HW,TEXT,0.641,0.243,0.08
A0065911,135,TEXT_HW,LINE_HW,TEXT,0.504,0.369,0.077
A0065911,173,TEXT_HW,LINE_HW,TEXT,0.512,0.311,0.116
A0065911,184,TEXT_HW,LINE_HW,TEXT,0.624,0.24,0.093
A0065913,22,TEXT_HW,LINE_HW,TEXT,0.734,0.177,0.054
A0065913,255,TEXT_HW,LINE_HW,TEXT,0.669,0.198,0.089
A0065913,268,LINE_HW,TEXT_HW,TEXT,0.399,0.369,0.084
A0065913,284,TEXT_HW,LINE_HW,TEXT,0.686,0.174,0.096
A0065913,361,TEXT_HW,LINE_HW,TEXT,0.475,0.288,0.138
A0065913,380,TEXT_HW,LINE_HW,TEXT,0.707,0.16,0.071
A0065913,384,TEXT_HW,TEXT,LINE_HW,0.627,0.164,0.154
A0065913,412,TEXT_HW,LINE_HW,TEXT,0.567,0.268,0.1
A0065914,46,TEXT_HW,LINE_HW,TEXT,0.613,0.173,0.153
A0065914,149,TEXT_HW,TEXT,LINE_HW,0.72,0.127,0.121
A0065914,161,TEXT_HW,LINE_HW,TEXT,0.452,0.369,0.102
A0065914,186,LINE_HW,TEXT_HW,TEXT,0.392,0.38,0.078
A0065914,218,TEXT_HW,TEXT,LINE_HW,0.613,0.187,0.148
A0065914,309,TEXT_HW,LINE_HW,TEXT,0.564,0.258,0.126
A0065914,327,LINE_HW,TEXT_HW,DRAW_L,0.57,0.185,0.075
A0066001,59,TEXT_HW,TEXT,LINE_HW,0.642,0.184,0.117
A0066001,89,TEXT_HW,LINE_HW,TEXT,0.599,0.166,0.151
A0066001,91,TEXT_HW,TEXT,LINE_HW,0.588,0.191,0.146
A0066001,105,TEXT_HW,TEXT,LINE_HW,0.711,0.142,0.079
A0066001,161,TEXT_HW,TEXT,LINE_HW,0.665,0.153,0.114
A0066001,284,TEXT_HW,TEXT,LINE_HW,0.647,0.164,0.142
A0067123,46,TEXT_HW,LINE_HW,TEXT,0.58,0.234,0.122
A0067123,200,TEXT_HW,LINE_HW,TEXT,0.369,0.258,0.246
A0067123,250,TEXT_HW,LINE_HW,TEXT,0.391,0.314,0.16
A0067123,353,TEXT_HW,LINE_HW,TEXT,0.521,0.258,0.145
A0067123,474,TEXT_HW,LINE_HW,TEXT,0.44,0.267,0.192
A0067123,476,TEXT_HW,LINE_HW,TEXT,0.577,0.165,0.165
A0067123,478,TEXT_HW,TEXT,LINE_HW,0.583,0.202,0.155
A0067123,568,TEXT_HW,LINE_HW,TEXT,0.601,0.192,0.152
A0067126,7,TEXT_HW,LINE_HW,TEXT,0.449,0.226,0.199
A0067126,27,TEXT_HW,LINE_HW,TEXT,0.567,0.218,0.155
A0067126,40,TEXT_HW,LINE_HW,TEXT,0.503,0.21,0.158
A0067126,67,TEXT_HW,LINE_HW,TEXT,0.522,0.211,0.17
A0067126,86,TEXT_HW,TEXT,LINE_HW,0.543,0.194,0.179
A0067126,103,TEXT_HW,LINE_HW,TEXT,0.542,0.233,0.155
A0067126,113,TEXT_HW,LINE_HW,TEXT,0.574,0.175,0.164
A0067126,131,TEXT_HW,LINE_HW,TEXT,0.39,0.309,0.165
A0067130,8,TEXT_HW,TEXT,LINE_HW,0.564,0.178,0.162
A0067130,90,TEXT_HW,LINE_HW,TEXT,0.651,0.137,0.117
A0067130,120,TEXT_HW,LINE_HW,TEXT,0.562,0.201,0.134
A0067130,124,TEXT_HW,LINE_HW,TEXT,0.497,0.306,0.096
A0067130,142,TEXT_HW,LINE_HW,TEXT,0.603,0.173,0.15
A0067130,161,TEXT_HW,LINE_HW,TEXT,0.59,0.189,0.13
A0067130,168,TEXT_HW,LINE_HW,TEXT,0.693,0.134,0.12
A0067140,10,TEXT_HW,LINE_HW,TEXT,0.483,0.298,0.157
A0067140,96,TEXT_HW,LINE_HW,TEXT,0.62,0.201,0.124
A0067140,105,TEXT_HW,LINE_HW,TEXT,0.522,0.275,0.126
A0067140,113,LINE_HW,TEXT_HW,TEXT,0.464,0.356,0.094
A0067140,122,TEXT_HW,LINE_HW,TEXT,0.613,0.222,0.117
A0067140,232,TEXT_HW,LINE_HW,TEXT,0.681,0.164,0.1
A0067140,248,TEXT_HW,LINE_HW,TEXT,0.594,0.247,0.11
A0067140,274,TEXT_HW,LINE_HW,TEXT,0.477,0.328,0.143
A0067182,27,LINE_HW,TEXT_HW,TEXT,0.362,0.315,0.185
A0067182,105,LINE_HW,TEXT_HW,TEXT,0.453,0.198,0.192
A0067182,162,LINE_HW,TEXT_HW,TEXT,0.587,0.158,0.109
A0067182,169,TEXT_HW,LINE_HW,TEXT,0.418,0.363,0.111
A0067182,174,LINE_HW,TEXT_HW,TEXT,0.376,0.354,0.132
A0067182,185,LINE_HW,TEXT_HW,TEXT,0.414,0.307,0.132
A0067182,190,LINE_HW,TEXT_HW,TEXT,0.451,0.31,0.123
A0067190,19,TEXT_HW,LINE_HW,TEXT,0.607,0.213,0.133
A0067190,118,TEXT_HW,TEXT,LINE_HW,0.553,0.2,0.18
A0067190,158,TEXT_HW,LINE_HW,TEXT,0.526,0.277,0.156
A0067190,182,TEXT_HW,LINE_HW,TEXT,0.481,0.321,0.145
A0067190,202,TEXT_HW,LINE_HW,TEXT,0.589,0.191,0.151
A0067190,204,TEXT_HW,LINE_HW,TEXT,0.544,0.274,0.121
A0067190,219,TEXT_HW,TEXT,LINE_HW,0.599,0.188,0.164
A0067190,277,TEXT_HW,LINE_HW,TEXT,0.654,0.168,0.127
A0067200,28,TEXT_HW,LINE_HW,TEXT,0.45,0.269,0.176
A0067200,54,TEXT_HW,LINE_HW,TEXT,0.604,0.202,0.137
A0067200,81,TEXT_HW,TEXT,LINE_HW,0.536,0.231,0.164
A0067200,93,TEXT_HW,LINE_HW,TEXT,0.496,0.257,0.159
A0067200,229,TEXT_HW,LINE_HW,TEXT,0.497,0.242,0.169
A0067200,232,TEXT_HW,LINE_HW,TEXT,0.486,0.295,0.146
A0067200,238,TEXT_HW,LINE_HW,TEXT,0.443,0.373,0.123
A0067233,36,TEXT_HW,LINE_HW,TEXT,0.606,0.191,0.142
A0067233,52,TEXT_HW,LINE_HW,TEXT,0.607,0.223,0.12
A0067233,80,TEXT_HW,LINE_HW,TEXT,0.601,0.243,0.095
A0067233,86,TEXT_HW,LINE_HW,TEXT,0.515,0.343,0.083
A0067233,94,TEXT_HW,LINE_HW,TEXT,0.511,0.305,0.119
A0067233,95,TEXT_HW,LINE_HW,TEXT,0.557,0.28,0.11
A0067233,109,TEXT_HW,LINE_HW,TEXT,0.531,0.303,0.106
A0067238,78,LINE_HW,TEXT_HW,TEXT,0.539,0.307,0.071
A0067238,104,LINE_HW,TEXT_HW,TEXT,0.455,0.272,0.122
A0067238,113,TEXT_HW,LINE_HW,TEXT,0.491,0.298,0.103
A0067238,117,LINE_HW,TEXT_HW,TEXT,0.479,0.286,0.102
A0067238,143,LINE_HW,TEXT_HW,TEXT,0.438,0.33,0.098
A0067238,147,TEXT_HW,LINE_HW,TEXT,0.431,0.357,0.116
A0067238,251,TEXT_HW,LINE_HW,TEXT,0.442,0.323,0.137
A0067238,275,LINE_HW,TEXT_HW,TEXT,0.506,0.271,0.11
A0067238,285,TEXT_HW,LINE_HW,TEXT,0.457,0.356,0.112
A0067238,306,LINE_HW,TEXT_HW,TEXT,0.459,0.369,0.092
A0067238,380,LINE_HW,TEXT_HW,TEXT,0.405,0.393,0.106
A0067238,415,TEXT_HW,LINE_HW,TEXT,0.396,0.396,0.117
A0067238,489,TEXT_HW,LINE_HW,TEXT,0.436,0.385,0.105
A0067238,502,TEXT_HW,LINE_HW,TEXT,0.519,0.296,0.118
A0067241,45,TEXT_HW,LINE_HW,TEXT,0.515,0.349,0.075
A0067241,169,LINE_HW,TEXT_HW,TEXT,0.626,0.111,0.074
A0067241,264,LINE_HW,TEXT_HW,TEXT,0.464,0.34,0.093
A0067241,340,LINE_HW,TEXT_HW,TEXT,0.42,0.348,0.119
A0067241,342,TEXT_HW,LINE_HW,TEXT,0.484,0.313,0.121
A0067241,390,TEXT_HW,LINE_HW,TEXT,0.456,0.384,0.099
A0067241,427,TEXT_HW,LINE_HW,TEXT,0.451,0.362,0.105
A0067241,661,LINE_HW,TEXT_HW,TEXT,0.464,0.339,0.091
A0067257,222,TEXT_HW,LINE_HW,TEXT,0.61,0.186,0.149
A0067257,254,TEXT_HW,LINE_HW,TEXT,0.68,0.164,0.106
A0067257,355,TEXT_HW,LINE_HW,TEXT,0.672,0.187,0.101
A0067257,458,TEXT_HW,LINE_HW,TEXT,0.401,0.401,0.132
A0067257,498,TEXT_HW,LINE_HW,TEXT,0.525,0.29,0.123
A0067257,601,TEXT_HW,LINE_HW,TEXT,0.51,0.356,0.042
A0067257,723,LINE_HW,TEXT_HW,TEXT,0.457,0.409,0.058
A0067257,784,TEXT_HW,LINE_HW,TEXT,0.497,0.274,0.147
A0067259,114,TEXT_HW,LINE_HW,TEXT,0.685,0.163,0.108
A0067259,253,TEXT_HW,LINE_HW,TEXT,0.578,0.188,0.151
A0067259,411,TEXT_HW,LINE_HW,TEXT,0.559,0.29,0.102
A0067259,420,TEXT_HW,LINE_HW,TEXT,0.653,0.193,0.1
A0067259,452,TEXT_HW,LINE_HW,TEXT,0.544,0.213,0.194
A0067259,467,TEXT_HW,LINE_HW,TEXT,0.586,0.233,0.125
A0067259,476,TEXT_HW,LINE_HW,TEXT,0.592,0.235,0.122
A0067259,661,TEXT_HW,LINE_HW,TEXT,0.618,0.156,0.147
A0067272,40,TEXT_HW,LINE_HW,TEXT,0.548,0.229,0.167
A0067272,84,TEXT_HW,LINE_HW,TEXT,0.445,0.352,0.093
A0067272,114,TEXT_HW,LINE_HW,TEXT,0.498,0.293,0.134
A0067272,192,TEXT_HW,LINE_HW,TEXT,0.584,0.303,0.062
A0067272,246,TEXT_HW,LINE_HW,TEXT,0.541,0.328,0.079
A0067272,253,TEXT_HW,LINE_HW,TEXT,0.55,0.268,0.119
A0067272,324,TEXT_HW,LINE_HW,TEXT,0.566,0.251,0.13
A0067277,163,TEXT_HW,LINE_HW,TEXT,0.522,0.232,0.15
A0067277,221,TEXT_HW,LINE_HW,TEXT,0.569,0.226,0.142
A0067277,280,TEXT_HW,LINE_HW,TEXT,0.593,0.272,0.098
A0067277,344,TEXT_HW,LINE_HW,TEXT,0.568,0.286,0.103
A0067277,390,TEXT_HW,LINE_HW,TEXT,0.459,0.315,0.131
A0067277,551,TEXT_HW,LINE_HW,TEXT,0.373,0.329,0.182
A0067277,553,TEXT_HW,LINE_HW,TEXT,0.588,0.216,0.151
A0067277,572,TEXT_HW,LINE_HW,TEXT,0.535,0.314,0.079
A0067286,164,TEXT_HW,LINE_HW,TEXT,0.453,0.364,0.109
A0067286,267,TEXT_HW,LINE_HW,TEXT,0.486,0.252,0.173
A0067286,301,TEXT_HW,LINE_HW,TEXT,0.575,0.255,0.11
A0067286,590,TEXT_HW,LINE_HW,TEXT,0.517,0.295,0.121
A0067286,607,TEXT_HW,LINE_HW,TEXT,0.575,0.232,0.135
A0067286,670,TEXT_HW,LINE_HW,TEXT,0.486,0.324,0.121
A0067286,752,TEXT_HW,LINE_HW,TEXT,0.565,0.275,0.097
A0067286,824,TEXT_HW,LINE_HW,TEXT,0.565,0.202,0.172
A0067295,85,TEXT_HW,LINE_HW,TEXT,0.667,0.164,0.127
A0067295,102,TEXT_HW,LINE_HW,TEXT,0.572,0.262,0.09
A0067295,126,TEXT_HW,LINE_HW,TEXT,0.704,0.165,0.09
A0067295,156,TEXT_HW,TEXT,LINE_HW,0.623,0.168,0.153
A0067295,166,TEXT_HW,LINE_HW,TEXT,0.725,0.136,0.092
A0067295,177,TEXT_HW,LINE_HW,TEXT,0.457,0.334,0.103
A0067295,185,TEXT_HW,LINE_HW,TEXT,0.675,0.144,0.108
A0067323,223,TEXT_HW,LINE_HW,TEXT,0.712,0.172,0.081
A0067323,298,TEXT_HW,LINE_HW,TEXT,0.57,0.253,0.118
A0067323,441,TEXT_HW,LINE_HW,TEXT,0.613,0.219,0.094
A0067323,654,TEXT_HW,LINE_HW,TEXT,0.61,0.175,0.154
A0067323,660,TEXT_HW,LINE_HW,TEXT,0.458,0.245,0.185
A0067323,695,TEXT_HW,TEXT,LINE_HW,0.654,0.187,0.103
A0067352,48,TEXT_HW,TEXT,LINE_HW,0.778,0.109,0.075
A0067352,54,TEXT_HW,TEXT,LINE_HW,0.607,0.169,0.156
A0067352,71,TEXT_HW,LINE_HW,TEXT,0.511,0.274,0.142
A0067352,78,TEXT_HW,LINE_HW,TEXT,0.575,0.218,0.15
A0067352,96,TEXT_HW,TEXT,LINE_HW,0.8,0.099,0.07
A0067352,314,TEXT_HW,LINE_HW,TEXT,0.544,0.257,0.129
A0067352,375,TEXT_HW,TEXT,LINE_HW,0.717,0.148,0.099
A0067352,415,TEXT_HW,TEXT,LINE_HW,0.641,0.173,0.117
A0067352,555,TEXT_HW,LINE_HW,TEXT,0.727,0.148,0.087
A0067352,587,TEXT_HW,LINE_HW,TEXT,0.531,0.276,0.126
A0067352,626,TEXT_HW,LINE_HW,TEXT,0.613,0.196,0.126
A0067352,692,TEXT_HW,LINE_HW,TEXT,0.542,0.268,0.119
A0067352,805,TEXT_HW,LINE_HW,TEXT,0.547,0.224,0.143
A0067352,813,TEXT_HW,LINE_HW,TEXT,0.522,0.288,0.106
A0067352,818,TEXT_HW,LINE_HW,TEXT,0.537,0.22,0.152
A0067354,56,TEXT_HW,LINE_HW,TEXT,0.602,0.202,0.134
A0067354,140,LINE_HW,TEXT_HW,LINE_P,0.66,0.128,0.051
A0067354,320,TEXT_HW,LINE_HW,TEXT,0.453,0.407,0.075
A0067354,567,TEXT_HW,LINE_HW,TEXT,0.493,0.281,0.153
A0067354,594,TEXT_HW,LINE_HW,TEXT,0.53,0.258,0.143
A0067354,707,TEXT_HW,LINE_HW,TEXT,0.554,0.287,0.111
A0067354,823,TEXT_HW,LINE_HW,TEXT,0.597,0.22,0.123
A0067360,20,TEXT_HW,LINE_HW,TEXT,0.624,0.209,0.123
A0067360,76,TEXT_HW,LINE_HW,TEXT,0.698,0.194,0.074
A0067360,124,TEXT_HW,LINE_HW,TEXT,0.465,0.23,0.156
A0067360,187,TEXT_HW,LINE_HW,TEXT,0.683,0.162,0.108
A0067360,232,TEXT_HW,LINE_HW,TEXT,0.657,0.156,0.151
A0067360,257,TEXT_HW,LINE_HW,TEXT,0.611,0.186,0.136
A0067360,337,LINE_HW,TEXT_HW,TEXT,0.405,0.393,0.101
A0067363,146,TEXT_HW,LINE_HW,TEXT,0.377,0.377,0.143
A0067363,233,TEXT_HW,LINE_HW,TEXT,0.496,0.306,0.106
A0067363,461,LINE_HW,TEXT_HW,LINE_T,0.622,0.134,0.061
A0067363,466,TEXT_HW,LINE_HW,TEXT,0.653,0.219,0.083
A0067363,503,TEXT_HW,LINE_HW,TEXT,0.458,0.335,0.125
A0067364,93,TEXT_HW,LINE_HW,TEXT,0.74,0.112,0.11
A0067364,137,TEXT_HW,LINE_HW,TEXT,0.666,0.177,0.109
A0067364,139,TEXT_HW,LINE_HW,TEXT,0.683,0.16,0.108
A0067364,148,TEXT_HW,LINE_HW,TEXT,0.468,0.322,0.132
A0067364,179,TEXT_HW,LINE_HW,TEXT,0.612,0.202,0.12
A0067381,10,TEXT_HW,LINE_HW,TEXT,0.561,0.265,0.118
A0067381,60,LINE_HW,TEXT_HW,TEXT,0.437,0.398,0.09
A0067381,81,TEXT_HW,LINE_HW,TEXT,0.549,0.276,0.121
A0067381,150,TEXT_HW,LINE_HW,TEXT,0.537,0.301,0.095
A0067381,204,TEXT_HW,LINE_HW,TEXT,0.561,0.3,0.066
A0067381,215,TEXT_HW,LINE_HW,TEXT,0.645,0.241,0.077
A0067381,223,TEXT_HW,LINE_HW,TEXT,0.503,0.335,0.102
A0067381,238,TEXT_HW,LINE_HW,TEXT,0.548,0.255,0.124
A0067386,83,TEXT_HW,LINE_HW,TEXT,0.531,0.259,0.113
A0067386,151,TEXT_HW,LINE_HW,TEXT,0.511,0.291,0.131
A0067386,153,LINE_HW,TEXT_HW,TEXT,0.581,0.221,0.111
A0067386,154,TEXT_HW,LINE_HW,TEXT,0.513,0.342,0.086
A0067386,173,TEXT_HW,LINE_HW,TEXT,0.597,0.179,0.151
A0067386,192,TEXT_HW,LINE_HW,TEXT,0.487,0.261,0.174
A0067386,215,TEXT_HW,LINE_HW,TEXT,0.516,0.222,0.178
A0067386,322,TEXT_HW,LINE_HW,TEXT,0.537,0.21,0.174
A0067389,321,TEXT_HW,LINE_HW,TEXT,0.64,0.189,0.118
A0067389,513,TEXT_HW,LINE_HW,TEXT,0.545,0.278,0.098
A0067389,608,TEXT_HW,LINE_HW,TEXT,0.618,0.207,0.118
A0067389,638,TEXT_HW,LINE_HW,TEXT,0.581,0.254,0.114
A0067389,963,TEXT_HW,LINE_HW,TEXT,0.566,0.229,0.124
A0067389,975,TEXT_HW,LINE_HW,TEXT,0.618,0.22,0.099
A0067389,1106,TEXT_HW,LINE_HW,TEXT,0.621,0.183,0.13
A0067389,1120,TEXT_HW,LINE_HW,TEXT,0.585,0.202,0.141
A0067400,56,TEXT_HW,LINE_HW,TEXT,0.567,0.252,0.119
A0067400,287,TEXT_HW,LINE_HW,TEXT,0.546,0.275,0.106
A0067400,489,TEXT_HW,LINE_HW,TEXT,0.51,0.282,0.125
A0067400,557,TEXT_HW,LINE_HW,TEXT,0.518,0.269,0.105
A0067400,582,TEXT_HW,LINE_HW,TEXT,0.463,0.308,0.121
A0067400,666,TEXT_HW,LINE_HW,TEXT,0.614,0.19,0.115
A0067400,756,TEXT_HW,LINE_HW,TEXT,0.511,0.213,0.156
A0067405,51,TEXT_HW,LINE_HW,TEXT,0.625,0.237,0.083
A0067405,143,TEXT_HW,LINE_HW,TEXT,0.584,0.208,0.11
A0067405,162,TEXT_HW,LINE_HW,TEXT,0.453,0.231,0.161
A0067405,192,TEXT_HW,LINE_HW,TEXT,0.589,0.238,0.102
A0067405,275,TEXT_HW,LINE_HW,TEXT,0.55,0.229,0.163
A0067405,311,TEXT_HW,TEXT,LINE_HW,0.63,0.17,0.13
A0067405,431,TEXT_HW,LINE_HW,TEXT,0.454,0.4,0.089
A0067405,452,TEXT_HW,LINE_HW,TEXT,0.549,0.215,0.15
A0067411,30,TEXT_HW,LINE_HW,TEXT,0.712,0.175,0.073
A0067411,146,TEXT_HW,LINE_HW,TEXT,0.663,0.187,0.096
A0067411,175,TEXT_HW,LINE_HW,TEXT,0.57,0.216,0.135
A0067411,308,TEXT_HW,LINE_HW,TEXT,0.67,0.195,0.081
A0067411,325,TEXT_HW,LINE_HW,TEXT,0.629,0.221,0.082
A0067411,347,TEXT_HW,LINE_HW,TEXT,0.575,0.263,0.097
A0067411,397,TEXT_HW,LINE_HW,TEXT,0.569,0.216,0.117
A0067411,453,TEXT_HW,LINE_HW,TEXT,0.686,0.158,0.102
A0067424,219,TEXT_HW,LINE_HW,TEXT,0.487,0.325,0.119
A0067424,301,TEXT_HW,LINE_HW,TEXT,0.559,0.264,0.127
A0067424,373,TEXT_HW,LINE_HW,TEXT,0.622,0.181,0.141
A0067424,441,TEXT_HW,LINE_HW,TEXT,0.655,0.179,0.105
A0067424,476,TEXT_HW,LINE_HW,TEXT,0.619,0.228,0.088
A0067424,696,TEXT_HW,LINE_HW,TEXT,0.468,0.332,0.108
A0067424,803,TEXT_HW,LINE_HW,TEXT,0.693,0.141,0.117
A0067444,23,TEXT_HW,LINE_HW,TEXT,0.566,0.251,0.119
A0067444,52,TEXT_HW,LINE_HW,TEXT,0.48,0.32,0.12
A0067444,100,TEXT_HW,LINE_HW,TEXT,0.647,0.197,0.104
A0067444,128,TEXT_HW,LINE_HW,TEXT,0.626,0.213,0.116
A0067444,283,TEXT_HW,LINE_HW,TEXT,0.496,0.32,0.112
A0067444,505,TEXT_HW,LINE_HW,TEXT,0.536,0.245,0.111
A0067444,530,TEXT_HW,LINE_HW,TEXT,0.528,0.315,0.099
A0067444,718,TEXT_HW,LINE_HW,TEXT,0.533,0.264,0.129
A0067446,90,TEXT_HW,LINE_HW,TEXT,0.605,0.144,0.144
A0067446,98,TEXT_HW,TEXT,LINE_HW,0.587,0.197,0.117
A0067446,113,TEXT_HW,TEXT,LINE_HW,0.64,0.154,0.132
A0067446,123,TEXT_HW,LINE_HW,TEXT,0.573,0.198,0.147
A0067446,197,TEXT_HW,LINE_HW,TEXT,0.646,0.146,0.146
A0067446,252,TEXT_HW,TEXT,LINE_HW,0.608,0.188,0.136
A0067446,334,TEXT_HW,TEXT,LINE_HW,0.65,0.172,0.118
A0067460,72,TEXT_HW,LINE_HW,TEXT,0.559,0.196,0.158
A0067460,142,LINE_HW,TEXT_HW,TEXT,0.437,0.392,0.064
A0067460,144,LINE_HW,TEXT_HW,TEXT,0.549,0.215,0.095
A0067460,225,TEXT_HW,LINE_HW,TEXT,0.512,0.257,0.149
A0067460,258,TEXT_HW,LINE_HW,TEXT,0.658,0.174,0.136
A0067460,339,TEXT_HW,LINE_HW,TEXT,0.511,0.234,0.188
A0067460,455,TEXT_HW,LINE_HW,TEXT,0.503,0.245,0.163
A0067460,493,TEXT_HW,LINE_HW,TEXT,0.698,0.14,0.112
A0067477,226,TEXT_HW,LINE_HW,TEXT,0.699,0.156,0.101
A0067477,290,TEXT_HW,LINE_HW,TEXT,0.616,0.253,0.071
A0067477,334,TEXT_HW,LINE_HW,TEXT,0.686,0.168,0.107
A0067477,415,TEXT_HW,LINE_HW,TEXT,0.59,0.254,0.114
A0067477,569,TEXT_HW,LINE_HW,TEXT,0.655,0.197,0.104
A0067477,776,TEXT_HW,LINE_HW,TEXT,0.548,0.267,0.117
A0067477,842,TEXT_HW,TEXT,LINE_HW,0.667,0.142,0.14
A0067477,848,TEXT_HW,TEXT,LINE_HW,0.591,0.186,0.157
A0067478,39,TEXT_HW,LINE_HW,TEXT,0.63,0.201,0.115
A0067478,159,TEXT_HW,LINE_HW,TEXT,0.584,0.173,0.167
A0067478,164,TEXT_HW,LINE_HW,TEXT,0.527,0.23,0.161
A0067478,266,TEXT_HW,TEXT,LINE_HW,0.661,0.15,0.132
A0067478,267,TEXT_HW,TEXT,LINE_HW,0.716,0.139,0.108
A0067478,300,TEXT_HW,LINE_HW,TEXT,0.644,0.176,0.125
A0067478,333,TEXT_HW,TEXT,LINE_HW,0.671,0.164,0.126
A0067478,366,TEXT_HW,TEXT,LINE_HW,0.684,0.139,0.135
A0067484,87,TEXT_HW,LINE_HW,TEXT,0.692,0.175,0.087
A0067484,120,TEXT_HW,LINE_HW,TEXT,0.462,0.371,0.1
A0067484,134,TEXT_HW,LINE_HW,TEXT,0.576,0.272,0.098
A0067484,135,TEXT_HW,LINE_HW,TEXT,0.736,0.122,0.111
A0067484,168,TEXT_HW,LINE_HW,TEXT,0.622,0.196,0.106
A0067484,172,TEXT_HW,LINE_HW,TEXT,0.577,0.212,0.133
A0067484,174,TEXT_HW,LINE_HW,TEXT,0.439,0.293,0.14
A0067498,161,TEXT_HW,LINE_HW,TEXT,0.556,0.288,0.08
A0067498,167,TEXT_HW,LINE_HW,TEXT,0.5,0.36,0.068
A0067498,201,TEXT_HW,LINE_HW,TEXT,0.625,0.188,0.146
A0067498,286,TEXT_HW,TEXT,LINE_HW,0.578,0.194,0.163
A0067498,393,TEXT_HW,LINE_HW,TEXT,0.601,0.221,0.126
A0067498,398,TEXT_HW,LINE_HW,TEXT,0.612,0.244,0.102
A0067498,437,TEXT_HW,LINE_HW,TEXT,0.512,0.274,0.151
A0067498,501,TEXT_HW,LINE_HW,TEXT,0.494,0.281,0.141
A0067512,9,TEXT_HW,LINE_HW,TEXT,0.472,0.335,0.114
A0067512,30,TEXT_HW,LINE_HW,TEXT,0.664,0.16,0.112
A0067512,38,TEXT_HW,LINE_HW,TEXT,0.578,0.209,0.144
A0067512,48,TEXT_HW,LINE_HW,TEXT,0.404,0.34,0.133
A0067512,60,LINE_HW,TEXT_HW,TEXT,0.398,0.386,0.123
A0067512,96,TEXT_HW,LINE_HW,TEXT,0.478,0.318,0.123
A0067512,148,TEXT_HW,TEXT,LINE_HW,0.656,0.171,0.129
A0067512,167,TEXT_HW,LINE_HW,TEXT,0.359,0.353,0.152
A0067516,10,LINE_HW,TEXT_HW,TEXT,0.5,0.313,0.115
A0067516,14,TEXT_HW,LINE_HW,TEXT,0.465,0.374,0.107
A0067516,57,TEXT_HW,LINE_HW,TEXT,0.604,0.209,0.119
A0067516,68,TEXT_HW,LINE_HW,TEXT,0.648,0.183,0.103
A0067516,94,TEXT_HW,LINE_HW,TEXT,0.643,0.187,0.115
A0067516,116,TEXT_HW,LINE_HW,TEXT,0.55,0.212,0.141
A0067516,151,TEXT_HW,TEXT,LINE_HW,0.684,0.153,0.106
A0067516,170,TEXT_HW,LINE_HW,TEXT,0.593,0.251,0.095
A0067527,25,TEXT_HW,LINE_HW,TEXT,0.63,0.201,0.106
A0067527,144,TEXT_HW,LINE_HW,TEXT,0.618,0.185,0.129
A0067527,172,TEXT_HW,TEXT,LINE_HW,0.608,0.197,0.114
A0067527,200,TEXT_HW,LINE_HW,TEXT,0.495,0.223,0.158
A0067527,237,TEXT_HW,LINE_HW,TEXT,0.558,0.219,0.141
A0067527,342,TEXT_HW,LINE_HW,TEXT,0.499,0.271,0.103
A0067527,440,TEXT_HW,LINE_HW,TEXT,0.459,0.246,0.136
A0067527,472,TEXT_HW,LINE_HW,TEXT,0.593,0.187,0.117
A0067543,35,LINE_HW,TEXT_HW,TEXT,0.507,0.303,0.083
A0067543,79,TEXT_HW,LINE_HW,TEXT,0.675,0.203,0.073
A0067543,178,TEXT_HW,LINE_HW,TEXT,0.699,0.197,0.052
A0067543,214,TEXT_HW,LINE_HW,TEXT,0.707,0.182,0.067
A0067543,459,TEXT_HW,LINE_HW,TEXT,0.395,0.293,0.159
A0067543,530,TEXT_HW,LINE_HW,TEXT,0.474,0.25,0.147
A0067543,754,TEXT_HW,LINE_HW,TEXT,0.69,0.195,0.076
A0067543,809,TEXT_HW,LINE_HW,TEXT,0.326,0.266,0.164
A0067557,35,LINE_HW,TEXT_HW,TEXT,0.492,0.276,0.083
A0067557,149,TEXT_HW,LINE_HW,TEXT,0.438,0.27,0.21
A0067557,250,TEXT_HW,LINE_HW,TEXT,0.549,0.259,0.132
A0067557,301,TEXT_HW,LINE_HW,TEXT,0.468,0.337,0.13
A0067557,499,TEXT_HW,LINE_HW,TEXT,0.582,0.208,0.132
A0067557,513,TEXT_HW,LINE_HW,TEXT,0.593,0.228,0.089
A0067557,646,TEXT_HW,LINE_HW,TEXT,0.557,0.307,0.071
A0067557,788,TEXT_HW,LINE_HW,TEXT,0.49,0.348,0.101
A0067935,8,TEXT_HW,LINE_HW,TEXT,0.411,0.325,0.161
A0067935,16,TEXT_HW,LINE_HW,TEXT,0.526,0.264,0.133
A0067935,28,LINE_HW,TEXT_HW,TEXT,0.344,0.256,0.181
A0067935,30,TEXT_HW,LINE_HW,TEXT,0.444,0.374,0.085
A0067935,111,TEXT_HW,LINE_HW,TEXT,0.377,0.371,0.117
A0067935,155,TEXT_HW,LINE_HW,TEXT,0.441,0.251,0.196
A0067935,225,TEXT_HW,LINE_HW,TEXT,0.455,0.294,0.157
A0067935,256,TEXT_HW,LINE_HW,TEXT,0.618,0.258,0.077
A0068022,209,TEXT_HW,LINE_HW,TEXT,0.597,0.213,0.119
A0068022,224,TEXT_HW,LINE_HW,TEXT,0.461,0.224,0.178
A0068022,248,TEXT_HW,LINE_HW,TEXT,0.465,0.324,0.114
A0068022,294,TEXT_HW,LINE_HW,TEXT,0.329,0.295,0.179
A0068022,297,TEXT_HW,LINE_HW,TEXT,0.351,0.31,0.171
A0068022,305,TEXT_HW,LINE_HW,TEXT,0.639,0.214,0.094
A0068022,521,TEXT_HW,LINE_HW,TEXT,0.506,0.382,0.055
A0068022,609,TEXT_HW,LINE_HW,TEXT,0.452,0.242,0.172
A0068109,80,TEXT_HW,LINE_HW,TEXT,0.473,0.265,0.149
A0068109,345,TEXT_HW,LINE_HW,TEXT,0.442,0.285,0.17
A0068109,441,TEXT_HW,LINE_HW,TEXT,0.489,0.262,0.183
A0068109,558,TEXT_HW,LINE_HW,TEXT,0.451,0.287,0.156
A0068109,566,TEXT_HW,LINE_HW,TEXT,0.584,0.192,0.157
A0068144,8,LINE_HW,TEXT_HW,TEXT,0.557,0.276,0.066
A0068144,359,TEXT_HW,LINE_HW,TEXT,0.452,0.316,0.12
A0068144,514,TEXT_HW,LINE_HW,TEXT,0.541,0.313,0.065
A0068144,601,TEXT_HW,TEXT,LINE_HW,0.422,0.281,0.202
A0068144,865,TEXT_HW,LINE_HW,TEXT,0.538,0.239,0.164
A0068144,895,TEXT_HW,LINE_HW,TEXT,0.453,0.316,0.126
A0068234,14,TEXT_HW,LINE_HW,TEXT,0.685,0.158,0.108
A0068234,95,TEXT_HW,LINE_HW,TEXT,0.546,0.254,0.099
A0068234,146,TEXT_HW,LINE_HW,TEXT,0.76,0.136,0.071
A0068234,171,TEXT_HW,LINE_HW,TEXT,0.719,0.156,0.077
A0068234,261,TEXT_HW,LINE_HW,TEXT,0.641,0.155,0.15
A0068234,474,TEXT_HW,LINE_HW,TEXT,0.569,0.213,0.144
A0068234,476,TEXT_HW,LINE_HW,TEXT,0.467,0.375,0.06
A0068338,283,TEXT_HW,LINE_HW,TEXT,0.5,0.349,0.072
A0068338,287,TEXT_HW,LINE_HW,TEXT,0.678,0.166,0.107
A0068338,434,TEXT_HW,LINE_HW,TEXT,0.674,0.219,0.054
A0068338,512,TEXT_HW,LINE_HW,TEXT,0.444,0.305,0.153
A0068338,632,TEXT_HW,LINE_HW,TEXT,0.741,0.127,0.081
A0068338,826,TEXT_HW,LINE_HW,TEXT,0.591,0.221,0.126
A0068338,1020,TEXT_HW,LINE_HW,TEXT,0.473,0.336,0.066
A0068338,1094,TEXT_HW,LINE_HW,TEXT,0.558,0.244,0.083
A0068400,172,TEXT_HW,LINE_HW,TEXT,0.517,0.339,0.072
A0068400,251,TEXT_HW,LINE_HW,TEXT,0.637,0.227,0.095
A0068400,268,TEXT_HW,TEXT,LINE_HW,0.685,0.144,0.125
A0068400,340,TEXT_HW,LINE_HW,DRAW_L,0.286,0.226,0.196
A0068400,341,LINE_HW,TEXT_HW,TEXT,0.361,0.345,0.155
A0068400,351,TEXT_HW,LINE_HW,TEXT,0.518,0.335,0.081
A0068537,119,LINE_HW,TEXT_HW,TEXT,0.418,0.399,0.098
A0068537,170,TEXT_HW,LINE_HW,TEXT,0.585,0.264,0.093
A0068537,209,TEXT_HW,LINE_HW,TEXT,0.583,0.259,0.097
A0068537,235,TEXT_HW,LINE_HW,TEXT,0.595,0.26,0.096
A0068537,303,TEXT_HW,LINE_HW,TEXT,0.524,0.264,0.139
A0068537,463,LINE_HW,TEXT_HW,TEXT,0.599,0.238,0.049
A0068537,581,TEXT_HW,LINE_HW,TEXT,0.52,0.336,0.081
A0068537,654,TEXT_HW,LINE_HW,TEXT,0.441,0.366,0.115
A0068624,56,TEXT_HW,LINE_HW,TEXT,0.436,0.373,0.1
A0068624,105,TEXT_HW,LINE_HW,TEXT,0.549,0.328,0.065
A0068624,126,TEXT_HW,LINE_HW,TEXT,0.589,0.253,0.09
A0068624,155,TEXT_HW,LINE_HW,TEXT,0.581,0.301,0.081
A0068624,168,LINE_HW,TEXT_HW,TEXT,0.495,0.305,0.077
A0068624,214,TEXT_HW,LINE_HW,TEXT,0.424,0.424,0.093
A0068624,242,LINE_HW,TEXT_HW,DRAW_L,0.417,0.261,0.075
A0068624,245,LINE_HW,TEXT_HW,TEXT,0.448,0.276,0.112
A0068637,36,TEXT_HW,LINE_HW,TEXT,0.45,0.329,0.131
A0068637,507,TEXT_HW,LINE_HW,TEXT,0.512,0.306,0.104
A0068637,577,TEXT_HW,LINE_HW,TEXT,0.591,0.231,0.109
A0068637,698,TEXT_HW,LINE_HW,TEXT,0.5,0.313,0.105
A0068637,726,TEXT_HW,LINE_HW,TEXT,0.572,0.221,0.142
A0068637,790,TEXT_HW,LINE_HW,TEXT,0.517,0.24,0.17
A0068637,983,LINE_HW,TEXT_HW,TEXT,0.414,0.402,0.11
A0068637,1017,TEXT_HW,LINE_HW,TEXT,0.571,0.227,0.102
A0068787,74,TEXT_HW,LINE_HW,TEXT,0.466,0.352,0.124
A0068787,158,TEXT_HW,LINE_HW,TEXT,0.445,0.262,0.183
A0068787,201,TEXT_HW,LINE_HW,TEXT,0.657,0.213,0.076
A0068787,251,TEXT_HW,LINE_HW,TEXT,0.645,0.168,0.121
A0068787,379,TEXT_HW,LINE_HW,TEXT,0.463,0.323,0.139
A0068787,392,TEXT_HW,LINE_HW,TEXT,0.55,0.252,0.123
A0068787,448,TEXT_HW,LINE_HW,TEXT,0.599,0.22,0.122
A0068787,572,TEXT_HW,LINE_HW,TEXT,0.47,0.285,0.139
A0068837,33,TEXT_HW,LINE_HW,TEXT,0.498,0.302,0.113
A0068837,61,TEXT_HW,LINE_HW,TEXT,0.476,0.236,0.208
A0068837,69,TEXT_HW,LINE_HW,TEXT,0.606,0.203,0.133
A0068837,93,TEXT_HW,LINE_HW,TEXT,0.553,0.253,0.121
A0068837,104,TEXT_HW,LINE_HW,TEXT,0.608,0.197,0.131
A0068837,387,TEXT_HW,LINE_HW,TEXT,0.604,0.252,0.087
A0068837,457,TEXT_HW,LINE_HW,TEXT,0.421,0.371,0.124
A0068837,674,TEXT_HW,LINE_HW,TEXT,0.586,0.19,0.137
A0068869,23,TEXT_HW,LINE_HW,TEXT,0.6,0.192,0.138
A0068869,176,TEXT_HW,LINE_HW,TEXT,0.521,0.288,0.134
A0068869,261,TEXT_HW,LINE_HW,TEXT,0.559,0.264,0.087
A0068869,380,TEXT_HW,LINE_HW,TEXT,0.544,0.291,0.099
A0068869,680,TEXT_HW,LINE_HW,TEXT,0.536,0.21,0.185
A0068869,779,TEXT_HW,TEXT,LINE_HW,0.647,0.149,0.138
A0068869,933,TEXT_HW,LINE_HW,TEXT,0.641,0.208,0.111
A0068869,995,TEXT_HW,LINE_HW,TEXT,0.654,0.185,0.093
A0076300,160,TEXT_HW,LINE_HW,TEXT,0.536,0.315,0.083
A0076300,283,LINE_HW,TEXT_HW,TEXT,0.278,0.174,0.144
A0076301,11,TEXT_HW,LINE_HW,TEXT,0.513,0.221,0.149
A0076301,33,TEXT_HW,TEXT,LINE_HW,0.466,0.234,0.177
A0076301,89,TEXT_HW,LINE_HW,TEXT,0.483,0.25,0.157
A0076301,116,TEXT_HW,LINE_HW,TEXT,0.496,0.22,0.161
A0076301,154,TEXT_HW,TEXT,LINE_HW,0.582,0.211,0.147
A0076302,9,LINE_HW,TEXT_HW,DRAW_L,0.328,0.251,0.091
A0076303,9,LINE_HW,TEXT_HW,TEXT,0.372,0.272,0.165
A0076303,261,TEXT_HW,LINE_HW,TEXT,0.407,0.279,0.138
B0000001,214,TEXT_HW,TEXT,LINE_HW,0.687,0.149,0.097
B0000001,704,TEXT_HW,TEXT,LINE_HW,0.69,0.132,0.118
B0000001,762,TEXT_HW,LINE_HW,TEXT,0.596,0.176,0.151
B0000001,1060,TEXT_HW,LINE_HW,TEXT,0.651,0.162,0.134
B0000001,1080,TEXT_HW,LINE_HW,TEXT,0.435,0.339,0.123
B0000001,1271,TEXT_HW,LINE_HW,TEXT,0.624,0.196,0.127
B0000011,48,TEXT_HW,TEXT,LINE_HW,0.76,0.106,0.092
B0000011,228,TEXT_HW,TEXT,LINE_HW,0.773,0.155,0.03
B0000011,339,TEXT_HW,TEXT,TEXT_T,0.758,0.142,0.044
B0000011,383,TEXT_HW,TEXT,LINE_HW,0.668,0.235,0.052
B0000011,392,TEXT_HW,TEXT,LINE_HW,0.669,0.166,0.09
B0000011,412,TEXT_HW,TEXT,LINE_HW,0.695,0.233,0.033
B0000013,26,TEXT_HW,LINE_HW,TEXT,0.508,0.264,0.146
B0000013,32,TEXT_HW,LINE_HW,TEXT,0.402,0.313,0.141
B0000013,69,TEXT_HW,LINE_HW,TEXT,0.727,0.124,0.098
B0000015,3,TEXT_HW,LINE_HW,TEXT,0.359,0.348,0.17
B0000015,6,TEXT_HW,TEXT,LINE_HW,0.669,0.177,0.109
B0000015,7,TEXT_HW,TEXT,LINE_HW,0.736,0.157,0.081
B0000015,17,TEXT_HW,TEXT,LINE_HW,0.754,0.148,0.045
B0000015,19,TEXT_HW,TEXT,TEXT_T,0.866,0.097,0.016
B0000015,27,TEXT_HW,TEXT,LINE_HW,0.545,0.25,0.122
B0000015,30,TEXT_HW,LINE_HW,TEXT,0.614,0.216,0.084
B0000015,33,TEXT_HW,TEXT,TEXT_T,0.769,0.134,0.039
B0000021,11,TEXT_HW,TEXT,LINE_HW,0.712,0.164,0.077
B0000021,43,TEXT_HW,LINE_HW,TEXT,0.591,0.18,0.159
B0000021,80,TEXT_HW,TEXT,LINE_HW,0.743,0.114,0.109
B0000021,86,TEXT_HW,TEXT,LINE_HW,0.655,0.188,0.114
B0000024,19,TEXT_HW,TEXT,LINE_HW,0.716,0.178,0.062
B0000024,83,TEXT_HW,TEXT,LINE_HW,0.687,0.171,0.086
B0000024,304,TEXT_HW,LINE_HW,TEXT,0.537,0.238,0.166
B0001260,172,TEXT_HW,LINE_HW,TEXT,0.606,0.168,0.163
B0001260,189,TEXT_HW,LINE_HW,TEXT,0.61,0.198,0.134
B0001260,222,TEXT_HW,LINE_HW,TEXT,0.61,0.183,0.15
B0001260,278,TEXT_HW,TEXT,LINE_HW,0.734,0.138,0.075
B0001260,302,TEXT_HW,LINE_HW,TEXT,0.446,0.217,0.134
B0001260,308,TEXT_HW,LINE_HW,TEXT,0.631,0.17,0.141
B0001260,342,TEXT_HW,TEXT,LINE_HW,0.685,0.163,0.099
B0001261,19,TEXT_HW,LINE_HW,TEXT,0.639,0.169,0.126
B0001261,72,TEXT_HW,LINE_HW,TEXT,0.641,0.15,0.139
B0001261,181,TEXT_HW,LINE_HW,TEXT,0.608,0.174,0.149
B0003909,8,TEXT_HW,LINE_HW,TEXT,0.503,0.245,0.174
B0003909,10,TEXT_HW,LINE_HW,TEXT,0.58,0.177,0.164
B0003909,12,TEXT_HW,LINE_HW,TEXT,0.379,0.269,0.256
B0003909,13,TEXT_HW,LINE_HW,TEXT,0.562,0.282,0.093
B0003909,20,TEXT_HW,LINE_HW,TEXT,0.447,0.28,0.15
B0003910,7,TEXT_HW,LINE_HW,TEXT,0.443,0.305,0.156
B0003910,36,TEXT_HW,TEXT,LINE_HW,0.721,0.123,0.118
B0003910,46,TEXT_HW,LINE_HW,TEXT,0.638,0.172,0.138
B0003910,60,TEXT_HW,LINE_HW,TEXT,0.509,0.212,0.206
B0003910,63,TEXT_HW,LINE_HW,TEXT,0.572,0.224,0.149
B0003910,82,TEXT_HW,LINE_HW,TEXT,0.51,0.213,0.174
G0000093,140,TEXT_HW,TEXT,LINE_HW,0.687,0.197,0.063
G0000093,211,TEXT_HW,LINE_HW,TEXT,0.562,0.194,0.166
G0000093,293,TEXT_HW,TEXT,LINE_HW,0.655,0.233,0.073
G0000093,296,TEXT_HW,LINE_HW,TEXT,0.348,0.337,0.218
G0000093,323,TEXT_HW,TEXT,LINE_HW,0.384,0.276,0.212
H0000001,8,LINE_HW,TEXT_HW,TEXT,0.371,0.349,0.202
H0000001,14,LINE_HW,TEXT_HW,TEXT,0.386,0.261,0.194
H0000001,15,TEXT_HW,LINE_HW,TEXT,0.358,0.331,0.198
H0000001,40,TEXT_HW,LINE_HW,TEXT,0.405,0.262,0.262
H0000001,76,TEXT_HW,LINE_HW,TEXT,0.383,0.298,0.218
H0000001,85,TEXT_HW,LINE_HW,TEXT,0.557,0.225,0.16
H0000001,112,TEXT_HW,LINE_HW,TEXT,0.447,0.337,0.145
H0000001,116,TEXT_HW,LINE_HW,TEXT,0.623,0.184,0.143
H0000002,53,TEXT_HW,LINE_HW,TEXT,0.405,0.301,0.224
H0000002,99,LINE_HW,TEXT_HW,TEXT,0.386,0.32,0.182
H0000002,118,TEXT_HW,TEXT,LINE_HW,0.578,0.179,0.174
H0000002,144,LINE_HW,TEXT_HW,TEXT,0.446,0.27,0.154
H0000002,167,TEXT_HW,LINE_HW,TEXT,0.376,0.348,0.172
H0000002,169,TEXT_HW,TEXT,LINE_HW,0.688,0.171,0.101
H0000002,194,TEXT_HW,LINE_HW,TEXT,0.62,0.162,0.138
H0000002,200,TEXT_HW,LINE_HW,TEXT,0.546,0.27,0.098
H0000332,66,TEXT_HW,LINE_HW,TEXT,0.597,0.171,0.121
H0000332,220,TEXT_HW,TEXT,LINE_HW,0.688,0.144,0.119
H0000332,235,TEXT_HW,LINE_HW,TEXT,0.418,0.278,0.21
H0000332,313,TEXT_HW,LINE_HW,TEXT,0.618,0.166,0.166
H0000332,314,TEXT_HW,LINE_HW,TEXT,0.428,0.313,0.178
H0000332,373,TEXT_HW,TEXT,LINE_HW,0.53,0.275,0.118
H0000332,1012,TEXT_HW,LINE_HW,TEXT,0.45,0.257,0.213
H0000333,31,TEXT_HW,TEXT,LINE_HW,0.528,0.213,0.161
H0000333,34,TEXT_HW,LINE_HW,TEXT,0.398,0.287,0.22
H0000333,49,TEXT_HW,LINE_HW,TEXT,0.431,0.261,0.191
H0000333,344,TEXT_HW,LINE_HW,TEXT,0.482,0.228,0.174
H0000333,562,TEXT_HW,LINE_HW,TEXT,0.444,0.245,0.203
H0000333,773,TEXT_HW,LINE_HW,TEXT,0.39,0.244,0.229
H0000333,934,LINE_HW,TEXT_HW,TEXT,0.369,0.213,0.171
H0000334,63,TEXT_HW,TEXT,LINE_HW,0.619,0.242,0.098
H0000334,141,LINE_HW,TEXT_HW,TEXT,0.385,0.319,0.176
H0000334,182,TEXT_HW,TEXT,LINE_HW,0.532,0.244,0.173
H0000334,239,TEXT_HW,LINE_HW,TEXT,0.346,0.346,0.164
H0000334,243,TEXT_HW,LINE_HW,TEXT,0.497,0.246,0.132
H0000334,279,TEXT_HW,TEXT,LINE_HW,0.516,0.344,0.079
H0000335,117,TEXT_HW,LINE_HW,TEXT,0.408,0.36,0.155
H0000335,161,LINE_HW,TEXT_HW,TEXT,0.528,0.266,0.075
H0000335,304,TEXT_HW,TEXT,LINE_HW,0.67,0.159,0.124
H0000335,325,TEXT_HW,LINE_HW,TEXT,0.638,0.156,0.142
H0000335,365,LINE_HW,TEXT_HW,TEXT,0.453,0.283,0.161
H0000335,400,TEXT_HW,LINE_HW,TEXT,0.602,0.184,0.13
H0000335,520,TEXT_HW,LINE_HW,TEXT,0.503,0.305,0.112
H0000335,744,LINE_HW,TEXT_HW,LINE_P,0.595,0.165,0.068
H0000458,19,TEXT_HW,TEXT,LINE_HW,0.446,0.224,0.204
H0000458,37,TEXT_HW,TEXT,LINE_HW,0.473,0.217,0.204
H0000458,67,TEXT_HW,TEXT,LINE_HW,0.804,0.09,0.057
H0000458,113,TEXT_HW,LINE_HW,TEXT,0.456,0.304,0.158
H0000458,138,TEXT_HW,LINE_HW,TEXT,0.49,0.279,0.164
H0000458,297,TEXT_HW,TEXT,LINE_HW,0.654,0.151,0.141
H0000458,306,TEXT_HW,TEXT,LINE_HW,0.622,0.178,0.135
H0000459,7,TEXT_HW,LINE_HW,TEXT,0.697,0.137,0.121
H0000459,41,TEXT_HW,LINE_HW,TEXT,0.613,0.17,0.165
H0000459,83,TEXT_HW,LINE_HW,TEXT,0.557,0.263,0.119
H0000459,92,TEXT_HW,LINE_HW,TEXT,0.482,0.292,0.147
H0000459,101,TEXT_HW,LINE_HW,TEXT,0.617,0.166,0.161
H0000459,255,TEXT_HW,LINE_HW,TEXT,0.402,0.285,0.196
H0000459,283,TEXT_HW,LINE_HW,TEXT,0.66,0.15,0.108
H0000459,320,TEXT_HW,LINE_HW,TEXT,0.495,0.257,0.156
H0000610,6,TEXT_HW,LINE_HW,TEXT,0.631,0.141,0.128
H0000610,11,TEXT_HW,TEXT,LINE_HW,0.658,0.172,0.113
H0000610,12,TEXT_HW,LINE_HW,TEXT,0.466,0.265,0.207
H0000610,13,TEXT_HW,TEXT,LINE_HW,0.67,0.154,0.098
H0000610,14,TEXT_HW,LINE_HW,TEXT,0.567,0.252,0.131
H0000636,39,TEXT_HW,TEXT,LINE_HW,0.587,0.191,0.158
H0000636,116,TEXT_HW,LINE_HW,TEXT,0.652,0.212,0.091
H0000636,119,TEXT_HW,LINE_HW,TEXT,0.625,0.185,0.139
H0000636,129,TEXT_HW,LINE_HW,TEXT,0.607,0.179,0.158
H0000636,225,TEXT_HW,LINE_HW,TEXT,0.645,0.153,0.144
H0000636,318,TEXT_HW,LINE_HW,TEXT,0.596,0.182,0.171
H0000636,340,TEXT_HW,LINE_HW,TEXT,0.719,0.146,0.093
H0000636,464,TEXT_HW,LINE_HW,TEXT,0.667,0.185,0.096
H0000637,93,TEXT_HW,LINE_HW,TEXT,0.493,0.29,0.17
H0000637,238,TEXT_HW,LINE_HW,TEXT,0.6,0.189,0.152
H0000637,365,TEXT_HW,TEXT,LINE_HW,0.642,0.162,0.13
H0000637,381,TEXT_HW,TEXT,LINE_HW,0.716,0.128,0.098
H0000637,410,TEXT_HW,LINE_HW,TEXT,0.516,0.263,0.143
H0000637,457,TEXT_HW,TEXT,LINE_HW,0.857,0.09,0.029
H0000637,634,TEXT_HW,LINE_HW,TEXT,0.555,0.224,0.162
H0000638,130,TEXT_HW,TEXT,LINE_HW,0.691,0.143,0.116
H0000638,156,TEXT_HW,TEXT,LINE_HW,0.661,0.16,0.122
H0000638,374,TEXT_HW,TEXT,LINE_HW,0.63,0.17,0.145
H0000638,380,TEXT_HW,TEXT,LINE_HW,0.728,0.139,0.087
H0000638,575,TEXT_HW,LINE_HW,TEXT,0.381,0.381,0.136
H0000638,601,TEXT_HW,TEXT,LINE_HW,0.671,0.154,0.132
H0000639,115,TEXT_HW,LINE_HW,TEXT,0.477,0.26,0.187
H0000639,207,TEXT_HW,LINE_HW,TEXT,0.474,0.288,0.177
H0000639,266,TEXT_HW,LINE_HW,TEXT,0.475,0.382,0.103
H0000639,408,LINE_HW,TEXT_HW,LINE_P,0.53,0.14,0.111
H0000639,446,TEXT_HW,LINE_HW,TEXT,0.398,0.253,0.241
H0000640,181,TEXT_HW,LINE_HW,TEXT,0.412,0.321,0.164
H0000640,364,LINE_HW,TEXT_HW,TEXT,0.508,0.299,0.063
H0000640,528,TEXT_HW,LINE_HW,TEXT,0.459,0.326,0.12
H0000640,660,TEXT_HW,TEXT,LINE_HW,0.6,0.175,0.172
H0000640,690,TEXT_HW,TEXT,LINE_HW,0.541,0.193,0.1
H0000641,15,TEXT_HW,LINE_HW,TEXT,0.568,0.216,0.153
H0000641,261,TEXT_HW,LINE_HW,TEXT,0.59,0.242,0.111
H0000641,263,LINE_HW,TEXT_HW,TEXT,0.587,0.174,0.077
H0000641,292,TEXT_HW,LINE_HW,TEXT,0.511,0.3,0.109
H0000641,438,TEXT_HW,LINE_HW,TEXT,0.603,0.208,0.115
H0000642,195,LINE_HW,TEXT_HW,TEXT,0.51,0.253,0.104
H0000642,224,LINE_HW,TEXT_HW,TEXT,0.454,0.267,0.154
H0000642,382,TEXT_HW,LINE_HW,TEXT,0.451,0.32,0.127
H0000642,496,TEXT_HW,TEXT,LINE_HW,0.576,0.199,0.165
H0000642,530,TEXT_HW,LINE_HW,TEXT,0.454,0.322,0.189
H0000643,24,TEXT_HW,LINE_HW,TEXT,0.454,0.284,0.164
H0000643,79,TEXT_HW,LINE_HW,TEXT,0.567,0.233,0.086
H0000643,90,TEXT_HW,LINE_HW,TEXT,0.524,0.298,0.097
H0000643,168,TEXT_HW,LINE_HW,TEXT,0.407,0.401,0.106
H0000643,182,TEXT_HW,LINE_HW,TEXT,0.665,0.197,0.081
H0000643,398,TEXT_HW,LINE_HW,TEXT,0.435,0.294,0.155
H0000646,84,TEXT_HW,LINE_HW,TEXT,0.413,0.293,0.221
H0000646,148,TEXT_HW,LINE_HW,TEXT,0.451,0.234,0.23
H0000646,185,LINE_HW,TEXT_HW,TEXT,0.515,0.271,0.101
H0000646,366,TEXT_HW,LINE_HW,TEXT,0.445,0.381,0.138
H0000647,81,TEXT_HW,LINE_HW,TEXT,0.461,0.322,0.154
H0000647,225,TEXT_HW,LINE_HW,TEXT,0.59,0.242,0.098
H0000647,386,TEXT_HW,LINE_HW,TEXT,0.46,0.311,0.126
H0000647,436,LINE_HW,TEXT_HW,TEXT,0.495,0.209,0.112
H0000647,625,TEXT_HW,LINE_HW,TEXT,0.681,0.124,0.124
H0000647,739,TEXT_HW,LINE_HW,TEXT,0.438,0.321,0.189
H0000648,8,TEXT_HW,LINE_HW,TEXT,0.438,0.274,0.142
H0000648,47,TEXT_HW,LINE_HW,TEXT,0.527,0.151,0.123
H0000648,104,LINE_HW,TEXT_HW,TEXT,0.423,0.356,0.137
H0000648,123,TEXT_HW,LINE_HW,TEXT,0.453,0.262,0.118
H0000648,163,TEXT_HW,LINE_HW,TEXT,0.422,0.256,0.212
H0000648,289,LINE_HW,TEXT_HW,TEXT,0.385,0.374,0.133
H0000648,371,LINE_HW,TEXT_HW,TEXT,0.444,0.32,0.138
H0000650,212,TEXT_HW,LINE_HW,TEXT,0.406,0.387,0.12
H0000650,272,TEXT_HW,LINE_HW,TEXT,0.387,0.387,0.159
H0000650,321,TEXT_HW,TEXT,LINE_HW,0.531,0.222,0.141
H0000650,411,TEXT_HW,LINE_HW,TEXT,0.547,0.279,0.118
H0000651,11,LINE_HW,TEXT_HW,TEXT,0.518,0.3,0.09
H0000651,28,LINE_HW,TEXT_HW,TEXT,0.454,0.225,0.13
H0000651,157,TEXT_HW,LINE_HW,TEXT,0.542,0.241,0.153
H0000651,245,LINE_HW,TEXT_HW,TEXT,0.461,0.307,0.159
H0000651,383,TEXT_HW,LINE_HW,TEXT,0.548,0.232,0.132
H0000651,515,TEXT_HW,LINE_HW,TEXT,0.46,0.231,0.228
H0000653,245,TEXT_HW,LINE_HW,TEXT,0.368,0.33,0.234
H0000653,282,TEXT_HW,LINE_HW,TEXT,0.468,0.307,0.145
H0000653,554,TEXT_HW,LINE_HW,TEXT,0.387,0.358,0.177
H0000654,765,LINE_HW,TEXT_HW,TEXT,0.486,0.273,0.153
H0000654,891,TEXT_HW,LINE_HW,TEXT,0.399,0.33,0.18
H0000790,167,TEXT_HW,LINE_HW,TEXT,0.572,0.238,0.109
H0000790,278,TEXT_HW,TEXT,LINE_HW,0.538,0.207,0.159
H0000790,404,TEXT_HW,TEXT,LINE_HW,0.623,0.209,0.103
H0000790,455,TEXT_HW,TEXT,LINE_HW,0.667,0.123,0.093
H0000790,499,TEXT_HW,LINE_HW,TEXT,0.641,0.128,0.106
H0000790,699,TEXT_HW,LINE_HW,TEXT,0.429,0.26,0.168
H0000790,744,TEXT_HW,LINE_HW,TEXT,0.534,0.193,0.133
H0000791,51,TEXT_HW,LINE_HW,TEXT,0.52,0.201,0.172
H0000791,250,TEXT_HW,TEXT,LINE_HW,0.582,0.177,0.157
H0000791,347,TEXT_HW,TEXT,LINE_HW,0.614,0.219,0.078
H0000791,375,TEXT_HW,TEXT,LINE_HW,0.617,0.185,0.12
H0000791,386,TEXT_HW,LINE_HW,TEXT,0.475,0.271,0.157
H0000791,498,TEXT_HW,TEXT,LINE_HW,0.439,0.258,0.145
H0000791,522,TEXT_HW,TEXT,LINE_HW,0.616,0.22,0.071
H0000791,614,TEXT_HW,LINE_HW,TEXT,0.527,0.23,0.163
H0000792,84,TEXT_HW,LINE_HW,TEXT,0.463,0.256,0.215
H0000792,165,TEXT_HW,LINE_HW,TEXT,0.534,0.245,0.155
H0000792,254,TEXT_HW,LINE_HW,TEXT,0.516,0.268,0.146
H0000792,336,TEXT_HW,TEXT,LINE_HW,0.551,0.209,0.19
H0000792,389,TEXT_HW,TEXT,LINE_HW,0.628,0.197,0.142
H0000792,601,TEXT_HW,LINE_HW,TEXT,0.657,0.171,0.114
H0000793,194,TEXT_HW,LINE_HW,TEXT,0.399,0.369,0.166
H0000793,210,TEXT_HW,LINE_HW,TEXT,0.438,0.301,0.171
H0000793,331,TEXT_HW,LINE_HW,TEXT,0.428,0.344,0.146
H0000794,30,TEXT_HW,TEXT,LINE_HW,0.685,0.148,0.099
H0000794,55,LINE_HW,TEXT_HW,TEXT,0.676,0.146,0.07
H0000794,199,TEXT_HW,LINE_HW,TEXT,0.522,0.221,0.172
H0000794,248,TEXT_HW,LINE_HW,TEXT,0.376,0.342,0.145
H0000794,318,TEXT_HW,LINE_HW,TEXT,0.495,0.296,0.156
H0000794,357,LINE_HW,TEXT_HW,TEXT,0.393,0.375,0.113
H0000794,455,TEXT_HW,LINE_HW,TEXT,0.563,0.201,0.145
H0000794,571,TEXT_HW,TEXT,LINE_HW,0.466,0.287,0.177
H0000795,76,LINE_HW,TEXT_HW,TEXT,0.412,0.296,0.217
H0000795,234,TEXT_HW,LINE_HW,TEXT,0.517,0.248,0.173
H0000795,367,TEXT_HW,LINE_HW,TEXT,0.671,0.164,0.128
H0000795,427,TEXT_HW,LINE_HW,TEXT,0.489,0.27,0.198
H0000795,613,TEXT_HW,LINE_HW,TEXT,0.444,0.282,0.154
H0001029,34,LINE_HW,TEXT_HW,TEXT,0.392,0.357,0.161
H0001029,173,TEXT_HW,LINE_HW,TEXT,0.396,0.384,0.125
H0001029,307,TEXT_HW,LINE_HW,TEXT,0.513,0.207,0.189
H0001029,329,TEXT_HW,LINE_HW,TEXT,0.49,0.279,0.161
H0001029,438,TEXT_HW,LINE_HW,TEXT,0.544,0.257,0.14
H0001029,439,TEXT_HW,LINE_HW,TEXT,0.485,0.208,0.208
H0001030,325,TEXT_HW,LINE_HW,TEXT,0.483,0.239,0.195
H0001030,369,TEXT_HW,TEXT,LINE_HW,0.651,0.16,0.11
H0001030,801,TEXT_HW,TEXT,LINE_HW,0.634,0.206,0.099
H0001030,810,TEXT_HW,TEXT,LINE_HW,0.656,0.185,0.118
H0001030,857,TEXT_HW,LINE_HW,TEXT,0.442,0.252,0.24
H0001032,179,TEXT_HW,LINE_HW,TEXT,0.468,0.271,0.157
H0001032,279,TEXT_HW,LINE_HW,TEXT,0.478,0.334,0.125
H0001032,635,TEXT_HW,LINE_HW,TEXT,0.503,0.269,0.118
H0001032,656,TEXT_HW,TEXT,LINE_HW,0.599,0.231,0.106
H0001032,782,TEXT_HW,LINE_HW,TEXT,0.375,0.311,0.217
H0001032,784,TEXT_HW,LINE_HW,TEXT,0.563,0.207,0.186
H0001034,9,LINE_HW,TEXT_HW,TEXT,0.634,0.176,0.056
H0001034,40,TEXT_HW,LINE_HW,TEXT,0.43,0.282,0.206
H0001034,82,LINE_HW,TEXT_HW,TEXT,0.502,0.277,0.146
H0001034,113,TEXT_HW,TEXT,LINE_HW,0.694,0.15,0.097
H0001034,129,TEXT_HW,TEXT,LINE_HW,0.433,0.262,0.217
H0001034,364,TEXT_HW,LINE_HW,TEXT,0.401,0.259,0.259
H0001035,28,TEXT_HW,LINE_HW,TEXT,0.407,0.28,0.228
H0001035,41,TEXT_HW,LINE_HW,TEXT,0.663,0.153,0.139
H0001035,136,TEXT_HW,TEXT,LINE_HW,0.681,0.159,0.124
H0001035,224,TEXT_HW,LINE_HW,TEXT,0.454,0.359,0.13
H0001035,357,TEXT_HW,TEXT,LINE_HW,0.494,0.234,0.197
H0001035,380,TEXT_HW,LINE_HW,TEXT,0.486,0.286,0.182
H0001035,383,LINE_HW,TEXT_HW,TEXT,0.464,0.264,0.103
H0001036,131,TEXT_HW,LINE_HW,TEXT,0.582,0.235,0.132
H0001036,172,TEXT_HW,LINE_HW,TEXT,0.745,0.118,0.111
H0001036,190,TEXT_HW,LINE_HW,TEXT,0.633,0.202,0.119
H0001036,245,TEXT_HW,TEXT,LINE_HW,0.424,0.282,0.185
H0001036,265,TEXT_HW,LINE_HW,TEXT,0.33,0.291,0.22
H0001036,324,LINE_HW,TEXT_HW,TEXT,0.349,0.29,0.281
H0001038,186,TEXT_HW,TEXT,LINE_HW,0.584,0.215,0.139
H0001038,232,LINE_HW,TEXT_HW,TEXT,0.433,0.312,0.172
H0001038,608,TEXT_HW,TEXT,LINE_HW,0.599,0.177,0.164
H0001039,53,TEXT_HW,TEXT,LINE_HW,0.645,0.176,0.127
H0001039,115,TEXT_HW,LINE_HW,TEXT,0.476,0.267,0.208
H0001039,243,TEXT_HW,TEXT,LINE_HW,0.681,0.143,0.116
H0001040,98,LINE_HW,TEXT_HW,TEXT,0.414,0.354,0.152
H0001040,104,TEXT_HW,LINE_HW,TEXT,0.37,0.302,0.195
H0001040,169,TEXT_HW,TEXT,LINE_HW,0.556,0.204,0.192
H0001040,170,TEXT_HW,TEXT,LINE_HW,0.481,0.266,0.197
H0001041,69,TEXT_HW,LINE_HW,TEXT,0.4,0.343,0.175
H0001041,231,TEXT_HW,TEXT,LINE_HW,0.597,0.209,0.146
H0001041,341,LINE_HW,TEXT_HW,TEXT,0.426,0.317,0.164
H0001041,377,TEXT_HW,TEXT,LINE_HW,0.73,0.148,0.09
H0001042,218,LINE_HW,TEXT_HW,TEXT,0.417,0.301,0.2
H0001042,321,TEXT_HW,TEXT,LINE_HW,0.741,0.133,0.082
H0001042,393,TEXT_HW,LINE_HW,TEXT,0.483,0.343,0.118
H0002045,120,TEXT_HW,LINE_HW,TEXT,0.572,0.231,0.099
H0002045,265,TEXT_HW,TEXT,LINE_HW,0.604,0.252,0.096
H0002045,336,TEXT_HW,LINE_HW,TEXT,0.68,0.13,0.111
H0002045,425,TEXT_HW,LINE_HW,TEXT,0.559,0.206,0.133
H0002046,59,LINE_HW,TEXT_HW,TEXT,0.45,0.362,0.104
H0002046,143,TEXT_HW,LINE_HW,TEXT,0.507,0.259,0.106
H0002046,157,LINE_HW,TEXT_HW,TEXT,0.404,0.38,0.127
H0002047,69,TEXT_HW,TEXT,LINE_HW,0.584,0.202,0.162
H0002047,187,TEXT_HW,LINE_HW,TEXT,0.622,0.178,0.143
H0002047,202,TEXT_HW,TEXT,LINE_HW,0.625,0.171,0.137
H0002047,248,TEXT_HW,TEXT,LINE_HW,0.708,0.139,0.105
H0002047,293,TEXT_HW,LINE_HW,TEXT,0.716,0.132,0.105
H0002047,302,TEXT_HW,LINE_HW,TEXT,0.625,0.203,0.123
H0002047,305,TEXT_HW,TEXT,LINE_HW,0.711,0.142,0.104
H0002048,54,TEXT_HW,TEXT,LINE_HW,0.515,0.232,0.187
H0002048,66,TEXT_HW,TEXT,LINE_HW,0.729,0.117,0.103
H0002048,268,TEXT_HW,TEXT,LINE_HW,0.693,0.199,0.053
H0002048,328,LINE_HW,TEXT_HW,TEXT,0.499,0.28,0.108
H0002048,336,TEXT_HW,LINE_HW,TEXT,0.472,0.23,0.188
H0002048,402,TEXT_HW,LINE_HW,TEXT,0.601,0.167,0.134
H0002048,579,TEXT_HW,LINE_HW,TEXT,0.571,0.21,0.161
H0002055,193,TEXT_HW,LINE_HW,TEXT,0.412,0.399,0.106
H0002055,327,TEXT_HW,TEXT,LINE_HW,0.516,0.294,0.121
H0002055,401,LINE_HW,TEXT_HW,TEXT,0.535,0.286,0.112
H0002055,457,TEXT_HW,LINE_HW,TEXT,0.454,0.271,0.122
H0002059,141,TEXT_HW,TEXT,LINE_HW,0.634,0.206,0.094
H0002059,171,TEXT_HW,LINE_HW,TEXT,0.469,0.322,0.1
H0002059,194,TEXT_HW,TEXT,LINE_HW,0.527,0.194,0.177
L0000039,94,LINE_HW,TEXT_HW,TEXT,0.389,0.327,0.152
L0000039,207,TEXT_HW,LINE_HW,TEXT,0.456,0.281,0.117
L0000039,217,TEXT_HW,LINE_HW,TEXT,0.619,0.228,0.1
L0000041,151,TEXT_HW,LINE_HW,TEXT,0.479,0.29,0.144
L0000041,156,TEXT_HW,LINE_HW,TEXT,0.572,0.189,0.161
L0000041,196,TEXT_HW,LINE_HW,TEXT,0.585,0.173,0.165
L0000041,236,TEXT_HW,LINE_HW,TEXT,0.466,0.326,0.132
L0000041,242,TEXT_HW,TEXT,LINE_HW,0.451,0.278,0.194
L0000041,269,TEXT_HW,LINE_HW,TEXT,0.433,0.342,0.128
L0000067,37,TEXT_HW,LINE_HW,TEXT,0.509,0.226,0.199
L0000067,93,TEXT_HW,LINE_HW,TEXT,0.569,0.203,0.156
L0000067,181,TEXT_HW,LINE_HW,TEXT,0.345,0.295,0.133
L0000067,228,TEXT_HW,LINE_HW,TEXT,0.481,0.198,0.195
L0000067,278,TEXT_HW,LINE_HW,TEXT,0.498,0.275,0.13
L0000067,296,TEXT_HW,LINE_HW,TEXT,0.482,0.266,0.189
L0000067,322,TEXT_HW,LINE_HW,TEXT,0.497,0.283,0.154
L0000080,41,TEXT_HW,LINE_HW,TEXT,0.469,0.236,0.211
L0000080,86,TEXT_HW,LINE_HW,TEXT,0.555,0.211,0.157
L0000080,110,TEXT_HW,LINE_HW,TEXT,0.538,0.271,0.116
L0000080,124,TEXT_HW,LINE_HW,TEXT,0.63,0.225,0.101
L0000080,135,TEXT_HW,LINE_HW,TEXT,0.401,0.298,0.11
L0000080,383,TEXT_HW,LINE_HW,TEXT,0.446,0.342,0.12
L0000082,63,TEXT_HW,TEXT,LINE_HW,0.63,0.198,0.113
L0000082,89,TEXT_HW,LINE_HW,TEXT,0.406,0.316,0.164
L0000082,134,LINE_HW,TEXT_HW,TEXT,0.384,0.264,0.127
L0000082,171,TEXT_HW,LINE_HW,TEXT,0.509,0.299,0.129
L0000082,189,TEXT_HW,TEXT,LINE_HW,0.642,0.153,0.146
L0000082,288,TEXT_HW,LINE_HW,TEXT,0.579,0.185,0.168
L0000082,298,TEXT_HW,TEXT,LINE_HW,0.698,0.131,0.112
L0000082,371,TEXT_HW,LINE_HW,TEXT,0.514,0.232,0.201
L0000131,120,TEXT_HW,TEXT,LINE_HW,0.813,0.125,0.033
L0000131,155,TEXT_HW,TEXT,LINE_HW,0.757,0.166,0.04
L0000133,3,TEXT_HW,LINE_HW,TEXT,0.552,0.273,0.11
L0000184,53,TEXT_HW,TEXT,LINE_HW,0.642,0.16,0.15
L0000184,141,TEXT_HW,TEXT,LINE_HW,0.587,0.237,0.112
L0000184,162,TEXT_HW,LINE_HW,TEXT,0.578,0.191,0.156
L0000184,211,TEXT_HW,LINE_HW,TEXT,0.646,0.163,0.142
L0000184,308,TEXT_HW,TEXT,LINE_HW,0.592,0.17,0.164
L0000184,313,TEXT_HW,LINE_HW,TEXT,0.456,0.256,0.19
L0000184,370,TEXT_HW,LINE_HW,TEXT,0.56,0.219,0.156
L0000185,183,TEXT_HW,TEXT,LINE_HW,0.604,0.173,0.127
L0000185,191,TEXT_HW,LINE_HW,TEXT,0.44,0.284,0.178
L0000185,240,TEXT_HW,LINE_HW,TEXT,0.502,0.191,0.191
L0000185,305,TEXT_HW,LINE_HW,TEXT,0.612,0.236,0.088
L0000185,318,TEXT_HW,LINE_HW,TEXT,0.406,0.316,0.14
L0000185,321,TEXT_HW,LINE_HW,TEXT,0.488,0.283,0.122
L0000199,6,TEXT_HW,LINE_HW,TEXT,0.553,0.249,0.099
L0000199,15,TEXT_HW,TEXT,LINE_HW,0.63,0.205,0.101
L0000199,59,TEXT_HW,LINE_HW,TEXT,0.401,0.327,0.122
L0000199,208,TEXT_HW,TEXT,LINE_HW,0.724,0.177,0.057
R0000430,45,TEXT_HW,LINE_HW,TEXT,0.406,0.342,0.116
R0000430,122,TEXT_HW,TEXT,LINE_HW,0.5,0.215,0.173
R0000430,138,TEXT_HW,LINE_HW,TEXT,0.39,0.268,0.196
R0000430,142,TEXT_HW,LINE_HW,TEXT,0.495,0.197,0.158
R0000431,43,TEXT_HW,TEXT,LINE_HW,0.489,0.197,0.185
R0000431,80,TEXT_HW,TEXT,LINE_HW,0.584,0.196,0.152
R0000431,109,TEXT_HW,LINE_HW,TEXT,0.449,0.248,0.205
R0000431,117,LINE_HW,TEXT_HW,TEXT,0.352,0.257,0.185
R0000431,133,TEXT_HW,LINE_HW,TEXT,0.557,0.247,0.11
R0000431,152,LINE_HW,TEXT_HW,TEXT,0.473,0.223,0.146
R0000431,217,TEXT_HW,LINE_HW,TEXT,0.667,0.149,0.14
40004033,424,TEXT,LINE_P,TEXT_P,0.308,0.272,0.215
A0043938,237,TEXT,TEXT_HW,TEXT_P,0.347,0.159,0.132
A0043938,243,TEXT,TEXT_P,TEXT_HW,0.329,0.29,0.151
A0043938,280,TEXT,TEXT_P,LINE_P,0.251,0.183,0.167
A0043938,283,TEXT,TEXT_P,TEXT_HW,0.285,0.163,0.158
A0060197,4,TEXT,TEXT_P,PHOTO_L,0.309,0.219,0.135
G0000093,179,TEXT,LINE_HW,TEXT_HW,0.414,0.272,0.143
G0000093,257,TEXT,TEXT_HW,LINE_HW,0.356,0.2,0.182
G0000093,305,TEXT,TEXT_HW,TEXT_P,0.524,0.225,0.088
H0001038,29,TEXT_HW,TEXT,LINE_HW,0.419,0.25,0.246
H0001039,44,LINE_HW,TEXT_HW,TEXT_T,0.666,0.117,0.056
H0001039,107,LINE_HW,TEXT_HW,TEXT_T,0.669,0.128,0.054
H0001039,201,TEXT_HW,TEXT,LINE_HW,0.482,0.293,0.177
H0001040,59,LINE_HW,TEXT_HW,TEXT,0.293,0.243,0.218
H0001040,66,TEXT_HW,TEXT,LINE_HW,0.379,0.373,0.182
H0001041,306,TEXT,LINE_HW,TEXT_HW,0.307,0.225,0.145
H0001041,353,LINE_HW,TEXT,TEXT_HW,0.454,0.243,0.157
H0001041,365,LINE_HW,TEXT,TEXT_HW,0.616,0.14,0.14
H0001042,156,LINE_HW,TEXT_HW,TEXT,0.411,0.242,0.188
H0001042,211,TEXT,TEXT_HW,LINE_HW,0.322,0.302,0.239
H0001042,216,LINE_HW,TEXT,TEXT_HW,0.522,0.204,0.124
H0001042,361,LINE_HW,TEXT_HW,TEXT,0.414,0.225,0.181
H0002046,46,LINE_HW,TEXT_HW,TEXT,0.456,0.226,0.163
H0002054,222,LINE_HW,TEXT_HW,TEXT,0.32,0.273,0.241
H0002055,16,TEXT,LINE_HW,TEXT_HW,0.307,0.258,0.218
H0002055,111,LINE_HW,TEXT_HW,TEXT,0.358,0.288,0.198
H0002055,487,TEXT,TEXT_HW,LINE_HW,0.336,0.214,0.21
R0000568,66,TEXT_HW,LINE_HW,TEXT,0.473,0.245,0.223
R0000568,121,TEXT_HW,LINE_HW,TEXT,0.479,0.273,0.171
R0000568,142,TEXT_HW,LINE_HW,TEXT,0.418,0.25,0.172
R0000568,248,TEXT_HW,TEXT,LINE_HW,0.617,0.2,0.106
R0000568,249,TEXT_HW,LINE_HW,TEXT,0.371,0.303,0.222
R0000568,264,TEXT_HW,LINE_HW,TEXT,0.424,0.257,0.213
R0000568,283,TEXT_HW,TEXT,LINE_HW,0.437,0.245,0.21
R0000798,180,TEXT_HW,TEXT,LINE_HW,0.543,0.188,0.182
R0000798,208,TEXT_HW,LINE_HW,TEXT,0.555,0.198,0.159
R0000798,244,TEXT_HW,LINE_HW,TEXT,0.563,0.207,0.151
R0000798,407,TEXT_HW,LINE_HW,TEXT,0.536,0.223,0.169
R0000798,429,TEXT_HW,TEXT,LINE_HW,0.604,0.26,0.072
R0000798,703,TEXT_HW,LINE_HW,TEXT,0.385,0.309,0.199
R0000798,726,TEXT_HW,LINE_HW,TEXT,0.458,0.278,0.166
R0000798,825,TEXT_HW,LINE_HW,TEXT,0.459,0.287,0.18
R0000816,4,TEXT_HW,LINE_HW,TEXT,0.548,0.195,0.178
R0000816,10,TEXT_HW,LINE_HW,TEXT,0.423,0.385,0.105
R0000816,18,TEXT_HW,LINE_HW,TEXT,0.652,0.162,0.128
R0000816,21,TEXT_HW,LINE_HW,TEXT,0.712,0.164,0.082
R0000816,23,TEXT_HW,LINE_HW,TEXT,0.577,0.252,0.1
R0000816,24,TEXT_HW,LINE_HW,TEXT,0.645,0.158,0.148
R0001203,58,TEXT_HW,LINE_HW,TEXT,0.629,0.15,0.147
R0001203,223,TEXT_HW,LINE_HW,TEXT,0.53,0.271,0.132
R0001203,328,TEXT_HW,LINE_HW,TEXT,0.408,0.371,0.137
R0001203,358,TEXT_HW,LINE_HW,TEXT,0.649,0.164,0.13
R0001203,376,TEXT_HW,LINE_HW,TEXT,0.744,0.125,0.09
R0001203,457,TEXT_HW,LINE_HW,TEXT,0.678,0.172,0.099
R0001203,513,TEXT_HW,LINE_HW,TEXT,0.721,0.133,0.101
R0001203,563,TEXT_HW,LINE_HW,TEXT,0.636,0.182,0.118
R0001204,5,TEXT_HW,LINE_HW,TEXT,0.574,0.186,0.147
R0001204,78,TEXT_HW,TEXT,LINE_HW,0.578,0.182,0.176
R0001204,102,TEXT_HW,TEXT,LINE_HW,0.726,0.126,0.098
R0001204,251,TEXT_HW,LINE_HW,TEXT,0.755,0.118,0.096
R0001204,441,TEXT_HW,LINE_HW,TEXT,0.701,0.138,0.116
R0001204,454,TEXT_HW,LINE_HW,TEXT,0.557,0.215,0.157
R0001204,467,TEXT_HW,TEXT,LINE_HW,0.754,0.123,0.094
R0001204,555,TEXT_HW,TEXT,LINE_HW,0.736,0.113,0.111
R0001205,5,TEXT_HW,LINE_HW,TEXT,0.413,0.284,0.108
R0001205,102,TEXT_HW,LINE_HW,TEXT,0.56,0.196,0.185
R0001205,107,TEXT_HW,TEXT,LINE_HW,0.728,0.139,0.086
R0001205,114,TEXT_HW,LINE_HW,TEXT,0.45,0.345,0.125
R0001205,129,TEXT_HW,TEXT,LINE_HW,0.716,0.124,0.106
R0001205,159,TEXT_HW,LINE_HW,TEXT,0.547,0.214,0.172
R0001205,160,TEXT_HW,LINE_HW,TEXT,0.604,0.179,0.163
R0001205,166,TEXT_HW,LINE_HW,TEXT,0.65,0.164,0.128
R0001206,60,TEXT_HW,LINE_HW,TEXT,0.494,0.277,0.156
R0001206,78,TEXT_HW,TEXT,LINE_HW,0.584,0.181,0.175
R0001206,90,TEXT_HW,TEXT,LINE_HW,0.673,0.15,0.124
R0001206,110,TEXT_HW,LINE_HW,TEXT,0.649,0.175,0.108
R0001206,165,TEXT_HW,LINE_HW,TEXT,0.589,0.231,0.116
R0001206,202,TEXT_HW,TEXT,LINE_HW,0.655,0.171,0.116
R0001206,351,TEXT_HW,LINE_HW,TEXT,0.421,0.303,0.15
R0001206,352,TEXT_HW,LINE_HW,TEXT,0.594,0.226,0.088
R0001207,24,TEXT_HW,LINE_HW,TEXT,0.743,0.109,0.097
R0001207,39,TEXT_HW,LINE_HW,TEXT,0.563,0.221,0.138
R0001207,50,TEXT_HW,LINE_HW,TEXT,0.623,0.24,0.088
R0001207,51,TEXT_HW,LINE_HW,TEXT,0.565,0.232,0.1
R0001207,72,TEXT_HW,LINE_HW,TEXT,0.554,0.278,0.107
R0001207,88,TEXT_HW,LINE_HW,TEXT,0.516,0.299,0.102
R0001207,160,TEXT_HW,LINE_HW,TEXT,0.598,0.207,0.147
R0001207,174,TEXT_HW,TEXT,LINE_HW,0.674,0.153,0.125
R0001208,22,TEXT_HW,LINE_HW,TEXT,0.67,0.15,0.128
R0001208,57,TEXT_HW,LINE_HW,TEXT,0.64,0.164,0.124
R0001208,76,TEXT_HW,TEXT,LINE_HW,0.718,0.135,0.105
R0001208,105,TEXT_HW,LINE_HW,TEXT,0.444,0.278,0.216
R0001208,112,TEXT_HW,LINE_HW,TEXT,0.748,0.12,0.1
R0001208,154,TEXT_HW,LINE_HW,TEXT,0.486,0.229,0.219
R0001208,166,TEXT_HW,LINE_HW,TEXT,0.441,0.247,0.232
R0001209,3,TEXT_HW,TEXT,LINE_HW,0.439,0.254,0.242
R0001209,4,TEXT_HW,TEXT,LINE_HW,0.551,0.216,0.153
R0001209,5,TEXT_HW,TEXT,LINE_HW,0.559,0.209,0.146
R0001210,5,TEXT_HW,TEXT,LINE_HW,0.547,0.195,0.189
R0001210,6,TEXT_HW,TEXT,LINE_HW,0.398,0.291,0.22
R0001210,7,TEXT_HW,TEXT,LINE_HW,0.405,0.227,0.207
R0001210,10,TEXT_HW,LINE_HW,TEXT,0.452,0.227,0.21
R0001211,26,TEXT_HW,LINE_HW,TEXT,0.5,0.303,0.124
R0001211,31,TEXT_HW,LINE_HW,TEXT,0.541,0.28,0.102
R0001211,35,TEXT_HW,LINE_HW,TEXT,0.731,0.119,0.112
R0001211,44,TEXT_HW,LINE_HW,TEXT,0.666,0.149,0.125
R0001211,68,TEXT_HW,TEXT,LINE_HW,0.543,0.203,0.168
R0001211,69,TEXT_HW,LINE_HW,TEXT,0.638,0.161,0.134
R0001211,93,TEXT_HW,LINE_HW,TEXT,0.621,0.228,0.105
R0001212,3,TEXT_HW,LINE_HW,TEXT,0.438,0.31,0.174
R0001213,24,TEXT_HW,LINE_HW,TEXT,0.526,0.335,0.073
R0001213,26,TEXT_HW,TEXT,LINE_HW,0.718,0.144,0.09
R0001213,79,TEXT_HW,LINE_HW,TEXT,0.664,0.139,0.131
R0001213,90,TEXT_HW,LINE_HW,TEXT,0.755,0.118,0.095
R0001213,129,TEXT_HW,LINE_HW,TEXT,0.621,0.208,0.119
R0001213,130,TEXT_HW,LINE_HW,TEXT,0.677,0.156,0.114
R0001213,136,TEXT_HW,LINE_HW,TEXT,0.493,0.24,0.187
R0001234,8,LINE_HW,TEXT_HW,TEXT,0.474,0.316,0.099
R0001234,9,TEXT_HW,LINE_HW,TEXT,0.602,0.178,0.152
R0001234,29,TEXT_HW,LINE_HW,TEXT,0.559,0.199,0.16
R0001234,45,TEXT_HW,TEXT,LINE_HW,0.659,0.183,0.091
R0001234,46,TEXT_HW,LINE_HW,TEXT,0.659,0.157,0.13
R0001234,49,TEXT_HW,LINE_HW,TEXT,0.491,0.225,0.198
R0002231,27,TEXT_HW,LINE_HW,TEXT,0.565,0.267,0.122
R0002231,53,TEXT_HW,LINE_HW,TEXT,0.569,0.261,0.11
R0002231,96,TEXT_HW,LINE_HW,TEXT,0.54,0.272,0.103
R0002231,102,TEXT_HW,LINE_HW,TEXT,0.529,0.311,0.111
R0002231,267,TEXT_HW,LINE_HW,TEXT,0.727,0.115,0.115
R0002231,276,TEXT_HW,LINE_HW,TEXT,0.59,0.254,0.111
R0002231,287,TEXT_HW,LINE_HW,TEXT,0.587,0.203,0.163
R0002231,330,TEXT_HW,LINE_HW,TEXT,0.572,0.246,0.124
R0002405,102,TEXT_HW,LINE_HW,TEXT,0.559,0.248,0.123
R0002405,313,TEXT_HW,LINE_HW,TEXT,0.622,0.19,0.126
R0002405,353,LINE_HW,TEXT_HW,TEXT,0.393,0.369,0.118
R0002405,536,TEXT_HW,LINE_HW,TEXT,0.501,0.244,0.17
R0002405,559,TEXT_HW,LINE_HW,TEXT,0.584,0.229,0.122
R0002406,71,TEXT_HW,LINE_HW,TEXT,0.671,0.15,0.134
R0002406,140,TEXT_HW,LINE_HW,TEXT,0.408,0.338,0.157
R0002406,174,TEXT_HW,LINE_HW,TEXT,0.56,0.219,0.165
R0002406,294,TEXT_HW,LINE_HW,TEXT,0.585,0.178,0.148
R0002406,313,TEXT_HW,LINE_HW,TEXT,0.596,0.188,0.146
R0002406,352,TEXT_HW,TEXT,LINE_HW,0.571,0.18,0.164
R0002406,428,TEXT_HW,TEXT,LINE_HW,0.473,0.245,0.197
R0002406,451,TEXT_HW,TEXT,LINE_HW,0.598,0.194,0.149
R0003230,42,TEXT_HW,LINE_HW,TEXT,0.395,0.28,0.192
R0003230,86,TEXT_HW,LINE_HW,TEXT,0.428,0.26,0.236
R0003230,130,LINE_HW,TEXT_HW,TEXT,0.417,0.315,0.161
R0003230,217,TEXT_HW,TEXT,LINE_HW,0.64,0.145,0.138
R0003230,231,TEXT_HW,LINE_HW,TEXT,0.463,0.285,0.157
R0003230,317,TEXT_HW,TEXT,LINE_HW,0.604,0.179,0.146
R0003230,342,TEXT_HW,LINE_HW,TEXT,0.572,0.174,0.169
R0003230,386,LINE_HW,TEXT_HW,TEXT,0.367,0.339,0.146
R0003375,92,TEXT_HW,TEXT,LINE_HW,0.643,0.244,0.056
R0003375,286,TEXT_HW,TEXT,LINE_HW,0.705,0.205,0.059
R0003375,324,TEXT_HW,TEXT,LINE_HW,0.493,0.328,0.084
R0003375,339,TEXT_HW,TEXT,LINE_HW,0.695,0.202,0.053
R0003387,6,TEXT_HW,TEXT,LINE_HW,0.631,0.28,0.049
R0003387,152,TEXT_HW,TEXT,LINE_HW,0.478,0.229,0.105
R0003387,273,TEXT_HW,TEXT,LINE_HW,0.434,0.251,0.208
R0003387,342,TEXT_HW,LINE_HW,TEXT,0.605,0.168,0.158
R0003387,360,TEXT_HW,TEXT,LINE_HW,0.618,0.189,0.154
R0003387,381,TEXT_HW,TEXT,LINE_HW,0.561,0.257,0.104
R0003388,51,TEXT_HW,TEXT,LINE_HW,0.572,0.242,0.118
R0003388,105,TEXT_HW,LINE_HW,TEXT,0.578,0.191,0.182
R0003388,156,TEXT_HW,TEXT,LINE_HW,0.601,0.239,0.104
R0003388,201,TEXT_HW,TEXT,LINE_HW,0.595,0.184,0.165
R0003388,434,TEXT_HW,TEXT,LINE_HW,0.454,0.211,0.198
R0003388,443,TEXT_HW,TEXT,LINE_HW,0.656,0.194,0.105
R0003388,494,TEXT_HW,TEXT,LINE_HW,0.567,0.193,0.178
R0003388,525,TEXT_HW,TEXT,LINE_HW,0.593,0.19,0.152
R0003389,49,TEXT_HW,TEXT,LINE_HW,0.577,0.216,0.144
R0003389,108,TEXT_HW,TEXT,LINE_HW,0.62,0.214,0.101
R0003389,129,TEXT_HW,TEXT,LINE_HW,0.592,0.259,0.094
R0003389,236,TEXT_HW,TEXT,LINE_HW,0.646,0.242,0.061
R0003389,301,TEXT_HW,TEXT,LINE_HW,0.627,0.213,0.109
R0003390,16,TEXT_HW,TEXT,LINE_HW,0.622,0.247,0.083
R0003390,167,TEXT_HW,TEXT,LINE_HW,0.681,0.14,0.128
R0003390,171,TEXT_HW,TEXT,LINE_HW,0.679,0.198,0.088
R0003390,203,TEXT_HW,TEXT,LINE_HW,0.524,0.29,0.103
R0003390,222,TEXT_HW,TEXT,LINE_HW,0.723,0.122,0.12
R0003390,243,TEXT_HW,TEXT,LINE_HW,0.656,0.156,0.144
R0003390,320,TEXT_HW,LINE_HW,TEXT,0.562,0.21,0.151
R0003391,9,TEXT_HW,LINE_HW,TEXT,0.347,0.266,0.262
R0003391,33,TEXT_HW,TEXT,LINE_HW,0.508,0.202,0.178
R0003391,60,TEXT_HW,TEXT,LINE_HW,0.48,0.245,0.185
R0003391,88,TEXT_HW,LINE_HW,TEXT,0.512,0.31,0.123
R0003391,225,TEXT_HW,TEXT,LINE_HW,0.58,0.246,0.092
R0003391,268,TEXT_HW,TEXT,LINE_HW,0.638,0.198,0.107
R0003392,31,TEXT_HW,LINE_HW,TEXT,0.518,0.22,0.185
R0003392,41,TEXT_HW,LINE_HW,TEXT,0.626,0.203,0.119
R0003392,52,TEXT_HW,TEXT,LINE_HW,0.657,0.158,0.14
R0003392,76,TEXT_HW,LINE_HW,TEXT,0.5,0.248,0.146
R0003392,86,TEXT_HW,LINE_HW,TEXT,0.593,0.228,0.124
R0003392,88,TEXT_HW,TEXT,LINE_HW,0.616,0.176,0.158
R0003392,101,TEXT_HW,LINE_HW,TEXT,0.585,0.268,0.112
R0003393,6,TEXT_HW,LINE_HW,TEXT,0.535,0.241,0.114
R0003393,76,TEXT_HW,LINE_HW,TEXT,0.603,0.178,0.175
R0003393,79,TEXT_HW,LINE_HW,TEXT,0.391,0.345,0.2
R0003393,86,TEXT_HW,LINE_HW,TEXT,0.563,0.262,0.132
R0003393,136,TEXT_HW,LINE_HW,TEXT,0.725,0.136,0.091
R0003393,319,TEXT_HW,LINE_HW,TEXT,0.474,0.357,0.124
R0003393,323,TEXT_HW,LINE_HW,TEXT,0.385,0.38,0.107
R0003393,353,TEXT_HW,TEXT,LINE_HW,0.628,0.262,0.05
R0003448,25,TEXT_HW,LINE_HW,TEXT,0.383,0.236,0.236
R0003448,92,TEXT_HW,TEXT,LINE_HW,0.656,0.166,0.118
R0003448,128,TEXT_HW,TEXT,LINE_HW,0.512,0.242,0.169
R0003448,161,TEXT_HW,TEXT,LINE_HW,0.42,0.271,0.215
R0003448,206,LINE_HW,TEXT_HW,TEXT,0.36,0.328,0.187
R0003448,296,TEXT_HW,LINE_HW,TEXT,0.463,0.26,0.215
R0003448,340,TEXT_HW,TEXT,LINE_HW,0.489,0.221,0.186
R0003449,62,TEXT_HW,TEXT,LINE_HW,0.463,0.236,0.215
R0003449,103,TEXT_HW,TEXT,LINE_HW,0.494,0.203,0.2
R0003449,122,TEXT_HW,LINE_HW,TEXT,0.429,0.3,0.16
R0003449,192,TEXT_HW,LINE_HW,TEXT,0.354,0.251,0.202
R0003449,211,TEXT_HW,LINE_HW,TEXT,0.511,0.253,0.158
R0003449,221,TEXT_HW,TEXT,LINE_HW,0.548,0.205,0.186
R0003449,238,TEXT_HW,TEXT,LINE_HW,0.49,0.258,0.162
R0003449,286,TEXT_HW,TEXT,LINE_HW,0.546,0.228,0.134
U0000011,218,TEXT_HW,LINE_HW,TEXT,0.475,0.25,0.154
U0000011,258,TEXT_HW,TEXT,LINE_HW,0.682,0.15,0.097
U0000011,376,TEXT_HW,LINE_HW,TEXT,0.481,0.261,0.147
U0000057,33,TEXT_HW,TEXT,LINE_HW,0.574,0.228,0.11
U0000057,83,TEXT_HW,LINE_HW,TEXT,0.535,0.23,0.161
U0000057,159,LINE_HW,TEXT,TEXT_HW,0.368,0.241,0.227
U0000057,196,TEXT_HW,LINE_HW,TEXT,0.611,0.152,0.136
U0000057,201,TEXT_HW,LINE_HW,TEXT,0.499,0.247,0.175
U0000057,256,TEXT_HW,LINE_HW,TEXT,0.672,0.136,0.132
U0000064,36,TEXT,TEXT_P,TEXT_HW,0.295,0.185,0.153
U0000064,224,TEXT_HW,TEXT,LINE_HW,0.543,0.319,0.102
U0000064,300,LINE_HW,TEXT,TEXT_HW,0.563,0.186,0.126
U0000193,50,LINE_HW,TEXT_HW,TEXT,0.541,0.248,0.121
U0000193,182,LINE_HW,TEXT_HW,TEXT,0.524,0.19,0.117
U0000193,320,LINE_HW,TEXT_HW,LINE_P,0.623,0.117,0.081
U0000193,331,LINE_HW,TEXT_HW,TEXT,0.38,0.257,0.153
U0000229,106,TEXT_HW,TEXT,LINE_HW,0.728,0.13,0.067
U0000229,224,TEXT_HW,TEXT,LINE_HW,0.654,0.187,0.114
U0000229,286,TEXT_HW,LINE_HW,TEXT,0.411,0.22,0.22
U0000234,67,TEXT_HW,TEXT,LINE_HW,0.708,0.168,0.062
U0000234,100,TEXT_HW,TEXT,LINE_HW,0.541,0.219,0.146
U0000234,156,TEXT_HW,TEXT,LINE_HW,0.624,0.19,0.131
U0000234,172,TEXT_HW,LINE_HW,TEXT,0.372,0.309,0.226
U0000234,185,LINE_HW,TEXT,TEXT_HW,0.351,0.314,0.191
U0000234,194,TEXT_HW,LINE_HW,TEXT,0.338,0.289,0.24
U0000236,83,TEXT_HW,LINE_HW,TEXT,0.579,0.188,0.151
U0000236,147,TEXT_HW,LINE_HW,TEXT,0.434,0.349,0.124
U0000236,191,TEXT_HW,LINE_HW,TEXT,0.527,0.249,0.161
U0000236,216,TEXT_HW,LINE_HW,TEXT,0.571,0.231,0.131
U0000237,34,TEXT_HW,TEXT,LINE_HW,0.563,0.214,0.166
U0000237,59,TEXT_HW,LINE_HW,TEXT,0.57,0.203,0.158
U0000237,145,TEXT_HW,TEXT,LINE_HW,0.627,0.197,0.109
U0000237,176,TEXT_HW,LINE_HW,TEXT,0.629,0.167,0.111
U0000237,284,TEXT_HW,LINE_HW,TEXT,0.514,0.259,0.128
V0000219,96,TEXT_HW,LINE_HW,TEXT,0.531,0.322,0.084
V0000219,119,TEXT_HW,TEXT,LINE_HW,0.557,0.196,0.184
V0000219,147,TEXT_HW,LINE_HW,TEXT,0.552,0.21,0.127
