filename,cluster,category,pc1,pc2,pc3,pc4,pc5,pc6,pc7,pc8,pc9,pc10,pc11,pc12,pc13,pc14,pc15,pc16,pc17,pc18,pc19,pc20,pc21,pc22,pc23,pc24,pc25,pc26,pc27,pc28,pc29,pc30,pc31,pc32,pc33,pc34,pc35,pc36,pc37,pc38,pc39,pc40,pc41,pc42,pc43,pc44,pc45,pc46,pc47,pc48,pc49,pc50
C:\RA-CLIP\test_set\DRAW\90002985_00009.jpg,2,TEXT_HW,-0.12075877765557672,0.005455594456913663,0.18774011674252905,-0.04092585853700834,-0.09416585443310256,0.12466229500254498,0.07281793980233174,0.031883939834213754,0.07814819112144267,-0.0685010299200617,-0.016641196714981384,-0.013288825260222651,-0.034284405200370426,-0.026840139091604334,-0.023662873829976398,0.028622783846692555,0.04032668464559039,-0.0013934670200917915,0.023665164538018875,0.006333544839477713,0.023231320884199894,0.031849634484436715,0.003837013904692497,0.03672287684057242,-0.04620760748502857,0.043872526693347506,0.043552620165192166,-0.03808487365990534,0.052195217957743976,-0.02067081012534648,0.014772808291838305,-0.0019987156807171453,-0.01957478977398012,-0.019451692622008375,0.002617433283825055,0.0009079807255183387,-0.05352072376009242,0.009202309404018965,-0.025643704136999748,-0.022032038565198215,-0.008106609080784912,-0.03332251389670068,0.06711612473983178,-0.014481222018678977,-0.06018905023789393,0.002139433667967418,-0.016562388406261244,-0.013914715223696942,-0.007316556763640814,0.02059732642885974
C:\RA-CLIP\test_set\DRAW\90002985_00061.jpg,4,TEXT_TP,0.6161360345712953,0.15056918017820894,-0.16632913771564134,-0.2846381784153577,-0.16100633805787168,-0.04587803022294382,-0.04906094502800684,-0.04129668901934293,0.06682714199621981,-0.028895252211884485,0.0697945033943419,0.04333504874570563,0.03650777432602805,-0.00986010758228109,-0.03639312558198951,-0.03158962504404382,-0.07284865754575474,-0.03679490406063147,0.05182643358717168,0.005928772698956166,-0.025613529417751236,0.044322657233227675,-0.041663282996073636,-0.03835290579028665,0.008012428199772345,-0.017256793392090623,-0.019344954390952795,0.014914314406288055,-0.006719475741996234,0.025793441300195046,-0.03962464779617113,-0.03270870330714943,-0.026654049531325316,-0.009811829765272822,-0.005561592490784679,0.01286576261458221,0.013921524139583433,0.03464541959223228,0.03773946931445242,-0.0038020132392186817,0.01370593968053457,0.01467856171036586,0.06494367650667536,0.017388018991083172,0.006158695068436842,0.017124987316714413,0.015022341036548951,-0.056133632338295755,-0.021546621756043306,-0.0015850864757559597
C:\RA-CLIP\test_set\DRAW\90002989_00012.jpg,2,LINE_HW,-0.25577429594987355,0.14599704542170971,-0.037205556063269266,0.02736935446029795,-0.06648216931365952,0.04994882849187228,-0.09467982924052543,-0.015441461806995195,0.07432083484244219,-0.07117207664316687,-0.05618715473313494,0.012727713861130073,-0.04730053979320964,0.033011530332574895,-0.029622473420868996,-0.05857713643713662,-0.004351259961602272,0.003483773253862087,0.03783526601623064,0.007770714687638114,-0.02949953542596322,-0.03065871979125807,0.0011944663995834342,0.020047709715064355,0.00604751059295504,-0.014276295943700217,-0.001390697779405757,0.012961824821578777,-0.008480527043449638,0.0051238923124090905,-0.009962421330062289,0.0072449899684975975,-0.0005482391852929505,0.018750255211928416,-0.01375792192789101,-0.03781436911006771,-0.012154596545675411,-0.0033951046236802397,-0.0040353461600635115,-0.02398869545408143,-0.009029054355378796,-0.0054250864996319,0.003665876124353023,0.009224534188829828,-0.016830813202384103,0.0004633181551723091,0.0015393875772303199,-0.0035340480808481113,-0.0016041544971219564,0.011083995781851054
C:\RA-CLIP\test_set\DRAW\90002989_00053.jpg,2,TEXT,-0.17529509772128815,0.11685474279748513,-0.028683045949092854,-0.04028184572581427,-0.09817406865050494,0.11779938952108862,0.06855842894828179,0.019542926936286335,-0.04971830231332961,0.072911090170589,0.002950165018073198,0.03650970076536645,0.032624634374010884,0.06169200073115837,-0.01830176433475611,-0.0004383266947301493,0.0002952874912932329,0.09153971720686743,0.005438438465694185,-0.013637578241944273,-0.0002523188945590624,0.014869833360662646,0.01200307456957963,-0.027832017873297615,-0.010090220866174575,-0.05025856737689439,-0.008581141384676916,0.001625996398002474,0.015587466475687392,0.0046275044381804626,0.0070463831980646105,0.007898287892587983,-0.01680689492315577,0.05056488925835099,0.019361584287121765,0.010564079198937185,0.0039384680058768004,-0.041951912051728546,0.01091976364769594,-0.014495057899282071,-0.022097300175904652,0.034775271157323484,-0.02890093576708305,0.04014350118272239,0.00020192219216842976,-0.0006419465708590423,0.030387673108591733,0.004639679836136303,0.011194033222109791,0.022513957134826495
C:\RA-CLIP\test_set\DRAW\90002989_00136.jpg,3,LINE_MIX,-0.2753818682251171,0.08829194425089429,-0.24801958543553446,0.04233010275816818,-0.03768523314161662,-0.15267316434991918,0.07948234022904534,-0.01837077269232679,-0.011486824145413717,0.00827957804543459,0.029661125071227288,0.034726373178158396,-0.028293585261778144,0.02045765061668433,-0.012013387930747342,0.025025290464644988,0.028490294224858843,0.027409892193706646,0.009167371454147318,0.0045652984350121545,-0.0029724661293424005,0.008925308255938872,-0.05179235871970719,-0.02508248199511113,-0.019236413251373805,-0.0012267348188727415,0.0067541913665023065,-0.005448776955893304,-0.022239563523451803,0.0030769490870213617,0.0002052711094456657,-0.0016641350658640392,0.0029111454133916993,-0.00042276201815017096,0.009231565351221356,0.0017459258904458485,0.019011027183854515,-0.014044562216822829,-0.018340896433122613,-0.015866591843040866,0.026422066896204494,-0.011877852381839056,0.014964640818647805,0.003141726289919569,-0.0003938930850745781,0.0004781624342867249,-0.002803158043874985,0.0007096445850108655,0.013788725687325051,0.008227869044377284
C:\RA-CLIP\test_set\DRAW\90002995_00035.jpg,5,MISC,0.5040459008667526,-0.01383821729105107,-0.01219302520909115,0.5594895582957997,-0.00785984061233251,0.08398601204913712,0.05306849482445266,-0.2046649365474089,-0.013693762602411308,0.01377485931008104,-0.003574998798318861,0.034554898058871415,-0.010899656860174998,-0.0023338358416728883,-0.0017936952548401241,0.025472904533599478,-0.023554003123959714,0.022721478253710566,0.024057068597997253,-0.0017515346784627891,0.023694190611274268,0.0015611160032556208,-0.013931864517749769,-0.018586041378773246,-0.010479807757626811,0.026731538542267626,-0.01362243480560669,-0.007832709119118014,-0.0077097535751664914,-0.01852046035239656,-0.022630847562022976,-0.005027028998205408,0.020099293849808655,0.01069713555277622,0.009310430022556895,0.0015287977829462466,-0.004631800900295337,0.0015580915910156552,0.021246298278582647,-0.02870387945943078,0.010322903103766925,0.006851328223530187,0.009102970153616285,-0.022097417852849736,0.027610249858004834,-0.0017686173360283008,0.01784621077138155,0.02553796309467008,0.01078470421252248,-0.021961575656564945
C:\RA-CLIP\test_set\DRAW\90002995_00074.jpg,0,PHOTO,-0.05104524432133763,-0.5937680927006891,-0.1316199208214963,-0.03138790136148649,0.05507295810598482,0.058782388426099876,0.008399403736848624,-0.015542398741526091,0.16733774393083692,0.15640411816675812,-0.004568738902706272,-0.011276058797440905,0.023283063770609055,-0.049612945724588506,0.07302352901283996,-0.042908812732590285,0.02374494920762739,-0.007262756958584771,-0.07072057732177847,-0.01875238168960924,0.008167821054203123,-0.009947047642569864,-0.0105045200797402,-0.04844074665670777,0.017845254169478155,0.03530477190782629,0.02038695187027438,0.010031723089636098,-0.025030162679680265,-0.07979586525282452,0.01482704079770767,-0.02786666671527983,-0.03314192862355461,0.007365859276146929,-0.019109723297196013,0.004360503683300491,-0.006306763311823273,-0.045311096764282355,0.02293399840042104,0.01750320388027304,0.021399984290156996,0.0023672017570329834,-0.010140236655368534,-0.01627105886683344,0.015831273117185775,0.035307036908406406,0.034309007600081085,-0.007319979204287235,-0.05563528447479854,-0.01734460487510773
C:\RA-CLIP\test_set\DRAW\90002995_00103.jpg,1,LINE_TP,-0.03371298578349374,0.20950196660951836,-0.10122303228499684,0.03688311992535995,0.2524318092136881,-0.005475868773614116,-0.21467333652560594,-0.002593121732501194,-0.0076851496667316955,0.017112505882883065,-0.06901265257642757,-0.0752352254340484,-0.022747824549927846,-0.002111000725660117,0.042967955643166036,0.02832062682704481,0.040146654853881886,0.043360426140996056,-0.02171009277907055,-0.01454268816994662,0.054496697702279225,0.016681162218816162,0.03305400849785351,-0.01759788819409716,0.025054424247429048,-0.030654583887018975,0.014467179228458594,-0.012807485717860615,0.0037188463207434713,0.03516739607463061,0.038562462994554465,0.007533291057161865,-0.055050169817704955,-0.01783907829614014,-0.01129988018859124,-0.015367420321722551,-0.018405794282073604,-0.024417678052685483,-0.0025395855092793167,-0.008402060964795469,-0.011144545052980518,0.008508210631975053,0.04082240471404314,0.026172645975075452,-0.0192467338186086,-0.009550232417828989,-0.018576184514441468,-0.03485995457480261,0.004684943217407344,-0.018704563372883395
C:\RA-CLIP\test_set\DRAW\90002996_00030.jpg,7,DRAW,-0.11186665542888362,-0.10977415009744956,0.33986399924944566,-0.021981492821713466,-0.13064852433027543,-0.18594142031413619,-0.19085436688323887,-0.00977413027143576,-0.014979956298298253,0.03855888920578239,-0.011940765499939094,0.06950639209903586,-0.0071597113255752135,-0.039737566039376254,0.0667402325282011,-0.021896783769918046,0.014710932579486203,0.014716679792848283,-0.010504474049877506,-0.001397133466691549,0.0029471691480167698,0.02205817109179284,0.0484571007457302,-0.03175680080290342,-0.030226186009226164,0.06006548873170774,-0.006181933405464511,0.036860558193469506,-0.020824138940808756,-0.015757530298209886,-0.06371568279581862,-0.024566660934166287,-0.033492682619144294,-0.018411844022674345,0.07808673718611,0.007127398052230053,-0.050074494538314,-0.007382541944243653,0.03489176728062842,0.0028815241624248226,-0.019677695758697503,0.014689086615402499,-0.012227724986776432,0.028951735833126904,-0.012929081638158375,-0.051994233334582765,-0.008290352252092879,0.04060217910090908,0.012620036396672894,0.008066345927102758
C:\RA-CLIP\test_set\DRAW\90002996_00083.jpg,5,MISC,0.5654731999776968,-0.05323904677701957,-0.02235490696951597,0.5528811784985095,-0.019601102768833804,0.0645209784728988,0.07590817957582809,-0.21674697562090003,-0.004414219596906392,-0.012385237994842698,-0.033532889631118536,0.017043179704897347,-0.0005932741696924875,0.0044102854241103535,0.0038851069650977983,0.003852902188737992,0.010217861784215933,0.03221489663317457,0.03835418092749875,-0.0016153471368407276,0.02878129546251208,-0.0015621654929489734,-0.006092108285247431,0.023251748312336486,-0.007612074152849067,0.009005620374904454,-0.017762202358882807,0.0006613436987360698,-0.0006345854912793964,-0.015329690547758956,0.0019363641959039527,0.019657566143264246,-0.019571743316442385,0.009041838630843013,-0.004200453906955935,0.026775554776563938,-0.02356410354799787,-0.00908427521744141,0.014883300441042083,-0.015935145270316982,0.0326381649585297,0.008722679050223054,0.01534599204180112,-0.018411885295510036,-0.030286596739765928,-0.025085990439857944,0.02658678423772633,0.0012820376093760767,0.020480789112179185,0.013669621713337023
C:\RA-CLIP\test_set\DRAW\90003009_00022.jpg,2,LINE_HW,-0.23784652407019594,0.15582486201047355,-0.01892040603779443,0.044575190309941636,-0.07988118140128289,0.04614098108003255,-0.10080139942055642,0.00980668548469812,0.07129089170956558,-0.07975870141503033,-0.04657958896063753,-0.0029777632724151005,-0.04400309259530591,0.003287052671445302,-0.006895173355243689,-0.0645647985479065,0.008082375000375695,0.029213422652147412,0.008044231146044816,-0.006703120346186179,-0.0072184656109970605,-0.038591041701328634,-0.021693246715093352,-0.018148543484091263,0.020328841717953634,-0.01037871935130554,-0.0057460719871565485,0.030594655512541962,0.03637435830010304,-0.022820638826031112,-0.006485731454188848,-0.009390657878140418,0.031991687448105335,0.025184451475858613,0.01526173036762682,-0.005460586867599366,0.005840305057369902,-0.015173182350455018,0.00902777200241523,-0.012925760917034831,-0.02243757691577507,0.012860484918724694,0.024385230317264334,-0.006100858375908986,-0.01746587594112443,-0.03538548312212244,0.0009340685244083556,-0.004713426156165405,-0.002842361633192645,-0.0005440225276863349
C:\RA-CLIP\test_set\DRAW\90003009_00064.jpg,3,LINE_MIX,-0.25719932158828,0.07030627265164754,-0.21019589196202607,0.028802034592872408,-0.03212870710330202,-0.16571809473266114,0.09447287386299849,-0.03418917434634171,-0.02646228043988235,0.013962100442758382,-7.950233192084321e-05,-0.004971315538639301,0.09301217922873205,-0.007726732282718538,-0.025024646168985795,-0.009752069784358044,-0.017344974003295172,-0.006485249082170433,-0.009784100653932348,0.008011849754166463,0.0297355345954827,-0.008976597247239353,0.038724451067985964,0.02146253771896073,-0.011731494424804633,0.023042664847327518,0.00771938636466452,0.007270609722116464,0.01620904866812879,-0.004977506201519139,0.008352660673329952,0.009486409198891313,-0.020659023862842355,-0.0154379647385044,-0.008184790074982663,-0.0030687980954208875,-0.008884883713793444,0.0169174509722355,0.01440318447026208,0.019780419726546136,-0.015049039774269812,0.0035250583288296278,-0.013824608267768627,-0.010320803467008805,0.0016030931912365525,-0.0005809652246618726,0.00520658572081396,0.0006231768562405583,-0.010113985577358398,-0.019142884650774218
C:\RA-CLIP\test_set\DRAW\90003009_00096.jpg,2,TEXT,-0.06386789158702227,0.11395133958105506,0.09019864752924746,-0.028389991293137615,-0.13113372738033852,0.18704740156034172,0.10061545434769495,0.056744439086038115,-0.09754557449728234,0.1138089058964455,0.06243834373715402,-0.044913849020737445,0.057027570180774874,0.061308688146257145,-0.03649326564962416,0.05119232979975471,-0.06659682186988185,-0.019293470799874108,-0.04522913634492987,0.004673828199825789,0.04179504040255069,-0.013634313951916038,-0.11280567346798034,-0.024006327815576975,0.04723194007438689,0.025330015964673682,0.022322526119555507,0.01209003192157592,-0.0384886390409472,0.03269955215277471,0.019437294763501364,0.0025827235161090026,0.007740043432733851,0.038770641358686166,0.016434107785349386,-0.039442285387738855,-0.052436713602055776,-0.023082133477642385,0.01834408318005775,0.01651514328885244,0.020651336919347757,0.04432351964224839,-0.016269237451352704,0.030914824886546254,-0.03421378855560755,-0.027985031007348202,-0.002140909526182028,-0.05419931156968671,0.0042739333333932095,0.03406514424674502
C:\RA-CLIP\test_set\DRAW\90003019_00024.jpg,6,TEXT_TP,0.10778923415184635,-0.003380027359415119,0.16377216959837454,-0.1454369638943223,0.2993785813523907,-0.11516689412622634,0.1508364149454767,-0.0864310694177683,-0.006006863433269024,0.00736784000180299,-0.019703165536290316,0.031849541737259165,-0.08686958928496578,0.046556793960005595,-0.06498493886657054,-0.05533446821400331,-0.05547390857747895,0.016798228069786893,-0.008693124820216091,-0.00979262889410389,-0.049409091729294106,-0.0334126052913168,0.012730757707470003,-0.026264976033789623,0.012338369267823656,-0.01327625485815943,-0.0172502762587302,0.0324183126255149,-0.016184627163284854,0.001104361148280767,-0.018330628030800433,-0.014954162435650653,-0.013062323791260993,0.026102037080575013,-0.02085110323642099,0.011271454449501495,0.005720643881799799,0.017368002804700796,0.00919432994840933,-0.009994509859380501,-0.028982255637737306,-0.024329614948368022,-0.023071618555980458,-0.00958128655078627,0.0056603641087215545,-0.008665584497724838,0.033812545528824636,-0.03043232197401968,-0.020216785569195588,-0.014861400482172094
C:\RA-CLIP\test_set\DRAW\90003029_00023.jpg,0,PHOTO,0.05347467908880753,-0.5710015415678988,-0.12404078113183273,-0.09053322317394155,0.03384607496851088,0.09249524296546961,-0.04350247650149634,-0.04983573857017739,-0.26176132544115677,-0.11978233332288742,-0.01910013703266686,-0.003562134862931298,0.0466764775921411,-0.03600656989151555,0.08733011564785195,-0.07542181115027946,0.07213577612170237,-0.06075113306307701,-0.11046257265152513,0.02303090153667161,-0.053415897786445656,-0.0636541193005614,0.03259708824325266,-0.11771879202274724,-0.04479013274738059,0.04179399197408257,0.08939350883015408,-0.050433590930338904,-0.018583894489125025,-0.11802218633349071,-0.035146354990693074,-0.06159400668373977,-0.04690436676175736,0.09059281528289435,-0.14707968169339486,-0.027264098202795708,0.022585934737314562,-0.06105445389431358,-0.0038047834257340977,0.03248917288817164,0.0520825752949454,0.022406182026834916,-0.009641025710017062,-0.02542909306149969,0.01422804968401736,-0.0274046179524332,-0.011689676298806653,-0.014661753067024762,-0.05938749476558939,-0.006193645313397292
C:\RA-CLIP\test_set\DRAW\90003029_00035.jpg,1,LINE_TP,0.0022105555619327246,0.19276881908524274,-0.05877041150285166,0.050567971384443224,0.2878355276909281,0.03948786988511661,-0.175406608816814,-0.00390873009925859,0.0008527104963133825,0.026648995234415437,-0.03387757652644814,-0.03548707280526074,0.022313588159651926,-0.006975654237867705,0.005463352918196302,0.03581810231810922,0.04467826308291053,0.0030406856572935295,0.0017453932477192458,0.012397553821105887,0.02585824183629828,-0.0004910155697197957,-0.0037709651981660854,-0.014554355331068176,0.001094611779915115,-0.023091005142531373,0.032028712620663376,0.024518741360333714,-0.006287340952971103,0.012466464708077628,-0.0067253839603301415,0.02690721717735194,-0.01498120145486375,-0.04775820995865627,-0.021689356504869223,-0.008037197442550808,-0.009051736542588097,-0.022570122204093622,0.02349115789622432,0.016447519001481396,0.01422743724502924,0.0008750229603003153,0.016510260477902515,0.005628965654072953,-0.009509257972695648,-0.03720718202247399,0.0022311230941932845,-0.02040246154160222,0.010012015502466063,-0.006963765036398921
C:\RA-CLIP\test_set\DRAW\90003029_00056.jpg,7,DRAW,-0.1235822436458199,-0.08513540993727074,0.3064157861474968,0.009746381698691919,-0.15786913588668103,-0.16002524321222733,-0.09108143533378149,-0.027836343503602836,-0.015252017612141434,0.016864354727215383,-0.01912596929879307,0.029290998126607785,0.02885443579823046,0.023750771999457868,0.03273334442232106,-0.02483382660284481,-0.0598886203579567,-0.0019018099629290915,0.023507856379442388,-0.02885049609575756,-0.001096256976299137,0.019939556136710435,0.0007042583898361709,-0.01924823611543718,0.021104404046874994,0.022456101279010106,0.00922628671341273,0.013884486776349415,-0.02202550762879872,-0.004642406116423676,-0.040361781469095054,0.020627162351676782,-0.008765393058656682,-0.00944538899687886,0.015560272851143656,-0.01789246719124644,-0.05023395513212079,-0.02833629348857063,0.0024462938749488608,0.016309071539683095,0.014842413130224278,-0.009309259475181611,0.016807644817657244,0.007436658886175187,0.008184679256672083,-0.03021412878370974,0.021384821585757895,0.034454197118107356,0.025902412377936165,0.015618473635299022
C:\RA-CLIP\test_set\DRAW\R0001401_00001.jpg,2,TEXT_HW,-0.016572601220283447,0.0023367339318382274,0.2582155094929084,-0.11013056083034616,-0.1085395938953271,0.17911521348562476,0.053663963331645366,-0.03045144118266748,0.07528040493656316,-0.054393454902088134,-0.16418833662470214,0.009342324861549104,0.03906891067740785,-0.03381432401327729,0.023120209760533604,-0.03832531614276084,0.1342386735407109,-0.07597332729560521,-0.03777528186325544,0.05684774036317676,0.01658637659469191,-0.020208657799582655,0.005117714371262785,0.03040577286591997,-0.015098091412255299,0.10106150244556039,-0.0008424799028784474,-0.009998799581234787,0.0011702826054616224,-0.007895362407034187,0.08304805131566603,0.03990279555989831,-0.055345195514138516,-0.07450453775409879,-0.003135202989260369,-0.025558549198481925,0.03234564754685836,0.007446087798942358,-0.05582994024186007,-0.024066333517080624,0.03860029633229726,-0.019782340719673656,0.026573278352244097,0.03367491888918389,0.0511946362451738,0.02309319429039763,0.024323686853134775,-0.03403881535139265,-0.028228596033838954,0.005791752716639681
C:\RA-CLIP\test_set\DRAW\R0001411_00001.jpg,7,DRAW,-0.06690522091510956,-0.008202608866061242,0.3290920671827951,0.026925453834874,-0.10476726629852007,-0.1314765452145608,0.0029365413536741273,0.007750765025410221,0.06454068076743563,-0.04303776784799045,-0.02080540753425934,-0.07353529684971019,0.0059579083647507535,-0.039066087501389006,-0.007330017415577412,0.027899193373705968,0.06188280415529194,-0.07654857474267976,-0.03622211905502413,0.008319910487909364,0.03075718843448638,0.058510434601207,-0.0379834144963293,0.011820635086027544,0.02792117478585378,-0.04201822246848058,0.05340183927219148,0.013803234236835512,0.05331435843602016,-0.01702535730036658,-0.07189701208796664,-0.0071231832369701075,-0.030454455094660104,-0.029855467140045912,0.014263675923334973,0.03657841932197449,-0.03464454825621291,0.0026566507262066105,0.04422231522365929,0.023487598983370734,-0.0004687403852415191,0.005825427199780165,-0.04366033015595352,0.04777722943185828,-0.006340250763956148,0.00025849765600598163,-0.02173282869736334,-0.009428285494393812,-0.012327669329328793,0.017583865356542255
C:\RA-CLIP\test_set\DRAW\R0001413_00001.jpg,2,TEXT,-0.05994480022716926,0.15541794084188396,0.007532226595388754,0.045453911359729295,0.0026414831691517703,0.09977344735540758,0.047034246158792606,0.06765624540189248,-0.06928566623656322,0.05266436292303489,0.2002767634342733,-0.0017330194485272474,-0.03694999962260325,-0.03170769018373737,0.008905387535374102,-0.021611154045178747,0.05473415459425295,-0.01388793748010006,-0.010694648769258797,-0.03868299830191223,-0.031549293172896994,0.060792165199155125,0.016049489234626964,0.0022061170319183044,0.022961773536667833,-0.03116895365501904,0.06200521711299073,0.027379543954646278,0.026756654626830287,0.015113961985382377,-0.0002403320416040802,0.016608555812883643,0.015526473080561255,-0.02940009437836557,-0.016272031590167293,0.00376642879720102,-0.011604127161259647,-0.0020845680374167023,0.019343069344742874,0.01729042260501895,-0.023526981996067037,-0.040322462123524846,0.04337396957787665,0.0037466442178768476,-0.03206922136708206,-0.013875945983973119,0.011346844278619704,0.0008132543124747704,0.010486644116846931,-0.008632455314506094
C:\RA-CLIP\test_set\DRAW\R0001512_00001.jpg,3,LINE_HW,-0.30386950024797915,0.08477609117236298,-0.08462812254244341,0.08006824182921406,-0.063350343904731,-0.014130252118463662,-0.05039612059198697,0.019569321546725745,0.06778103540250491,-0.07661458535599566,-0.027341246657159028,-0.012324235153581019,-0.09554109041335726,0.0023942011978799914,-0.04771899130489326,0.02453553055060303,-0.11031293252497817,0.027622091539069197,0.02980550279417928,-0.004351345422004449,0.011494329687562012,0.008713298814492733,-0.010249309325270262,0.014253756585382376,0.048418468418676995,-0.025770097722040395,0.00014861931529051023,-0.016848736693131576,0.025975664557960427,0.010904298643036272,-0.024255294528388743,-0.021685543765112746,0.01306155111234936,0.05625462562716084,-0.0077808637119893215,0.004523581544290754,0.028482825951520428,-0.009285512740924285,0.028233701572489448,0.001830665023460989,-0.025116515761502006,-0.0009035455162454705,-0.014761273918608672,-0.023812199129227125,0.0006647241904214068,-0.018490192670697042,-0.023725758547106374,-0.019931886755948845,0.010710588670451233,0.00022538418613881085
C:\RA-CLIP\test_set\DRAW\R0001540_00001.jpg,4,LINE_TP,0.5431670856002935,0.12627956402103155,-0.13873145014288835,-0.19946852974267373,-0.032215907049919466,-0.01587195968084832,-0.09017428152927882,-0.00924200191770547,0.16033390935610078,-0.10994449495951009,0.033943325987575365,0.08832312285048394,0.21562161244472414,-0.00756693562241285,-0.010448499442016434,0.008825157072298615,0.08764196423365013,-0.06681935987224517,0.09048606012936287,0.11641444280247273,-0.007713712649646478,0.08850660037842475,0.017849863633498563,-0.014548863978156853,0.012243819128881903,-0.004438936071909729,0.0016645722723617367,-0.060318874632164926,-0.05466156281140168,0.017219629036144546,0.04324492555257798,-0.011772574861062285,0.09529025334542982,0.06086020348076519,0.010338763954153764,0.05605562393735781,-0.06702409547153604,-0.04154334930826777,-0.01021248061852166,0.023325318760917667,-0.042699019927164954,0.02356003086075147,0.002599113668264841,-0.0545454198579718,0.008328097853471945,-0.01730714173043075,0.025435594138097855,-0.0049683212372389285,0.016671462349420334,0.03188526939481254
C:\RA-CLIP\test_set\DRAW\R0001548_00001.jpg,0,PHOTO,-0.04274618120958737,-0.5586092274564876,-0.10958504150535678,-0.09732320111070339,0.04905904912895483,0.0659159712404909,-0.023164844593677646,-0.014862871544053175,-0.1314421962500631,-0.12609475676052323,-0.002020152452488924,0.024061017702160934,0.007905269276474794,0.03781802565549919,-0.03229360622755898,0.013494660590459976,-0.04124532321576848,-0.020894699906793626,0.06561773890417746,-0.004553310550781776,-0.07818923201238671,0.023669465652638947,-0.022618460681194837,0.04101757029538045,0.05001168274928017,-0.06074844230774963,0.15927264447949774,0.025256631530812982,-0.05298845534833938,-0.11027381539044366,0.057456321381375415,0.009012024761622085,-0.07535319759327914,0.07909024353765425,0.05620484964900336,0.03851996574524873,0.030870860558626718,-0.010463660553067484,0.013789703527154662,-0.04295852105001854,-0.05274513082370048,0.03553606625525293,0.03782757647734516,0.019254570128833748,0.018025938098994672,0.026154460019881313,-0.024247933571262578,0.04532435441087256,-0.014917624047299866,-0.04785670178489143
C:\RA-CLIP\test_set\DRAW\R0001855_00001.jpg,5,MISC,0.5532553460210962,-0.03658376771388856,-0.025724489797486167,0.5684839242689171,-0.04426085775140532,0.09612686504913431,0.0656680284689958,-0.2394151147651284,0.010254113157024946,-0.009703666751425673,-0.01737013608976221,0.02460636449075021,-0.00478410364973416,0.02126478413403308,0.020744000358424965,-0.008002736227306073,0.02296178254081389,-0.002020103555445393,0.056146909228755044,0.0010345114497575956,0.010918813368738095,0.011169627355723095,0.004119001902340542,0.045864907657164965,0.008337832170526692,0.007293619143039121,-0.008244861217641192,-0.019603296457060323,0.02172868692413657,-0.027031887653878647,-0.003311644396729341,0.017882444509478235,-0.027061614588629424,-0.014838276999439315,-0.00896460589089341,0.010926324368718402,-0.0061214979268868425,-0.01836551362703429,-0.0044255886820961645,0.008304834328929148,0.022155899667644925,0.006550406183364268,0.008628100635017422,0.026617243729491223,-0.025182727651750374,-0.0023534707798702915,0.011124915706558207,-0.018271423246351583,0.013533314802533473,0.030195953450032405
C:\RA-CLIP\test_set\DRAW\R0001855_00002.jpg,6,TEXT_TP,0.14287518324632795,0.05057413341816911,0.15923118133005093,-0.14595848490782473,0.3067804300207927,-0.138353987166202,0.14356898763474957,-0.07427155211224698,-0.015216329093632032,0.03568883032050555,-0.04231394756875929,0.025077115100437336,-0.04834652459253779,0.039555083929226874,-0.030051420497160877,-0.07534953108602702,-0.002431842278658373,0.006265034563302914,0.032087214115429856,-0.002384522620102213,-0.011876977280286022,-0.01538451509002602,-0.010407192341172171,0.01704811386482377,0.023851238451378418,-0.0010371793826064464,-0.012240660805634192,0.005477785712904689,0.021914568137668795,-0.019995505721884285,-0.02444035470194052,-0.00021492272431626337,0.014808958816087382,-0.011287556047996694,-0.009946734178572296,0.005951312260808246,-0.017065026978863307,-0.014261948855531125,0.014302049690064211,0.0015532145060762378,-0.028738977744598156,0.013742529319733575,0.003241904198519411,0.0010183845799732593,-0.015657966947888517,-0.007822848547344144,0.017069195183474006,0.006493294274714736,-0.015134772697774438,0.017916090578558835
C:\RA-CLIP\test_set\DRAW\R0001855_00003.jpg,2,TEXT_HW,-0.24582510459821053,0.04862396630392088,0.02580151842554128,0.025877557638868783,-0.09417740518874038,-0.04687408226167436,0.0006103101544514444,0.006561265421405297,0.057423842312191074,-0.05698641341854686,-0.05587163950482681,-0.0027223370019766532,0.005772663127723323,-0.0075210815272849394,-0.049293234914262,0.03570123868541549,-0.034280523052072236,0.004943831201601758,0.059016474317291165,-0.014156528849581063,-0.017491095115811286,-0.01741289062702064,0.008829998063823829,0.020925539978805325,-0.008895346892065326,-0.023180129298163436,-0.0026345260406182894,-0.035322392054150754,0.018939364939153495,0.009218579902064698,-0.0035305917803507584,0.0156541137379745,0.008045423617914755,0.055964049560759295,-0.03260198757143643,-0.0023143316582488254,-0.05124129494263075,-0.021085989491799365,0.009847478759624854,-0.003774616125708124,-0.031271873432705787,-0.0015392044723120263,0.04102097497183711,0.008974963002699678,-0.012289244593235745,-0.00484791928376332,0.03820053924585562,0.05126006167035761,0.019842685327381836,-0.005759044171741487
C:\RA-CLIP\test_set\DRAW\R0002476_00001.jpg,3,LINE_MIX,-0.25719932158828,0.07030627265164754,-0.21019589196202607,0.028802034592872408,-0.03212870710330202,-0.16571809473266114,0.09447287386299849,-0.03418917434634171,-0.026462280439882354,0.013962100442758267,-7.950233192044184e-05,-0.004971315538639459,0.09301217922873119,-0.007726732282719728,-0.02502464616898533,-0.009752069784358329,-0.017344974003295793,-0.006485249082170825,-0.00978410065393357,0.00801184975416696,0.02973553459548391,-0.008976597247240318,0.03872445106798603,0.021462537718960055,-0.011731494424804844,0.023042664847328052,0.007719386364663485,0.007270609722117052,0.01620904866812829,-0.004977506201517942,0.008352660673331186,0.009486409198891502,-0.020659023862842133,-0.015437964738504718,-0.008184790074982207,-0.0030687980954206794,-0.008884883713793167,0.016917450972235713,0.014403184470262512,0.01978041972654511,-0.01504903977426915,0.0035250583288285713,-0.013824608267768759,-0.010320803467008819,0.0016030931912363793,-0.0005809652246615302,0.005206585720814215,0.000623176856240874,-0.01011398557735802,-0.019142884650774152
C:\RA-CLIP\test_set\DRAW\R0002488_00012.jpg,5,MISC,0.10244187785013388,0.05389283817002997,0.032100231527936944,0.230231316497356,0.09904362610887457,-0.040096184252691874,-0.022350109120705838,0.14990620927765136,-0.0007991547905876885,-0.116471302021612,0.12730851587087919,-0.27661579215327314,-0.015398092570189852,-0.06715841449360406,-0.08303247477715302,0.025902835772852503,-0.13015641504138087,-0.07963479594354492,-0.08095675366906473,-0.004281562294752082,0.004714916694914578,-0.04115388130555186,-0.07176600154665615,-0.04736656093394645,0.02882572699351602,-0.013110317183654938,-0.05499635716654499,0.0419810191721353,0.04741014560187577,-0.02250504337845251,-0.011103409243223094,-0.025048544671715203,0.03196695876060432,0.04615469913816851,-0.03100288462201153,0.0646248648908061,0.011531336369946694,-0.01791912084914424,0.05791942965398016,0.014046985524927093,0.06420971416794573,0.019341458661021185,-0.03747936412541559,-0.03316211323661088,-0.022950569912636457,-0.06882644428584422,0.010727941091986186,0.05460121976069095,-0.0011036580805804032,0.02245418975314246
C:\RA-CLIP\test_set\DRAW\R0002488_00032.jpg,7,DRAW,-0.11441443639909346,-0.1267933882268066,0.3473456912771819,-0.005365783593698052,-0.1392998714998409,-0.24110086994565408,-0.1865832232531168,0.004965929469152757,0.009054440680431134,0.0011686000354274384,-0.009881938527917999,0.02491197456705987,-0.038048283448014614,-0.020088347561592387,0.04989485901002583,0.023718470182115828,0.056101072942128676,0.08014438648635797,0.021538952782767764,-0.010322491278719904,0.02000895635050526,0.030563980850857594,0.029335020979383144,-0.05855337896363828,0.02542919831013598,0.07559934725566234,-0.03705392856121853,0.011067796193284568,-0.010000333537632152,-0.02925721942792869,-0.05485365959442874,-0.01581146543198786,-0.036046886990678075,-0.015147428177290945,0.056996826000357236,-0.05697210507073134,0.001404375227554687,-0.0458758530953986,0.06203781049268672,0.010886714231339401,-0.05003493490121268,0.0663923640902032,0.0065190379533134205,0.0008441728821221108,-0.017302214646730235,-0.05142480130145919,-0.0170965243207433,0.03253167130958626,0.005604451603997323,0.0006649019163492584
C:\RA-CLIP\test_set\DRAW\R0002496_00001.jpg,2,TEXT_HW,-0.0748530769239532,0.06555506006019853,0.09007222737952969,-0.07548249837873995,0.07400810878198015,0.06269854638429442,0.0897263132041322,-0.02523542034640365,0.020278915455340447,-0.0741160861665512,0.030935445443215148,0.01691576038266537,-0.02878506988051546,-0.004981315208012045,0.016195885503977957,0.06890742636948376,-0.07962750298548267,-0.029766417387256536,-0.030400461943302277,0.004786222792891113,0.014717206048098532,0.06674354649871024,0.04252565008564234,-0.024428080893383525,0.0070740368499501586,0.045065060922174355,-0.07975262061446378,-0.03739089667467294,-0.05754849967455584,-0.02926021104092449,0.029796249157571092,0.010927825744633338,-0.07087975960581085,-0.022585077034871438,-0.0009834206381427791,-0.008980490514108999,0.023302196655569218,0.01807593447187585,-0.018084030096414377,-0.00044865963731794214,-0.019228260053032107,0.0030230851560469132,0.0010909075227936984,-0.0021355784706750436,0.0031045749155126216,0.0033661832750382682,0.018936645112975138,0.01622119914646783,-0.01655763892376033,0.011939309299779878
C:\RA-CLIP\test_set\DRAW\R0003309_00001.jpg,2,TEXT,-0.100651096050163,0.08938088449463799,0.1501846819461712,-0.0711708951363103,-0.08201873414858073,0.21571500723752346,0.0702392822129056,0.035357177756005706,-0.017437790677199937,0.01598973990862283,0.03908027874798784,0.042563181589487596,-0.031193202781266742,0.029354873975168207,-0.024234195906861614,0.04235603079653589,-0.006997480843085446,0.00013323585685502123,-0.013537673641166183,0.015919028163728744,-0.01122092551054671,0.0027042706261930635,-0.055556000040062,-0.02056421880366822,0.010421898197827257,0.046172180661150086,-0.011984886490999056,-0.010932830675354444,-0.07598445013965065,0.005865472161679888,0.02461470952691386,0.02293838348735825,-0.04504590077449115,-0.006102532412395818,-0.022284650400601663,-0.031014401373996338,-0.03343189594160325,0.007043049926104418,-0.015426406051290868,0.028357075524922965,0.009106657514707918,0.016384233337173766,-0.01780771931689961,0.011155854631877925,0.009869203926886708,-0.009909056858715723,0.027309558339475154,-0.004832126556561188,-0.022830604555265997,0.0055418727026448214
C:\RA-CLIP\test_set\DRAW\R0003315_00001.jpg,2,LINE_HW,-0.22971957776421922,0.15023220521617972,-0.031452962980743605,0.028045846212701758,-0.07343767078965592,0.05897161451977072,-0.08342794980924088,-0.020307932815187616,0.05533190717026755,-0.06210700588347498,-0.040691988889725014,-0.04036256802622241,-0.01075324387503105,0.01912823011954615,-0.003934629856779898,-0.07002944964047715,-0.01902411023746892,-0.023089430189057264,-0.004180991267327387,0.013619752643321532,-0.029572171126247368,-0.040690348706037736,0.01882571662185307,0.013298494071657112,0.0039337660411745395,-0.010764010652128342,-0.010696893766702742,0.005139160263244624,-0.013725104790819533,0.018615105250164174,0.01828914064664262,-0.014557314403940496,-0.008209873011491255,0.016412639882714287,0.001081313042406586,0.013372884143524878,-0.012222278181209394,-0.008039344097026356,0.0008141720650513367,-0.0005858536956122466,0.02549765825146395,0.004311455102272184,-0.021954073335656913,0.009976962404659288,-0.0029069748298813343,0.003932582000242799,-0.012793829447930505,0.012713221918521868,0.019433332806582364,0.01798170926671861
C:\RA-CLIP\test_set\DRAW\R0003360_00005.jpg,0,PHOTO,0.04794427709352506,-0.5645019536837196,-0.11364873745071742,-0.0819160862155899,0.018645650927147202,0.11914521954860455,-0.0492433746391049,-0.005557133591538252,-0.21683673758346728,-0.1278606972187502,-0.005771762801237696,-0.03413832630495788,0.0760005971694162,0.04545155501471244,0.0582053467932097,-0.055647756638955256,-0.019302657818864175,-0.084348061059149,-0.026721895445616914,0.010421532105139191,-0.030173528290142967,-0.0071211484174593985,-0.013361271382628378,-0.03498975046097866,0.011524010081779792,-0.035786878005380156,0.07762469933009994,0.0266817864016247,-0.02940032322639157,-0.0828403362081217,0.042167005827391614,0.04289171422629051,-0.03311832568635766,0.031139836188595074,0.05719175795081574,-0.05160344695830302,0.055270466693769546,0.03909414131503132,0.019087371634983055,0.0014788423846616144,-0.03738359416572854,-0.030857868035485188,0.017109630702565156,0.02151433586048201,-0.004002165060811716,0.020666745188359145,-0.024559749077984708,-0.05105713455982985,0.1524982868626787,-0.0035984631911740775
C:\RA-CLIP\test_set\DRAW\R0003360_00007.jpg,1,LINE_TP,0.04015175449027284,0.22149967086148634,-0.04141526041298904,0.020437091112447372,0.26809581130397037,0.10494201872151067,-0.18489344129436555,0.016252705374630843,0.015096392650157386,0.025473228817236848,-0.023271092904016324,-0.007811656196268317,0.030303811006035,-0.019045406091653335,0.005184226046687738,0.06567173145129973,-0.015098003428648258,-0.018243612114570838,0.023615589322182096,0.005163824235833023,0.024867856455992564,-0.004243764323049364,-0.02485360745231616,-0.03658909712490793,0.009273262641935074,-0.004566753301878202,0.014706997417763285,-0.0038079733011637286,0.004137506117985521,0.006199259793173766,0.012593377788238989,-0.013241021619888407,-0.011287079195532537,-0.026675871999695143,0.022521630626257276,-0.0005070080938277487,0.04629444687182048,0.019332348855140607,-0.02413901857680726,0.010718392085619909,0.023821179325063477,-0.02619327050429408,-0.020876250211392774,-0.01659753272026129,0.00860030554118317,-0.011761622190284642,-0.013764845602520517,0.025673089110550468,0.009656784328258991,-0.012288149242272256
C:\RA-CLIP\test_set\DRAW\R0003360_00008.jpg,4,TEXT_TP,0.5126138630941401,0.09658263454537036,-0.18165778265805063,-0.2555218984580757,-0.1329338206154194,-0.017325361609098762,0.059637442109512995,0.01345563224887325,0.005840899198227989,-0.0822003720315765,0.14510209278160494,-0.06278291214495939,-0.1722675272691684,-0.13789840797040154,0.13019562078994154,0.011006917326957747,-0.047998640848721325,0.09678746825716103,0.028333255472702795,0.019866615285746025,0.16798166317748456,-0.1237674362694161,-0.0044506749728011885,-0.003079052594305744,-0.06342887707052074,0.09034321021111806,0.034472653235084305,0.025594636696612834,0.025929143521018997,-0.015441973223212505,0.0467895578009057,0.07688331013609365,0.04130775424607013,0.04828632984364803,-0.009959423260850826,0.07281618028804539,-0.010830644233474107,-0.08193841669075039,-0.017823152023302046,0.021242128186378145,-0.07220677935284862,-0.02521428141643044,-0.031192300337872375,0.049609188593984076,0.043227435013617324,0.01580536984305942,-0.025317320157494615,0.0028418797065348465,-0.004591005698790254,0.010996237123227339
C:\RA-CLIP\test_set\LINE_HW\30003515_00100.jpg,3,LINE_MIX,-0.2753818682251171,0.08829194425089429,-0.24801958543553446,0.04233010275816823,-0.03768523314161683,-0.15267316434991932,0.07948234022904534,-0.018370772692326672,-0.011486824145413632,0.008279578045434997,0.029661125071226303,0.03472637317815876,-0.028293585261776413,0.0204576506166853,-0.012013387930746976,0.02502529046464434,0.028490294224861226,0.027409892193706282,0.009167371454146865,0.004565298435013246,-0.0029724661293423606,0.00892530825593888,-0.051792358719705375,-0.025082481995111882,-0.01923641325137106,-0.0012267348188719452,0.006754191366500989,-0.005448776955894926,-0.022239563523451144,0.0030769490870186855,0.00020527110944478156,-0.0016641350658642173,0.0029111454133924253,-0.0004227620181492939,0.009231565351223178,0.0017459258904460094,0.01901102718385249,-0.014044562216822792,-0.018340896433122478,-0.015866591843040918,0.026422066896205035,-0.011877852381837282,0.01496464081864886,0.0031417262899207238,-0.0003938930850755522,0.0004781624342878823,-0.002803158043874035,0.0007096445850092919,0.013788725687323118,0.008227869044375363
C:\RA-CLIP\test_set\LINE_HW\30003532_00009.jpg,7,DRAW,-0.0019747334969033702,-0.03682218935551877,0.2865140138611226,-0.0013853581079549683,-0.14299743491081066,-0.17523638624934534,-0.10305885606624003,-0.0433897341016461,-0.09586085369742876,0.09198126518680824,0.009409315419869627,-0.01778111919317189,0.09456663382605646,-0.002771894431987442,0.07281347002153576,-0.088935924413727,-0.0023816670708683156,0.05736706332239466,-0.015157669778770259,-0.06990514586280624,-0.05444055363942819,0.029099658707195653,0.03766042133208741,0.0011887074585519046,0.04594820914497079,0.06670912782274996,0.0536175281673023,0.03314643087718941,0.028434512582699117,0.03572718015439499,-0.041693316010863714,-0.03400024505534461,-0.041153689685362316,0.018382562246631224,0.08094619350480842,0.024231081872638397,-0.02714646223550739,-0.04261903538597601,-0.03752501133542582,-0.0033543647855317138,0.020223335208131465,-0.04996295467196258,-0.04793576760271629,0.0007759346650109787,0.03242658481765158,-0.061580917517530476,0.031118948891578582,-0.0027677657852999593,-0.01906542357285385,-0.0022140418391888976
C:\RA-CLIP\test_set\LINE_HW\30003532_00127.jpg,5,MISC,0.1390533901290192,-0.04712855048326334,0.06020299860362817,0.24356947681424104,0.09344540726844046,0.002880736913897255,-0.027245241137381807,0.12930590739477246,0.013133455842732636,-0.05450990603209285,0.09091924401939837,-0.31733816346063737,0.008905199997316678,-0.03842569201301134,-0.09942255579351952,-0.0600159974408106,-0.029452292519605454,0.044441283163973416,0.015067572620930876,-0.03156932800971143,0.011415183079474436,-0.0586471321504685,0.08304355871170237,0.07069666386289317,-0.06888377804349834,0.013027608860859734,-0.04032351119160721,-0.02526114979041678,-0.12422902993411027,-0.034447444999570836,-0.0973756252280987,-0.0387615953601659,-0.009827659381432175,-0.0503152428833274,-0.006952235619314133,0.005841571680413098,0.005032745771159708,-0.061758733035345514,-0.06145508323609376,-0.03272740067980358,-0.05161512307463395,0.023146990034308198,0.06973855847060563,-0.013718987430405305,-0.018212549590090756,0.042687374668295044,0.045193416098075014,-0.03972098130540925,0.04778004843135733,-0.039890160111194284
C:\RA-CLIP\test_set\LINE_HW\30003532_00143.jpg,2,LINE_HW,-0.24448669578111315,0.12763115797913424,-0.039019452414572615,0.02963402433582447,-0.0478543729658787,-0.01771119282739785,0.01550768890498625,-0.019648420464420602,0.010781242574023787,-0.05314536931757495,-0.0034929236578211233,-0.033569768440552976,-0.007628236435147206,-0.0024210168136489974,0.0164711551450904,-0.0007802394672211686,-0.06914896851710084,0.0019968743832895846,-0.02788642722214053,-0.04064088558087276,0.002966859548574644,0.007428132263074917,0.01725841995186362,0.0019046932082304275,0.01808315442015224,0.013781474666810319,-0.03089259680069953,-0.012315902702616134,0.07298673046307601,-0.04169081389368672,-0.021725743883417928,-0.01964571923228167,0.018762280604070754,0.002285585078227364,0.009148881875904862,0.028395305284606105,0.004781387953714101,-0.02024236427205334,0.015330343083073598,0.008669177065759716,-0.01135077430685371,0.03195456236727556,0.01600708521784102,0.00012650353004333285,0.015324863474878513,-0.007178333980925552,0.007118877976986551,-0.007774747910052447,0.0007959902720988876,0.011900603003678973
C:\RA-CLIP\test_set\LINE_HW\30003535_00189.jpg,0,PHOTO,-0.07066168797994853,-0.5852180120460942,-0.12350621222900407,-0.04742152651721569,0.03667528656844497,0.03740505887175812,0.001697618177305484,-0.005754500107285883,0.21210000414242805,0.17511988533248668,0.012954099479633312,-0.03885743429513156,-0.021925339160126487,-0.05347615805263605,0.047705593983925786,-0.04433454608532405,0.04599027006778526,0.038523336428094385,-0.036610216969780604,-0.02734026212440675,-0.0003300484501406049,-0.009553424009658824,0.05178068247670341,-0.03467600794068347,-0.02185998044688834,0.047781616570611175,-0.06425709655766274,-0.05939202452254504,0.05059433201041905,-0.02348829918984037,-0.049681825906650205,-0.059535442278158185,0.005111256953981039,0.02247705781772998,-0.12853197053411022,-0.0010985216179446706,-0.008717450021249924,-0.021429953418138328,-0.014200161438731866,0.049179994392187905,0.024560784833559272,0.004597281192312054,-0.03536711803533111,-0.02618144337999764,0.01222657883821387,-0.022785742250968948,0.007407016482126705,-0.0283831803973074,0.0020325585880271017,-0.005985679214132249
C:\RA-CLIP\test_set\LINE_HW\30003535_00214.jpg,2,TEXT_HW,-0.04164886653966427,0.10705715273406302,0.0890728071156164,0.00330346194595749,-0.039669827651020735,0.07296565015756731,0.011348697678242236,0.0521708663210751,0.03616255359701936,-0.010011586668980768,0.028490552969260376,-0.009296151957102006,-0.0049795807469257625,-0.006788207518461069,-0.08263258958971832,-0.04461359594187858,0.04370339773252785,-0.00416661657392323,-0.0007873957655007459,-0.01802325185917815,0.006434315811275945,0.016560044432143536,-0.010897858812601222,-0.04941645984742317,-0.01743254772523614,-0.006716471199508001,0.03420170670956692,0.03559276443413879,-0.010091923829699527,0.09147106482903554,0.007091985728906779,0.0007860535687085945,-0.09882132511021881,0.011988525148376129,-0.007392987188584774,-0.01090668661920157,-0.0699874158680475,-0.00924155766606292,-0.03550962233690278,-0.013785521298773655,-0.029055320840462858,0.009904165661977028,0.01842925256722295,-0.09288167480643961,-0.05979234901247651,-0.009238804905332595,0.0063341114442728545,0.04061872874227601,0.020546922703940602,0.028120293066946696
C:\RA-CLIP\test_set\LINE_HW\40008947_00200.jpg,1,LINE_TP,-0.05711623457070614,0.16885462813713314,-0.042937720515184095,0.003218655872581826,0.21971461771969802,0.10297479763558914,-0.22690078388552876,0.023075511563745668,0.03315136949844734,0.017626495363742358,-0.001100832995356555,0.043115278601623556,-0.02931450712813918,0.0356228231986981,-0.032654468936839626,0.09126781741703902,-0.0594059384971255,0.007791041678966309,0.0662903997882242,0.008606078328773388,0.034326089958463375,0.017598752846479555,-0.041345159220874034,-0.00015851802308740646,-0.025104910325913974,-0.0011770599794285292,0.04808493645230716,-0.008734411472285944,0.05298377300682225,0.00592704600620399,-0.031531920753378614,-0.008618864774055691,-0.022831886319648984,0.010499470029303844,-0.032160835542395225,-0.027432533719494636,0.029077639470213603,0.011384836185617914,-0.02720172757277484,0.029908812976440487,-0.035638294735687456,-0.04787985284724402,-0.012327771058109036,-0.032073399369864114,0.005175395739846718,-0.013970653114459063,0.009629514278282842,-0.007475643938325036,-0.007408317733663096,-0.02925155667581234
C:\RA-CLIP\test_set\LINE_HW\40008952_00295.jpg,2,TEXT,-0.10967095380670144,0.1180289592167279,0.061124820203641086,-0.043473553942035066,-0.07086402317104286,0.14988452262215718,0.022760345063848844,0.04846397150265278,-0.07577698957437715,0.09021246517666119,0.07426621566752928,0.040241364851388274,-0.018923418301250397,0.0699578651412104,-0.08030118758265847,0.007142011802604547,0.08604660012499961,0.07058127421678959,0.055921792585129124,-0.005819569485445214,0.061675517844133006,0.019181132702391322,-0.06398972201708665,0.012307237168695908,0.0642907589245452,-0.016769680360545144,-0.06223504726213065,-0.053058255795402624,-0.025701899816264813,-0.018826126765200412,-0.01302800544765709,0.0002397240408743788,-0.005253908430042624,-0.00670209846538629,-0.03342778021296705,0.016674771969394177,0.05055877554772461,-0.061352902826692715,0.04913989263679304,0.04025589058396268,0.018246504265599636,0.031096561339747968,0.020764529840206453,-0.022593352829675062,0.018998037325636916,0.04919298553489302,-0.02303325651922786,-0.01824273139483826,-0.03222482401585568,0.012675535238510954
C:\RA-CLIP\test_set\LINE_HW\40008952_00379.jpg,3,LINE_MIX,-0.25719932158828,0.07030627265164754,-0.21019589196202607,0.028802034592872408,-0.03212870710330202,-0.16571809473266114,0.09447287386299849,-0.03418917434634171,-0.026462280439882354,0.013962100442758267,-7.950233192044184e-05,-0.004971315538639459,0.09301217922873119,-0.00772673228271973,-0.02502464616898533,-0.009752069784358329,-0.017344974003295793,-0.006485249082170822,-0.009784100653933573,0.008011849754166966,0.02973553459548391,-0.008976597247240318,0.03872445106798605,0.021462537718960045,-0.011731494424804853,0.02304266484732805,0.007719386364663504,0.007270609722116994,0.01620904866812851,-0.00497750620151819,0.008352660673330936,0.009486409198891215,-0.02065902386284207,-0.015437964738504657,-0.008184790074982904,-0.0030687980954208142,-0.0088848837137935,0.01691745097223547,0.01440318447026312,0.019780419726545335,-0.015049039774269213,0.0035250583288286537,-0.01382460826776898,-0.01032080346700919,0.0016030931912362637,-0.0005809652246615928,0.005206585720813725,0.0006231768562410224,-0.010113985577358035,-0.01914288465077397
C:\RA-CLIP\test_set\LINE_HW\40008966_00437.jpg,6,TEXT_TP,0.11553238818162181,0.013572429404117198,0.19089864149143065,-0.10990236394599352,0.2895586007936204,-0.10206950142404068,0.16604328063014984,-0.06841959443155181,-0.009415118674994321,0.01366364027015489,-0.02852368778385925,-0.030834441179385056,-0.04901074125255621,0.040019401767053014,-0.030835940468464287,-0.042549759703850484,-0.00469472375750144,-0.003725293874043512,0.013796505498737495,0.00531694367358502,-0.00956842860019663,-0.0054246357198169505,0.015289207931064665,0.011993217747316164,0.02385463273868028,-0.002831782296631241,-0.012206272809756408,-0.007021929553515392,-0.0025147513661752845,-0.03740812337120071,-0.011601364343242165,-0.0029390399965747386,0.03850994709397039,0.012039069176376553,-0.010295761112981545,0.005248866689289139,-0.013695908930248633,-0.00844361596461438,0.0316017773507898,0.0004299282343430532,-0.00025246033788943695,0.002191375451541684,0.009498615925401549,0.037889253787337485,0.012533128389524043,0.0013135764933114673,0.005500636689717118,-0.00935146386344523,-0.014281398605001081,-0.024160302424359213
C:\RA-CLIP\test_set\LINE_HW\40008966_00669.jpg,5,MISC,0.4960486429065488,-0.0573842798141449,0.0031656708244458213,0.5709113713513333,-0.013142104191800907,0.04951775506361564,0.06006270228760998,-0.20564758344809034,-0.015585657511717714,-0.003818644904109718,-0.0020323354366170773,-0.027536241635314613,0.0035453874814186416,-0.042527643479611396,-0.0008038884076829843,3.8478877740053776e-05,0.008464441789972896,0.02950416932525149,0.06689980882177046,0.010151966039835656,0.013738017739180897,-0.0025357087301809034,-0.008401612605479662,0.022268256596943897,-0.010351385620900344,-0.011066016833795477,-0.01655107858626615,0.00045807942525156526,-0.016765683129168086,-0.024927422056722895,-0.004809497225246489,0.028470001848309338,-0.03802898538300628,0.0032091450462364444,0.002744147806370186,0.012721816469687388,-0.013791632639405737,-0.016541850647953486,0.007117816083235479,0.028330829267946517,0.020635664270373725,0.01492096330135837,0.01168728589472758,0.03735499273150061,0.0037334468597987227,-0.01252390476408806,-0.0009134367251844285,0.00047801378988108025,0.006391588759805805,0.030283175436028
C:\RA-CLIP\test_set\LINE_HW\40008966_00749.jpg,3,LINE_MIX,-0.2753818682251171,0.08829194425089429,-0.24801958543553446,0.04233010275816823,-0.03768523314161683,-0.15267316434991932,0.07948234022904534,-0.018370772692326672,-0.011486824145413632,0.008279578045434997,0.029661125071226303,0.03472637317815876,-0.028293585261776413,0.0204576506166853,-0.012013387930746976,0.02502529046464434,0.028490294224861226,0.027409892193706282,0.009167371454146863,0.0045652984350132465,-0.0029724661293423593,0.008925308255938878,-0.05179235871970538,-0.02508248199511188,-0.01923641325137107,-0.0012267348188719444,0.0067541913665009915,-0.005448776955894932,-0.022239563523451147,0.003076949087018687,0.00020527110944475866,-0.0016641350658642094,0.0029111454133924413,-0.00042276201814922575,0.009231565351223232,0.0017459258904459916,0.01901102718385266,-0.014044562216822817,-0.01834089643312256,-0.015866591843040845,0.026422066896204983,-0.01187785238183708,0.014964640818648851,0.0031417262899208678,-0.00039389308507564193,0.00047816243428779867,-0.002803158043874198,0.0007096445850091147,0.013788725687322948,0.008227869044375691
C:\RA-CLIP\test_set\LINE_HW\71000556_00085.jpg,7,DRAW,-0.08123797565330773,-0.14024719065234367,0.35326762574618414,-0.005984905890224658,-0.2216903607786273,-0.1415351858968368,-0.03544953888833071,0.005782745067896331,0.002941118935141117,-0.011995725576603234,-0.07667134990822505,-0.038210418950004627,0.03077150137602824,-0.06460574993454239,-0.002498719630344816,0.044268955867623055,0.08793781037605387,0.012325108417330567,0.006307185944105064,0.060334189971508946,0.11600486113684805,-0.050806068363262104,-0.0314277754856744,-0.014811411199247164,0.08952499389590435,-0.04628424976602257,-0.027762544162182923,-0.006867536546781452,0.013353541325228572,-0.08102255819182981,-0.037065228440075856,-0.025082633266804273,-0.021768235449167075,-0.04660419236244045,-0.04519810600842339,-0.06570424200343043,0.05118710439563782,-0.008793922330359394,0.017117234462407857,-0.0372131902964242,-0.0775582570783329,-0.0554787122281391,-0.0721534252175704,0.021562269015474762,-0.004667398758178506,-0.02214791770359679,0.0634619871528635,0.04906589268612469,-0.0038698063093808273,0.030199523602409933
C:\RA-CLIP\test_set\LINE_HW\71000556_00113.jpg,2,TEXT,-0.08788209306170296,0.051367876286854644,0.09252587970945639,-0.08558245611481591,-0.10312309244145676,0.2364412080399026,0.061416027376456586,0.04152102962823115,-0.06259070210158833,0.062495374189159916,0.017691244184910457,0.055726908596401135,0.0313740770081243,0.053102133333912255,-0.020084294637970665,0.0429011334426682,-0.07097374463176954,0.019007893595537752,0.02063568034575002,0.028250615408754752,-0.021898097096021286,-0.029765462681929897,0.028279369009136184,-0.004856777075975713,-0.029322725620904593,0.003062014854707991,-0.022625028254289848,0.0040962319222541685,-0.06681536655133506,-0.002953176884094754,-0.028609046271073323,0.002602095988259267,0.0013548675279519866,0.007875127958902968,-0.00586862648492201,0.004441158116810233,-0.023244130367064617,0.008910248405653166,0.023420865568359754,0.014879460927084842,0.029891133629064613,-0.024106116011017815,-0.05940541512309578,-0.011305174462340715,0.01223022078309489,-0.01843538364466404,-0.03611888960014153,0.05559306586650863,0.03496067921443968,-0.029042926325566744
C:\RA-CLIP\test_set\LINE_HW\71000586_00030.jpg,6,TEXT_TP,0.1839260866864514,0.035925329371514686,0.1874806587320909,-0.11645106999877539,0.2959897418603841,-0.10527941176756556,0.14196031296924544,-0.02050857586159663,0.007614675653206105,0.01783145755964745,-0.0043442021830681935,0.015716688471877793,-0.08141906132355856,0.03226643934492178,-0.06911869623699256,-0.04786777550875087,0.022637465259814055,0.009486257089996099,0.018380851017682418,0.020331098617296685,-0.0156317837043475,-0.02680723829077284,-0.0021834739622395532,-0.026620679582247335,-0.0192844641552582,-0.01506585652492115,0.02951470736066702,0.02987809231888441,-0.004290238835679124,0.007269694037348227,0.011729158160412964,0.006193361988853925,0.021580181956644635,0.0017306707666305922,-0.0036431149168368775,-0.0016114785045284906,0.016295517004522662,-0.02586442959473094,0.01549631423400475,-0.006350646986603269,-0.009469294893007706,0.0016105334782750894,-0.007999226873176122,-0.014171569363023875,-0.021115370262606944,-0.019062449017454665,0.006095331594862048,-0.0029015117658340423,0.007497971666403758,0.0019806789024099597
C:\RA-CLIP\test_set\LINE_HW\71000586_00040.jpg,0,PHOTO,0.017761498218756944,-0.4681003243564257,-0.05936719353084429,-0.03243997374575732,0.06734136640085579,-0.034276765375571436,-0.03642506978309775,-0.011800777084461372,-0.12370405160918718,-0.09389926251893785,-0.022293713716663062,-0.016455480386430958,0.023276005543800913,-0.04462242845500521,0.027232328429547738,-0.04400621082332945,0.2214313167817633,0.06348688424651651,-0.07739491777375382,0.037518748849153405,0.03108887685472345,0.019027812499586398,0.06931751760405509,-0.16953645437986864,-0.07399279511678589,0.09050428398701706,-0.04839952642400136,-0.0566770942311656,0.06898956317316911,0.04757124686467735,-0.075781067575574,-0.03705683380465293,0.011886080718500768,0.12048618017339462,-0.15454044024934685,-0.1109631286484172,-0.009044122282697301,0.024728453962800396,-0.04502744549961193,-0.043070872538757785,0.0408662576106127,-0.020899337471099202,0.015190040993497198,0.02944822495695468,-0.01961634623172233,0.006103128512226741,-0.04241957494087957,-0.03611257599560316,0.0714875738276131,0.05580150762008223
C:\RA-CLIP\test_set\LINE_HW\71000586_00052.jpg,4,LINE_TP,0.5319691536097114,0.07547328711519312,-0.21252359792939446,-0.2604900455436563,-0.16132692189196207,-0.05692357516847546,-0.1357496455662741,-0.13369601338408665,0.004444062075315159,0.024940330412013653,-0.06905539628189965,0.09009006573314501,-0.03577052294937064,-0.16516091260355945,-0.18123621795123018,0.14628843175822318,0.03002437699308862,0.0503408568597269,-0.19349499702965206,-0.16628271135736591,-0.09614992403001583,-0.039799547214965245,0.0025058217422392346,0.12283599074840208,0.037355841896033234,-0.022164752034091042,0.011149910676640446,-0.04861734265242341,-0.007477207112276526,-0.0283587705821261,0.007047439068330646,0.024908679065390207,0.020326676411486774,0.006297534499965325,0.010704418263134027,-0.062236181829101345,-0.018607841806102525,-0.03081720969942908,-0.008866127276603488,0.03308620573678952,0.0026091688346656515,-0.010394544364462672,-0.008259678115639168,-0.009769064364084267,-0.009516046323666032,-0.014684578909451095,-0.0015868670282371167,0.0040374815015351865,-0.005357392496512411,0.007184846803234432
C:\RA-CLIP\test_set\LINE_HW\71000586_00078.jpg,2,LINE_HW,-0.22390306031653928,0.15348659462921851,-0.0795431228979698,0.10905200854243281,-0.01283859229849466,0.031062113856345715,-0.09357423052291781,0.02276293877201837,0.06968616502885834,-0.07552378407954347,0.03710814608575293,0.01697485441140149,-0.03967027567439303,-0.025198723252925628,-0.026375578683751472,-0.04333924465784489,-0.01829232782001461,-0.006862653207451971,0.017708022810875405,0.016734250604187775,-0.02303977318252041,-0.03870987825670565,0.025533656185491957,-0.007253360813187836,0.04724912913168917,-0.034304157964780715,0.024009496893170144,0.002738472732119713,0.027663454040754407,-0.019199111159750953,0.0020730111380779714,-0.014988206628124027,0.08338489573279208,-0.007115806374537869,0.02001608874857553,0.01823783067531441,0.001124301936568863,0.010582156423514755,-0.020727450352095157,-0.004667625191031067,0.015364388891199775,0.005280456308725525,-0.010543247356861945,-0.009488680078174844,0.02529949892971529,0.009960060971733466,-0.02497750114959666,0.02851602860267529,-0.001876018447847382,-0.01650097722157565
C:\RA-CLIP\test_set\LINE_HW\71000586_00119.jpg,2,TEXT_HW,-0.0972898904415546,0.043613985008793724,0.14955088231898606,-0.06818890346658432,-0.08323343259161178,0.16229858308299625,0.10714097937004134,-0.03857660034190894,0.06058769122712808,-0.06705725344070457,0.0008105398124526323,0.02127708570230155,-0.043324538024080025,0.003340345484899799,0.00032738237083165827,0.041920403545181326,-0.08038354460929201,-0.026035166298950523,-0.027693076603081294,-0.003174922710711718,-0.006016153458600042,0.02309938651130494,0.007888375937392153,0.007076688401072558,-0.039414055388631464,0.07575889040704413,0.013050835271237326,-0.02129715934755258,-0.01789043398818638,0.0027975623541620187,0.015750530625177502,0.009074120886985051,-0.042703174274194976,-0.03934118919119134,0.01168453447472966,-0.009626672237473316,-0.04897835867836796,0.03118740601717229,-0.02925514767813419,0.008796056177712624,0.04548404691899008,-0.047696253188036095,0.07663149264918376,0.026139093961232016,-0.009672625204011636,0.023941702608269184,-0.00848839186248201,-0.02212411695412252,0.01429742357169189,-0.007569150539633763
C:\RA-CLIP\test_set\LINE_HW\71000586_00188.jpg,0,PHOTO,-0.08720898455966657,-0.5666108656301144,-0.08646721359536758,-0.08759426222516635,-0.003350592173684837,0.07551007494808414,-0.07264865715966463,0.0003769974274777134,-0.08262440488531682,-0.10289115089651624,0.014323799044377139,0.05101300009163266,-0.04989398005864929,0.03954866466117325,-0.1273157808800283,0.07901621344993108,-0.05766712479706734,0.03513712858654216,0.10298148293940111,0.013472637415374937,0.027502938242571162,0.041930142217825345,-0.005281236856388467,0.11370691039370226,0.07444837671497442,-0.014136027931467175,-0.01763506626419405,0.1194232804222243,-0.011469596002851662,0.09209090230942066,0.06821764880131823,-0.0020332537726507516,0.0065859759149575915,-0.05749147537419192,0.024816968199957833,0.014615906911293266,0.0014030397947861087,0.03824642349809627,-0.025374191038579255,-0.0322056659405252,-0.04215899158662966,0.02751650384283486,0.025563982003287005,0.031667001855491275,0.03148097909096929,-0.006202479921385206,0.02264089655282858,0.043413109160197715,-0.018085746786300032,-0.020197353225426432
C:\RA-CLIP\test_set\LINE_HW\71000586_00235.jpg,2,TEXT,-0.15717594471962906,0.14528274442721673,-0.030642011919274806,-0.009573762966465778,-0.012782062341005252,0.14749449493531983,0.057105253865463515,0.009917309087910024,-0.048059510119151445,0.021647511588258155,0.07888039204832512,0.02985393765351326,-0.01607412865588268,0.026964327033366882,0.08288179974061546,-0.0013060837107082158,0.017496160631608727,-0.04479129750827871,-0.00203006767042505,-0.00920609917007454,-0.04201522206570165,0.04559704827045245,0.05714960361610087,0.031363313089989964,0.019153502061213686,0.041250750011272735,0.03368445441225648,-0.00950262435260923,0.008040399564777959,-0.044278028699791895,-0.036762001468795075,0.03587223103525482,0.07958153028738993,-0.059265253541282495,-0.019277245297552977,-0.05031685868292058,0.01053254932501463,-0.01180871929791582,-0.009622763195221604,-0.032282785609246786,-0.01783275000943177,0.009894171122781683,0.005882328224139461,0.006096807240812482,-0.020946424605485632,0.0035684476982887434,0.02195445981364514,-0.003063381136176952,-0.02273702000220409,0.008239233517899347
C:\RA-CLIP\test_set\LINE_HW\71000586_00259.jpg,7,DRAW,-0.09590581145683139,-0.15084996498275974,0.2781626087703095,0.018825201640944145,-0.07610287328435185,-0.2359682718216425,-0.16412760259320383,-0.028172728255223326,-0.00979152037783031,0.0723955366791977,0.0395905340496073,0.06652154673480447,-0.00827219751831298,0.06447749779285339,-0.004269038685928803,-0.0050279166508977605,-0.06434539712991003,-0.02073952348541601,0.0818132932495571,-0.04169604569933866,-0.06623436577427744,0.07342293035631722,0.08040804709897699,0.11291178972132562,0.030538085613129807,0.04641862330689069,0.058673982088818646,-0.03656906241732529,0.006436688874881966,0.05318373868799994,-0.070571041264776,0.0529160159798479,-0.05687118397949303,0.09854545355111258,0.029362939323245005,0.09032731368365378,-0.007121128748203666,-0.09735465158897061,-0.06691851950030744,-0.04170874809089523,0.11007877566740724,-0.1323537114055006,-0.03675085684171863,0.03691756648294461,0.097966036478689,0.005513338734266628,0.027702207995786505,-0.028931560889761808,0.0028977783917152966,-0.01345947233153696
C:\RA-CLIP\test_set\LINE_HW\71000586_00305.jpg,8,MISC,0.48774273694616077,-0.12760730495459233,-0.146113232333982,0.21431572186740505,-0.022810380266760598,-0.05197629823271432,0.04408558573975186,0.188453185863473,0.20956373502295567,-0.07292954877303238,0.1158776988442277,0.09575009975862635,-0.023082728287914488,0.3909482963371461,0.048323427240684745,0.2293694724682573,0.15206528744862546,-0.02925771499604055,-0.14277926101058064,0.09947357709180926,-0.009398836548117925,-0.30760441374767594,0.15371027677033422,0.045714950258696575,0.18066076974278394,0.1071655542787412,0.07999566125547719,-0.03147386849052421,-0.02001846534598497,0.08441645925609315,-0.0871808442037963,-0.06720214650480859,-0.008441335775054674,0.010752649334600139,0.03648747631557878,0.05068021819987231,0.025356445626874405,0.04846121025671812,0.010811628599314234,-0.01498395625327863,-0.032780951366740356,0.013385673562212133,0.021193332315614245,0.03526200253624309,-0.03156537550058461,0.013567291354980289,0.021212276176475586,-0.0041875636139300535,0.02072453710139735,-0.019513436020393876
C:\RA-CLIP\test_set\LINE_HW\71000588_00029.jpg,2,TEXT_HW,-0.06917967002435867,-0.028631125452034452,0.14316301906970694,-0.025988434832697537,0.006871522528889964,0.11885327256387473,0.09565150196365296,0.0035987712530163004,0.10208066353280242,-0.09333558224922064,0.0735881859276512,-0.014077785401191605,-0.0385221726328559,-0.04418807558619388,-0.03643464400984149,0.03357306119340488,0.05407559154123391,-0.0077096514411541485,-0.0332922660850724,0.011295209584531927,-0.007651469230292587,0.04973002094643371,0.08756271371621323,-0.020452595277985926,-0.031038451675389933,0.04473734700432187,0.014451602364375949,-0.0042379669567992944,-0.056255895558538084,0.0027675459030058656,0.02225144289035697,-0.013420292022644768,-0.07539828290726314,-0.025949969213725277,0.037072354165956785,0.039785306453901624,0.0073196097452524365,0.04322048906934526,-0.0443033187439141,0.008462792274185999,0.015062260155517228,-0.05090905312565749,0.01131852289996624,-0.015992219510959114,-0.027098945140752152,-0.012160535248305737,-0.04946953533992154,-0.021948744085465162,-0.050022338256444865,0.05707019659070052
C:\RA-CLIP\test_set\LINE_HW\71000588_00076.jpg,2,LINE_HW,-0.23823490762921415,0.14824368799347737,-0.030189889395887713,0.04404100418804137,-0.05634273586462943,0.026123887699334172,-0.05574016464517719,0.010103995874943345,0.04763271533674815,-0.04311751748857203,-0.03281201111381734,-0.016388883260453596,-0.039838482233208614,0.014845960846500677,-0.0375571240624073,-0.04598113201045642,0.00936559984500802,-0.00881956312847324,-0.003617308368228966,-0.013959229926495597,-0.009521717058528167,-0.026909346268948923,-0.0013700760222251493,-0.00030964388514652776,-0.002848063866725936,0.009890762680887722,0.015373608987260486,-0.0037715022964947475,0.022424982338436046,0.009856877526276004,0.02074919866549723,-0.0016115535838219389,0.026827522215459945,0.031454423107187664,-0.011654708289078015,0.027279948313170294,-0.008198492378401933,0.0031255368530464333,0.003130648692265911,-0.001934173361488631,0.0025622255095504834,0.03426371522328335,-0.012108981633956278,-0.0193359733518663,0.003255470008657401,0.024314634142471484,-0.013988531742673007,0.026870356291069465,0.01459775873631007,0.022336939539065414
C:\RA-CLIP\test_set\LINE_HW\71000588_00145.jpg,4,LINE_TP,0.4500620440289367,0.19701365868023432,-0.1465745676383991,-0.23095362502853897,-0.13170860242124913,-0.05142926703932655,-0.004987895658725526,-0.037850567175480285,0.05027530424053222,-0.04148347359449907,-0.05912224724848721,-0.17652641110250014,0.003084517058869327,0.16588184320797064,0.19163343665448554,-0.04590312268765576,0.1154642746560566,0.05929589805154771,0.023314117149047558,-0.09327858629630141,-0.024136906080020358,0.05866133428071585,-0.12075885429352068,0.13435945069598154,-0.07754060571154965,0.005655177749229799,-0.008628653647993534,0.025070192775173656,-0.0859637002394231,-0.015751510774835446,-0.0022050005273235433,-0.05590239235867491,0.008093124919660705,0.0006409559158379169,-0.02792376963662722,-0.004720622452238584,0.018747535179847386,0.03711823230325318,0.028016027505413987,-0.001467095235489913,-0.003739924220455262,-0.02353068756853149,-0.027707679823662935,-0.010703961651162925,-0.019140838037732026,-0.04818627410657944,0.024399940781315934,0.026144366203949648,-0.005408900331884235,-0.022005724792558207
C:\RA-CLIP\test_set\LINE_HW\71000589_00035.jpg,6,TEXT_TP,0.13485748762511618,0.05759149692816285,0.16954157875637688,-0.14276434704931557,0.28149505273444364,-0.08602676852918768,0.15383117184964482,-0.09013160596527604,-0.010998032007714246,0.03881817694135828,-0.06846042383897172,0.01742018052394064,-0.010302206387219393,-0.004411735069307918,0.00033598682820114756,-0.04276490102774434,0.008711186188416013,-0.01609974860566427,-0.012367684909987055,0.0017352643599482858,-0.005674483379286813,-0.01855053900545509,-0.0007759130993335902,0.0015158417355945445,0.02197167583048731,0.022685558865804492,0.0018030721478497287,0.004368460634187257,-0.0015155231220799624,-0.011867333663112099,-0.005394328884558071,0.014462832910585439,0.024018046747886775,-0.006714110651863521,0.012477682280738736,0.014145680162377404,-0.025684270114765106,-0.008770608309368383,-0.008493185347058776,0.006353737288963897,0.001463459326697168,0.008655778526383646,0.011633339881446624,0.009752724719932698,-0.01322996912923362,-0.005504894947012532,-0.00039072005318908215,0.017958939708689538,0.012868283595269574,0.008135348192668809
C:\RA-CLIP\test_set\LINE_HW\71000589_00043.jpg,3,LINE_MIX,-0.2753818682251171,0.08829194425089429,-0.24801958543553446,0.04233010275816823,-0.03768523314161683,-0.15267316434991932,0.07948234022904534,-0.018370772692326672,-0.011486824145413632,0.008279578045434997,0.029661125071226303,0.03472637317815876,-0.028293585261776413,0.0204576506166853,-0.012013387930746976,0.02502529046464434,0.028490294224861226,0.027409892193706282,0.009167371454146863,0.0045652984350132465,-0.00297246612934236,0.008925308255938878,-0.05179235871970538,-0.02508248199511188,-0.01923641325137107,-0.0012267348188719435,0.0067541913665009915,-0.0054487769558949324,-0.02223956352345115,0.003076949087018686,0.00020527110944475855,-0.0016641350658642105,0.00291114541339244,-0.00042276201814922277,0.009231565351223233,0.0017459258904459955,0.01901102718385266,-0.014044562216822825,-0.018340896433122558,-0.015866591843040838,0.026422066896204993,-0.01187785238183707,0.014964640818648853,0.003141726289920861,-0.0003938930850756656,0.00047816243428778913,-0.0028031580438742524,0.0007096445850091792,0.013788725687323049,0.008227869044375467
C:\RA-CLIP\test_set\LINE_HW\71000589_00075.jpg,7,DRAW,-0.09540548388157162,-0.11643278961043191,0.3359394375756656,-0.006465926888968882,-0.15154034465893937,-0.1948126823645853,-0.2056433550367956,0.00020051901686615327,-0.0060847094735881745,0.03253604613612597,-0.008062654942769566,0.05436166371673196,-0.03211753453998216,0.020079819858329424,0.0066681084498971775,-0.09025566885189228,0.04063434018094816,0.03208303219942918,0.04850159220023412,0.014365058631504134,0.032628909402798986,-0.012361638386863822,0.042647128564011295,0.05642856003665467,0.005708529998569026,0.02498782116663426,-0.0037295201350900256,-0.005668664911847515,0.027079238947817774,0.03392489014967026,-0.036424753608821074,0.018962289535677104,-0.04188256498921235,0.01692338732395831,0.04244727668934301,0.00041453903862751423,0.004728976606962135,-0.11634080768699502,-0.014440709374350671,-0.04181951324172565,0.05909933802475148,0.004946807399882955,-0.02173118870315718,-0.05367498058238071,-0.04050197223586262,-0.03699840121377911,0.02398952911796761,0.028176350118723794,-0.006201747973993807,0.011722769680166696
C:\RA-CLIP\test_set\LINE_HW\71000589_00092.jpg,0,PHOTO,-0.010989317941643744,-0.5878135043230865,-0.10920856610634053,-0.12340121380318952,0.0492430562675203,0.08403091814058085,-0.08234267078359593,-0.0166332161736015,-0.18816617950959716,-0.1584199996926926,-0.0015013539936022415,0.012370596460420167,-0.024181142628597527,0.061469886728273276,0.015284792325348039,-0.05425109836501809,0.023930851699597844,-0.03994330960987974,-0.013022856250370952,-0.020203801431325816,-0.05313618820922049,-0.04794731424165942,-0.008952066490937997,-0.013263493906781176,-0.05581960590395751,-0.0004387444508778205,0.025265992246861872,-0.1316671700398121,0.0163662243598223,-0.08001158841456667,-0.05086527726955672,0.08549827712840068,-0.07411384665853589,0.031987955964274624,0.030287641716407597,0.042219405678965906,0.05837933024529308,-0.0013902781101768399,0.0323522598124077,0.031905624034099696,-0.04167789387625215,-0.013807869742061125,-0.011419601982157168,-0.0718008463785147,-0.02897214058731404,0.019157555308945598,0.016984765767902643,-0.024838300598633564,0.03774520348645069,-0.02041414219801459
C:\RA-CLIP\test_set\LINE_HW\71000589_00096.jpg,1,LINE_TP,-0.04583629987152584,0.16189652841202387,-0.05364062489235668,0.03770822704203668,0.2555361401643312,0.009100861939258388,-0.20249617704532624,-0.022169705542910652,-0.004639333299810351,0.037324124105244647,-0.05761310509166512,-0.06198953549971159,0.049233883390832414,-0.004005334618706255,-0.01460914532919736,0.027133168274837485,0.011956385676949321,0.03951331719763049,-0.0011731711754913122,-0.010109108089021985,0.02592879956829702,-0.003841050685952879,0.007952320960384897,0.0186450569003607,-0.036843962755291844,-0.0028883100921846395,0.025768664058711265,-0.0036350366050451745,0.004540846702575012,0.002162452695566859,-0.0152389248816017,0.02249959064958629,0.034109156977054564,0.03674469310290921,0.025801434764127648,-0.037043328708360565,-0.042400219394422525,0.02504634843858929,0.029671588383241732,-0.04304329095943609,0.014434514249501653,0.006745576135341111,0.021750128516267415,0.04806243314684336,-0.0023282651143017394,0.05992410448263968,0.007191645856219511,0.01485535154438887,-0.028768466893705654,0.013450852253255591
C:\RA-CLIP\test_set\LINE_HW\71000589_00140.jpg,5,MISC,0.3249139332377684,-0.04045262996211366,-0.04570820625380362,0.2516812772250352,0.1226949026296822,-0.05674026590176771,0.08782414656999055,0.4708235591883312,0.0011673475425866685,-0.05551789338540033,-0.12016384298326423,0.22380005419710533,0.01028900168183234,-0.007196914815073414,0.02670396729330326,0.0026063558101392147,-0.025874549391668014,-0.044330269551721126,-0.0001085364509618744,-0.139600945672897,0.08781624255272188,0.00997583556615233,0.0008121364875584052,-0.009838998827192153,-0.020865238679556305,-0.01059548438827727,0.00011376595998795022,0.030344528872891737,-0.010754137834890872,-0.041427572597603685,-0.00011081451820372987,0.0033636806501719844,0.014445578800308414,0.007745965124213484,-0.005300425490301724,-0.030366402215224075,0.0012905560421662343,0.0554590875073432,0.04282793438180493,0.0006124652894411428,0.0026580100061957086,-0.050650705786340525,0.04762401687251219,-0.01456139636257304,0.07860056830967195,-0.03479015045492562,-0.033604474887628084,-0.0014957634883569512,-0.018050305616332297,0.04954809656971575
C:\RA-CLIP\test_set\LINE_HW\71000590_00322.jpg,2,TEXT,-0.01002951452015317,0.16428737490013323,-0.017338677414548347,-0.030536296603911665,0.004848589608853333,0.1718882218719846,0.03490786270372864,0.017399534636314096,-0.08642677217854046,0.09175189790970685,0.123137584786345,0.026775550089666762,0.0201565044013466,-0.020278821217537286,0.07180384641005691,-0.05365186678506029,0.06315287627448822,0.07736793714044482,-0.05593129811045161,-0.05639056775733451,-0.03896421970609483,0.04355110901622358,0.05185100025187722,-0.06077624665453836,0.012021367008819941,-0.06658573564579057,0.02334913384727279,0.0283382826506644,0.028588646949815878,0.03125219843115872,0.04441949144777671,-0.00777833079596362,0.008840571254600473,0.014433619543619958,0.013617872046026325,0.001898504634203326,-0.020063667928417635,0.01889908113079105,-0.016398558559739033,-0.020366021111961938,-0.037301592638233176,-0.02871820124666664,-0.020703751231170447,0.002341157774782432,-0.01793933948435636,0.02813910673275433,0.03474170007292895,0.0014041004189069765,-0.012037586365799246,-0.018765282113492772
C:\RA-CLIP\test_set\LINE_HW\71000590_00468.jpg,2,LINE_HW,-0.131023078074904,0.18348925304497943,0.02763377019865645,0.04945326142378861,-0.029491701987125977,0.08521837030872256,-0.0633069818385962,0.009120952799959645,0.09329661131564751,-0.05302191864380923,0.01789785382473546,0.033218650764376946,-0.010911544497732257,-0.005854778054438472,-0.013124101926164792,-0.05932069324948349,0.034159815992633104,-0.08316340118372464,0.007909078886939406,0.022552362628234356,-0.036079637589807735,-0.021242601411072766,-0.0004652825276386078,0.0018520729576620907,0.0011299985454828784,-0.015126576857213598,0.025567692728548943,-0.0007899955926819928,0.03781667976567767,0.024661757691961776,0.08543452819834974,-0.012977523594131124,-0.05429482180989038,-0.021309384938191473,-0.023730109971428787,0.023468685143189772,0.016739389957507893,0.029701426209464445,-0.047262679235951045,0.046876575451764796,-0.02007269962228055,-0.024862378829459117,-0.023788064184394875,-0.010199589387581259,0.008463189262568917,-0.0074522376570349946,0.01477228586669172,-0.014626504828563059,-0.0021752191485811256,0.02374874661225989
C:\RA-CLIP\test_set\LINE_HW\71000591_00036.jpg,3,LINE_MIX,-0.25719932158828,0.07030627265164754,-0.21019589196202607,0.028802034592872408,-0.03212870710330202,-0.16571809473266114,0.09447287386299849,-0.03418917434634171,-0.026462280439882354,0.013962100442758267,-7.950233192044184e-05,-0.004971315538639459,0.09301217922873119,-0.00772673228271973,-0.02502464616898533,-0.009752069784358329,-0.017344974003295793,-0.006485249082170822,-0.009784100653933573,0.008011849754166966,0.02973553459548391,-0.008976597247240318,0.03872445106798605,0.021462537718960045,-0.011731494424804853,0.02304266484732805,0.007719386364663504,0.007270609722116995,0.016209048668128508,-0.004977506201518189,0.008352660673330936,0.009486409198891214,-0.020659023862842067,-0.015437964738504664,-0.00818479007498291,-0.003068798095420823,-0.008884883713793501,0.01691745097223547,0.014403184470263113,0.01978041972654537,-0.015049039774269302,0.0035250583288286533,-0.013824608267769005,-0.010320803467009164,0.0016030931912362637,-0.0005809652246616025,0.0052065857208137495,0.0006231768562410349,-0.010113985577358115,-0.019142884650773954
C:\RA-CLIP\test_set\LINE_HW\71000591_00072.jpg,2,TEXT_HW,-0.10935592549180427,0.012133048432337958,0.07116881773648105,-0.024447827379288883,-0.023610606422229587,0.10794627410248679,0.06169181133774081,0.027795203894900686,-0.004738372959999648,-0.03543132407069395,0.06514249461102814,-0.0820364834913163,-0.07794695518946329,-0.05778849461768818,-0.007296523547623555,0.11047608872732328,-0.04743599508693031,0.05237111853436346,-0.07001908338283974,-0.048920497697930075,0.06701745216482712,0.08573143271393904,0.07301087135003587,-0.04109736525432212,0.018444202399881173,0.02864162678047259,-0.04934240005288062,-0.05802879845333985,-0.046480506155396444,0.002604023376527414,-0.03743615498776591,-0.025340836651579407,-0.02509501937868802,0.0380345720417375,0.020006555903271182,0.04423202696614468,-0.020844163155218556,0.001743574441683999,0.033004088232780025,-0.07124308619463496,-0.001114893149877279,-0.029608587603499766,0.02660768264590337,-0.0240197424069799,-0.019966062926696632,0.025400635720003617,0.02882217762152931,-0.009772241525625594,-0.007989242422670548,0.005694446342640818
C:\RA-CLIP\test_set\LINE_HW\71000591_00162.jpg,4,TEXT_TP,0.5803639263345906,0.1511488389866481,-0.12316639102815347,-0.2560420157759709,-0.08681937057783483,-0.011482230072413691,-0.031217714684842975,-0.008008007781171337,0.09387556416135924,-0.06771565780216998,0.06378349183653524,0.07191249736920545,0.10131182725851742,-0.024937865176533736,-0.07836319993235868,-0.004411242326169802,-0.05712626401675508,-0.03472637227619099,0.04241372197602459,0.040662630977644096,-0.028847055102007392,0.031245426842886448,-0.005927770166390082,-0.05797704107887462,-0.0019954270501851487,0.008180288918471636,-0.01597087322260006,0.06565632980228844,0.0445145817677932,0.003560628224711925,-0.06715695625579979,0.0386194336819457,-0.02613985158328192,-0.011703246599462177,-0.011041223435774258,0.02422617609772757,0.007428368266359763,-0.012169217461095908,-0.017220794449938032,-0.04143287285787824,0.037381640211905307,0.04051712093660948,0.050162243966974135,0.001660284886727154,-0.005500868607181707,-0.04535912467565622,0.010109943101919852,-0.04876286395354393,-0.021895245454529918,-0.039295342107881985
C:\RA-CLIP\test_set\LINE_HW\71000591_00221.jpg,8,MISC,0.48774273694616077,-0.12760730495459233,-0.146113232333982,0.21431572186740505,-0.022810380266760598,-0.05197629823271432,0.04408558573975186,0.188453185863473,0.20956373502295567,-0.07292954877303238,0.1158776988442277,0.09575009975862635,-0.023082728287914488,0.3909482963371461,0.048323427240684745,0.2293694724682573,0.15206528744862546,-0.02925771499604055,-0.14277926101058064,0.09947357709180926,-0.009398836548117925,-0.30760441374767594,0.15371027677033422,0.045714950258696575,0.18066076974278394,0.1071655542787412,0.07999566125547719,-0.03147386849052421,-0.02001846534598497,0.08441645925609315,-0.0871808442037963,-0.06720214650480859,-0.008441335775054676,0.010752649334600139,0.03648747631557878,0.05068021819987231,0.025356445626874405,0.04846121025671812,0.010811628599314232,-0.014983956253278632,-0.03278095136674036,0.013385673562212133,0.021193332315614245,0.0352620025362431,-0.0315653755005846,0.013567291354980268,0.021212276176475586,-0.004187563613930042,0.020724537101397367,-0.01951343602039391
C:\RA-CLIP\test_set\LINE_HW\71000591_00271.jpg,2,TEXT_HW,-0.05384912416225148,0.05597962592353253,0.1197335881755502,-0.059730441797529996,0.01760722299690083,0.14346853197145198,0.07175386564069289,0.02004992570110587,-0.017322533532051466,-0.033139753926802046,0.04916042395350878,-0.06491134183675577,-0.03862148120931116,-0.0093273011666266,0.018483163039857416,0.09828510822396672,-0.06408909622122105,0.012831008503743444,-0.04307653126081943,-0.058147436663891494,0.03260163727616471,0.08895499679639787,0.029258449383870493,-0.00938394857108259,-0.017099922105472114,0.0659313589745206,-0.007146548339967749,-0.04009608440825356,-0.012282622934269708,-0.010509206648297426,-0.004024415466326538,-0.01259047833420259,-0.01145161751891085,0.004964795684570294,-0.022973096909815506,0.06273652420246457,-0.020504084032907426,0.022366208388244643,0.04274498825708769,-0.06054631835897184,-0.021980143539379948,0.02996583622759999,0.014151235293370186,-0.06812993969594135,0.007114623604230396,-0.016795591164551135,0.025292388434374053,-0.002140636656359156,0.031591483398400705,-0.015803065683118938
C:\RA-CLIP\test_set\LINE_HW\71000591_00286.jpg,6,TEXT_TP,0.07498420745473994,0.048301780635998916,0.18793208994047542,-0.12117354502533063,0.2710255267303284,-0.05731876034922055,0.15332089098104454,-0.06950669819837019,-0.0010379561089290312,0.03367981123191618,-0.02989849322191786,0.005963029587541474,-0.03230797798912489,0.007128587119961332,-0.026028645155456463,-0.022560447985446933,0.006260161465647178,-0.020945662249721966,-0.0010590673948299041,-0.012672411009164632,-0.020537722156263694,0.002465035396822697,-0.023533720012790593,-0.002516955324022937,0.028380546208344404,0.017793153330725626,0.026070805526470422,-0.021309217392898434,-0.00776672538183366,0.020965126400872836,0.027778649851663624,-0.02246507403514496,-0.003787075693371827,0.028293827139209048,0.016208707792873242,-0.010603479046668612,0.002480690339816935,0.0186142914401321,-0.041242468117761354,0.011683436249693386,-0.012965898388058384,0.0029500540754672446,-0.031124209504775225,-0.03228791058591871,-0.015322804242157819,0.0017287901771526745,-0.025162281565760006,-0.002273281210329106,0.02169828894197353,0.030219683516874835
C:\RA-CLIP\test_set\LINE_HW\71000720_00466.jpg,3,LINE_HW,-0.2585692734932938,0.1599759353447576,-0.1362868025450869,0.05172980764601896,-0.032728392113322825,-0.03518578270344565,-0.06843829045206719,-0.030140981647815455,0.029536440076691404,-0.03518855266231945,-0.03608608252588848,-0.008966217952332151,-0.020112751724459744,-0.01566497352594367,0.013381888764232219,-0.0665807020546937,0.016173431150019037,0.008399509727236042,-0.02751464330826713,-0.024642919314615416,-0.027365692516855247,-0.027984387248388365,0.021157079428434634,-0.00943679622606031,0.002018715108588647,0.0007217113457295277,-0.012276628411189126,0.010775043657676153,-0.0001998916000842193,-0.01670274166166423,-0.012128054202200481,-0.01685559603880308,0.030198214103391935,0.023314426472930024,0.032177309237363706,0.003969954333605802,-0.00872476806337465,-0.008163342443605148,0.022578874693989472,-0.042129659711197975,0.012884803399136295,0.003609495087729056,-0.010889853622411703,0.017085720804189224,-0.01389331454619715,0.008314354605984894,-0.018828696871465746,-0.015885400912298394,-0.02324859706929353,0.030545125401203934
C:\RA-CLIP\test_set\LINE_HW\A0039192_00010.jpg,1,LINE_TP,-0.023252068302250548,0.19193505961032148,-0.06485898108431536,-0.030762393768701022,0.25770632794105847,0.0420308533720757,-0.17010697680994402,-0.023708724867096794,-0.03200938150996802,0.04716223437637591,-0.04884022510741809,-0.042622434844014095,0.048420691753754456,0.010433018290299138,0.06711791787081593,0.03357849915459585,0.005033309758237564,0.023712873046473824,0.009053017243904615,0.0015577052230835641,0.05003632573191555,0.009944044701650579,0.027935812687986387,-0.0010197723442262748,0.02142094801021745,-0.01927804551756326,-0.015449248448977224,-0.01450702919732452,-0.007101589982809115,-0.003240892453102364,-0.0030276631529746758,0.009490722778004503,-0.032479029033623465,-0.0023288491458297693,0.004934223227018579,0.05309165181317233,-0.0020297212802854693,-0.000777151736944509,-0.015731292669219514,0.0075334660358125066,0.03864323370855351,0.009064059001824425,0.023675724662573897,0.02188424406639461,-0.0025473378148218183,-0.013071947380068775,0.0064614677368654795,-0.015091795274482128,-0.0007626832792782879,-0.010010006556795499
C:\RA-CLIP\test_set\LINE_HW\A0039192_00019.jpg,2,TEXT,-0.030782059928576928,0.08256259539949722,0.08234658200514006,-0.003471782889837095,-0.008013310282772815,0.18531412865728655,0.03318732964602481,0.04079214425109157,-0.07028654303734594,0.08170590171166885,0.17643805823641878,0.007047686601993607,0.01027756341201234,0.028550207022964874,0.002155826520178548,-0.023870565336901347,0.05056001203675071,0.03516119528868252,0.026548720358868357,-0.03545351808901508,-0.038706611595513196,0.027968496599580648,0.06828888048012194,0.028890243733651635,-0.006708454423303356,-0.04847480054230831,0.034243657763497144,0.02141389751562511,0.0403563111658325,-0.016951332253345976,-0.04469764623255292,0.00928013872925799,0.05281176037851733,-0.05067600025818943,-0.04306572340210417,0.04415670098780676,-0.006165771529774044,0.0005953136919478387,0.0033820555795031136,0.04199469570176074,0.010975438795434332,-0.026195926163868778,0.011072607195600447,0.006972516062242742,-0.012932361032882535,0.014731484813403948,-0.028240792468982177,-0.0015991515404314436,-0.010167730691725023,-0.010810338710088314
C:\RA-CLIP\test_set\LINE_HW\A0039192_00038.jpg,0,PHOTO,0.012332849322750219,-0.562663486485543,-0.1813648011143342,-0.05217007529642197,0.02404032769014577,0.07855280482483676,-0.00010344441442622753,0.04869695121515484,0.20431314952449373,0.1379805743162234,0.018076107518437315,-0.00424917930455947,0.027423055890814306,-0.011467104973748393,0.06943436474501512,-0.08803734155467513,0.04543409425452399,-0.03557890074589807,-0.06189490459777793,-0.03069048604055666,-0.05546703966096385,-0.046395234332949,-0.06077812141784994,-0.03772778390834247,0.019174293844319394,-0.00932457830304906,0.06217101477004898,-0.08564609072418236,-0.0171797642067615,-0.03903915968531305,0.050572792410831215,0.10443072436288818,-0.057787247906643927,0.022434183722472745,0.05211259064915864,0.006299575237804869,0.045090532475265954,0.0338325129401727,0.030038404020217197,-0.013405624378533241,-0.04642919962618531,0.0378392801057331,-0.01742208600839041,-0.03273591286501829,0.008505311031791295,0.016753478201673173,0.008540350896843843,-0.005297594824723336,-0.04647519716680153,-0.0020857935189589425
C:\RA-CLIP\test_set\LINE_HW\A0039192_00047.jpg,7,DRAW,0.019376607768016602,0.007435989081401529,0.2872718392463662,0.055234786913568354,-0.05712299942470853,-0.12100672697873731,-0.07370827392038913,0.006263063618314706,0.030074866919905196,0.011871683086430893,0.08762783498249084,-0.03367453004838246,0.021530983462089377,-0.022530239519904058,-0.02631181969027308,-0.00919177343930645,0.08290268939384692,-0.05068210932360965,-0.06713362889197023,-0.061265760225585116,-0.014024499919821218,0.0834341488701655,-0.024814985720746217,-0.03435679751798524,-0.038326020176072985,0.006645666856583592,0.06569331746458018,0.06919942361018912,-0.023925535315143447,0.08652510616378983,-0.09326081382985,-0.03890261895558135,-0.031990764146778414,-0.04270694468312595,0.051431636589996534,0.0008064897501431078,-0.0066927270801659415,-0.04815472521010537,0.06978082058269762,-0.0419169373512049,-0.046931123895307,0.04302185710662912,-0.04496928204410852,-0.04521268801050253,0.10611113546205667,0.034290946364132865,-0.04854681400681859,0.002057813480754593,0.03618527068950598,0.01995799335211111
C:\RA-CLIP\test_set\LINE_HW\A0039192_00066.jpg,3,LINE_MIX,-0.25719932158828,0.07030627265164754,-0.21019589196202607,0.028802034592872408,-0.03212870710330202,-0.16571809473266114,0.09447287386299849,-0.03418917434634171,-0.026462280439882354,0.013962100442758267,-7.950233192044184e-05,-0.004971315538639459,0.09301217922873119,-0.00772673228271973,-0.02502464616898533,-0.009752069784358329,-0.017344974003295793,-0.006485249082170822,-0.009784100653933573,0.008011849754166966,0.02973553459548391,-0.008976597247240318,0.03872445106798605,0.021462537718960045,-0.011731494424804853,0.02304266484732805,0.007719386364663504,0.007270609722116995,0.016209048668128508,-0.004977506201518189,0.008352660673330936,0.009486409198891214,-0.020659023862842067,-0.015437964738504664,-0.00818479007498291,-0.003068798095420823,-0.008884883713793501,0.01691745097223547,0.014403184470263113,0.01978041972654537,-0.015049039774269302,0.0035250583288286533,-0.013824608267769005,-0.010320803467009164,0.0016030931912362637,-0.0005809652246616025,0.0052065857208137495,0.0006231768562410349,-0.010113985577358115,-0.019142884650773954
C:\RA-CLIP\test_set\LINE_HW\A0039192_00067.jpg,6,TEXT_TP,0.11538942398411918,0.052142928858458136,0.1810187491787201,-0.12819456234691856,0.23943215789071576,-0.08325377316823213,0.17294741629504753,-0.10631530860548291,-0.025602078161818472,0.03265539615301029,-0.0624506382487679,-0.00547101106613377,0.003890656324642474,0.005705416725621918,0.008774556445265034,-0.043067381855046716,-0.009240957151061267,-0.038734867305343125,-0.0053876956047490135,-0.026751551667860064,-0.0028850861597687805,-0.011343484588821472,-0.00956906741381219,0.023001442621919558,0.038230958627080855,0.023405764998128114,-0.006785707771862796,-0.027270362464062104,0.008177651313053128,-0.007565067682532919,-0.0019510677724520406,-0.005074402715580303,0.03771092131790429,-0.010055779833049809,-0.00012984115904891884,0.01221016070421803,-0.03455684930772245,0.006807942131985347,-0.023870452480547682,0.012904390897324576,0.015506394040617476,0.01184173509560494,0.03948693460729469,0.017081976773537375,0.023484361769273144,0.024854445140924566,-0.020173044454209584,0.02745173110101044,0.01923540418663157,-0.0020830000569041175
C:\RA-CLIP\test_set\LINE_HW\A0039192_00080.jpg,2,TEXT,0.06588431294658445,0.07272383644602028,0.13249843177034468,-0.09766296255128327,-0.10545588125517248,0.2276332327907498,0.030366383444984997,0.01506373145282063,-0.06782063152340131,0.07842067789370846,-0.042535351637295056,-0.024122579337274932,0.17922700773105188,0.05606739562528319,-0.06606106367619202,-0.05116011519082034,-0.013312246313523537,0.0651853017571057,0.0016053941735584872,0.007419107035516041,0.02035992127945112,-0.04244736469716422,0.03838161818933124,-0.021652335153070208,0.037816331999587935,0.011625972475938865,-0.08000915470095639,0.0034103530063703336,-0.020230619424537428,-0.02076749096435478,0.03994804688269419,-0.002850243343408194,0.014011037289062925,0.023357316263863316,0.016307759916740574,-0.04458872375870586,0.040238560584994386,-0.00437418873287378,-0.006676274469965753,-0.0289528091937176,-0.05028542464110115,-0.08995162874740285,0.01225523028824157,0.023544594153672518,0.02122183838530292,-0.034245060527201054,-0.036994727404022834,-0.0012874778423095574,-0.012711604913958768,0.009388504073124932
C:\RA-CLIP\test_set\LINE_HW\A0039192_00097.jpg,7,DRAW,0.07806869618166333,-0.144707799810423,0.29252225399970266,0.05826773973036668,-0.04170643545995202,-0.1906106647093132,-0.0356267301423796,0.06975911175212804,0.0026268802482243762,-0.0784167024776468,-0.005818205645762733,-0.09955880867355879,0.06190392245065397,-0.043260957964028506,0.0197955061710538,0.16639567870975303,-0.03758315520194357,0.1280254793341609,0.11675406334224737,-0.07398586865593526,-0.1878470978519552,-0.13984781266079047,-0.02792931187345246,-0.12585360023082995,-0.0570994158585073,0.033416761787019134,-0.012556222971068863,0.04345954925851376,0.010134205391753347,0.04709105489330138,0.08603382275107292,0.0335126857839622,0.028938756132687215,-0.04058791774219267,-0.057182177780775126,0.013352168728211768,-0.02456898081844615,0.019511694470662005,0.039941116744471705,-0.014937226674310255,0.023019717178649333,-0.04498995265554969,-0.0126196441068868,-0.08614096421806572,-0.013127293723640458,0.012834995967976649,0.007124932361014077,-0.11749016916456988,-0.041166511963137586,-0.016586483999376164
C:\RA-CLIP\test_set\LINE_HW\A0039192_00202.jpg,3,LINE_HW,-0.2683476857113648,0.15532103297742195,-0.06406477283888729,0.053042390538818075,-0.07556441017251604,-0.028840142481892934,-0.0028871328110966713,-0.016167861853957077,0.04021550481345646,-0.07064397307840378,-0.03465729815355253,-0.040331541777189915,-0.024831628778918848,-0.006102857328694486,-0.01225688208467832,-0.04141628936286874,-0.030869181149050153,-0.01741788719202255,-0.008547858925142813,-0.010263460426420803,0.000419290111760626,0.01028831196734442,-0.0063124678948599106,-3.150519349683291e-05,0.047776942463639116,0.016194789644934714,-0.01864421947656681,-0.0030273496118363575,0.0362802119785901,-0.01336766640551601,-0.018345816562861557,-0.004978627104831707,0.008531801719680031,0.01589448825325215,-0.0010851198927095149,-0.0009844066574926148,0.007573374431521356,0.004139971714808399,0.014919109975487108,-0.002624530339420738,-0.016046656700822066,0.01083926430357167,0.033981714816293994,0.018147312235576665,0.0022373972614944753,-0.017256522925824615,-0.001347458890610376,-0.01946910191878188,-0.0009063119073690071,0.003096779414202025
C:\RA-CLIP\test_set\LINE_HW\A0039193_00018.jpg,3,LINE_MIX,-0.2753818682251171,0.08829194425089429,-0.24801958543553446,0.04233010275816823,-0.03768523314161683,-0.15267316434991932,0.07948234022904534,-0.018370772692326672,-0.011486824145413632,0.008279578045434997,0.029661125071226303,0.03472637317815876,-0.028293585261776413,0.0204576506166853,-0.012013387930746976,0.02502529046464434,0.028490294224861226,0.027409892193706282,0.009167371454146863,0.0045652984350132465,-0.00297246612934236,0.008925308255938878,-0.05179235871970538,-0.02508248199511188,-0.01923641325137107,-0.0012267348188719435,0.0067541913665009915,-0.0054487769558949324,-0.02223956352345115,0.003076949087018686,0.00020527110944475855,-0.0016641350658642105,0.00291114541339244,-0.00042276201814922277,0.009231565351223233,0.0017459258904459955,0.01901102718385266,-0.014044562216822825,-0.018340896433122558,-0.015866591843040838,0.026422066896204993,-0.01187785238183707,0.014964640818648853,0.003141726289920861,-0.0003938930850756656,0.00047816243428778913,-0.0028031580438742524,0.0007096445850091792,0.013788725687323049,0.008227869044375467
C:\RA-CLIP\test_set\LINE_HW\A0039193_00021.jpg,1,LINE_TP,-0.05336273969338854,0.2022457173979377,-0.058683281868921806,-0.015161874830750138,0.2120936110034864,0.12550944174060208,-0.19613401055102092,0.04505333093825195,0.00317156755434128,0.05361828153412948,-0.008202898511693027,0.028528361495091054,0.016599507348244943,0.05595901354090793,-0.02065932724977405,0.05714383775800386,-0.014583381794689657,0.012783758064013438,0.04215300409297642,0.0071876110811390555,0.006703968779961883,0.003536630960290039,-0.05373631225248106,-0.011414584201774679,-0.03908262206315915,0.04031764287783503,0.053730935130412195,0.020801774985972975,0.04624645938698469,-0.022182427631022125,-0.04207393030393123,0.018378586901187953,0.03181839888079305,-0.016540809531654918,0.0027489887190011845,-0.04273304032878219,0.01061654591465803,-0.014088199727825762,-0.0077762124388153,-0.008513672411007037,-0.012921777238414752,0.0316380501355922,-0.052077639709065926,-0.028157367740072426,-0.002854808197502144,0.028667882190155234,-0.003752960314471376,0.010555178817252705,-0.001649684073371134,0.020738326750025727
C:\RA-CLIP\test_set\LINE_HW\A0039193_00028.jpg,0,PHOTO,-0.0014390759416199946,-0.5103017061571191,-0.05633570962507221,0.02384121383595599,0.022830617617914904,0.06355449579839498,0.03354841575012101,0.015671631049526884,0.2267851873428168,0.16018254457883851,-0.011674003722068067,-0.0463419853840007,0.040873505937056895,-0.029389940594723316,0.014244043493033643,-0.04785338558010368,0.024508289243301073,0.01716586908112637,-0.01884351439320801,-0.011240164071839327,0.01602103003727497,-0.012284497509819678,-0.012749789867487349,-0.03961054440114114,0.02317738814537732,-0.029543345609744837,0.022988186158776968,0.026557999601581145,-0.004516283318374772,-0.01187928509705516,0.004892311130361922,0.04310906505962773,0.02656569271259417,-0.006805132565615927,0.07008672109301825,-0.0013185203509838083,-0.030178949070947897,0.004631420324661121,0.02671165840781806,-0.04313636691623842,0.03304435729593646,-0.04382340846033797,0.04668059006784838,0.005632950718568358,-0.03038886188129857,0.02802028504496162,-0.011246931469837152,0.025028885693979437,-0.026419904394670343,-0.03583099801424683
C:\RA-CLIP\test_set\LINE_HW\A0039193_00040.jpg,4,MISC,0.4082950412199975,0.07837035635311695,-0.2457715860726504,-0.002066735830436405,-0.19155826635455778,-0.015368715901799633,-0.053821865133130586,0.08994591127870183,-0.19810940308137528,0.2799157850610636,-0.15267106267282535,-0.06322060887137237,-0.13556742492076096,-0.17214713971513335,-0.05679465073122476,-0.033186604644749214,-0.0001836090909499198,-0.13206926451238413,0.10469810890822694,0.028754626430483682,0.021075171174913983,-0.02775996815291104,0.0976125462178636,-0.04727798714337864,-0.03823530802503831,0.06765520527897442,0.08768784167262217,-0.036459031820780405,-0.08104659742867142,0.14020310643978626,0.04590805168664769,-0.08383750510584578,0.0416024168665504,-0.004795907967428946,0.0076845555608885405,0.017658392687635173,0.12684775016416183,0.06112362012442554,0.13833829869516093,0.0534736992214483,-0.007354326454116474,-0.0030271122965473338,0.05131876064315583,0.053744090588114496,0.013008298038988347,-0.02994521477256346,0.030639659669299414,0.006626434473693241,-0.016697761062856566,0.06615283591801699
C:\RA-CLIP\test_set\LINE_HW\A0039193_00051.jpg,3,TEXT_HW,-0.2669054051936743,0.17304977815848935,-0.11560645212565548,0.026445257173932247,-0.0230001960834413,0.02474778144704971,-0.030145292435739632,-0.05168160826285443,0.061440974728314036,-0.09089956781284157,-0.03350620417245796,0.02591097967677579,-0.06021413238295988,-0.01880620260896438,0.043966273320810774,-0.01966489904297719,-0.04696741487726338,-0.07429040499180323,-0.0016395703123070666,-0.003100967479512681,-0.015164074540138761,0.0506707238140786,0.0023485049435418796,0.002718899634209752,0.06712228378127345,0.03310104851666744,-0.003426503479925992,-0.030393955410167373,-0.012048938883312273,-0.024671539818453898,-0.05461734396595515,-0.017454883103120662,0.06739365768934724,-0.01923295270866382,0.01728752662475927,-0.044974308897758566,0.022803868947888686,0.0074831334503761325,-0.039287246829709625,-0.04347671706324415,-0.008384347409208293,0.023145943305556353,-0.034162528261255105,0.019894702387194915,0.026536745309600523,0.021545114405021635,0.001164614240389018,-0.047421229310488436,-0.03244786196437053,-0.004958921115867484
C:\RA-CLIP\test_set\LINE_HW\A0039193_00091.jpg,3,LINE_MIX,-0.25719932158828,0.07030627265164754,-0.21019589196202607,0.028802034592872408,-0.03212870710330202,-0.16571809473266114,0.09447287386299849,-0.03418917434634171,-0.026462280439882354,0.013962100442758267,-7.950233192044184e-05,-0.004971315538639459,0.09301217922873119,-0.00772673228271973,-0.02502464616898533,-0.009752069784358329,-0.017344974003295793,-0.006485249082170822,-0.009784100653933573,0.008011849754166966,0.02973553459548391,-0.008976597247240318,0.03872445106798605,0.021462537718960045,-0.011731494424804853,0.02304266484732805,0.007719386364663504,0.007270609722116995,0.016209048668128508,-0.004977506201518189,0.008352660673330936,0.009486409198891214,-0.020659023862842067,-0.015437964738504664,-0.00818479007498291,-0.003068798095420823,-0.008884883713793501,0.01691745097223547,0.014403184470263113,0.01978041972654537,-0.015049039774269302,0.0035250583288286533,-0.013824608267769005,-0.010320803467009164,0.0016030931912362637,-0.0005809652246616025,0.0052065857208137495,0.0006231768562410349,-0.010113985577358115,-0.019142884650773954
C:\RA-CLIP\test_set\LINE_HW\A0039193_00102.jpg,1,TEXT,-0.02625943508530012,0.11079482083264196,0.005911983287279515,-0.025139169268216893,0.08372033336869593,0.03716750007663699,0.05151843276034756,0.0956754778312753,-0.16241646984807198,0.135397629214945,0.1752390441606439,0.03298405816094012,-0.010556248138521336,-0.17702891413818747,0.13592008745007716,0.026281336747814445,0.04365281503349393,-0.10208514822092046,0.07866084141366937,0.09890084795491261,-0.06619147830004392,-0.09916669078496207,-0.0731813957712207,0.15464608989322687,0.04092435974363462,-0.019599819444501423,-0.08490414374254703,-0.026947554984280763,0.05333284116943534,0.006561064726847814,-0.01125420416359297,-0.011936205902525176,-0.07247679283560718,0.04559661004739041,0.004568556222126524,-0.03983515527819004,-0.04062471251084671,0.011918795109860764,0.028148553936413336,-0.07372486719210848,0.009933586840517459,0.01898534415221126,0.004983397490913352,-0.0351926945920665,0.011108808465863729,-0.012738076452406077,-0.029619098424751165,-0.010872176433767358,0.009306884340109981,-0.019770872400745234
C:\RA-CLIP\test_set\LINE_HW\A0039193_00128.jpg,0,PHOTO,-0.07229227782420927,-0.5771510222956522,-0.15146661689336682,-0.01109707846242481,0.020358384452500048,0.06660946846037757,0.0034508962728310778,0.03956877156022224,0.25167298753579775,0.1444417827052691,0.04201758039857529,-0.004200450761541867,-0.04036790559594374,-0.02047549344517748,0.013685171058743497,0.005409418415649093,-0.055294243793568405,-0.012719205946849438,0.02951878245944232,-0.007039345559548737,-0.04115090788785855,-0.010321708581695534,-0.015505068799432668,0.015472238415230415,0.0011987364538146859,-0.043519773576674387,0.05716281744022362,-0.03448895410127674,-0.04804756605314237,-0.018417929027221495,0.016856168927385756,0.04531007521281317,-0.04356770455895972,-0.02275525942269798,-0.005401600811187738,0.014262936411966541,0.03806879928637766,-0.00040798611401591823,-0.022753939412796978,-0.02250777940407459,-0.028803685815863383,0.05932026505381497,0.01756067547162014,0.02113699824557192,0.02173544467963997,-0.06189108243510581,-0.035892548785093376,0.014430908303937765,-0.013685498919659792,-0.009025172708114539
C:\RA-CLIP\test_set\LINE_HW\A0039193_00129.jpg,7,DRAW,0.08737601638432839,-0.08875575101974476,0.30739166155125774,0.0653493524376148,-0.1523261556871504,-0.10979155594482826,-0.1434745501417888,0.0854646156686087,0.01122361357326764,0.0626521531451146,0.07575122261835954,0.08659198463152172,-0.08964660266083696,0.012187104219130196,-0.16538559770380612,-0.050490060415056895,0.09176697117678792,-0.040277742226718434,-0.09142421721343123,0.06925758932494072,0.10327865097314004,-5.563171484476591e-05,-0.0941002643582628,0.009974839884739007,-0.056283593155982505,-0.020002589098855415,0.0664575014688746,-0.07007389818440043,0.04136423035262904,-0.07452073802454381,0.07990577371109514,-0.0015970351054860703,-0.005436192214884583,-0.027764152592919367,-0.02732614875211085,0.0786675462337925,-0.07446692128154078,0.11476954632941092,-0.04199360743731451,-0.09190168220148646,0.043125055537924555,-0.06196202633487012,-0.07546584137260473,0.020582078689518238,-0.01337408084081777,-0.036442400682540343,0.06034041426222577,-0.01335281815607818,0.03495969886751555,-0.03298519303573153
C:\RA-CLIP\test_set\LINE_HW\A0039194_00069.jpg,2,LINE_HW,-0.27142466047174507,0.14288905645533911,-0.039500095580498086,0.03804419847691022,-0.1252358919926997,0.02595670072934185,-0.060915512837416676,-0.007069238884902789,0.04500682149357913,-0.03844780334108689,-0.07709568176258624,-0.022440118291911556,-0.045127388330645175,0.019204167701094395,-0.016316140019750198,-0.08920835706633229,-0.029646599566879633,-0.004638270943763388,0.003908967298700752,-0.00562946517797939,0.00902238951022664,-0.05335072192401283,-0.01445719663171467,0.014972715027560328,0.030691440524402917,-0.011585190056909814,0.013180211305454671,0.008622766788651573,0.016383559104185347,0.02503437802263253,0.018494235919840653,-0.01732842967004819,-0.012148481246905032,0.04114691820820924,-0.023940712629711817,-0.004771633031445878,-0.009780720114927066,0.0014503174297530966,0.020026336263799,-0.013496681324751791,-0.008222789259214231,0.023034825257020768,-0.023413149800049635,0.006371351043360906,-0.0120884546764082,-0.0040678432496660194,0.00029894105057541993,-0.025856075786725243,0.009147315161744291,-0.003600488779102133
C:\RA-CLIP\test_set\LINE_HW\A0039194_00115.jpg,6,TEXT_TP,0.13565018951669341,-0.005643420108516522,0.17819217444596494,-0.13098765594652642,0.3140383415123327,-0.12380274819944405,0.14476794290118683,-0.047074049788703165,0.0015955834224923963,0.02669063666918313,-0.006953970458749486,0.05311919521472644,-0.08838437636086993,0.03238485126987148,-0.08817638796206405,-0.048050397771011215,-0.023752669102318207,0.0068622751609754085,0.010854320541551858,0.020683322997111897,-0.04773490034503718,-0.04673247065470543,0.006702170896378521,-0.03137149132886899,-0.035289584378554485,-0.028970315422395806,-0.005902398978256354,0.04529710440441396,-0.015488336158026295,0.010616206745181178,-0.018455486971857983,-0.0038024110066550805,-0.00927772098836339,0.020115560001421187,-0.010391204615122848,0.007988062643098199,0.022028884228583425,0.0007981327424204504,0.024046067533867482,-0.009420039623327669,-0.01644802456525716,-0.022805725038645724,-0.027831444933033342,0.0004519157904338457,-0.014554861125175253,-0.017135823663640044,0.04114803187361692,-0.029956079857102073,-0.01253449101709933,0.005914367029823984
C:\RA-CLIP\test_set\LINE_HW\A0039194_00170.jpg,1,LINE_TP,-0.06593997122087215,0.14114838309431113,-0.014963259590168646,-0.04894034976417037,0.2595700101053547,0.01876744248145205,-0.13501097842721071,-0.05492327028615065,-0.005252432123065161,0.004951322135482666,-0.04052519570271655,-0.009776672722512588,0.01660982038811936,-0.02891158452237251,0.0706443061701544,0.0512663241591895,0.025742916436755237,0.014113769164108126,-0.04893369000673221,0.009610967161693428,0.035977886527008854,0.024538083319865366,0.03911557707513291,-0.011112209663902691,0.03425777579280622,-0.00681407869603287,-0.0755600898436789,-0.010515747682137946,-0.03876934659760046,-0.00361252511353718,0.025178634460702082,0.0031767820587853494,-0.06813475795065889,-0.008777077324753397,0.008050380959774547,0.05230755415438973,0.03595207126595576,-0.013902333027545606,0.024538499676108754,0.025057020408395907,0.01993107151835775,0.004971940385695868,-0.007883993242340405,0.002688516492102216,-0.0071260041773725845,-0.01956074357385004,0.0053550970052091236,-0.012445413461339563,0.0011226276346237825,0.011447823871060383
C:\RA-CLIP\test_set\LINE_HW\A0039196_00032.jpg,2,TEXT_HW,-0.1385782001014822,0.10412749120663975,0.12332531849978313,-0.016764213904745535,-0.13091199148788377,0.18958726460858893,0.05591004485930912,-0.0004018417189015212,0.0513341563806722,-0.059179746007109825,-0.025470502534339474,-0.02583842566375355,-0.055043540984057004,0.030991990163498056,-0.00578082843994124,-0.03888350174071211,-0.04684424597623971,-0.007586983320283007,-0.014110379325136493,-0.01474934909063176,-0.0034017441931278375,0.015891288404362207,0.009774205770991754,0.0059565813603492555,-0.004181300914295098,0.01998532819877016,0.03300588701367295,-0.01728834650966155,0.0055284325004145655,0.017814905109860085,0.031168195775595642,0.004565296488900363,-0.015411223129042811,-0.013529674724490293,-0.0312894615415222,-0.00779421256537159,-0.012668124619590299,0.008192992744357308,-0.012469087345714462,0.00748188568618411,0.014398838805114195,0.021955909516303523,0.02118374647237585,0.0026785050993004627,0.0017773451334307346,0.004604012823895477,0.024475244052957753,0.012005836005525308,0.014754473015038445,-0.00505039841394024
C:\RA-CLIP\test_set\LINE_HW\A0039196_00121.jpg,5,MISC,0.5462621359467821,-0.03627443522828798,-0.02768503150626152,0.5150174456870628,0.006242297761950871,0.0803576118630934,0.03937759893340221,-0.19405724788575274,-0.0003906435548489791,0.010267307632286705,0.0008075097218230587,0.0496781468859208,-0.004606422037805345,-0.03129720086759395,-0.0057785217167376736,0.016889071634698875,-0.007452237187064571,0.019691656519183823,0.011958415827522502,0.023533594702027358,0.025893284442588742,-0.011177876824707075,-0.01645853697231478,-0.02382608188603569,-0.004034859805192862,0.013040304741585566,-0.0016174775531025717,0.006417715214625167,-0.01534572185179499,0.0005471847689097921,0.013168004568020366,0.013983457360486652,0.025269139022566996,0.024654979194327915,0.010505931804444396,-0.002990383401724881,0.01418184072609062,0.009096911255842857,0.006938844213626975,-0.04771449666797135,0.019540995175079897,-0.032150277382746346,0.01439932586690144,-0.029526708000044248,-0.008584972422341797,-0.046954631109796446,0.012232459515546414,0.02118133145156405,0.005288731493316742,-0.012602092360507019
C:\RA-CLIP\test_set\LINE_HW\A0039196_00134.jpg,2,TEXT_HW,-0.1041012199600101,0.05859651196338313,0.11441432083315699,-0.05923076591483015,-0.13816807864731795,0.09640401051691144,0.06725972490414198,-0.03831297076371211,0.07322158560494794,-0.029981118698742912,-0.10999984535865798,0.056471016994921075,0.00942605028106125,-0.03655137944044543,0.021641596927903916,0.010230485574401933,0.02602726548711895,-0.018251057188840986,-0.028160723024492726,0.040518173714285365,-0.046419376938974376,-0.023420104593371432,0.028326819503968863,0.0032184558370333687,-0.09587687853120737,-0.09591640215791883,-0.014767209872103554,0.07200404240006214,-0.023614355636598923,0.03239577093694812,-0.031761091690726516,0.007354297620053296,0.03130495573070193,-0.003910108378176438,0.028813905053821105,0.00956618818859208,-0.004572837611946513,-0.027883082012168638,0.06273437211131987,0.009872511104456557,0.003087494608339223,0.017541007479614432,-0.00023898722425523338,0.039462024863941035,0.06129228293346915,0.0054797625611317955,0.010866762534661392,-0.0028866641334299894,0.02791553217028785,-0.06742359741715374
C:\RA-CLIP\test_set\LINE_HW\A0039197_00041.jpg,5,MISC,0.18235789457071502,-0.009241743697432884,0.0562055319771384,0.22156757956732978,0.11968695755597866,0.028637402571876285,0.03115069554878403,0.1591549006539633,0.032426023973413605,-0.07199447737145828,0.11064577499597869,-0.2091925111923336,0.06952046594332738,-0.04651514052235107,-0.16367298498050317,-0.011640417216084917,0.03736047469395413,-0.008773030512646067,-0.016017900924193168,0.037525729936174076,-0.02072802324245003,-0.021477824352651,0.04496208698540277,0.06836925026688982,-0.07635854185446721,-0.011567775895504385,-0.06011184775815904,-0.02568594334931527,-0.08840995140641242,-0.07376459716821825,-0.041083636900005646,0.02482295943131268,0.05290258309702593,-0.055205622967838215,0.022657913962213894,-0.06650764624692047,0.060212517775605476,-0.08056149186933165,-0.09398375855485172,-0.06626714159890584,-0.014363990055319778,-0.01930091073095316,0.031543130783620456,0.008394344195124526,0.10669954543462654,-0.014694929323254061,0.007313056684013981,0.020704864776212785,0.04416391069552469,0.04102265236803803
C:\RA-CLIP\test_set\LINE_HW\A0039197_00052.jpg,6,TEXT_TP,0.11942792887537003,0.06753317140825367,0.17574875346625007,-0.14439151843843806,0.24498762688771855,-0.037893452955888064,0.1538190513338857,-0.07500044863873656,-0.01443366664272443,0.030482878967103496,-0.05132605239315706,0.027797924271410177,-0.02133310963462369,0.007230419785038751,-0.0020664908306320907,-0.0290947096343699,0.009679321421799591,-0.008845768272061315,-0.008586433648719988,-0.013639488685497775,0.0029154901479036405,-0.009916269660534693,-0.02245053723892185,-0.012725409305288683,0.037820403221039946,0.027329589792589162,-0.007522924812073194,-0.035230078256211106,-0.010100943091350956,0.008840811118925072,0.0281230636651428,-0.015500645331116465,0.031125230302221384,-0.0011098000983436266,0.012492622365512764,-0.003581174368509671,0.0028408331049581607,0.002071019164670545,-0.029527243312732775,0.012298084505802534,0.01969016739041094,0.010760875895710946,0.029802976484760126,-0.029857644656822422,0.007690275654049735,0.005549133448143373,-0.035938276720875774,0.033439626478688755,0.029327693671712517,-0.02415141660959851
C:\RA-CLIP\test_set\LINE_HW\A0039197_00147.jpg,3,LINE_MIX,-0.2753818682251171,0.08829194425089429,-0.24801958543553446,0.04233010275816823,-0.03768523314161683,-0.15267316434991932,0.07948234022904534,-0.018370772692326672,-0.011486824145413632,0.008279578045434997,0.029661125071226303,0.03472637317815876,-0.028293585261776413,0.0204576506166853,-0.012013387930746976,0.02502529046464434,0.028490294224861226,0.027409892193706282,0.009167371454146863,0.0045652984350132465,-0.00297246612934236,0.008925308255938878,-0.05179235871970538,-0.02508248199511188,-0.01923641325137107,-0.0012267348188719435,0.0067541913665009915,-0.0054487769558949324,-0.02223956352345115,0.003076949087018686,0.00020527110944475855,-0.0016641350658642105,0.00291114541339244,-0.00042276201814922277,0.009231565351223233,0.0017459258904459955,0.01901102718385266,-0.014044562216822825,-0.018340896433122558,-0.015866591843040838,0.026422066896204993,-0.01187785238183707,0.014964640818648853,0.003141726289920861,-0.0003938930850756656,0.00047816243428778913,-0.0028031580438742524,0.0007096445850091792,0.013788725687323049,0.008227869044375467
C:\RA-CLIP\test_set\LINE_HW\A0039198_00009.jpg,2,TEXT,-0.17529509772128815,0.11685474279748513,-0.028683045949092854,-0.04028184572581413,-0.09817406865050463,0.11779938952108845,0.06855842894828154,0.019542926936285697,-0.04971830231332955,0.07291109017058928,0.0029501650180732745,0.03650970076536721,0.03262463437401015,0.06169200073115768,-0.01830176433475653,-0.00043832669473027326,0.0002952874912931208,0.0915397172068674,0.005438438465694041,-0.01363757824194519,-0.0002523188945593004,0.014869833360661756,0.01200307456958043,-0.027832017873297362,-0.010090220866174357,-0.05025856737689408,-0.008581141384677336,0.0016259963980032892,0.015587466475687711,0.0046275044381805285,0.007046383198065771,0.007898287892587634,-0.01680689492315574,0.050564889258351044,0.019361584287120138,0.010564079198936914,0.003938468005875651,-0.04195191205172825,0.010919763647694978,-0.014495057899282168,-0.022097300175905027,0.03477527115732288,-0.028900935767082594,0.04014350118272162,0.0002019221921680394,-0.0006419465708592997,0.03038767310859357,0.004639679836138084,0.011194033222110555,0.02251395713482618
C:\RA-CLIP\test_set\LINE_HW\A0039198_00075.jpg,1,LINE_TP,0.03887643641306157,0.17226409197402792,-0.021548215269994613,-0.03586143693628956,0.26943684995206774,0.06697059090087502,-0.11053646369568824,-0.008408673881982708,-0.04763161516961807,0.05877224580547084,-0.011183164909829322,0.02851376275520035,0.09399270191245253,-0.03383613429590971,0.01622105724389583,0.04254626177617891,-0.0027306994198257367,-0.03997835314129429,-0.00871266228638146,0.007025864909576437,-0.005734831984334408,-0.06656755211970343,-0.0521142295183348,-0.015389827817212183,-0.07870386786068027,0.05724794628812431,-0.010754378506593673,0.02113450319901504,0.006081942980077475,-0.023631677110593167,0.010618075804675218,0.014829677223921964,0.009692638130654043,-0.01670896072215323,0.02070129315286026,0.02117707626227408,-0.03260577777146281,0.022074368616503984,0.010903686966560763,0.016180900582698575,0.017237652282290346,0.005431386164696471,-0.005754203817067992,0.06229177236221739,0.0362876175401691,0.030348958259604458,0.03480372958395815,0.060846527680912824,0.019970837360190202,0.019834392001087348
C:\RA-CLIP\test_set\LINE_HW\A0039198_00082.jpg,7,DRAW,0.025712551023963106,-0.1588937914219243,0.3671920936472384,0.006389064940511914,-0.18763644490537673,-0.19495652076166337,-0.15515941620757148,-0.004785644469110786,-0.024285544912653632,0.054403503426753125,0.003791893848484748,0.022368333720796895,0.006390149982019841,0.014077916360941519,-0.04609734815844452,-0.022986794232559015,0.06841952969721335,0.00913498884317434,0.004382295905994366,0.00540636653040201,0.10322878411082131,0.011567422253747758,-0.036424428085682005,0.004589393970299647,0.07538936827223816,0.002339943377732551,-0.032415705119322534,-0.06264442274862234,-9.31919796764163e-05,-0.05860996048831997,0.05536531038409008,0.0017885783457715781,0.0029489957104823997,-0.051475685990333434,-0.08295277357536965,0.0253523198075082,0.09930694528596606,0.04741096501373646,0.03485991770130132,-0.03179600594877011,0.019168381362840943,-0.01345654734131933,-0.005351056593642099,0.006798730801684121,0.0006440135683574097,0.030061307252468295,0.012006639970423035,0.030550603567454752,0.0009478064855051061,-0.050798457572699414
C:\RA-CLIP\test_set\LINE_HW\A0039198_00111.jpg,2,LINE_HW,-0.12208103223513508,0.1603528609434001,0.10805856339974938,0.004090650386230787,-0.07943962001431337,0.1653367092790684,-0.044951092246866504,0.017995799491281567,0.08274424402008475,-0.061506386493857236,-0.02797135377916709,0.019643963762636277,-0.004176039434128666,-0.015963045063089987,-0.0028597931844155716,-0.010995742450140154,0.002512764767122659,-0.03086373228020152,-0.04274060671434269,-0.0063879392885419,0.011799775019640031,0.005921532357321905,-0.013994865617979035,-0.00828186818523968,-0.004825132920774869,0.03227573024205232,0.02260124647443631,0.009701170860683997,0.03576636646590406,0.009125666652846968,0.056861741519545685,0.026770003132704424,-0.02291858195624893,-0.024734103815717105,-0.021495876135683278,-0.010328352873831041,-0.004565416842777296,0.012365694237913716,0.013162797346055277,-0.006984950805953899,-0.017971216136295418,0.016763807653266485,0.030418977802974992,-9.458720940294397e-05,0.04789447247817763,0.0030344808811108453,0.03817591950668285,-0.015147775369045156,0.00964662143765155,-0.027026764488677243
C:\RA-CLIP\test_set\LINE_HW\A0039198_00132.jpg,0,PHOTO,-0.07715092048777904,-0.5675765759181084,-0.1432298311408286,-0.020154736274305324,0.038407299817716026,0.06514282889734475,0.028785119505633488,0.01080268309205388,0.2402179885738525,0.15781953024239817,0.006814465096949909,-0.03488347267442742,0.04075245568258214,-0.010550081640378796,0.04351798070902959,-0.043621260427056816,-0.028963332609360255,-0.031091024573286517,-0.02335737130811796,-0.025819919902983844,-0.039678482320570106,0.004317090025815998,-0.03191542251043753,-0.03293853230406996,-0.009999188485364754,-0.026024334171204557,0.039604773001788225,-0.07417622755283558,-0.00986177983188316,-0.030929932953286624,-0.018877704556270566,0.043535916704461865,-0.025616641831958213,0.02732438322375739,-0.01575090962586887,-0.0034616081547064687,0.023358504695501263,0.019445121662532334,-0.0132940205103417,0.0075019424399971266,-0.02013100595729336,0.003454624112066374,-0.005798738059887857,0.011079220988825177,0.013190132716537503,-0.026596010732491657,-0.014713385759033228,-0.013853256111599663,0.023346275185047935,0.0018292923111233753
C:\RA-CLIP\test_set\LINE_HW\A0039199_00048.jpg,2,LINE_HW,-0.15623712706137657,0.1848443336435349,-0.013184039038174897,0.04180318740801348,-0.03156658318850668,0.06848377143905866,-0.031618355563093975,0.02070727604628295,0.03170874558304782,-0.04082611347191144,0.0047593260218015245,0.006657762462178839,-0.015805475063216466,-0.01904340595195454,0.009493539103702446,-0.042264545945047215,0.010823668540134553,-0.02495844246708947,-0.026794993171551425,-0.0024629859044470025,-0.04097644020146031,-0.01732835831656653,-0.033118286092978996,-0.029039548895899412,0.008465601705276197,0.001115566370733842,0.019944180537503558,0.012183477878948403,0.0519937200659491,0.01755878686973145,0.051311134841055824,-0.02518423047337599,0.005691281234834091,0.015624196248068278,0.013353512322510695,0.043940555870815336,-0.0039251190438000395,0.00293165859720652,-0.007900002505544866,0.03847598963266938,-0.009179922097785207,-0.0042697963829736365,0.0070169220077984365,-0.010337261481652914,-0.013985930552261936,-0.02161042872700363,-0.01657355131779623,0.00811450087483229,0.007622918733391413,-0.0076184038616105435
C:\RA-CLIP\test_set\LINE_HW\A0039199_00057.jpg,2,TEXT,-0.10967095380670144,0.1180289592167279,0.061124820203641086,-0.043473553942035066,-0.07086402317104286,0.14988452262215718,0.022760345063848844,0.04846397150265278,-0.07577698957437715,0.09021246517666119,0.07426621566752928,0.040241364851388274,-0.018923418301250397,0.0699578651412104,-0.08030118758265847,0.007142011802604548,0.08604660012499961,0.07058127421678959,0.055921792585129124,-0.0058195694854452145,0.061675517844133006,0.019181132702391322,-0.06398972201708665,0.012307237168695908,0.06429075892454521,-0.016769680360545144,-0.06223504726213065,-0.053058255795402624,-0.025701899816264813,-0.018826126765200412,-0.013028005447657084,0.00023972404087437994,-0.005253908430042623,-0.006702098465386304,-0.03342778021296705,0.016674771969394167,0.05055877554772463,-0.061352902826692673,0.04913989263679302,0.0402558905839626,0.018246504265599647,0.03109656133974795,0.02076452984020651,-0.02259335282967507,0.018998037325636957,0.049192985534892875,-0.023033256519227854,-0.018242731394838216,-0.03222482401585553,0.012675535238511114
C:\RA-CLIP\test_set\LINE_HW\A0039199_00068.jpg,4,TEXT_TP,0.4921560908565383,0.12117801072115734,-0.055300583974689996,-0.18550362449878413,-0.04176224858767391,-0.11982996826321332,-0.0038683905941760298,-0.007794111595695225,0.1162722713223991,-0.14191183323626408,0.16854301392395543,-0.04390600480089258,-0.09087429561181438,0.025231513436230407,0.04016026063342289,-0.10208348639684774,-0.053704539424436835,0.06501346484929457,0.0549975044978754,0.048612471451489656,0.11990099320497946,0.0022879062912441648,0.07455302080319112,-0.0107256432570984,0.0628540134159911,-0.07108428178307852,0.04736506749453865,-0.03789251118440227,-0.018722778314313574,0.011316497371632738,0.020805935480871562,0.014706445244984141,-0.04362064370821147,-0.011776690499957845,0.05395946669621334,-0.16244341321374114,-0.05259480887652691,0.04007790421585924,0.016389364647490957,0.04638235296334722,0.09011472280380604,-0.009968665041023263,-0.02462879536618839,-0.01935256352268707,0.023185167172536714,0.02317110158864306,-0.012566263913329106,0.012597801288971042,-0.015897192511688685,-0.011366948623531567
C:\RA-CLIP\test_set\LINE_HW\A0039201_00090.jpg,4,LINE_TP,0.5431670856002935,0.12627956402103155,-0.13873145014288835,-0.19946852974267373,-0.032215907049919466,-0.01587195968084832,-0.09017428152927882,-0.00924200191770547,0.16033390935610078,-0.10994449495951009,0.033943325987575365,0.08832312285048394,0.21562161244472414,-0.007566935622412841,-0.010448499442016423,0.008825157072298605,0.08764196423365016,-0.06681935987224513,0.09048606012936283,0.11641444280247275,-0.0077137126496465,0.0885066003784247,0.017849863633498695,-0.014548863978156927,0.012243819128882031,-0.004438936071909613,0.0016645722723615892,-0.06031887463216497,-0.05466156281140168,0.017219629036144483,0.043244925552578174,-0.011772574861062342,0.09529025334542983,0.060860203480765256,0.010338763954153557,0.05605562393735786,-0.06702409547153618,-0.04154334930826784,-0.010212480618521315,0.023325318760917244,-0.04269901992716487,0.023560030860751632,0.0025991136682649487,-0.05454541985797164,0.008328097853471838,-0.017307141730430586,0.025435594138097355,-0.004968321237238854,0.016671462349420647,0.03188526939481211
C:\RA-CLIP\test_set\LINE_HW\A0039201_00128.jpg,7,DRAW,-0.010065835704362024,-0.06281440926544793,0.3202581403967839,-0.008718206443430902,-0.10287087121649338,-0.10806696928912983,0.06649887508057638,0.007331549993377352,-0.013443359014743902,-0.07600267241180089,-0.08798441353949893,-0.11678944566294913,0.07981719212552774,-0.03826094469095286,0.07765854679435233,0.08534191529103714,-0.021632476650570165,0.010367107262611105,0.08735503194788774,-0.031036874362406548,0.015976997702794305,-0.009035646609006655,-0.042511357224323934,-0.02674307723691871,0.1024454876492145,0.021798013072607803,-0.006329711406654369,-0.057826716930615,0.004383047655460915,0.0335203570316689,0.00896905536081007,-0.008577133548474399,0.014209939289079225,0.03166131818707676,0.003138624880590544,-0.054754986770314484,0.029224529271536293,-0.011556367440094703,-0.047188293652421796,0.05722403418889886,-0.0006288788088833204,-0.04977249136110115,0.01401796113340106,-0.005533286493523137,-0.03253927103470871,-0.013690821564791103,0.0477434015240345,0.027769320667902303,-0.028686931621662453,-0.008486857769404116
C:\RA-CLIP\test_set\LINE_HW\A0039201_00168.jpg,6,TEXT_HW,0.03090049196046492,0.041315044591888575,0.11056969720708963,-0.08712975263259272,0.09199269357702701,-0.0782182929813749,0.22114552472316287,-0.053707465461744,0.034717553276087616,-0.044102196324789955,0.0050243974598530436,-0.02988211532678372,-0.006350161687443319,-0.08346416995605233,0.10204659124407849,0.0988967822793773,0.06442169601198933,-0.037236981437169865,-0.0002432363261780574,0.029202252006990823,0.004325839672002289,0.08922613836294359,0.061869830435545205,0.03523607618259975,-0.013348485675778317,-0.04211491359476971,0.013652761507977037,-0.05655445946023551,0.04674045996891716,0.02121988936696948,0.07350506810180585,0.004832751405990883,0.010609115957776718,-0.018577938626417226,0.022728321714075395,-0.005325539743136961,0.07969344296242015,-0.011670267032491756,-0.04334871161354792,-0.02431449664980642,-0.0429971218638003,0.03472627915252207,-0.0315213608495392,-0.0413585900612455,-0.012356064462774008,0.00890307416547579,-0.04309054984421692,0.023192399845269995,0.016819947658807826,0.028812413166432977
C:\RA-CLIP\test_set\LINE_HW\A0039202_00029.jpg,5,MISC,0.5298186137324385,-0.0009507726021134521,-0.03810013523628644,0.5482277661419125,0.005837691272898522,0.1050599358465693,0.024905445768761497,-0.2064164571702873,0.0031815462964306126,-0.007571976097826026,-0.021639198541486628,0.036989665327899796,-0.009733182735963327,-0.010337243381335322,0.014389145832240382,0.01862669960570727,-0.022943810103564707,0.01772123230420366,0.015367707756019741,0.01728647937247427,0.03278535081512869,0.018773016317091693,-0.0065696916289427676,-0.032063498630565096,0.028185343605290254,0.022218646588644926,0.01053262071595952,-0.015015602518209163,-0.005374138239087763,-0.01730678367030363,-0.009132151194477259,0.0025913267876486756,0.04863947911437848,0.003988950516365708,0.0026827768504799525,-0.02068676742098891,0.011366920941934597,0.0013045425201808744,-0.004625987912741732,-0.05292769078044844,0.009553680853247202,-0.02225970385561095,0.004276130371543922,-0.020010701556642287,0.004450649455826944,-0.027324195782307856,0.01325950748583035,-0.0038306541539246436,-0.009602803441510186,-0.0399914923645748
C:\RA-CLIP\test_set\LINE_HW\A0039202_00098.jpg,3,LINE_MIX,-0.25719932158828,0.07030627265164754,-0.21019589196202607,0.028802034592872408,-0.03212870710330202,-0.16571809473266114,0.09447287386299849,-0.03418917434634171,-0.026462280439882354,0.013962100442758267,-7.950233192044184e-05,-0.004971315538639459,0.09301217922873119,-0.00772673228271973,-0.02502464616898533,-0.009752069784358329,-0.017344974003295793,-0.006485249082170822,-0.009784100653933573,0.008011849754166966,0.02973553459548391,-0.008976597247240318,0.03872445106798605,0.021462537718960045,-0.011731494424804853,0.02304266484732805,0.007719386364663504,0.007270609722116995,0.016209048668128508,-0.004977506201518189,0.008352660673330936,0.009486409198891214,-0.020659023862842067,-0.015437964738504664,-0.00818479007498291,-0.003068798095420823,-0.008884883713793501,0.01691745097223547,0.014403184470263113,0.01978041972654537,-0.015049039774269302,0.0035250583288286533,-0.013824608267769005,-0.010320803467009164,0.0016030931912362637,-0.0005809652246616025,0.0052065857208137495,0.0006231768562410349,-0.010113985577358115,-0.019142884650773954
C:\RA-CLIP\test_set\LINE_HW\A0039202_00138.jpg,0,PHOTO,-0.009880689500935845,-0.5507032128440438,-0.09985661583102695,-0.07393567470944748,0.04022614878606198,0.10947151927760322,-0.051223389965301507,-0.015491144463567155,-0.19571501470215316,-0.14905190256913356,-0.021568620809683154,-0.03594429639347554,0.007190278832681112,0.046901584758867014,0.028919764529510818,-0.09510462533220013,-0.030193565580520495,-0.04668459809528352,-0.011279936757213857,-0.047802274364798975,-0.012695374955219677,-0.04408833399436508,-0.04950711786640266,-0.03788251027588414,-0.016835982872112625,-0.0549146184169948,0.047106778977722356,-0.1510441157497412,0.013436031802834984,0.008534216932603254,-0.06544103165889392,0.08298360630966722,-0.0009644775733347649,-0.031034422240560963,0.037530938119282764,0.02514045687799744,-0.014373021898740639,-0.009886803698316994,0.04501724368112075,0.047818412895740174,-0.0007825988286912571,-0.010763387313035036,-0.004571479814628991,-0.02863991310563786,0.007178735397193396,-0.02274629131952618,0.01579308136408709,-0.058680106144564016,0.028034441969306545,0.025741026814816454
C:\RA-CLIP\test_set\LINE_HW\A0039203_00070.jpg,4,TEXT_TP,0.5138780135838781,0.14256447706510786,-0.021078768223031636,-0.2439897258598098,-0.12555235234328618,0.03934908002777143,0.03263104529724101,-0.06918183351213003,-0.0339448433728338,0.00847662338809997,-0.011323670285259676,-0.035608625165718985,0.11520282823344376,0.03296754300199399,0.046073586632385484,-0.06429624193942121,-0.08903761213000927,0.0675588453084147,-0.07134504509122998,-0.08628586144534484,0.06281801235061105,-0.08352528656632154,0.010253585497072823,-0.002148362411683041,0.008538823746594279,-0.049352872843937814,0.03964954617942401,0.10506881003702694,0.04961945888611972,0.0031982978723154214,-0.02291983733973604,0.014012420471760115,-0.04784842234594726,-0.059259956207921426,-0.023453280354551128,0.04844861332342687,0.05028269714894813,0.03187391880095917,-0.0768077630004362,-0.08541400036697172,0.044787690666114016,0.07454057529273014,0.00029689297186527927,-0.04588702203107911,0.009686856802548322,-0.015588138230735151,-0.04418755624165255,-0.007820218746580112,0.016036167437384462,0.06133192337405
C:\RA-CLIP\test_set\LINE_HW\A0039203_00107.jpg,2,MISC,-0.1044346209956592,0.13152155247205272,0.07802225216967612,0.05268387482547276,-0.04334746155564705,0.09184539116003237,-0.0049324181610943645,0.0430974621669144,-0.06523171647766851,0.010851755991507514,0.029335389810282206,-0.10994794235332322,-0.008421792286914717,-0.040457304254562426,0.02617112922429216,-0.03445450432385652,-0.03456299063530527,0.003022239514964016,-0.037919754425141686,-0.08271638924460117,0.0190841330660132,0.013009670867447086,-0.03684998957844916,0.004038635902888924,0.06746451125360295,0.1016852582379726,0.0045216015744357,-0.024284941718850716,0.01463411443044203,-0.02468422368704767,-0.07283623623267181,-0.05854492361750953,0.04557476913761101,0.00665758330624534,0.05710471441692722,0.035507966498163075,0.03239825511561236,0.026810302946174463,0.0025130014056204747,0.0493958989123023,-0.0020010391767869787,0.0385665870296048,0.03096051653604456,-0.0025257149152186987,0.05905598677296849,0.05006602828464159,0.004553001321051047,-0.04609383201620411,-0.013816046072591294,-0.03857874422085645
C:\RA-CLIP\test_set\LINE_HW\A0039203_00187.jpg,1,LINE_TP,-0.05336273969338854,0.2022457173979377,-0.058683281868921806,-0.015161874830750138,0.2120936110034864,0.12550944174060208,-0.19613401055102092,0.04505333093825195,0.00317156755434128,0.05361828153412948,-0.008202898511693027,0.028528361495091054,0.016599507348244943,0.05595901354090793,-0.02065932724977405,0.05714383775800386,-0.014583381794689657,0.012783758064013438,0.04215300409297642,0.0071876110811390555,0.006703968779961883,0.003536630960290039,-0.05373631225248106,-0.011414584201774679,-0.03908262206315915,0.04031764287783503,0.053730935130412195,0.020801774985972975,0.04624645938698469,-0.022182427631022125,-0.04207393030393123,0.018378586901187953,0.03181839888079305,-0.016540809531654918,0.0027489887190011845,-0.04273304032878219,0.01061654591465803,-0.014088199727825762,-0.0077762124388153,-0.008513672411007037,-0.012921777238414752,0.0316380501355922,-0.052077639709065926,-0.028157367740072426,-0.002854808197502144,0.028667882190155234,-0.003752960314471376,0.010555178817252705,-0.001649684073371134,0.020738326750025727
C:\RA-CLIP\test_set\LINE_HW\A0039204_00031.jpg,3,LINE_MIX,-0.2753818682251171,0.08829194425089429,-0.24801958543553446,0.04233010275816823,-0.03768523314161683,-0.15267316434991932,0.07948234022904534,-0.018370772692326672,-0.011486824145413632,0.008279578045434997,0.029661125071226303,0.03472637317815876,-0.028293585261776413,0.0204576506166853,-0.012013387930746976,0.02502529046464434,0.028490294224861226,0.027409892193706282,0.009167371454146863,0.0045652984350132465,-0.00297246612934236,0.008925308255938878,-0.05179235871970538,-0.02508248199511188,-0.01923641325137107,-0.0012267348188719435,0.0067541913665009915,-0.0054487769558949324,-0.02223956352345115,0.003076949087018686,0.00020527110944475855,-0.0016641350658642105,0.00291114541339244,-0.00042276201814922277,0.009231565351223233,0.0017459258904459955,0.01901102718385266,-0.014044562216822825,-0.018340896433122558,-0.015866591843040838,0.026422066896204993,-0.01187785238183707,0.014964640818648853,0.003141726289920861,-0.0003938930850756656,0.00047816243428778913,-0.0028031580438742524,0.0007096445850091792,0.013788725687323049,0.008227869044375467
C:\RA-CLIP\test_set\LINE_HW\A0039204_00141.jpg,0,PHOTO,0.023753352398576344,-0.5204083358124183,-0.10438460396150216,-0.04578127744906508,0.058704292773859065,0.024631167166739118,-0.021027997531324717,-0.012862110971539739,-0.13427269878350073,-0.11143219254659324,0.010831305255412494,-0.0016854765713005461,-0.01054056184590111,-0.007002287612057194,-0.03424066937939418,0.007765208015932436,0.07463601266806148,0.02682580124550541,0.0012360589151982637,0.05049711044335918,0.04075047508614449,0.033859693837586184,-0.003202488476008066,0.00815492231367246,-0.02164432726574025,-0.0011811538908645023,-0.013641805305263377,0.07147857417055496,0.007775662742849584,0.040863599687669526,-0.019280979446743167,0.021542143382299508,0.06698900589754042,0.005720852001610879,0.01526984828964045,-0.027726412515031253,-0.004679903667965112,0.037193604136837775,0.02296639770777353,-0.024362113858097254,0.04219654446922334,-0.015537035166958538,0.010115177232043367,-0.007506465657242823,-0.010453940575832713,-0.016850092342501285,-0.018003496835879967,0.009219215784169269,0.08942641393862139,0.006777566541084794
C:\RA-CLIP\test_set\LINE_HW\A0039204_00165.jpg,2,TEXT,-0.08788209306170296,0.051367876286854644,0.09252587970945639,-0.08558245611481591,-0.10312309244145676,0.2364412080399026,0.061416027376456586,0.04152102962823115,-0.06259070210158833,0.062495374189159916,0.017691244184910457,0.055726908596401135,0.0313740770081243,0.053102133333912255,-0.020084294637970665,0.0429011334426682,-0.07097374463176954,0.019007893595537752,0.02063568034575002,0.028250615408754752,-0.021898097096021283,-0.029765462681929897,0.028279369009136184,-0.004856777075975713,-0.029322725620904593,0.0030620148547079906,-0.022625028254289848,0.004096231922254167,-0.06681536655133506,-0.002953176884094754,-0.028609046271073316,0.0026020959882592683,0.0013548675279519873,0.007875127958902956,-0.005868626484922017,0.004441158116810222,-0.02324413036706462,0.008910248405653173,0.02342086556835975,0.01487946092708483,0.02989113362906459,-0.024106116011017822,-0.05940541512309579,-0.011305174462340715,0.012230220783094955,-0.01843538364466401,-0.03611888960014148,0.05559306586650847,0.03496067921443963,-0.029042926325566463
C:\RA-CLIP\test_set\LINE_HW\A0039204_00191.jpg,7,DRAW,-0.0627509008137169,-0.06921668232320836,0.3662618877709568,-0.017525730999351934,-0.22566354095198707,-0.16556480567687296,-0.14718104477012742,0.0003053470302467662,0.010244965071762337,0.03005650989746351,-0.041098145868915394,0.1005059631455795,0.020070962528879795,-0.02738541090188081,0.03553164120154565,-0.06368337024272418,0.04998053138972665,0.03121996352413362,0.029245869740628556,0.044568477966960916,0.028532916291705776,-0.01207745899522981,-0.005481690024064567,-0.037842142128951435,-0.009451428926357657,0.020272716912198868,0.012637440778359335,-0.010389685271729858,-0.015438617217575789,-0.026079303970393333,0.00537435298741942,-0.01502155467045528,-0.028853328348402492,-0.05237976294446435,0.01248990794373558,-0.027142498157056726,-0.004640720330060502,-0.005080037125918256,-0.0028641756400986573,-0.011686632550451668,-0.02061116454343875,0.014129411226864737,-0.01880925818514332,0.01947542190963392,-0.004296174055057102,-0.028826377639666653,0.0032058203956048005,0.025653227551692005,0.029995196063368135,0.005817804791631845
C:\RA-CLIP\test_set\LINE_HW\A0039205_00046.jpg,2,TEXT_HW,-0.18715881964215433,0.17699757616934372,-0.11038758577132272,0.006322408382269772,0.056454131578862685,0.029728285341920724,-0.05832326316150173,-0.031706193618770744,0.0482007114602943,-0.07492674012962439,0.021069852785284067,0.06494762052292705,-0.03559340955501935,-0.029469247845215686,0.04955924465609829,-0.025178008526141167,-0.03800304567516218,-0.05785586856795379,-0.008119585636439353,0.005089962250127702,-0.023597132364638864,0.0324854655544212,0.016014230839871486,0.02012570269608888,0.0074424183658110795,-0.011577523328393659,-0.042451246818038184,-0.011105360324450976,-0.05658150681320172,0.00013098140330915407,-0.03308360153991307,-0.024514477805041873,0.005890675898340333,-0.0003220405836687838,0.010158018591890007,0.013013940488793502,0.012158323288726512,0.024491311300714653,-0.022604203626471742,-0.009075854514619772,-0.011926550067619519,-0.01946230368138075,-0.05349832629506885,0.007981662068142482,0.00221820545687333,0.019385032555505628,0.0034061464298942115,-0.01546636577745371,-0.013073750289711574,0.01848951904597616
C:\RA-CLIP\test_set\LINE_HW\A0039207_00025.jpg,2,LINE_HW,-0.23289393346271173,0.10934531073241727,0.015846505000891953,0.017548318757258534,-0.08588650271473768,0.03154874235248454,-0.14412010066387537,0.03568519667290191,0.07630646806851164,-0.0582793733050308,-0.09679195556879552,0.005717312493229077,-0.03760826964566797,-0.0009494470762064136,-0.07256860554652304,-0.09357401587378872,0.02512061224766994,0.02738398914993019,0.0322384778853155,0.0007184656884650096,0.035967184215071814,-0.08272998556141041,-0.0066049081117672,0.0191145904325303,0.010165127048461745,0.010131286015309424,-0.021010358852417556,-0.026345505313976267,0.05508681303812266,-0.009341290069093042,0.03779414435968711,-0.022365111264701202,0.014561182012393929,0.03022259366584616,-0.008989952036944405,-0.0004753705513374736,0.025230620572259884,-0.016985421716096356,0.042323579619402335,-0.030691717244627673,0.005179083623299737,0.05790145441673132,-0.011265335321289219,-0.057058433249223765,-0.02183384642717251,0.007564960410890218,0.005978859894093099,0.04785432752844937,0.007419057645498366,-0.009616812825846028
C:\RA-CLIP\test_set\LINE_HW\A0039207_00088.jpg,2,DRAW,-0.02065786743094635,-0.00013364606698437382,0.22414395745215382,-0.05073747359872021,-0.1339924092895186,0.08474426506060394,0.12855192429585524,-0.018978281906960683,-0.006829059007603371,0.0711736253143989,-0.0974376288714457,-0.015315948273625847,0.023852993201013546,-0.01329668535438784,-0.060144344563407635,0.014507786813879807,0.07605111877009106,-0.0021662227078239195,-0.01266488750212968,0.015589250721356774,0.06453010341468214,0.007633072554312644,-0.09688513701133232,0.038638402099905135,-0.016506544552060843,0.016696308961756143,0.06156112607341566,-0.004338375478354301,0.07023985526939527,0.0944096238736514,0.007727984671284993,-0.02152195309500076,0.006968603943905016,0.05535962811879474,0.03686043469162013,0.023206223197524637,0.09938718318989631,0.010441305016709052,-0.017902212429824347,-0.005595568487050937,-0.009860096642061235,0.006362662179120636,0.0014928151129415658,-0.0558631227860968,0.05975637435240825,0.04730420480892098,-0.032907144063849494,-0.06341759044360361,-0.03690939601512158,-0.0390093206163196
C:\RA-CLIP\test_set\LINE_HW\A0039207_00121.jpg,2,TEXT_HW,-0.037339318852564515,0.030005395929536736,0.21247220417146037,-0.04300336560327912,-0.12282447437953271,0.16836364183727284,0.06226949253841186,-0.005591492183987609,0.1105001290496169,-0.03808433476434519,-0.10969670459084653,0.09468820785244367,-0.05245986242064412,-0.04283151146315822,0.019982516260730707,-0.013513250956317835,0.07166117369705859,0.013305697494089726,-0.06371212029089345,0.05485405932658488,-0.01324262582597746,-0.053170921547187604,0.028416948246725155,-0.013461319841789549,-0.09672561232265992,-0.05101981577805949,-0.009195117899980117,0.03458746468716228,-0.05635529675089324,0.049802147274958505,0.018265320418089946,0.022366994509363344,-0.018477687065646592,-0.03608003370641967,-0.006086948025934525,0.0036878816225307228,-0.00968583172336075,-0.05228833964641865,0.06346318910294498,0.01183559201376847,0.0548082885699865,0.014400563514963381,0.024361933786643634,-0.028902191523146208,0.0421303721813368,0.029495500147832535,0.011048132080370553,0.004897060327674883,0.004811596591612786,-0.06579535006220857
C:\RA-CLIP\test_set\LINE_HW\A0039223_00010.jpg,5,MISC,0.34637006871358,-0.03758354148879905,0.007981216683673036,0.5495013472207589,-0.0024624279514547285,0.08766549862482655,0.04932230874382117,-0.25714159436009437,-0.03650984216096741,0.01184403713600127,-0.0046358191366904,0.03607136367783718,-0.014799342162155386,-0.031783959032657065,0.043461901465655074,-0.010329839921302516,-0.02447444168717995,-0.0030844200931687605,0.023233336418563046,0.011138570747287005,-0.018519922777770183,0.010536228073345963,-0.01806345366231391,-0.0023849076676637645,-0.029770544934830067,-0.026647710237310492,-0.02547498139854471,0.013008838725814873,0.012846248628725807,-0.011527503705995914,0.013682843491119796,0.0011107994868165142,-0.021045414201461582,0.020894893965992777,0.006692081842812031,-0.005640274473779769,0.02867699970287507,-0.005146547104960571,-0.018094503104600763,0.04659335329938007,-0.03750447518403183,-0.022171753990770173,-0.01959629413813762,0.023301287441971234,-0.0021006600997493393,-0.01149718278592477,-0.05188737752285763,-0.00100522048924126,-0.0230419619667639,-0.0004401638576748086
C:\RA-CLIP\test_set\LINE_HW\A0039223_00017.jpg,4,TEXT_TP,0.5990320828005288,0.14322628265394838,-0.14956918556058585,-0.2737755284447344,-0.14092860625806955,0.0024506947211882044,-0.029927444710658776,-0.00932442053431527,0.04679996027514798,-0.05361406157912761,0.05612977283999675,0.09184928982214151,0.03652507327627231,-0.05233210198633214,-0.04176395195212971,-0.016833399061996258,-0.048054739535712446,-0.05674108434496485,0.02660005984410779,0.006673393830558088,-0.04277703840499417,0.033458056911389464,-0.03623064983471147,-0.06959773002215232,0.0016041659986270312,0.028162562941856643,-0.06372477622827163,-0.018589987479116363,0.06163276722562172,-0.009159029792085535,-0.055027607119961984,-0.055986307251434136,-0.05134816918430347,-0.025843026824461844,-0.033657783155776465,0.011050499741201857,0.07005070643629636,0.011492494841464234,0.024674111810156107,-0.021445919138000116,-0.005319928636005819,-0.04033088576876009,-0.03329340294124597,0.07204075860095628,-0.06587185418251756,0.08715926622649667,-0.009008191105423884,0.046000227963932584,0.03517139556621129,-0.02812791721328607
C:\RA-CLIP\test_set\LINE_HW\A0039223_00044.jpg,2,TEXT,-0.030782059928576928,0.08256259539949722,0.08234658200514006,-0.003471782889837095,-0.008013310282772815,0.18531412865728655,0.03318732964602481,0.04079214425109157,-0.07028654303734594,0.08170590171166885,0.17643805823641878,0.007047686601993607,0.01027756341201234,0.028550207022964874,0.002155826520178548,-0.023870565336901347,0.05056001203675071,0.03516119528868252,0.026548720358868357,-0.03545351808901508,-0.038706611595513196,0.027968496599580648,0.06828888048012194,0.028890243733651635,-0.006708454423303356,-0.04847480054230831,0.034243657763497144,0.02141389751562511,0.0403563111658325,-0.016951332253345976,-0.04469764623255292,0.00928013872925799,0.05281176037851733,-0.05067600025818943,-0.04306572340210417,0.04415670098780676,-0.006165771529774044,0.0005953136919478387,0.0033820555795031136,0.04199469570176074,0.010975438795434332,-0.026195926163868778,0.011072607195600447,0.006972516062242742,-0.012932361032882535,0.014731484813403948,-0.028240792468982177,-0.0015991515404314436,-0.010167730691725023,-0.010810338710088314
C:\RA-CLIP\test_set\LINE_HW\A0039223_00049.jpg,0,PHOTO,-0.058298566042429445,-0.5452244163056005,-0.1050986914444493,-0.06832294678118343,0.09769782078381176,0.02423715054618208,-0.04812180561328735,-0.01903249667680676,-0.13517573470051525,-0.08621338171163874,0.022617616471541396,0.04101130000670356,-0.04640082139215867,-0.04806711718613965,-0.04140533067413048,0.03841093081245434,0.10272753048453705,0.04001908027902692,0.015853159566284476,0.05400769046119856,0.0014781532985723394,0.09395473209767885,0.05312727699451853,0.039718735703272216,0.03689071490328202,0.036067793295643996,0.0035500657504457162,0.14066488734117324,0.02716480764392894,-0.01910952625969127,0.04709617174159014,-0.10998053607481151,0.008515286902139783,0.04632299595096697,-0.06925114608118152,-0.02824626686492991,0.010797607631905789,0.012436114136101292,-0.02280194060382452,-0.0010624583566077941,0.03667867876889592,0.003702881925770861,0.005882056922088529,0.02661447533704098,0.040279082327426836,0.012810150217160664,0.002146837455491886,-0.027050702897212685,0.05225710323493906,0.018278517373932667
C:\RA-CLIP\test_set\LINE_HW\A0039223_00081.jpg,1,LINE_TP,-0.03371298578349374,0.20950196660951836,-0.10122303228499684,0.03688311992535995,0.2524318092136881,-0.005475868773614112,-0.21467333652560594,-0.0025931217325011217,-0.007685149666730707,0.017112505882883256,-0.06901265257642816,-0.07523522543404727,-0.02274782454992699,-0.002111000725659642,0.0429679556431648,0.028320626827043945,0.0401466548538828,0.04336042614099426,-0.021710092779070628,-0.014542688169945677,0.054496697702279315,0.016681162218816062,0.03305400849785085,-0.017597888194096818,0.02505442424742752,-0.03065458388701915,0.014467179228458435,-0.012807485717861347,0.0037188463207450772,0.03516739607463093,0.038562462994554535,0.007533291057160541,-0.05505016981770725,-0.017839078296139364,-0.011299880188590994,-0.015367420321721975,-0.01840579428207211,-0.024417678052685566,-0.0025395855092802057,-0.00840206096479275,-0.011144545052981363,0.008508210631977618,0.04082240471404114,0.026172645975075116,-0.019246733818608856,-0.009550232417828389,-0.018576184514441974,-0.03485995457480267,0.004684943217405957,-0.018704563372882448
C:\RA-CLIP\test_set\LINE_HW\A0039223_00086.jpg,2,LINE_HW,-0.16602563793901706,0.1726349042289893,-0.06979978352584164,0.057668396335562526,-0.0023301084928004203,0.04093200560570343,-0.012137655173874834,-0.0019557347643136234,0.015106813261166295,-0.04470935054640897,0.02040176117792517,0.02919977397610491,0.014257959916063784,-0.06044266089228532,0.0625639092027915,-0.034836269675470787,0.01565043119198909,-0.035140216103046434,-0.025069752383477868,0.0017316642551539838,-0.04970948089437287,-0.013684884089467704,0.01734393657573425,-0.05166794156276112,0.05817013014411629,-0.03966646182580312,-0.032661828347633516,-0.025696569230627884,-0.003579546857197512,0.009393650809407813,0.030454509588311713,-0.03738218092451943,0.01659603936957642,-0.02199936334539007,0.05408787100535052,0.04462785785013721,0.01858340948744892,0.007521161517721715,-0.015962998630872062,0.04867314787980593,0.048087759323559943,-0.014918357212718092,0.019498439539677906,0.00032782677286806336,0.0380127208984285,-0.027494265805888946,-0.017582692126894124,0.023183228066405232,0.0055037869581875615,-0.01746723375449333
C:\RA-CLIP\test_set\LINE_HW\A0039223_00090.jpg,3,LINE_MIX,-0.25719932158828,0.07030627265164754,-0.21019589196202607,0.028802034592872408,-0.03212870710330202,-0.16571809473266114,0.09447287386299849,-0.03418917434634171,-0.026462280439882354,0.013962100442758267,-7.950233192044184e-05,-0.004971315538639459,0.09301217922873119,-0.00772673228271973,-0.02502464616898533,-0.009752069784358329,-0.017344974003295793,-0.006485249082170822,-0.009784100653933573,0.008011849754166966,0.02973553459548391,-0.008976597247240318,0.03872445106798605,0.021462537718960045,-0.011731494424804853,0.02304266484732805,0.007719386364663504,0.007270609722116995,0.016209048668128508,-0.004977506201518189,0.008352660673330936,0.009486409198891214,-0.020659023862842067,-0.015437964738504664,-0.00818479007498291,-0.003068798095420823,-0.008884883713793501,0.01691745097223547,0.014403184470263113,0.01978041972654537,-0.015049039774269302,0.0035250583288286533,-0.013824608267769005,-0.010320803467009164,0.0016030931912362637,-0.0005809652246616025,0.0052065857208137495,0.0006231768562410349,-0.010113985577358115,-0.019142884650773954
C:\RA-CLIP\test_set\LINE_HW\A0039223_00099.jpg,5,MISC,0.5343710718671127,-0.09705984042842448,0.032104915778718296,0.5844967170675859,-0.08537380372669583,0.08350377430289074,0.08759421351368453,-0.24714072654283978,-0.018462948965042435,0.0009363496435052868,-0.018295091242011688,0.02696728324687351,0.011477718379793486,0.06622272160468455,0.010908061533137137,-0.0036633123065279646,-0.0007210262719754483,0.012277269338703538,0.06877813034222045,-0.002883576803293361,-0.036108761346842586,-0.0003753619574883042,0.011765444189619561,0.027773000176457053,-0.03294961439592536,-0.053549264869398636,-0.024384009431971422,-0.013999448540689864,0.04658091717964527,-0.0277349641866844,0.02613212770342228,0.02952983047414861,-0.05009582271498093,-0.034187923706533924,-0.004223412363721667,-0.04044198322994289,0.024612334779308093,-0.013285999631231286,-0.0033402431736314206,0.04443630062694267,0.017279444053310472,0.07863813664648739,-0.05892348082011894,0.060807953920545076,-0.020691826317152544,0.025184592983136408,0.010029129622400344,-0.026760320634946176,0.009612411661581876,0.07769891568673792
C:\RA-CLIP\test_set\LINE_HW\A0039223_00106.jpg,2,LINE_HW,-0.24433497231793433,0.15756352940776844,-0.062322273793927276,0.03434237494576815,-0.0601392126861953,0.03197377227543933,-0.015224081242631545,-0.009459367921529302,0.016476622921858208,-0.03590746785498847,-0.01680241130921326,0.007858203576718334,-0.007395636250752035,-0.024617923510247407,0.025014792111298815,-0.07115689674823104,0.01465326222664292,-0.02599418403232597,-0.05085793523714546,0.005935850752669753,-0.03647959307320288,-0.04558419277473547,0.02671587340830534,-0.02967415646393778,0.02690146592574705,0.0076785367206775885,-0.03928581403863348,-0.005171756376486053,-0.0030389003469814746,0.003609284706667377,0.020654313489349214,-0.013533084980589005,0.005989689291337978,0.008283250973031708,0.03774056080893661,0.012858424238008793,0.0044136885800364276,0.011652005647564303,0.010084962424708077,-0.00028466776323792425,0.03132535882270623,0.05226880113659479,-0.04624785570023757,0.017341916302936293,0.02050663481597192,0.02223554681675877,-0.014969612361115693,0.010060578811296357,0.0002452695475142655,0.01845742195250766
C:\RA-CLIP\test_set\LINE_HW\A0039224_00056.jpg,3,LINE_MIX,-0.2753818682251171,0.08829194425089429,-0.24801958543553446,0.04233010275816823,-0.03768523314161683,-0.15267316434991932,0.07948234022904534,-0.018370772692326672,-0.011486824145413632,0.008279578045434997,0.029661125071226303,0.03472637317815876,-0.028293585261776413,0.0204576506166853,-0.012013387930746976,0.02502529046464434,0.028490294224861226,0.027409892193706282,0.009167371454146863,0.0045652984350132465,-0.00297246612934236,0.008925308255938878,-0.05179235871970538,-0.02508248199511188,-0.01923641325137107,-0.0012267348188719435,0.0067541913665009915,-0.0054487769558949324,-0.02223956352345115,0.003076949087018686,0.00020527110944475855,-0.0016641350658642105,0.00291114541339244,-0.00042276201814922277,0.009231565351223233,0.0017459258904459955,0.01901102718385266,-0.014044562216822825,-0.018340896433122558,-0.015866591843040838,0.026422066896204993,-0.01187785238183707,0.014964640818648853,0.003141726289920861,-0.0003938930850756656,0.00047816243428778913,-0.0028031580438742524,0.0007096445850091792,0.013788725687323049,0.008227869044375467
C:\RA-CLIP\test_set\LINE_HW\A0039224_00112.jpg,1,TEXT,-0.02625943508530012,0.11079482083264196,0.005911983287279515,-0.025139169268216893,0.08372033336869593,0.03716750007663699,0.05151843276034756,0.0956754778312753,-0.16241646984807198,0.135397629214945,0.1752390441606439,0.03298405816094012,-0.010556248138521336,-0.17702891413818747,0.13592008745007716,0.026281336747814445,0.04365281503349393,-0.10208514822092046,0.07866084141366937,0.09890084795491261,-0.06619147830004392,-0.09916669078496207,-0.0731813957712207,0.15464608989322687,0.04092435974363462,-0.019599819444501423,-0.08490414374254703,-0.026947554984280763,0.05333284116943534,0.006561064726847814,-0.01125420416359297,-0.011936205902525176,-0.07247679283560718,0.04559661004739041,0.004568556222126524,-0.03983515527819004,-0.04062471251084671,0.011918795109860764,0.028148553936413336,-0.07372486719210848,0.009933586840517459,0.01898534415221126,0.004983397490913352,-0.0351926945920665,0.011108808465863729,-0.012738076452406077,-0.029619098424751165,-0.010872176433767358,0.009306884340109981,-0.019770872400745234
C:\RA-CLIP\test_set\LINE_HW\A0039224_00169.jpg,7,DRAW,-0.09647875282589666,-0.04067436265451739,0.27789240872767024,0.037608255919190856,-0.15077498433901018,-0.2651625108112748,-0.16310882442813185,-0.05986704009275459,-0.032882522820779636,0.04028962117630996,-0.05297235628781867,-0.0005800001498740543,0.022513177883437246,0.024154303367171944,0.029411598364314975,0.009585033640020488,-0.07189308130780436,-0.06665929581538099,-0.018185450773103212,-0.008393729424587767,0.032226840234240196,0.0066089932029582,-0.0006025884848588158,0.012729154653313608,0.07767553343407207,-0.04167427285736453,0.0023338413576380035,0.024002037568282366,-0.09632330304301391,0.03248742109029658,0.03420819146399189,0.06850721180969137,0.057556747116647794,0.02433778610949348,-0.14445370484752224,-0.0012815903197113013,0.0038361149397511595,0.007814772102032276,0.02971275382567211,-0.036187321413584765,-0.0390454219110584,-0.00552255705046915,0.014395952539802599,-0.0019141948086712408,0.015691169205241846,0.08003721964622396,-0.0374214027165314,-0.026684060276317343,0.02709941642226219,0.0024828743608214846
C:\RA-CLIP\test_set\LINE_HW\A0039225_00018.jpg,0,PHOTO,-0.023816960934545748,-0.4943461576975813,-0.07583897830267237,-0.04221288541644165,0.03935822304999369,0.010453531860659126,-0.02916477231605193,-0.04813783692382705,-0.1905036462455076,-0.06979017862319035,-0.0018870735432151974,0.007037456264843856,0.022491165179321218,0.026243172113899062,0.008297634899448129,-0.03640387667818637,-0.0742124650561077,-0.02947745816386409,-0.03955284974354512,-0.004261675515713275,0.06359736905652051,-0.06038574249395325,-0.032587119593374715,-0.06656955770105354,-0.06152790534143495,-0.10400756323423148,-0.021457684113216198,-0.14652282383748197,0.012547572410673578,0.08604172971390445,0.020970082887103073,-0.13674121922184862,0.020272145313931605,-0.13361657598176394,0.03685933075386322,0.01624415214030179,-0.0650639639610816,-0.06984734405642415,-0.03699322350666879,-0.0747791466638982,-0.036578011428867296,-0.02235929771713174,-0.002397184487138175,0.028873100423595456,0.004091703542058801,-0.0029314147798544087,0.0010411998877736688,-0.012939839473761063,-0.012751543241792722,0.005515164882403242
C:\RA-CLIP\test_set\LINE_HW\A0039225_00095.jpg,2,TEXT_HW,-0.03320065881763563,-0.03601104457478651,0.13667281839939138,-0.12962007966030084,-0.1547937878583968,0.13876190020342002,0.12063756450909971,-0.05845814327248289,-0.056193436061363594,0.05565592401666332,-0.1870918861705334,-0.06471617253877818,0.08628230004845945,-0.003390345094942068,0.11330037373828696,0.08165907260776568,-0.08183065936917944,0.037379193212761015,-0.07722071037359075,-0.019110714467068683,0.023954616187281213,-0.0183445975435251,0.05783590240342812,0.023390238125014385,-0.08812638852500258,-0.09692755299915669,0.012034060903988657,-0.014071827426043538,0.0513794668706973,0.0464098765143734,0.014241315132436209,-0.050791689004037126,0.06415465293051395,0.10043433236965973,0.05196899078836655,0.023566030221927065,-0.004160679369052251,0.035244582303015436,0.006452201207793865,-0.03807267854941897,0.06537417276185409,0.005227965316202491,-0.0023069520143242997,0.014760026801179302,-0.011869015836270362,0.0022860519734032403,0.012283546074378511,-0.04553430839464675,0.02077446678354677,-0.05257639293411418
C:\RA-CLIP\test_set\LINE_HW\A0039225_00098.jpg,6,TEXT_TP,0.13565018951669341,-0.005643420108516522,0.17819217444596494,-0.13098765594652642,0.3140383415123327,-0.12380274819944405,0.14476794290118683,-0.047074049788703165,0.0015955834224923963,0.02669063666918313,-0.006953970458749486,0.05311919521472644,-0.08838437636086993,0.03238485126987148,-0.08817638796206405,-0.048050397771011215,-0.023752669102318207,0.0068622751609754085,0.010854320541551858,0.020683322997111897,-0.04773490034503718,-0.04673247065470543,0.006702170896378521,-0.03137149132886899,-0.035289584378554485,-0.028970315422395806,-0.005902398978256354,0.04529710440441396,-0.015488336158026295,0.010616206745181178,-0.018455486971857983,-0.0038024110066550805,-0.00927772098836339,0.020115560001421187,-0.010391204615122848,0.007988062643098199,0.022028884228583425,0.0007981327424204504,0.024046067533867482,-0.009420039623327669,-0.01644802456525716,-0.022805725038645724,-0.027831444933033342,0.0004519157904338457,-0.014554861125175253,-0.017135823663640044,0.04114803187361692,-0.029956079857102073,-0.01253449101709933,0.005914367029823984
C:\RA-CLIP\test_set\LINE_HW\A0039225_00107.jpg,1,LINE_TP,0.04015175449027284,0.22149967086148634,-0.04141526041298904,0.020437091112447372,0.26809581130397037,0.10494201872151067,-0.18489344129436555,0.016252705374630843,0.015096392650157386,0.025473228817236848,-0.023271092904016324,-0.007811656196268317,0.030303811006035,-0.019045406091653335,0.005184226046687738,0.06567173145129973,-0.015098003428648258,-0.018243612114570838,0.023615589322182096,0.005163824235833023,0.02486785645599256,-0.004243764323049368,-0.024853607452316157,-0.03658909712490794,0.009273262641935065,-0.0045667533018781785,0.014706997417763271,-0.003807973301163742,0.0041375061179854756,0.00619925979317379,0.012593377788238897,-0.013241021619888261,-0.011287079195532497,-0.026675871999695195,0.022521630626257127,-0.0005070080938277499,0.04629444687182084,0.01933234885514047,-0.024139018576807017,0.010718392085620289,0.023821179325063325,-0.02619327050429364,-0.020876250211393336,-0.016597532720261283,0.008600305541182955,-0.01176162219028535,-0.013764845602520486,0.025673089110550364,0.009656784328258994,-0.012288149242272001
C:\RA-CLIP\test_set\LINE_HW\A0039225_00115.jpg,7,DRAW,0.07375392854033866,-0.08049583820885872,0.2978401627032728,0.015919114069885373,-0.10550223068138649,-0.2099924249449159,-0.19652811427755465,0.06874845900221513,-0.04004402574214563,0.09128660216638777,0.11328937117424996,0.08125881339816969,-0.03376424343415023,0.06293223701166446,-0.06798695268716264,-0.044419562171271174,-0.002001118259431794,0.01783440020743958,-0.04564032148422565,0.06271889347919508,0.0309830780263506,0.057027914734150385,-0.01897034669842519,0.008175588533418227,-0.06419213075816776,0.033223426432280254,-0.013011319492772143,-0.06988930496839416,0.029893918275523967,-0.10743803115370512,0.11043071252561579,0.008332099666952102,0.05901839681466011,0.011751086196491674,0.027423083850893752,0.022894080531030002,-0.02525060316145465,0.08251320462210221,0.04345953234460705,0.01551783911096903,0.023289522897927403,0.057995118713127375,-0.027173430411478922,0.05750141317943342,-0.009894591327385642,-0.05510168892595203,-0.013258421540894566,-0.09901290261743127,-0.00013640414095250817,-0.009118639184124382
C:\RA-CLIP\test_set\LINE_HW\A0039225_00149.jpg,0,PHOTO,0.003995401157901757,-0.531947785386212,-0.14489110611767544,-0.06931416140796835,0.07406032378397305,0.036152057253569875,-0.03560504880750151,-0.035340153742959846,-0.1933631630258934,-0.12242794407999279,0.0334113917187838,0.01624507964636823,0.030301341398533722,0.007653690918510953,0.049721314435360806,-0.05441249534631332,0.04107837728350213,-0.039766772896167306,-0.046947623796888945,-0.0225488613490341,-0.07624825458580052,-0.026784313147211688,-0.003988551444336957,-0.06844073632431234,-0.041724357082010145,-0.046429881704825336,0.11098952566546379,-0.13269757376482647,-0.03440645583974975,-0.00181988926414362,-0.06871543894417977,0.009343701272345342,-0.0578985376584257,0.031747900272312855,-0.13418632583102813,0.0036317891782007977,-0.01448912338455727,0.00794929266565835,-0.002460650848352343,0.00771737147587313,-0.013453839049199242,0.06636325087456406,-0.0015541597836022786,0.02956012672758924,0.06158859876238727,-0.09104180369856069,-0.04706581564913173,0.04634457900883314,-0.06490199263314878,-0.02786248164906387
C:\RA-CLIP\test_set\LINE_HW\A0039226_00101.jpg,4,TEXT_TP,0.5990320828005288,0.14322628265394838,-0.14956918556058585,-0.2737755284447344,-0.14092860625806955,0.0024506947211882044,-0.029927444710658776,-0.00932442053431527,0.04679996027514798,-0.05361406157912761,0.05612977283999675,0.09184928982214151,0.03652507327627231,-0.05233210198633214,-0.04176395195212971,-0.016833399061996258,-0.048054739535712446,-0.05674108434496485,0.02660005984410779,0.006673393830558088,-0.04277703840499417,0.033458056911389464,-0.03623064983471147,-0.06959773002215232,0.0016041659986270312,0.028162562941856643,-0.06372477622827163,-0.018589987479116363,0.06163276722562172,-0.009159029792085535,-0.055027607119961984,-0.055986307251434136,-0.05134816918430347,-0.025843026824461844,-0.033657783155776465,0.011050499741201857,0.07005070643629636,0.011492494841464234,0.024674111810156107,-0.021445919138000116,-0.005319928636005819,-0.04033088576876009,-0.03329340294124597,0.07204075860095628,-0.06587185418251756,0.08715926622649667,-0.009008191105423884,0.046000227963932584,0.03517139556621129,-0.02812791721328607
C:\RA-CLIP\test_set\LINE_HW\A0039226_00151.jpg,2,TEXT_HW,-0.1537946176476364,0.056986628142548075,0.05331953545028938,-0.043429277893291415,0.005047363431368012,0.10137208868085006,0.10503025967623882,-0.005134290999804188,0.05689722650816699,-0.0659040923696749,0.046691007707186406,0.019724521514595056,-0.05349666111994077,0.012927106446560716,-0.010333982789344826,0.07610352706655371,-0.10292406381707704,-0.03617531399327172,-0.0032744585643818083,0.019559422059430967,-0.03017973268430048,0.07356156338335874,0.04980812150611071,-0.0036155462114361783,-0.007354019754235064,-0.014169832570908621,-0.00629621264314075,-0.028373760295766312,-0.04955120235489205,0.003195320871747655,0.024783134578643663,0.02797059063170927,-0.04752286334121152,-0.007623992276544754,-0.02774733841812941,0.018856827990682383,0.003856355026968105,0.014044878937306604,-0.006510704338631263,0.01656465215976464,0.006873402805992222,0.013569218301514375,0.0023141417879807185,0.0027271454107223353,0.016279575380018403,-0.008614319952799513,0.013518913681130717,0.01869895589748317,0.012437016953612353,0.01733777620705268
C:\RA-CLIP\test_set\LINE_HW\A0039226_00163.jpg,4,LINE_TP,0.5319691536097114,0.07547328711519312,-0.21252359792939446,-0.2604900455436563,-0.16132692189196207,-0.05692357516847546,-0.1357496455662741,-0.13369601338408665,0.004444062075315159,0.024940330412013653,-0.06905539628189965,0.09009006573314501,-0.03577052294937064,-0.16516091260355945,-0.18123621795123018,0.14628843175822318,0.03002437699308862,0.0503408568597269,-0.19349499702965206,-0.16628271135736591,-0.09614992403001583,-0.039799547214965245,0.0025058217422392346,0.12283599074840208,0.037355841896033234,-0.022164752034091042,0.011149910676640446,-0.04861734265242341,-0.007477207112276525,-0.0283587705821261,0.007047439068330647,0.02490867906539021,0.020326676411486774,0.006297534499965324,0.010704418263134025,-0.06223618182910136,-0.01860784180610253,-0.030817209699429086,-0.008866127276603485,0.03308620573678951,0.0026091688346656476,-0.010394544364462676,-0.008259678115639163,-0.009769064364084262,-0.009516046323666023,-0.01468457890945109,-0.0015868670282370991,0.004037481501535175,-0.005357392496512426,0.0071848468032344355
C:\RA-CLIP\test_set\LINE_HW\A0039226_00173.jpg,2,LINE_HW,-0.18374304632714247,0.09406029293472636,0.09676168954973567,0.04334081978066547,-0.10012634452037494,0.08194409152713933,-0.004470875566297245,0.024289210143359004,0.07561501751976821,-0.07356227451989204,-0.031475780147962554,-0.012264413070079779,-0.005953379544903587,-0.009206036855418672,-0.028797379611619177,-0.07077125382426849,0.06104213068437539,-0.02568220266617349,0.0231092725660496,0.0007277209992851815,-0.039351577061388386,-0.06823098940429306,0.01765663860740808,0.00021457594737025383,0.01646082379227675,-0.006061728998807593,-0.020599188003983242,-0.00022044287656479905,0.02401908685225655,0.008344643391642538,0.07032248390758272,-0.01727041626576833,-0.021398880380391786,-0.006783781137022638,0.001156003943860042,0.04859116813553353,0.03120283392625228,-0.018296342467242644,0.0018747623214103552,0.07269984299101569,0.015540920549296051,-0.014300401137790214,0.014511854129809714,-0.005435876151823899,-0.010906569656290414,-0.027746324949041463,-0.003124059684127055,0.025620667316318957,-0.003643238673827627,0.00010479105488266847
C:\RA-CLIP\test_set\LINE_HW\A0039226_00298.jpg,2,TEXT,0.06588431294658445,0.07272383644602028,0.13249843177034468,-0.09766296255128327,-0.10545588125517248,0.2276332327907498,0.030366383444984997,0.01506373145282063,-0.06782063152340131,0.07842067789370846,-0.042535351637295056,-0.024122579337274932,0.17922700773105188,0.05606739562528319,-0.06606106367619202,-0.05116011519082034,-0.013312246313523537,0.0651853017571057,0.0016053941735584872,0.007419107035516041,0.02035992127945112,-0.04244736469716422,0.03838161818933124,-0.021652335153070208,0.037816331999587935,0.011625972475938865,-0.08000915470095639,0.0034103530063703336,-0.020230619424537428,-0.02076749096435478,0.03994804688269419,-0.002850243343408194,0.014011037289062925,0.023357316263863316,0.016307759916740574,-0.04458872375870586,0.040238560584994386,-0.00437418873287378,-0.006676274469965753,-0.0289528091937176,-0.05028542464110115,-0.08995162874740285,0.01225523028824157,0.023544594153672518,0.02122183838530292,-0.034245060527201054,-0.036994727404022834,-0.0012874778423095574,-0.012711604913958768,0.009388504073124932
C:\RA-CLIP\test_set\LINE_HW\A0039226_00344.jpg,5,MISC,0.5029226876351546,0.03109129450808947,-0.030924614529116545,0.5235715913998238,-0.016277131347748025,0.09056793978921852,0.0240452796527145,-0.18515909645881115,0.003057153787198613,0.006130929524558062,0.032003777249393774,0.022632956736990718,-0.021656567616108006,0.002521256174749694,-0.005052194361250991,0.02711986912830882,-0.026481035946040902,0.030133943574213784,0.020211492072771488,-0.03196596864014503,0.020013502476829318,0.018942513555860938,-0.0069646645761540366,-0.031961796877575444,0.02914899050148561,0.0275058280613366,0.005966955803056971,-0.01223917181949839,0.0047580544702059665,-0.02414556656638029,-0.054021843691769496,-0.022220603159356728,0.04612858476415008,-0.004031795177415779,-0.0046005809806426165,-0.02349973849461744,-0.017395368257529582,0.01310179788009058,0.028761039148485757,-0.053407517837185864,0.002986258911455727,0.008101922207694956,0.004999634329610073,-0.060278727832555834,0.0446503772759643,0.015137665105920066,0.055337198228342196,0.015371919400044747,-0.001251686947900458,-0.05433511064834051
C:\RA-CLIP\test_set\LINE_HW\A0039226_00396.jpg,3,LINE_MIX,-0.2753818682251171,0.08829194425089429,-0.24801958543553446,0.04233010275816823,-0.03768523314161683,-0.15267316434991932,0.07948234022904534,-0.018370772692326672,-0.011486824145413632,0.008279578045434997,0.029661125071226303,0.03472637317815876,-0.028293585261776413,0.0204576506166853,-0.012013387930746976,0.02502529046464434,0.028490294224861226,0.027409892193706282,0.009167371454146863,0.0045652984350132465,-0.00297246612934236,0.008925308255938878,-0.05179235871970538,-0.02508248199511188,-0.01923641325137107,-0.0012267348188719435,0.0067541913665009915,-0.0054487769558949324,-0.02223956352345115,0.003076949087018686,0.00020527110944475855,-0.0016641350658642105,0.00291114541339244,-0.00042276201814922277,0.009231565351223233,0.0017459258904459955,0.01901102718385266,-0.014044562216822825,-0.018340896433122558,-0.015866591843040838,0.026422066896204993,-0.01187785238183707,0.014964640818648853,0.003141726289920861,-0.0003938930850756656,0.00047816243428778913,-0.0028031580438742524,0.0007096445850091792,0.013788725687323049,0.008227869044375467
C:\RA-CLIP\test_set\LINE_HW\A0039227_00040.jpg,2,LINE_HW,-0.20880354122910658,0.1300072254337242,-0.043775207920041706,0.056249728243334254,-0.04219413860377146,0.06253428609557592,-0.09102259710307085,0.03120133458550223,0.044251214886303,-0.04586355035354286,0.006093286526260596,0.010536734010866404,-0.03781087999569724,0.00952899522077184,-0.03910923055169402,-0.050306469344317324,0.017122388493104837,0.024098654096031933,0.02589454186132493,-0.02497214057180207,-0.012850012994026508,-0.04759269000457263,0.02842922380269704,0.02146429901917923,-0.002316996957273983,-0.0543327669232319,-0.02608455056876955,0.008757010906465062,0.03994660762180449,-0.0058582698140068855,-0.002231781178841459,-0.032601308979237575,0.03776918138497082,0.04593955580926763,0.00668954780403862,0.039497073848879335,0.010134546989424047,0.015870979094182294,0.0017788383334932506,0.010361669780650066,0.004062064649324706,0.0014322446874355792,0.015426386151485451,-0.029647874504138635,-0.010179312328047327,0.004441627743119902,-0.021572538964643815,0.03477316751825456,0.0013434404393195597,-0.020016459505078393
C:\RA-CLIP\test_set\LINE_HW\A0039227_00046.jpg,2,TEXT,-0.05994480022716926,0.15541794084188396,0.007532226595388754,0.045453911359729295,0.0026414831691517703,0.09977344735540758,0.047034246158792606,0.06765624540189248,-0.06928566623656322,0.05266436292303489,0.2002767634342733,-0.0017330194485272498,-0.03694999962260337,-0.0317076901837375,0.008905387535373944,-0.021611154045178636,0.054734154594252515,-0.013887937480100695,-0.010694648769258385,-0.03868299830191255,-0.03154929317289708,0.0607921651991552,0.016049489234625618,0.002206117031919502,0.022961773536667167,-0.03116895365501898,0.06200521711299119,0.027379543954646566,0.02675665462682932,0.01511396198538269,-0.0002403320416038971,0.01660855581288356,0.015526473080559914,-0.029400094378365518,-0.0162720315901684,0.0037664287972007295,-0.011604127161259137,-0.002084568037416816,0.01934306934474268,0.017290422605018847,-0.02352698199606753,-0.04032246212352491,0.04337396957787602,0.0037466442178764755,-0.03206922136708209,-0.013875945983973315,0.011346844278619745,0.0008132543124749208,0.010486644116847214,-0.008632455314505223
C:\RA-CLIP\test_set\LINE_HW\A0039227_00075.jpg,3,LINE_MIX,-0.25719932158828,0.07030627265164754,-0.21019589196202607,0.028802034592872408,-0.03212870710330202,-0.16571809473266114,0.09447287386299849,-0.03418917434634171,-0.026462280439882354,0.013962100442758267,-7.950233192044184e-05,-0.004971315538639459,0.09301217922873119,-0.00772673228271973,-0.02502464616898533,-0.009752069784358329,-0.017344974003295793,-0.006485249082170822,-0.009784100653933573,0.008011849754166966,0.02973553459548391,-0.008976597247240318,0.03872445106798605,0.021462537718960045,-0.011731494424804853,0.02304266484732805,0.007719386364663504,0.007270609722116995,0.016209048668128508,-0.004977506201518189,0.008352660673330936,0.009486409198891214,-0.020659023862842067,-0.015437964738504664,-0.00818479007498291,-0.003068798095420823,-0.008884883713793501,0.01691745097223547,0.014403184470263113,0.01978041972654537,-0.015049039774269302,0.0035250583288286533,-0.013824608267769005,-0.010320803467009164,0.0016030931912362637,-0.0005809652246616025,0.0052065857208137495,0.0006231768562410349,-0.010113985577358115,-0.019142884650773954
C:\RA-CLIP\test_set\LINE_HW\A0039227_00123.jpg,0,PHOTO,0.0237468362218154,-0.6106382369115109,-0.12928439308089967,-0.06680688896008803,0.027659507886937423,0.09666865813706238,-0.047706361403192614,-0.00417642559692786,-0.191759913204705,-0.16593837925424673,-0.024699050210927383,-0.0019798185191962046,-0.013180533016037383,0.05604057283672275,0.07012147520075178,-0.06321188434430802,0.01581538114077231,-0.08286924013794227,-0.04487850224964913,-0.0267809514182505,0.023719256412088906,-0.05662192777283761,-0.05436165812413942,-0.01352456390210668,-0.0032784054454160372,-0.017000829320858606,0.005375027998952786,-0.0733572372995814,0.018216534091704685,-0.044424525672252475,-0.023600228917597856,0.07775315491876873,0.03308227921021124,-0.07598584951380458,0.09528595091649292,0.04509008801005662,-0.02124502756108982,-0.06239525075895793,0.06275181438528063,0.040438628797041985,0.01838399647479753,-0.0668772004220863,-0.014651572547518667,-0.0780947496305324,-0.021598028963070028,0.038040097037916124,0.059705195591617334,-0.05882721762941585,0.017611131870233134,0.04178390998140096
C:\RA-CLIP\test_set\LINE_HW\A0039227_00206.jpg,6,TEXT_TP,0.14287518324632795,0.05057413341816911,0.15923118133005093,-0.14595848490782473,0.3067804300207927,-0.138353987166202,0.14356898763474957,-0.07427155211224698,-0.015216329093632032,0.03568883032050555,-0.04231394756875929,0.025077115100437336,-0.04834652459253779,0.039555083929226874,-0.03005142049716087,-0.075349531086027,-0.0024318422786583785,0.00626503456330291,0.03208721411542988,-0.0023845226201022335,-0.01187697728028611,-0.01538451509002597,-0.010407192341172126,0.0170481138648237,0.023851238451378244,-0.0010371793826063438,-0.01224066080563397,0.005477785712904179,0.021914568137668986,-0.019995505721884178,-0.024440354701940163,-0.0002149227243166891,0.01480895881608711,-0.011287556047996364,-0.009946734178571405,0.005951312260808345,-0.017065026978863897,-0.014261948855530608,0.01430204969006475,0.0015532145060766815,-0.028738977744598243,0.013742529319733437,0.00324190419851917,0.0010183845799733532,-0.015657966947889106,-0.007822848547343463,0.017069195183474325,0.0064932942747154545,-0.01513477269777534,0.01791609057855944
C:\RA-CLIP\test_set\LINE_HW\A0039227_00223.jpg,7,DRAW,0.05506686117658183,-0.07961496180153492,0.29918110569211154,0.09946459743771917,-0.054007557079986675,-0.1970327735500014,0.07004012057478481,0.03975891365330851,0.006669287647632497,-0.08078197240222683,0.0404609330527455,-0.1678459011627952,0.05598133689056411,-0.1254457843602438,0.08876469063918713,0.15177051257397348,0.0364542100112439,-0.04961576876014623,-0.04095304763416534,-0.009685830258146661,-0.0657829918769919,0.021513805621425592,-0.07400668312132629,-0.08664855671225732,0.0777231380454134,-0.03491357930120925,0.03052757895468174,0.018695219300764954,0.009996915036134833,0.025086428741105476,0.01635401644168233,-0.016222594466218425,0.009702865979428378,0.056421138495473276,0.06412914947526933,0.007416175804724814,0.03155528723591569,0.021005312126448596,-0.044428499636648945,0.03010973268018102,0.005686711058702653,-0.025252011571435983,-0.05097417939775735,0.03759808825937339,-0.035596540889759894,-0.004151850031044415,0.0416925934021138,-0.020384914405795714,-0.015989782656387362,-0.000538813123641191
C:\RA-CLIP\test_set\LINE_HW\A0039228_00038.jpg,5,MISC,0.4416133607256384,-0.0091257830776531,0.05050818819708878,0.5196975695918724,-0.01884438924926171,0.08666392591644353,0.06436861076426942,-0.1482858396277077,-0.00231157712533097,0.0023524472700903023,0.01318063494403334,0.05118821816070168,-0.014741198814527883,0.008075271936034339,-0.027899364495118355,0.02351740696482951,-0.005363485738915531,0.02434030443014381,0.0029841504536518458,0.01744567373187762,0.015088526352631065,0.002040127318682469,-0.04327531299663093,-0.0521703936226176,-0.009250053864300228,-0.0012554097633835923,-0.023354211749015464,0.00827120422180536,0.004209115804169464,0.0022715860474928455,0.044272233310688046,0.01271767958143103,-0.026320354002886015,0.01467994447153042,-0.01949667991808267,0.009893372162659083,0.016626726913801026,-0.028182018174986563,-0.0035294066138826666,-0.009456657199662566,-0.01567771072089721,-0.015045855187790605,0.011067219550054904,-0.050187425641640374,0.036384271000609536,-0.02501166601492482,-0.02049414992838128,-0.03273588380223763,-0.048358230325971134,-0.0794818537886683
C:\RA-CLIP\test_set\LINE_HW\A0039228_00071.jpg,1,LINE_TP,0.0022105555619327246,0.19276881908524274,-0.05877041150285166,0.050567971384443224,0.2878355276909281,0.03948786988511661,-0.175406608816814,-0.00390873009925859,0.0008527104963133835,0.026648995234415437,-0.033877576526448135,-0.03548707280526075,0.02231358815965187,-0.0069756542378678985,0.0054633529181961306,0.035818102318109196,0.04467826308291011,0.0030406856572938643,0.001745393247719267,0.012397553821105698,0.025858241836298052,-0.0004910155697199004,-0.0037709651981658347,-0.014554355331068336,0.0010946117799147616,-0.02309100514253165,0.03202871262066355,0.024518741360333895,-0.006287340952971012,0.012466464708077862,-0.00672538396032993,0.026907217177352002,-0.014981201454863072,-0.04775820995865636,-0.02168935650486961,-0.008037197442550818,-0.009051736542587967,-0.022570122204093573,0.02349115789622408,0.016447519001481566,0.014227437245028791,0.0008750229602998018,0.01651026047790218,0.0056289656540726525,-0.009509257972695235,-0.037207182022474444,0.002231123094193346,-0.020402461541602038,0.010012015502466175,-0.006963765036398606
C:\RA-CLIP\test_set\LINE_HW\A0039228_00176.jpg,2,TEXT_HW,-0.14481166716891936,0.06108144464832812,0.1560649483009519,-0.08184001245353077,-0.12614212074908257,0.11529705075899348,0.046773164122588896,0.02412385836958915,0.0947645042705771,-0.0413495438757546,-0.10337336703684985,0.10367907892638131,-0.06297227155703229,-0.034371701732253686,0.007056780724134064,-0.0016244353596752297,0.09024973597314676,0.03371716817910876,-0.0050639087644372945,0.03941696825822835,-0.008348073197593418,-0.05005251839500517,0.01786104874786687,0.009267635687603696,-0.09395084622208554,-0.05598355840600153,-0.03190909649626394,0.02349159415060521,-0.011866237279245991,0.018992311159799494,0.001580157141345922,0.01623173651472506,-0.038091900586389,-0.021261396921775484,0.011388114998075375,-0.008930736056175028,0.010111932549392957,-0.04049706375878348,0.027414558935705696,-0.01936855538010338,0.005693585837193164,0.05249570999797061,0.045213600045494365,-0.012707391097148574,0.03853979403734618,0.018398109686125704,0.05911332170028179,-0.01262029289225979,0.01004497975642147,-0.02977603644832893
C:\RA-CLIP\test_set\LINE_HW\A0039228_00193.jpg,4,TEXT_TP,0.5803639263345906,0.1511488389866481,-0.12316639102815347,-0.2560420157759709,-0.08681937057783483,-0.011482230072413691,-0.031217714684842975,-0.008008007781171337,0.09387556416135924,-0.06771565780216998,0.06378349183653524,0.07191249736920545,0.10131182725851742,-0.024937865176533736,-0.07836319993235868,-0.004411242326169802,-0.05712626401675508,-0.03472637227619099,0.04241372197602459,0.040662630977644096,-0.028847055102007392,0.031245426842886448,-0.005927770166390082,-0.05797704107887462,-0.0019954270501851487,0.008180288918471636,-0.01597087322260006,0.06565632980228844,0.0445145817677932,0.003560628224711925,-0.06715695625579979,0.0386194336819457,-0.02613985158328192,-0.011703246599462177,-0.011041223435774258,0.02422617609772757,0.007428368266359763,-0.012169217461095908,-0.017220794449938032,-0.04143287285787824,0.037381640211905307,0.04051712093660948,0.050162243966974135,0.001660284886727154,-0.005500868607181707,-0.04535912467565622,0.010109943101919852,-0.04876286395354393,-0.021895245454529918,-0.039295342107881985
C:\RA-CLIP\test_set\LINE_HW\A0039228_00278.jpg,0,PHOTO,-0.08414259085480928,-0.5701101920152941,-0.12712628500770767,-0.0027206950343359316,0.040549294222367006,0.057027465418013235,0.012983516329011246,0.004091992224779116,0.24337617459600933,0.17962571066357516,0.01915872448693855,-0.03634435929800351,-0.016118263728580447,-0.0489135405029735,0.023979135307908114,-0.012312991283258077,0.024871747919157246,0.01897011331377888,-0.01728585636454035,-0.02119605351686281,0.01447912809369663,0.035377945581272496,0.025262536682050283,0.016350269009998575,0.014759147062895725,0.050224956546048506,-0.062212857551988784,0.031324428504535706,0.03347708976870057,0.033414346560573016,-0.011513850166147315,-0.01683584759186718,0.04515382189148815,-0.0034397298592558287,-0.04603335633737602,-0.0005879662667399617,-0.017433094759017255,0.00987207819556919,-0.027824384274374486,0.03912216934495613,0.029229644436776416,-0.0001748347127008841,-0.028707670187548988,0.0040603392805544005,0.018650128771092945,0.007787243112651713,0.018566752131961354,-0.027867089778470692,0.02549126173650607,0.003840644734006555
C:\RA-CLIP\test_set\LINE_HW\A0039228_00336.jpg,7,DRAW,-0.01924840262033942,-0.19421435210650273,0.29698418670124377,0.039130516564429035,-0.09721384075679877,-0.22210957829225858,-0.08734568785794587,0.0554380482012695,0.01329400193177434,-0.04643290767769232,0.010927498739412029,-0.02130546592903072,0.10098742295519246,0.008161073088874597,0.08019778058614158,0.08113895862486048,-0.06891802137942757,0.16115934300140197,0.17761221770622349,-0.028850898682685925,-0.16742469339523425,-0.13122496775994966,0.058770273682908325,-0.10407085065139374,-0.04139829788482875,0.08996502266554737,-0.016234070082147015,-0.015082889014902099,0.007050558259611043,-0.022934885998307435,0.02001644423149326,-0.008615649841621647,0.03107649785307001,-0.10637144847386062,0.012416034470627507,-0.04391812044229005,-0.033242013241372485,-0.014097264199333036,0.02405015849279582,0.01547355688938785,0.03200457960401365,0.02032866638267814,0.021350449059218006,-0.07447203341922691,-0.029018365503030257,-0.02891201038116494,-0.09188059516623759,-0.029264079700838726,0.02044091135161641,0.010124156110847033
C:\RA-CLIP\test_set\LINE_HW\A0039228_00402.jpg,2,LINE_HW,-0.19932648258006574,0.10732734677115924,0.006901442066937952,0.054148604893098924,-0.10846038805251564,0.07967032844013222,-0.07549729078184553,-0.0023068250464596323,0.03610288330832038,-0.06469246736534297,-0.02876834366164232,-0.03470004473675945,-1.839545516585863e-05,-0.004112818090835306,-0.009225932756144976,-0.10279721515951035,0.05305633172298107,-0.004304553385911693,0.032404893695635366,-0.013289038457088554,-0.02653998868560818,-0.05590410690899479,0.03414343703292217,0.030634869125104207,0.006962100183202333,-0.022278010710251105,-0.026448658413062688,0.021878341839456847,0.029586613137019303,0.004158592004789876,0.006626641100744473,-0.005888666333887228,0.017172521568666783,0.018904998608374787,-0.016848454771251742,0.04255860486859695,0.004852583556219165,-0.0016929114638854304,-0.020688096221893326,0.0516487513896768,0.018632761181107474,-0.020119801482939063,0.011959052191232796,-0.016673703228585225,-0.05775727834787826,-0.008264663008208502,-0.01822574029433835,0.011709729449577872,-0.02052883181074236,0.004654569974060051
C:\RA-CLIP\test_set\LINE_HW\A0039228_00439.jpg,1,LINE_TP,-0.023252068302250548,0.19193505961032148,-0.06485898108431536,-0.030762393768701022,0.25770632794105847,0.0420308533720757,-0.17010697680994402,-0.023708724867096794,-0.03200938150996802,0.04716223437637591,-0.04884022510741809,-0.042622434844014095,0.048420691753754456,0.010433018290299138,0.06711791787081593,0.03357849915459585,0.005033309758237564,0.023712873046473824,0.009053017243904615,0.0015577052230835641,0.05003632573191555,0.009944044701650579,0.027935812687986387,-0.0010197723442262748,0.02142094801021745,-0.01927804551756326,-0.015449248448977224,-0.01450702919732452,-0.007101589982809115,-0.003240892453102364,-0.0030276631529746758,0.009490722778004503,-0.032479029033623465,-0.0023288491458297693,0.004934223227018579,0.05309165181317233,-0.0020297212802854693,-0.000777151736944509,-0.015731292669219514,0.0075334660358125066,0.03864323370855351,0.009064059001824425,0.023675724662573897,0.02188424406639461,-0.0025473378148218183,-0.013071947380068775,0.0064614677368654795,-0.015091795274482128,-0.0007626832792782879,-0.010010006556795499
C:\RA-CLIP\test_set\LINE_HW\A0039228_00449.jpg,2,TEXT,-0.15717594471962906,0.14528274442721673,-0.030642011919274806,-0.009573762966465778,-0.012782062341005252,0.14749449493531983,0.057105253865463515,0.009917309087910024,-0.048059510119151445,0.021647511588258155,0.07888039204832512,0.02985393765351326,-0.01607412865588268,0.026964327033366882,0.08288179974061546,-0.0013060837107082158,0.017496160631608727,-0.04479129750827871,-0.00203006767042505,-0.00920609917007454,-0.04201522206570165,0.04559704827045245,0.05714960361610087,0.031363313089989964,0.019153502061213686,0.041250750011272735,0.03368445441225648,-0.00950262435260923,0.008040399564777959,-0.044278028699791895,-0.036762001468795075,0.03587223103525482,0.07958153028738993,-0.059265253541282495,-0.019277245297552977,-0.05031685868292057,0.010532549325014634,-0.011808719297915823,-0.0096227631952216,-0.03228278560924678,-0.017832750009431766,0.00989417112278169,0.005882328224139455,0.006096807240812479,-0.02094642460548564,0.0035684476982887976,0.02195445981364515,-0.0030633811361769556,-0.022737020002204122,0.008239233517899406
C:\RA-CLIP\test_set\LINE_HW\A0039229_00048.jpg,2,TEXT_HW,-0.16502912901197175,0.07883177825455044,0.045741689847454456,0.07456095394100125,-0.010377350974075212,0.04929268897251898,0.035614248105934894,0.016203467939163017,0.01656865755985938,-0.06772762959345051,0.06704212533998105,-0.09589746256612797,-0.0463019643912967,-0.07198627930594462,-0.018399714087874462,0.019994813796237583,-0.04633216169879139,-0.016066023626609662,-0.03218663329178182,-0.03213189110046691,0.019215408035663805,0.04151683775705626,0.0167342472261651,-0.01339490975210959,0.04939643091375832,0.002807072698776708,-0.022896464152698942,-0.021783176910921753,0.011479945590654642,-0.025501360470003655,-0.02081936522464739,-0.030822521207384233,0.009708497049015725,0.029175189018664643,0.021752775628556594,0.07424116211933433,-0.0029714364635787887,0.01215601411571656,0.02351588650649704,0.028260414718186872,0.025525629911266154,-0.015373064510651435,0.03780764131106185,-0.0033817569902594487,0.010616088232966375,-0.023565233000375007,-0.004597681275153674,0.015838856826685968,0.007038591232976886,0.015810744251207282
C:\RA-CLIP\test_set\LINE_HW\A0039229_00064.jpg,3,LINE_MIX,-0.25719932158828,0.07030627265164754,-0.21019589196202607,0.028802034592872408,-0.03212870710330202,-0.16571809473266114,0.09447287386299849,-0.03418917434634171,-0.026462280439882354,0.013962100442758267,-7.950233192044184e-05,-0.004971315538639459,0.09301217922873119,-0.00772673228271973,-0.02502464616898533,-0.009752069784358329,-0.017344974003295793,-0.006485249082170822,-0.009784100653933573,0.008011849754166966,0.02973553459548391,-0.008976597247240318,0.03872445106798605,0.021462537718960045,-0.011731494424804853,0.02304266484732805,0.007719386364663504,0.007270609722116995,0.016209048668128508,-0.004977506201518189,0.008352660673330936,0.009486409198891214,-0.020659023862842067,-0.015437964738504664,-0.00818479007498291,-0.003068798095420823,-0.008884883713793501,0.01691745097223547,0.014403184470263113,0.01978041972654537,-0.015049039774269302,0.0035250583288286533,-0.013824608267769005,-0.010320803467009164,0.0016030931912362637,-0.0005809652246616025,0.0052065857208137495,0.0006231768562410349,-0.010113985577358115,-0.019142884650773954
C:\RA-CLIP\test_set\LINE_HW\A0039229_00137.jpg,5,MISC,0.33944514558081856,0.02579569095380887,-0.027243203826297437,0.48230451868501023,0.006569348000923432,0.1336651639111096,-0.006139578364459847,-0.2498722782093589,-0.018592027575031794,0.02032505188556529,-0.03659101303521429,0.08936689995062537,-0.05310234489865418,-0.03881136239980013,0.03065234547200377,0.01704669563779799,-0.02964877103835901,-0.0009565945214020201,-0.03404916642169102,0.03181189364398719,0.011764124561554902,0.006863579536677828,-0.05152252185642111,-0.06091520115940301,-0.004194053821700721,0.009392607996593283,-0.0018311888581447754,0.016022481755102045,-0.016275742507711424,0.016911302261196654,-0.0026147302273954744,-0.023327644621050796,0.033792028518270796,0.03623784212604229,0.026007505701284173,-0.0203922252712408,0.007384826969696822,0.010280126123878715,-0.03420670400631419,-0.0010704465668256564,-0.05701881363655627,-0.060675492398687934,-0.0030499825450947967,-0.03602248923469495,0.026501958807817205,-0.007836388308678445,-0.06591653215126173,0.023799182744312312,-0.021794056078718423,-0.06297115951574317
C:\RA-CLIP\test_set\LINE_HW\A0039229_00217.jpg,7,DRAW,-0.053510511821750824,-0.09115523422249182,0.36258814747276713,-0.000930214311492875,-0.17272518954140362,-0.19477272806325285,-0.1155278657007535,-0.004050744211179556,-0.008334765679380268,0.035045906007383276,-0.0019133608879799142,0.04025392178132138,0.034097575579159184,-0.028268561149136995,0.027079966672212845,-0.0026791798126544037,0.004482348292225238,0.060914839831768576,0.04988381847037547,-0.03386283960693809,0.021384715560665672,-0.007288557678234645,-0.05338664507963542,-0.0030600504291544628,0.05502738318787349,-0.018556998485130264,0.017958101146011866,-0.0228686050300872,-0.030142468118597374,-0.040576448738781246,0.05323513699948733,0.03883978522096163,0.027685660705016272,-0.051859353012494766,-0.060690690517686094,0.022433686119925314,-0.013187719589583298,0.07416491705985127,-0.0516643748257047,-0.03168599647517413,-0.034657144658880264,0.022538380231497894,0.045662128016435224,0.035372939242804664,0.032929818722820005,0.010537437226712321,0.01278197919866079,-0.019963525644903463,0.014951030250293663,-0.024064549666427983
C:\RA-CLIP\test_set\LINE_HW\A0039229_00384.jpg,5,MISC,0.29875731193085825,-0.0032772494962333715,-0.0014509099808218207,0.23235318385534137,0.09168631213777528,-0.03053066554114465,0.063260298961733,0.36903144574144414,-0.01815952153006804,-0.07301479208515074,-0.13560972516290684,0.04255402719761767,0.04634710348123174,-0.06257727479460817,0.01998915748729433,-0.073087624494763,-0.09125313036870875,0.2173422381721156,-0.1518215356022375,0.23810919328134766,-0.10398769318048662,0.09898637239992925,-0.08585971168889953,0.02294535060508908,0.048495148334768604,0.006163818772459668,0.0315783552793346,-0.03189436505327641,0.010221188138793559,0.056241888174119486,-0.03299653009867108,0.01839815655968183,0.018871765005767958,-0.006981180025664741,0.00395017138036979,0.004203425386573164,0.010333198961144631,-0.04612385088452791,-0.034451081786664416,0.0416587759449432,0.013273340935521835,0.036550812620961805,-0.019078705800786227,0.017518765905702487,-0.03667877665938368,0.03616278457932858,-0.004605895302274872,0.029986560860305274,0.01714344575375586,-0.05743834864161984
C:\RA-CLIP\test_set\LINE_HW\A0039230_00063.jpg,1,LINE_TP,0.03887643641306157,0.17226409197402792,-0.021548215269994613,-0.03586143693628956,0.26943684995206774,0.06697059090087502,-0.11053646369568824,-0.008408673881982708,-0.04763161516961807,0.05877224580547084,-0.011183164909829322,0.02851376275520035,0.09399270191245253,-0.03383613429590971,0.01622105724389583,0.04254626177617891,-0.0027306994198257367,-0.03997835314129429,-0.00871266228638146,0.007025864909576437,-0.005734831984334408,-0.06656755211970343,-0.0521142295183348,-0.015389827817212183,-0.07870386786068027,0.05724794628812431,-0.010754378506593673,0.02113450319901504,0.006081942980077475,-0.023631677110593167,0.010618075804675218,0.014829677223921964,0.009692638130654043,-0.01670896072215323,0.02070129315286026,0.02117707626227408,-0.03260577777146281,0.022074368616503984,0.010903686966560763,0.016180900582698575,0.017237652282290346,0.005431386164696471,-0.005754203817067992,0.06229177236221739,0.0362876175401691,0.030348958259604458,0.03480372958395815,0.060846527680912824,0.019970837360190202,0.019834392001087348
C:\RA-CLIP\test_set\LINE_HW\A0039230_00097.jpg,2,TEXT,-0.100651096050163,0.08938088449463799,0.1501846819461712,-0.0711708951363103,-0.08201873414858073,0.21571500723752346,0.0702392822129056,0.035357177756005706,-0.017437790677199937,0.01598973990862283,0.03908027874798784,0.042563181589487596,-0.031193202781266742,0.029354873975168207,-0.024234195906861614,0.04235603079653589,-0.006997480843085447,0.0001332358568550224,-0.013537673641166183,0.015919028163728748,-0.011220925510546705,0.002704270626193057,-0.055556000040062,-0.02056421880366821,0.010421898197827262,0.04617218066115008,-0.011984886490999037,-0.010932830675354468,-0.07598445013965051,0.005865472161679794,0.024614709526913817,0.022938383487358195,-0.045045900774491075,-0.0061025324123959584,-0.022284650400601572,-0.031014401373996234,-0.03343189594160312,0.007043049926104334,-0.015426406051290809,0.028357075524922844,0.009106657514708015,0.016384233337173846,-0.01780771931689974,0.011155854631878032,0.009869203926886628,-0.009909056858716164,0.0273095583394749,-0.0048321265565616995,-0.022830604555266205,0.005541872702645371
C:\RA-CLIP\test_set\LINE_HW\A0039230_00159.jpg,6,TEXT_TP,0.11538942398411918,0.052142928858458136,0.1810187491787201,-0.12819456234691856,0.23943215789071576,-0.08325377316823213,0.17294741629504753,-0.10631530860548291,-0.025602078161818472,0.03265539615301029,-0.0624506382487679,-0.00547101106613377,0.003890656324642474,0.005705416725621918,0.008774556445265034,-0.043067381855046716,-0.009240957151061267,-0.038734867305343125,-0.0053876956047490135,-0.026751551667860064,-0.0028850861597687805,-0.011343484588821472,-0.00956906741381219,0.023001442621919558,0.038230958627080855,0.023405764998128114,-0.006785707771862796,-0.027270362464062104,0.008177651313053128,-0.007565067682532919,-0.0019510677724520406,-0.005074402715580303,0.03771092131790429,-0.010055779833049809,-0.00012984115904891884,0.01221016070421803,-0.03455684930772245,0.006807942131985347,-0.023870452480547682,0.012904390897324576,0.015506394040617476,0.01184173509560494,0.03948693460729469,0.017081976773537375,0.023484361769273144,0.024854445140924566,-0.020173044454209584,0.02745173110101044,0.01923540418663157,-0.0020830000569041175
C:\RA-CLIP\test_set\LINE_HW\A0039230_00254.jpg,2,LINE_HW,-0.17048401311040384,0.08597218951624813,0.09378698382528611,-0.03143487231034882,-0.056529743741396264,0.12526748505963434,-0.0537842030518392,0.03839587094140901,0.07088646242464942,-0.07250999481738367,-0.05197469945884695,0.019208537750050166,0.0029244809969864536,-0.0014375671574859761,-0.024956665231965627,-0.02296086203627271,0.033940192382924984,0.014039611970910148,0.059668309575120496,0.00012254527105681276,-0.03581942067226931,-0.03026375735186612,0.04091407188198875,0.043729578151665595,-0.05778999683212065,-0.005072365314770551,-0.002594532794726716,-0.0017179031614359221,0.03978944402331903,-0.027669394519982068,0.015460418994099657,-0.0026679896552331667,-0.026375011109686677,0.008500871558083717,-0.02427765755540074,-0.0009475654604889902,-0.005988508917827125,-0.008083527830516139,-0.008350576277449947,0.012343998356288147,-0.019013572006306444,-0.009293686539070502,0.007763163954562781,-0.03025570722708843,-0.038576877484574335,-0.013529489720735099,0.016095696127662724,0.03211712444378042,0.009492749672715458,0.042421454971475855
C:\RA-CLIP\test_set\LINE_HW\A0039230_00313.jpg,3,LINE_MIX,-0.2753818682251171,0.08829194425089429,-0.24801958543553446,0.04233010275816823,-0.03768523314161683,-0.15267316434991932,0.07948234022904534,-0.018370772692326672,-0.011486824145413632,0.008279578045434997,0.029661125071226303,0.03472637317815876,-0.028293585261776413,0.0204576506166853,-0.012013387930746976,0.02502529046464434,0.028490294224861226,0.027409892193706282,0.009167371454146863,0.0045652984350132465,-0.00297246612934236,0.008925308255938878,-0.05179235871970538,-0.02508248199511188,-0.01923641325137107,-0.0012267348188719435,0.0067541913665009915,-0.0054487769558949324,-0.02223956352345115,0.003076949087018686,0.00020527110944475855,-0.0016641350658642105,0.00291114541339244,-0.00042276201814922277,0.009231565351223233,0.0017459258904459955,0.01901102718385266,-0.014044562216822825,-0.018340896433122558,-0.015866591843040838,0.026422066896204993,-0.01187785238183707,0.014964640818648853,0.003141726289920861,-0.0003938930850756656,0.00047816243428778913,-0.0028031580438742524,0.0007096445850091792,0.013788725687323049,0.008227869044375467
C:\RA-CLIP\test_set\LINE_HW\A0039230_00325.jpg,2,TEXT_HW,-0.16678525569374048,0.07336195322010379,0.05994321390601393,-0.048815377527308364,-0.054739068220518765,0.10850098058223201,0.07314821953610472,0.01448324465493151,-0.01786715709251511,-0.033801037511534134,0.017824858528711914,-0.04020624881863779,-0.054102662096829984,-0.00020761126681091168,0.02760300955378033,0.08532852871853266,-0.06483661183922765,0.02345694264704634,-0.02559480083819252,-0.023673562342693442,0.03684549967835834,0.07001480393017227,0.046272993770251104,-0.018271143045575505,0.011745189162097668,0.027878871284646414,-0.021871099931948617,-0.033033381520142915,0.008315179008333557,-0.02790415289903617,0.0004037775895955531,0.006476521669105786,0.0065308712275282425,0.01153148199989884,-0.01897441059303462,0.023590884993045548,0.0003488731242384114,0.018446351791156508,0.04327789760111425,-0.0465795279329222,-0.0098566602878412,0.02682448761820615,0.005852880428387547,-0.038121592996034466,-0.006300118480543181,-0.014566601771788203,0.0442067911924817,0.01783224237630917,0.010868709725487832,-0.003046481977006055
C:\RA-CLIP\test_set\LINE_HW\A0039231_00012.jpg,0,PHOTO,-0.044894418202076396,-0.5801140046190791,-0.08398143721241723,-0.019644590316391895,0.008316833984131612,0.0859605446288238,0.019301374047880918,0.008928237447275349,0.2089967365955208,0.14016961046369328,-0.02332671486499134,-0.039453813682189566,0.033999634110519976,-0.02717564997836439,0.026129393792517486,-0.045096544534355514,-0.06440144794927738,-0.01222325493451897,0.0006083630628158745,-0.014392276591418895,-0.028899514978614357,-0.04334701367711948,-0.03108903596469157,-0.033119457615636345,-0.00844579410089919,-0.06180902194861605,0.05493270906142804,-0.009108600087198293,-0.01973157706848319,-0.07613093099934795,-0.019184189268541502,0.012162284369917946,0.019109291967815762,-0.029059491297543094,0.0192403737234389,0.014604683542963843,-0.010304421604818093,-0.029067413076677498,0.04856582357289396,0.015785558889598074,0.008597429975875755,-0.01987738228371876,0.04455541776486798,0.005450737973432467,-0.020280425759975705,-0.027315656965544173,-0.04117318858746528,0.02122043423796622,0.0031982673709755154,-0.016924768372185806
C:\RA-CLIP\test_set\LINE_HW\A0039231_00067.jpg,6,TEXT_TP,0.13485748762511618,0.05759149692816285,0.16954157875637688,-0.14276434704931557,0.28149505273444364,-0.08602676852918768,0.15383117184964482,-0.09013160596527604,-0.010998032007714246,0.03881817694135828,-0.06846042383897172,0.01742018052394064,-0.010302206387219393,-0.004411735069307918,0.00033598682820114756,-0.04276490102774434,0.008711186188416013,-0.01609974860566427,-0.012367684909987055,0.0017352643599482858,-0.005674483379286813,-0.01855053900545509,-0.0007759130993335902,0.0015158417355945445,0.02197167583048731,0.022685558865804492,0.0018030721478497287,0.004368460634187257,-0.0015155231220799624,-0.011867333663112099,-0.005394328884558071,0.014462832910585439,0.024018046747886775,-0.006714110651863521,0.012477682280738736,0.014145680162377404,-0.025684270114765106,-0.008770608309368383,-0.008493185347058776,0.006353737288963897,0.001463459326697168,0.008655778526383646,0.011633339881446624,0.009752724719932698,-0.01322996912923362,-0.005504894947012532,-0.00039072005318908215,0.017958939708689538,0.012868283595269574,0.008135348192668809
C:\RA-CLIP\test_set\LINE_HW\A0039231_00093.jpg,4,MISC,0.4958039828247996,0.13439253108137836,-0.33320326749104456,-0.0962817249985532,-0.27865818376020324,-0.11184403836328452,-0.009181299681877848,0.12669017324650172,-0.12211313540221681,0.18032730255884266,-0.23019144093216837,-0.1752116930639263,-0.20231682837036136,0.13904931081389654,-0.0036614679836851826,0.07293629034125765,0.0376316937971078,-0.058843979159246745,-0.032068760903691845,0.09704428757194297,-0.08480385257346101,0.060316317114040195,0.026108831477854786,-0.09097090990305243,0.04078882987725675,-0.04293562116937773,-0.07731457067517164,0.025223532648527027,0.08248097722036178,-0.05730349201066439,0.004119977998762017,0.04683789418703909,-0.04792107238858826,-0.021895462297643806,0.01605565324547987,0.023117809691853317,-0.0822115134232758,0.0043751748500727855,-0.02976246685966765,0.002331097912925767,-0.030239205533917776,-0.026711724070532697,0.013227914653683611,-0.02651077239717693,0.0444755934285788,0.0032930809483722695,-0.02421339487412258,0.01257650256956096,-0.004927365653244654,0.013710939619215304
C:\RA-CLIP\test_set\LINE_HW\A0039231_00146.jpg,2,LINE_HW,-0.20758542593362428,0.07415350032890325,0.04498523857822057,0.03217055361096507,-0.09298230193607694,0.12354220416043112,-0.017870816197644343,-0.0038965777983638503,0.038788769379355624,-0.05736878403632721,0.00034018802513620036,-0.03865992370808856,0.007460104669001217,0.022257553202760898,-0.015865838351168927,-0.07129531682943152,0.012890179787486808,-0.004795984405379916,0.03792525300898036,-0.013265095874025285,-0.036548127667416726,-0.04230648871421604,0.0707072918110553,0.0391226751058031,0.0012731549232406776,-0.016715699270653923,-0.035344630157336375,-0.011512526327051948,0.023934669094648607,-0.011054699547910794,0.024874781785916712,-0.0067210416992945655,-0.014971673596629667,-0.01651396489585072,-0.0224210880072903,0.030004437782601836,0.018800273709078538,-0.0177530311825117,-0.019737074705102168,0.05800760041285058,0.02834614279101734,-0.02111258779320157,0.0003168954640353345,0.017139584433803617,-0.03640234735799604,0.0002578093758748953,-0.020462777323407177,0.032661182192242795,-0.01094706887417248,0.03267458031994908
C:\RA-CLIP\test_set\LINE_HW\A0039231_00319.jpg,2,TEXT,-0.01002951452015317,0.16428737490013323,-0.017338677414548347,-0.030536296603911665,0.004848589608853333,0.1718882218719846,0.03490786270372864,0.017399534636314096,-0.08642677217854046,0.09175189790970685,0.123137584786345,0.026775550089666762,0.0201565044013466,-0.020278821217537286,0.07180384641005691,-0.05365186678506029,0.06315287627448822,0.07736793714044482,-0.05593129811045161,-0.05639056775733451,-0.03896421970609483,0.04355110901622358,0.05185100025187722,-0.06077624665453836,0.012021367008819941,-0.06658573564579057,0.02334913384727279,0.0283382826506644,0.028588646949815878,0.03125219843115872,0.04441949144777671,-0.00777833079596362,0.008840571254600473,0.014433619543619958,0.013617872046026325,0.001898504634203326,-0.020063667928417635,0.01889908113079105,-0.016398558559739033,-0.020366021111961938,-0.037301592638233176,-0.02871820124666664,-0.020703751231170447,0.002341157774782432,-0.01793933948435636,0.02813910673275433,0.03474170007292895,0.0014041004189069765,-0.012037586365799246,-0.018765282113492772
C:\RA-CLIP\test_set\LINE_HW\A0039231_00348.jpg,0,PHOTO,-0.0920510514135872,-0.5581128338925829,-0.15167333044669062,-0.013985286302471278,0.04570874995848301,0.04479500034773415,-0.017157720474381497,-0.0031553305047261324,0.20874088261008608,0.1538720804240173,0.02251698644350571,-0.02197706549417204,-0.026467399965776784,-0.021881483130141065,0.02013254925647568,-0.013059037376681123,0.014486317758647877,0.021279406000851327,-0.014468200592094034,-0.011597941232182296,0.03562168567189903,0.032183998779609216,0.007007933691675807,-0.03045568045893022,0.011447510795729341,0.025683712775667264,-0.03958719038139106,-0.006819134824316371,0.020799424906220255,0.03685768832464021,-0.03947084699519021,-0.0025288057356354287,0.02324894634254956,-0.005028683724021432,-0.01660211196384487,-0.02775837097071585,0.006817461827209368,0.01762741699502479,0.0013509056365472694,0.031308883166638886,-0.00688859215905518,0.00395335670702721,-0.007496309878492123,-0.00034455777142664256,0.01398914364149547,0.009222109931067512,-0.017262703899899926,-0.017808741274512117,0.05565374189222368,0.013225001594930178
C:\RA-CLIP\test_set\LINE_HW\A0039232_00031.jpg,3,LINE_MIX,-0.25719932158828,0.07030627265164754,-0.21019589196202607,0.028802034592872408,-0.03212870710330202,-0.16571809473266114,0.09447287386299849,-0.03418917434634171,-0.026462280439882354,0.013962100442758267,-7.950233192044184e-05,-0.004971315538639459,0.09301217922873119,-0.00772673228271973,-0.02502464616898533,-0.009752069784358329,-0.017344974003295793,-0.006485249082170822,-0.009784100653933573,0.008011849754166966,0.02973553459548391,-0.008976597247240318,0.03872445106798605,0.021462537718960045,-0.011731494424804853,0.02304266484732805,0.007719386364663504,0.007270609722116995,0.016209048668128508,-0.004977506201518189,0.008352660673330936,0.009486409198891214,-0.020659023862842067,-0.015437964738504664,-0.00818479007498291,-0.003068798095420823,-0.008884883713793501,0.01691745097223547,0.014403184470263113,0.01978041972654537,-0.015049039774269302,0.0035250583288286533,-0.013824608267769005,-0.010320803467009164,0.0016030931912362637,-0.0005809652246616025,0.0052065857208137495,0.0006231768562410349,-0.010113985577358115,-0.019142884650773954
C:\RA-CLIP\test_set\LINE_HW\A0039232_00179.jpg,1,LINE_TP,-0.04583629987152584,0.16189652841202387,-0.05364062489235668,0.03770822704203668,0.2555361401643312,0.009100861939258388,-0.20249617704532624,-0.022169705542910652,-0.004639333299810351,0.037324124105244647,-0.05761310509166512,-0.06198953549971159,0.049233883390832414,-0.004005334618706255,-0.01460914532919736,0.027133168274837485,0.011956385676949321,0.03951331719763049,-0.0011731711754913122,-0.010109108089021985,0.02592879956829702,-0.003841050685952879,0.007952320960384897,0.0186450569003607,-0.036843962755291844,-0.0028883100921846395,0.025768664058711265,-0.0036350366050451745,0.004540846702575012,0.002162452695566859,-0.0152389248816017,0.02249959064958629,0.034109156977054564,0.03674469310290921,0.025801434764127648,-0.037043328708360565,-0.042400219394422525,0.02504634843858929,0.029671588383241732,-0.04304329095943609,0.014434514249501653,0.006745576135341111,0.021750128516267415,0.04806243314684336,-0.0023282651143017394,0.05992410448263968,0.007191645856219511,0.01485535154438887,-0.028768466893705654,0.013450852253255591
C:\RA-CLIP\test_set\LINE_HW\A0039232_00221.jpg,7,DRAW,-0.12648987336358716,-0.06139189063850199,0.27876567889897164,-0.03291651178694068,-0.14236157416276526,-0.08474865374682389,0.07452730393857582,0.0022019484057799864,-0.02909203214611556,-0.00817062933211106,-0.02813472634853071,-0.014225508560667819,0.04628478839470559,-0.03752624548844745,0.06523124727471018,0.06168166019740884,-0.007920757059930098,-0.030518902922772654,0.046568808309651655,0.013438122832239436,0.009200684833973,-1.8499213351654462e-05,-0.02925267314891084,0.0075553626619301074,0.042830126895753204,-0.02969838778103032,0.012867717784405238,0.0004335999630765711,0.02508332579242945,-0.0006973595283587109,-0.03627621844672682,0.01928763238440631,-0.020332177363136084,-0.013580255584803655,-0.00354207584466604,-0.024283845709048422,0.010184858979648777,-0.016844999084349693,-0.030128976708539243,0.05681535475521154,0.01723589935509273,-0.04350507749053871,0.010482820499719442,0.03213322729690523,-0.007650760834891016,-0.03376702894480603,0.034885270295582464,0.032474841286886956,-0.0060318486836377075,-0.008490709320469459
C:\RA-CLIP\test_set\LINE_HW\A0039233_00116.jpg,2,TEXT_HW,-0.13602903903246366,0.137625589337725,0.07318761539715024,-0.014547724128921862,-0.06696586010852582,0.22120559109069182,-0.009134972286377555,0.02398995519148768,0.05505193759549279,-0.05123186525006976,-0.029167751430519945,0.0005523312938160784,-0.03558468896101309,0.027582939355442267,0.017575418443854133,-0.0231423990788405,-0.035060456279745335,-0.039967825158836914,-0.027243338975103563,0.0032211261824975366,-0.047073107220402456,-0.006240296067699509,0.032587978689036554,0.003856141378689593,-0.0009657846995539064,-0.0026545647629284226,0.04811112086113432,-0.025367557937577508,-0.00723403276885649,0.03217963949713606,0.04667230684878027,0.0015593273519964549,0.003855245422788873,-0.02392850146910435,-0.006420625256729576,-0.019802595765764028,0.034451963121460934,0.014379241792979598,-0.030559599411487136,0.003493520406946321,0.03985728393772315,0.05396320322407232,-0.05965944202110447,-0.002250827444552651,0.020200888864963164,0.03878918901705445,0.005938588333493462,0.04077206682661876,0.0033442992147808505,0.011422722406384572
C:\RA-CLIP\test_set\LINE_HW\A0039233_00183.jpg,3,LINE_MIX,-0.2753818682251171,0.08829194425089429,-0.24801958543553446,0.04233010275816823,-0.03768523314161683,-0.15267316434991932,0.07948234022904534,-0.018370772692326672,-0.011486824145413632,0.008279578045434997,0.029661125071226303,0.03472637317815876,-0.028293585261776413,0.0204576506166853,-0.012013387930746976,0.02502529046464434,0.028490294224861226,0.027409892193706282,0.009167371454146863,0.0045652984350132465,-0.00297246612934236,0.008925308255938878,-0.05179235871970538,-0.02508248199511188,-0.01923641325137107,-0.0012267348188719435,0.0067541913665009915,-0.0054487769558949324,-0.02223956352345115,0.003076949087018686,0.00020527110944475855,-0.0016641350658642105,0.00291114541339244,-0.00042276201814922277,0.009231565351223233,0.0017459258904459955,0.01901102718385266,-0.014044562216822825,-0.018340896433122558,-0.015866591843040838,0.026422066896204993,-0.01187785238183707,0.014964640818648853,0.003141726289920861,-0.0003938930850756656,0.00047816243428778913,-0.0028031580438742524,0.0007096445850091792,0.013788725687323049,0.008227869044375467
C:\RA-CLIP\test_set\LINE_HW\A0039233_00197.jpg,6,MISC,0.09282857596026235,-0.08135309698519785,0.1545385641187283,0.0376812852718872,0.08918257107284379,-0.10996730620366764,0.13791964921321848,0.04320491657366321,0.10692063238340843,-0.09343923172119964,0.009106968592752934,-0.16209349644926543,0.058210197761895836,0.09747594087088272,-0.08442052984100026,0.11500452792879959,0.008789850235959486,-0.047246136229374625,0.002048275760750326,0.0533236625032413,0.042288600782312266,0.07405731702181194,0.019111844371994736,0.059540107211335125,-0.09461050516461048,-0.07199884994184369,-0.0013256681079717575,-0.08158065611217197,0.09581493291193144,0.00527992020893993,-0.005306474784014449,-0.030722175815904328,0.029692881581065506,0.03368740624601444,0.030354064681686176,-0.01455840245994304,0.012175239531407787,0.00887372730612808,0.0765310430110834,-0.009571372956225047,0.042947652715402025,-0.014067696667646465,-0.055878979650484405,0.006780839327819598,-0.023517026493545402,0.02060485786436114,-0.09326694876200316,0.003176085907884137,-0.06513585916009688,0.010321269423850225
C:\RA-CLIP\test_set\LINE_HW\A0039233_00203.jpg,2,TEXT_HW,-0.18533363738152991,0.14974149265252715,-0.05974761479724633,-0.00011570950848616397,0.006850834540715683,0.07851801282650503,-0.07818285291263158,-0.02754917750438745,0.07767995378923141,-0.10879978142543179,-0.060645181349644695,0.03566469929748419,-0.07178549729353813,0.019838902004486316,0.03651545117118023,-0.008102435884668224,-0.039949422183082575,-0.05202777792652959,0.006460963690925055,0.02539672689872925,-0.039145006726280164,0.01026597410163537,-0.0015402247128088503,-0.0036503238237916968,-0.027870921472885515,-0.008911301894072047,-0.028468885993314617,0.052989305357938055,-0.049788990005792434,-0.0008486901278678498,-0.02357877078143714,0.0031957396496257308,0.0009429878311103822,0.0003230662569623154,-0.01746119095152552,-0.016072015274727222,-0.023738301549711807,0.011072640060881815,-0.007289683458633483,0.02396001483104595,-0.040730267231187216,-0.036320029439639516,-0.04583079028070986,0.033254772231301,-0.012192471614841358,-0.020190520271922256,-0.056610717602604346,-0.037443047278810926,-0.00852750937301462,-0.01831330261799738
C:\RA-CLIP\test_set\LINE_HW\A0039233_00238.jpg,3,LINE_HW,-0.27116574433793283,0.12873244515730534,-0.08633445917044531,0.04184903927726514,-0.10906085598064173,0.007988947805452147,-0.035457747846810696,-0.015199311971006687,0.025523468116492608,-0.042608257227348435,-0.04292998749745504,-0.02699374160435409,-0.029382891385098347,0.01852538826006735,0.004184784734145542,-0.06799743342584541,-0.02554640313194612,0.01109231071017233,-0.004270837642478735,-0.03504311466712594,-0.010368891786339133,-0.033018838921636096,-0.011115836360146134,-0.003742535488596513,0.02257008854742408,-0.01081278811477466,-0.011029664395572845,0.01300428120305465,0.017442047230775082,-0.005466184697797113,-0.03436306632918447,-0.038165417376378005,0.044649363395452224,0.04224406659009205,0.026737822910752943,0.006256643516921748,0.005292253946088802,-7.438652774574487e-05,0.013668019332793914,-0.004557558994526921,0.016515097957331398,0.005031516390195923,0.0070142076806913815,0.0048345798841694125,-0.02619723673665493,-0.016463402670755325,-0.042071571258394086,-0.011263097416244547,-0.009097946382931514,0.01461799452485327
C:\RA-CLIP\test_set\LINE_HW\A0039233_00380.jpg,0,PHOTO,-0.08319100891432869,-0.5669082613721773,-0.0644730639507588,-0.10059452977676442,0.004818048644083108,0.07066696283669137,-0.06276729860520769,-0.010429639376876952,-0.13306357093679877,-0.11260476271269035,-0.01606144157383395,-0.0001751909278773044,-0.024468080016360763,0.0403086968444464,-0.08793505804584154,0.028461766588033215,-0.024254869105473812,0.04856928445206852,0.08786349957474977,0.005590416135396987,0.03549753897491734,0.03217469717015779,0.03836438221247114,0.05842257354194719,0.04390699362844092,0.00458136216954392,-0.051555123377450336,0.03642250475479028,0.03351563904479463,0.0605684301913692,0.030932473595663524,-0.030348219191285924,-0.01741957283523963,-0.005255466947844615,-0.009288075692500888,-0.006219502542478175,-0.0032082729185322983,0.020258828531056736,-0.012876856363576356,-0.007814586087031086,-0.048511022312081604,0.011019254605865635,0.011027174740947193,0.019552656356581054,0.034046770896774776,-0.014067034248566179,0.0292176155329888,0.004406856362931373,0.05964155239544279,-0.005737966935536058
C:\RA-CLIP\test_set\LINE_HW\A0039234_00239.jpg,2,TEXT,-0.06386789158702227,0.11395133958105506,0.09019864752924746,-0.028389991293137615,-0.13113372738033852,0.18704740156034172,0.10061545434769495,0.05674443908603812,-0.09754557449728235,0.11380890589644536,0.06243834373715439,-0.04491384902073749,0.05702757018077388,0.061308688146256965,-0.0364932656496235,0.05119232979975483,-0.06659682186988311,-0.019293470799873924,-0.045229136344930906,0.004673828199825611,0.04179504040255096,-0.013634313951916619,-0.11280567346797934,-0.024006327815577707,0.04723194007438673,0.025330015964673398,0.022322526119555108,0.012090031921576587,-0.03848863904094795,0.03269955215277521,0.019437294763501697,0.002582723516109394,0.007740043432734564,0.03877064135868565,0.016434107785349497,-0.039442285387738744,-0.05243671360205562,-0.02308213347764251,0.018344083180058663,0.016515143288851408,0.02065133691934769,0.044323519642247386,-0.016269237451352468,0.030914824886546295,-0.03421378855560804,-0.027985031007349354,-0.0021409095261827908,-0.05419931156968594,0.0042739333333945044,0.03406514424674635
C:\RA-CLIP\test_set\LINE_HW\A0039234_00250.jpg,4,LINE_TP,0.4500620440289364,0.19701365868023418,-0.146574567638399,-0.2309536250285389,-0.1317086024212492,-0.05142926703932653,-0.004987895658725426,-0.03785056717548032,0.05027530424053221,-0.04148347359449913,-0.059122247248487275,-0.1765264111025001,0.003084517058869394,0.1658818432079707,0.1916334366544855,-0.04590312268765579,0.1154642746560567,0.05929589805154779,0.023314117149047704,-0.09327858629630144,-0.024136906080020337,0.05866133428071598,-0.12075885429352072,0.13435945069598162,-0.0775406057115497,0.005655177749229747,-0.008628653647993397,0.025070192775173545,-0.08596370023942304,-0.015751510774835404,-0.002205000527323655,-0.055902392358674925,0.008093124919660761,0.0006409559158378637,-0.02792376963662717,-0.00472062245223862,0.018747535179847445,0.03711823230325316,0.028016027505414043,-0.0014670952354898313,-0.003739924220455144,-0.023530687568531352,-0.027707679823662925,-0.010703961651162943,-0.01914083803773194,-0.04818627410657936,0.024399940781315882,0.026144366203949575,-0.005408900331884374,-0.02200572479255828
C:\RA-CLIP\test_set\LINE_HW\A0039234_00482.jpg,7,DRAW,-0.07714116688238852,-0.021068844626514618,0.22286423167574715,0.05009635234400358,-0.09883950837549965,-0.2514713713628694,-0.13164833659117575,-0.05695520402106022,-0.025502708938090386,0.03321750979161524,-0.014391309826926503,-0.05353885500707103,0.03581832755087995,0.008384646975841872,0.032470470175270265,0.03801411770467632,-0.09855586099954286,-0.06519031793164648,-0.024664192342701573,-0.000577425342239923,0.019568417956054397,0.01165776919668087,0.013118432006219762,0.001767664580107293,0.08490871482041115,-0.07972029952743673,0.020348750646203922,0.06207996750250402,-0.10983117356838583,0.08113891101963568,0.03137280359453273,0.05889850058579132,0.004552668245862794,0.034682287861922546,-0.13693618148402573,0.009753892917547009,0.013128006751314973,-0.01604862100566468,0.027077801330384274,-0.010163035622985511,-0.006180232234583397,-0.02740294042748712,-0.01581911294900877,-0.06111625122947702,-0.002205024082587723,0.08238090153028638,-0.025807795871297924,-0.014480496605139786,0.008242259083020866,0.010472091767805712
C:\RA-CLIP\test_set\LINE_HW\A0039235_00017.jpg,4,TEXT_TP,0.5126138630941401,0.09658263454537036,-0.18165778265805063,-0.2555218984580757,-0.1329338206154194,-0.017325361609098762,0.059637442109512995,0.01345563224887325,0.005840899198227989,-0.0822003720315765,0.14510209278160494,-0.06278291214495939,-0.1722675272691684,-0.13789840797040154,0.13019562078994154,0.011006917326957749,-0.047998640848721325,0.09678746825716103,0.028333255472702795,0.019866615285746028,0.16798166317748456,-0.12376743626941611,-0.004450674972801188,-0.0030790525943057414,-0.06342887707052075,0.09034321021111806,0.034472653235084305,0.025594636696612834,0.025929143521018997,-0.015441973223212507,0.0467895578009057,0.07688331013609366,0.04130775424607011,0.04828632984364802,-0.009959423260850772,0.0728161802880454,-0.010830644233474015,-0.08193841669075035,-0.017823152023302057,0.021242128186378065,-0.07220677935284861,-0.025214281416430496,-0.0311923003378724,0.049609188593984124,0.04322743501361744,0.015805369843059306,-0.02531732015749478,0.002841879706534569,-0.004591005698790232,0.01099623712322755
C:\RA-CLIP\test_set\LINE_HW\A0039235_00034.jpg,1,LINE_TP,-0.06593997122087215,0.14114838309431113,-0.014963259590168646,-0.04894034976417037,0.2595700101053547,0.01876744248145205,-0.13501097842721071,-0.05492327028615065,-0.005252432123065161,0.004951322135482666,-0.04052519570271655,-0.009776672722512588,0.01660982038811936,-0.02891158452237251,0.0706443061701544,0.0512663241591895,0.025742916436755237,0.014113769164108126,-0.04893369000673221,0.009610967161693428,0.035977886527008854,0.024538083319865366,0.03911557707513291,-0.011112209663902691,0.03425777579280622,-0.00681407869603287,-0.0755600898436789,-0.010515747682137946,-0.03876934659760046,-0.00361252511353718,0.025178634460702082,0.0031767820587853494,-0.06813475795065889,-0.008777077324753397,0.008050380959774547,0.05230755415438973,0.03595207126595576,-0.013902333027545606,0.024538499676108754,0.025057020408395907,0.01993107151835775,0.004971940385695868,-0.007883993242340405,0.002688516492102216,-0.0071260041773725845,-0.01956074357385004,0.0053550970052091236,-0.012445413461339563,0.0011226276346237825,0.011447823871060383
C:\RA-CLIP\test_set\LINE_HW\A0039235_00060.jpg,2,TEXT,-0.100651096050163,0.08938088449463799,0.1501846819461712,-0.0711708951363103,-0.08201873414858073,0.21571500723752346,0.0702392822129056,0.035357177756005706,-0.017437790677199937,0.01598973990862283,0.03908027874798784,0.042563181589487596,-0.031193202781266742,0.029354873975168207,-0.024234195906861614,0.04235603079653589,-0.006997480843085447,0.0001332358568550224,-0.013537673641166183,0.015919028163728748,-0.011220925510546705,0.002704270626193057,-0.055556000040062,-0.02056421880366821,0.010421898197827262,0.04617218066115008,-0.011984886490999037,-0.010932830675354468,-0.07598445013965051,0.005865472161679794,0.024614709526913817,0.022938383487358195,-0.045045900774491075,-0.0061025324123959584,-0.022284650400601572,-0.031014401373996234,-0.03343189594160312,0.007043049926104334,-0.015426406051290809,0.028357075524922844,0.009106657514708015,0.016384233337173846,-0.01780771931689974,0.011155854631878032,0.009869203926886628,-0.009909056858716164,0.0273095583394749,-0.0048321265565616995,-0.022830604555266205,0.005541872702645371
C:\RA-CLIP\test_set\LINE_HW\A0039235_00128.jpg,3,LINE_MIX,-0.2753818682251171,0.08829194425089429,-0.24801958543553446,0.04233010275816823,-0.03768523314161683,-0.15267316434991932,0.07948234022904534,-0.018370772692326672,-0.011486824145413632,0.008279578045434997,0.029661125071226303,0.03472637317815876,-0.028293585261776413,0.0204576506166853,-0.012013387930746976,0.02502529046464434,0.028490294224861226,0.027409892193706282,0.009167371454146863,0.0045652984350132465,-0.00297246612934236,0.008925308255938878,-0.05179235871970538,-0.02508248199511188,-0.01923641325137107,-0.0012267348188719435,0.0067541913665009915,-0.0054487769558949324,-0.02223956352345115,0.003076949087018686,0.00020527110944475855,-0.0016641350658642105,0.00291114541339244,-0.00042276201814922277,0.009231565351223233,0.0017459258904459955,0.01901102718385266,-0.014044562216822825,-0.018340896433122558,-0.015866591843040838,0.026422066896204993,-0.01187785238183707,0.014964640818648853,0.003141726289920861,-0.0003938930850756656,0.00047816243428778913,-0.0028031580438742524,0.0007096445850091792,0.013788725687323049,0.008227869044375467
C:\RA-CLIP\test_set\LINE_HW\A0039235_00133.jpg,0,PHOTO,-0.03693818829276999,-0.6047555530207527,-0.07790693667370309,-0.0779164793760827,0.036599635469072085,0.06555285301217978,-0.054523696482483154,-0.04463301311444251,-0.17421616705207427,-0.1084255765945561,-0.038226424368236374,-0.00795602076843822,-0.004795078407796355,-0.009146120191853072,0.0034655144039845522,-0.022846191675450597,0.03387977044293496,-0.005826697392877047,-0.011763621568185093,0.020316899979324808,0.05186909530978446,0.035436613039070496,-0.0024929203610159936,0.0029971798292181256,0.031743788003704955,0.04396722529082784,-0.05463117522726023,0.09963436942815672,0.04094768260995153,-0.013013591354815928,0.017924299356901183,-0.014187732069285044,0.03607182649662429,-0.006601807191594907,0.03727822173498743,-0.015855240786630472,-0.01094162282575831,-0.0032102713387624107,0.022253318036459118,0.03307607971218156,0.03280810649647136,-0.031102682450257674,-0.019515822626393977,-0.028129118903391606,0.004788781302982308,0.036432693387318034,0.047918909464198564,-0.04212355522041987,0.05506700076209962,-0.006655330840174405
C:\RA-CLIP\test_set\LINE_HW\A0039235_00172.jpg,7,DRAW,-0.042749267321622555,-0.15846191724128628,0.34966567491258743,0.029857108744267717,-0.11853932239819283,-0.2384843944781319,-0.17952443451342354,-0.02447956606775372,-0.011681925672737757,0.018561151489823857,0.07570148855673761,0.07579292405351361,-0.06676180355564329,-0.01613040543026402,0.01614101673665834,0.055206155813561524,0.005300233870567109,0.07820487197520026,-0.019084442540899228,-0.0018806644316384702,0.0323465127945483,0.02151975762123985,0.022451335342824414,-0.020211386659887507,-0.0034832501921087462,-0.009902733784267953,-0.04374376019888517,-0.015526679143163837,-0.03646045897240264,-0.07414090012107163,0.036463283898957824,0.015253231912079132,0.047674910561192226,-0.03342533270478077,0.014994266576863534,0.05527351947472467,0.042881888269264486,0.009944520329948144,0.010360124338052485,-0.04538354679037266,0.028570705381057788,0.05796366177433241,0.01843384859414627,-0.0008303098636243701,-0.04538745236954638,-0.01341050643628549,-0.06874819762116915,0.03495969531107902,0.02629572045123476,-0.027793051366021053
C:\RA-CLIP\test_set\LINE_HW\A0039235_00200.jpg,5,MISC,0.3144681863791145,0.007224129553553618,0.0380878926091379,0.28351548457894316,0.025813347131470727,-0.03432370449703691,0.026420309953340267,0.19624680541947737,0.05026805691061749,-0.11454902776061998,0.22017851688184126,-0.26278305890109943,0.00505583301946113,0.018042131394005158,-0.11990914252059802,0.0205949865602972,0.018407241963664337,-0.08188038958431258,-0.055493215786990194,-0.008553776431210618,-0.0717746691469331,-0.04293153135471562,-0.00423018082803003,-0.04999778880621872,-0.013034143377156204,-0.08975605196655999,-0.0304336305554134,0.048074540758580954,0.00543493006022064,0.04149275668838156,0.05630280621717422,0.06443170806250098,0.016677543220962515,-0.016828110106860396,-0.042640555400705285,-0.05422771090861611,0.08054346131470151,-0.03892571891592264,0.0206594681591532,-0.00777586426066737,0.06003591395265088,0.007378854902081182,-0.05159665215371619,0.027229313636331565,0.043699625106577274,-0.028803788216833406,0.08399977726531928,0.02741863466294993,0.03805094963401099,-0.012924281846449283
C:\RA-CLIP\test_set\LINE_HW\A0039235_00260.jpg,2,TEXT_HW,-0.18831394017228917,0.16674290155479277,0.017145909464461727,0.0278088471086151,-0.035300540623220016,0.060883326029656674,-0.08468761653688932,-0.014363757825795784,0.09304411428261947,-0.10629863205775314,-0.06738322972172672,0.004828573830087405,-0.006425184457249866,-0.030749763865301663,-0.010284964152333688,-0.04873577291033366,0.014541934519777484,-0.0011612982893602127,0.0018078745774522734,0.009529499408612647,-0.0030877688322766906,0.009621627260933314,-0.007743411474060134,-0.007836949123757484,0.027384572165076847,0.007906335341858101,-0.023375984716767825,0.013526632876006797,0.013208211186541549,-0.023584407760204547,-0.013712588130778731,-0.010726936272382944,0.01802107303372897,0.006611451463514202,0.021476444533930397,-0.037767368320943503,0.033896435140958886,0.012345284141618883,0.004114494210526517,-0.026929291053894664,-0.024560702102741222,-0.03988809066125664,0.022586554636036416,-0.008099546846351256,-0.026772306278338206,-0.018860100226856233,0.010442262534310076,-0.00887487273450165,-0.031910281931693894,-0.0003599180657649961
C:\RA-CLIP\test_set\LINE_HW\A0039235_00274.jpg,6,TEXT_TP,0.11942792887537003,0.06753317140825367,0.17574875346625007,-0.14439151843843806,0.24498762688771855,-0.037893452955888064,0.1538190513338857,-0.07500044863873656,-0.01443366664272443,0.030482878967103496,-0.05132605239315706,0.027797924271410177,-0.02133310963462369,0.007230419785038751,-0.0020664908306320907,-0.0290947096343699,0.009679321421799591,-0.008845768272061315,-0.008586433648719988,-0.013639488685497775,0.0029154901479036405,-0.009916269660534693,-0.02245053723892185,-0.012725409305288683,0.037820403221039946,0.027329589792589162,-0.007522924812073194,-0.035230078256211106,-0.010100943091350956,0.008840811118925072,0.0281230636651428,-0.015500645331116465,0.031125230302221384,-0.0011098000983436266,0.012492622365512764,-0.003581174368509671,0.0028408331049581607,0.002071019164670545,-0.029527243312732775,0.012298084505802534,0.01969016739041094,0.010760875895710946,0.029802976484760126,-0.029857644656822422,0.007690275654049735,0.005549133448143373,-0.035938276720875774,0.033439626478688755,0.029327693671712517,-0.02415141660959851
C:\RA-CLIP\test_set\LINE_HW\A0039235_00288.jpg,2,LINE_HW,-0.25225910665331597,0.11392256962985675,0.019763406024724997,0.013076469781681813,-0.1429065297853865,0.028833962430094073,0.013203506566209536,0.0005089202639467815,0.04348998616097329,-0.05645299884376793,-0.042724624762502335,-0.020497977137311427,-0.009969333395812498,0.027516787211058557,-0.017010663776863534,-0.03102629861115158,-0.016320159196344563,0.010794618165616577,0.03795883211034215,0.0013506123698707165,-0.001127011922581503,-0.027339473228453055,-0.011485362212957675,0.018743005801731164,0.001034318926293204,0.014659257242561443,-0.0070177919027027075,-0.006081044837801866,0.031675882110215436,-0.004340991536698705,-0.00019277445029308762,0.015935705181590605,-0.026368555505517723,0.023534831086183025,-0.029109435966410604,-0.021157678161336596,0.007742741806732034,-0.02859109718924026,0.008435311240883037,0.0022478583327844967,-0.013924419190516072,0.013999764049416554,0.013390922553877421,0.01905735702668778,-0.014333411448414287,-0.005242107823250659,0.0365932004017415,0.006837422357754448,0.012048140497527867,0.017887483732980415
C:\RA-CLIP\test_set\LINE_HW\A0039235_00404.jpg,7,DRAW,-0.008216432289773623,-0.07734186470482685,0.36710677876104,0.007622791495572448,-0.15780376087246142,-0.21201507828080648,-0.1063717325717485,-0.0767156909593546,-0.026395050402152842,0.073566571214632,0.02776577061164067,0.03157967934867102,0.04062270842461458,0.03221805633829342,0.03818997956335249,-0.08402400388396028,0.06591856316054877,-0.03694467306832377,-0.011908375473305716,-0.08345990878680705,-0.03785601617188463,0.0612275915818391,0.011560526821863969,0.013871824185199721,0.05133043985987616,0.11784909789229833,0.03276353340851074,0.009132828645182025,0.05290130119304604,0.047297709451550575,-0.053206064903428274,-0.005458986729521425,-0.02261252678422483,-0.029155601721088522,0.0686339972248043,-0.013512752704605863,0.041402162106345314,-0.06986706265769152,-0.01875704779475161,0.022062005923574737,-0.011960027418425698,0.011104957815041595,0.014390654964936776,0.020114829097199777,0.01919787944362054,-0.007200042720451729,-0.025204804359780657,-0.023113678598353418,0.008256576691227145,0.023463858282454748
C:\RA-CLIP\test_set\LINE_HW\A0039235_00440.jpg,5,MISC,0.134164763502764,0.07340026157595253,0.028954091116009953,0.24986050127780443,0.08996746962173136,-0.02951388144773178,-0.016859486829500503,0.15716091678631047,0.012407939779859036,-0.11738583096946219,0.1383632602750642,-0.28754885213172027,-0.0209539462490046,-0.04947310077305987,-0.07665308272189592,0.015934108319225527,-0.1311700811881887,-0.07304827507813606,-0.08046961035558799,-0.015226635411412299,-0.0051330398807074365,-0.029149192880399334,-0.05937096816116633,-0.05394386044952809,0.05296438518663406,-0.019446027282077387,-0.032336892498660175,0.04936953121007736,0.06148341992486636,-0.024787116657358384,-0.016228618172320762,-0.016502389204361718,0.053911554570898856,0.023690834135556487,-0.03531589529567046,0.05060567122788356,0.015304930159560281,-0.0312847305867215,0.0569321292107752,0.0033518415397145577,0.06556066572709648,0.0294570262866729,-0.03393493664428637,-0.021278109570020937,-0.03513105836830495,-0.06847020132433293,0.04503352313858528,0.05004273022630893,-0.00814176193565691,0.01771926499624638
C:\RA-CLIP\test_set\LINE_HW\A0039236_00010.jpg,3,LINE_MIX,-0.25719932158828,0.07030627265164754,-0.21019589196202607,0.028802034592872408,-0.03212870710330202,-0.16571809473266114,0.09447287386299849,-0.03418917434634171,-0.026462280439882354,0.013962100442758267,-7.950233192044184e-05,-0.004971315538639459,0.09301217922873119,-0.00772673228271973,-0.02502464616898533,-0.009752069784358329,-0.017344974003295793,-0.006485249082170822,-0.009784100653933573,0.008011849754166966,0.02973553459548391,-0.008976597247240318,0.03872445106798605,0.021462537718960045,-0.011731494424804853,0.02304266484732805,0.007719386364663504,0.007270609722116995,0.016209048668128508,-0.004977506201518189,0.008352660673330936,0.009486409198891214,-0.020659023862842067,-0.015437964738504664,-0.00818479007498291,-0.003068798095420823,-0.008884883713793501,0.01691745097223547,0.014403184470263113,0.01978041972654537,-0.015049039774269302,0.0035250583288286533,-0.013824608267769005,-0.010320803467009164,0.0016030931912362637,-0.0005809652246616025,0.0052065857208137495,0.0006231768562410349,-0.010113985577358115,-0.019142884650773954
C:\RA-CLIP\test_set\LINE_HW\A0039236_00097.jpg,2,TEXT_HW,-0.11799372564497908,-0.027628061580525495,0.23354699235358012,-0.11541568433745827,-0.10775749256125879,0.14556678876026305,0.10362786499735603,-0.013914981892961637,0.06781547648147888,-0.06560056583894086,-0.15480670759766102,0.04643294012027407,-0.025888015627928897,-0.027828962761778996,0.04672751270039895,0.05788818872347427,0.002816059735488132,-0.05110454199144852,0.028970921884105914,0.05975497813576716,0.007732006601124187,-0.013013805713723646,0.004341443315483799,0.02574035678012153,-0.07863297720751353,0.013016637448152657,0.03429098066915715,0.035900710592961786,0.010776693801004001,-0.0015174949015533084,-0.039572491437736786,0.05724709893123957,-0.0028713013634281766,-0.0030270533826715312,-0.0037371489765722116,-0.03522136882406201,0.03078321519856934,0.003490007661137688,-0.02355558259057113,0.0016449613310554004,0.022670873150324067,-0.005103974222686763,0.060150134094859996,0.04905016777851358,-0.027210160074740388,-0.007116993628962326,0.028684379308361905,-0.002099081448998918,0.010382546036746472,0.010525633691762808
C:\RA-CLIP\test_set\LINE_HW\A0039236_00110.jpg,0,PHOTO,-0.11274765893815195,-0.6085776121846271,-0.1329443950844097,-0.016218643806492457,0.04114365604506943,0.053199835287002575,-0.0018548026139886163,0.013372800943948068,0.2380676671919077,0.1598063201444868,0.017528815517792208,-0.020399559850833426,-0.02345058137941863,-0.020530560813499344,0.022833821233040365,0.02491353385430348,-0.06574679229168184,-0.012205349453682948,0.02441403088731393,-0.029213162340846623,0.00178047711120024,0.03120885368989232,-0.024371519226409528,0.04872745312977857,0.047867436567658496,-0.011181656038848558,-0.03115219629962762,0.04440594380630474,0.001090560139126314,0.0023191906745613673,0.010910779318199856,-0.01203564997694853,0.03321930096222651,-0.03496902571345999,0.01929165437210053,0.021079506817873947,0.017079612426539003,-0.008621168951209941,-0.010659613364121523,0.0046217827408593214,0.004090578710244803,0.021386739147751046,-0.01685727217220493,0.011391886001379003,0.01807980429159149,-0.013541325058929419,0.0282975626122004,-0.010767372897225675,-0.01006071961746926,0.015359401169184538
C:\RA-CLIP\test_set\LINE_HW\A0039236_00127.jpg,1,LINE_TP,-0.05711623457070614,0.16885462813713314,-0.042937720515184095,0.003218655872581826,0.21971461771969802,0.10297479763558914,-0.22690078388552876,0.023075511563745668,0.03315136949844734,0.017626495363742358,-0.001100832995356555,0.043115278601623556,-0.02931450712813918,0.0356228231986981,-0.032654468936839626,0.09126781741703902,-0.0594059384971255,0.007791041678966309,0.0662903997882242,0.008606078328773387,0.034326089958463375,0.017598752846479555,-0.041345159220874034,-0.00015851802308740676,-0.025104910325913974,-0.0011770599794285292,0.04808493645230716,-0.008734411472285944,0.05298377300682224,0.005927046006203986,-0.031531920753378614,-0.0086188647740557,-0.022831886319648973,0.010499470029303863,-0.03216083554239521,-0.02743253371949463,0.029077639470213572,0.011384836185617924,-0.027201727572774812,0.029908812976440446,-0.03563829473568733,-0.04787985284724396,-0.012327771058108982,-0.032073399369864135,0.005175395739846695,-0.013970653114458989,0.009629514278282845,-0.00747564393832513,-0.007408317733663191,-0.029251556675812543
C:\RA-CLIP\test_set\LINE_HW\A0039236_00173.jpg,1,TEXT,-0.02625943508530012,0.11079482083264196,0.005911983287279515,-0.025139169268216893,0.08372033336869593,0.03716750007663699,0.05151843276034756,0.0956754778312753,-0.16241646984807198,0.135397629214945,0.1752390441606439,0.03298405816094012,-0.010556248138521336,-0.17702891413818747,0.13592008745007716,0.026281336747814445,0.04365281503349393,-0.10208514822092046,0.07866084141366937,0.09890084795491261,-0.06619147830004392,-0.09916669078496207,-0.0731813957712207,0.15464608989322687,0.04092435974363462,-0.019599819444501423,-0.08490414374254703,-0.026947554984280763,0.05333284116943534,0.006561064726847814,-0.01125420416359297,-0.011936205902525176,-0.07247679283560718,0.04559661004739041,0.004568556222126524,-0.03983515527819004,-0.04062471251084671,0.011918795109860764,0.028148553936413336,-0.07372486719210848,0.009933586840517459,0.01898534415221126,0.004983397490913352,-0.0351926945920665,0.011108808465863729,-0.012738076452406077,-0.029619098424751165,-0.010872176433767358,0.009306884340109981,-0.019770872400745234
C:\RA-CLIP\test_set\LINE_HW\A0039236_00228.jpg,6,TEXT_TP,0.11553238818162181,0.013572429404117198,0.19089864149143065,-0.10990236394599352,0.2895586007936204,-0.10206950142404068,0.16604328063014984,-0.06841959443155181,-0.009415118674994321,0.01366364027015489,-0.02852368778385925,-0.030834441179385056,-0.04901074125255621,0.040019401767053014,-0.030835940468464287,-0.042549759703850484,-0.00469472375750144,-0.003725293874043512,0.013796505498737495,0.005316943673585019,-0.00956842860019663,-0.0054246357198169505,0.015289207931064664,0.011993217747316164,0.02385463273868028,-0.0028317822966312427,-0.012206272809756408,-0.00702192955351539,-0.0025147513661752815,-0.037408123371200704,-0.011601364343242155,-0.002939039996574739,0.03850994709397039,0.012039069176376541,-0.010295761112981538,0.005248866689289111,-0.013695908930248631,-0.008443615964614348,0.03160177735078976,0.0004299282343430136,-0.000252460337889594,0.0021913754515415886,0.00949861592540156,0.03788925378733752,0.012533128389524164,0.0013135764933114183,0.005500636689716962,-0.009351463863445361,-0.01428139860500119,-0.024160302424359254
C:\RA-CLIP\test_set\LINE_HW\A0039236_00324.jpg,2,LINE_HW,-0.27599316487151054,0.11597853214715528,-0.06984455722154778,0.06992959439238103,-0.06287402892708788,0.024928409214529396,-0.15785793860918718,-0.01074780508338543,0.06678609877679317,-0.06780829038417394,-0.07673795231006261,-0.025915735945415144,-0.03664824308726213,0.010921157595641471,-0.050339368028034764,-0.03977081945372226,-0.01627758665287787,0.01735655338637038,0.0766377260747144,0.018849347793519645,-0.02387184310416325,-0.03475039190067268,0.039981830854408415,0.0619888187557354,0.024081169190644326,-0.04520293259511519,-0.0021942823502801574,-0.01505799280765707,-0.013654019925250534,0.0047842156487797344,0.0004909564951113385,0.02093529839256564,0.02173541561299271,0.038396349417502994,-0.05220566162271151,-0.0070153555769561105,-0.017661854474620573,-0.028846236456077562,-0.006046535415893612,-0.037891324959309094,-0.012334520840287178,-0.005726689220511148,0.007375297608510268,-0.005390229257140593,-0.02620832679136297,0.014878966188707168,0.006376092375343601,-0.0032542209291263773,0.0023281504983611334,0.01265454338335948
C:\RA-CLIP\test_set\LINE_HW\A0039236_00345.jpg,7,DRAW,-0.08334884445279028,-0.024334536157658376,0.27134209834634165,0.06128251323331172,-0.11052673736330265,-0.28160238369866564,-0.09130748305838486,-0.05246137829811652,-0.07757769454022426,0.026223551656517095,-0.014890008024075103,-0.014433826204463455,0.029021285095297777,-0.017542113881650254,0.08141474372360882,0.016420989850928165,-0.06852484367860845,-0.10558811607255729,-0.03467773697742177,0.005318127043363763,0.016266006906352964,-0.027577825653949527,-0.008186592435743335,0.017722760059454296,0.10584380942293749,-0.06456221368966024,-0.013639313578512157,0.03177497194444058,-0.08939889353968934,-0.01925504405805976,0.012639269867024261,0.05882344995492472,0.0624921717067146,-0.0027248497366868644,-0.12354620928687535,0.008861590084715976,-0.029115497058702165,0.028359885829971877,-0.027574386696862633,-0.0015433547082053366,-0.013362472785148113,-0.013354045563827499,0.025706783125071145,0.020259801343937307,-0.02270104752855294,0.07067244779383956,-0.0415457572710352,0.01070732627488864,0.017119566272476235,0.014995791859283175
C:\RA-CLIP\test_set\LINE_HW\A0039237_00042.jpg,2,TEXT,-0.10967095380670144,0.1180289592167279,0.061124820203641086,-0.043473553942035066,-0.07086402317104286,0.14988452262215718,0.022760345063848844,0.04846397150265278,-0.07577698957437715,0.09021246517666119,0.07426621566752928,0.040241364851388274,-0.018923418301250397,0.0699578651412104,-0.08030118758265847,0.007142011802604548,0.08604660012499961,0.07058127421678959,0.055921792585129124,-0.0058195694854452145,0.061675517844133006,0.019181132702391322,-0.06398972201708665,0.012307237168695908,0.06429075892454521,-0.016769680360545144,-0.06223504726213065,-0.053058255795402624,-0.025701899816264813,-0.018826126765200412,-0.013028005447657084,0.00023972404087437994,-0.005253908430042623,-0.006702098465386304,-0.03342778021296705,0.016674771969394167,0.05055877554772463,-0.061352902826692673,0.04913989263679302,0.0402558905839626,0.018246504265599647,0.03109656133974795,0.02076452984020651,-0.02259335282967507,0.018998037325636957,0.049192985534892875,-0.023033256519227854,-0.018242731394838216,-0.03222482401585553,0.012675535238511114
C:\RA-CLIP\test_set\LINE_HW\A0039237_00258.jpg,0,PHOTO,-0.051988595936469,-0.5761406929253486,-0.08073542042500623,-0.09463192108640704,0.012188767770104697,0.050568046850018304,-0.05676741480527073,-0.033414861278547515,-0.13816739307374326,-0.10377063554329764,-0.004001034629112899,0.013927237989337185,-0.05058855792833085,-0.00019059147141333176,-0.062422203701766474,0.023892802120079073,0.007584822044456356,0.03516438164974869,0.04911204670004212,0.022355962180883614,-0.0015609139690252263,0.05654751607462704,0.017769394362576487,0.016151690712898438,0.02556933756552899,0.03721336591321951,-0.008717216360427483,0.058673093456512636,0.03734813272329439,0.056051235044039596,-0.001485045787927427,-0.06857667702049494,0.02952597693009197,-0.0022955320807232175,-0.02124012833991233,0.0046768994277741225,-0.0586971281379477,0.0014391970820909136,-0.012177189739244794,-0.018717971846754455,0.03891385810323647,0.04059932958077494,0.0359392556732799,0.05091578315533983,-0.0018171080822948441,-0.01896586635216728,-0.00972373710514682,0.0832160619514341,-0.10142057915906988,-0.006290116367125184
C:\RA-CLIP\test_set\LINE_HW\A0039237_00300.jpg,2,LINE_HW,-0.10689708809265078,0.17114021961298792,0.10086940674458891,-0.017857397842391255,-0.05523318695539873,0.1845177894143933,-0.07829444630562474,0.007080169771342751,0.03591798371863988,-0.0075340730176312555,-0.056878501070847354,-0.01600914184880771,0.030853516452250058,0.030586454670027744,-0.004840882517679215,-0.047658005052542,0.009030545224784334,-0.07593423109331343,-0.015661333878790772,-0.02003271786045237,-0.006024297096188722,-0.03433440756161041,-0.04469555098269263,0.02783800403610658,0.008269664343672132,0.08184776070493387,0.004343935030890907,-0.020979477557694713,0.054287476899193804,0.012127481547056077,0.05335793347559143,-0.03631843879592431,-0.024643326350427226,-0.03558861359211286,-0.02225236076025533,0.015137876124105833,0.016199404476234434,-0.0025507395965642067,-0.01250967774178956,0.029966412149283514,0.004475655577002759,0.008762062324217279,-0.026514635251056032,-0.013562278352845594,0.04404893226534521,0.03715524775228291,0.00885847662842667,0.025620696256041135,0.012818355464468124,0.01859566039495008
C:\RA-CLIP\test_set\LINE_HW\A0039238_00018.jpg,2,TEXT_HW,-0.08063140855704791,0.040983957505960664,0.1576807114901576,-0.06831602747109002,0.01867250228116901,0.07360318181101615,0.055805948519488995,-0.018703754668281194,0.07831103013941955,-0.0877976901660451,-0.02833318388375125,0.12231855054680468,-0.048518441733512475,-0.08542940658186975,0.05304788728468391,0.033032173650036134,0.12758516442410625,0.00767382725048252,-0.07105940602397191,0.062384777974122334,-0.030855456265998577,-0.014522191350102737,0.09688963203032028,-0.037589903505591785,-0.06665522108600848,-0.05489195132320941,-0.05725190144076766,0.052802458679035165,-0.026330194984322028,0.003492376727751778,0.030084036678254815,0.032709193872047515,-0.00745411107367883,-0.05015862565188218,0.022843961587212063,-0.01731277703467168,0.051294045447896494,-0.029446248074754634,0.04847846505392122,-0.014013457575383786,-0.011307712382698606,0.03070321405255202,-0.014179204276853001,-0.008300055945569266,0.018957704631193187,-0.013524143739066448,0.044893935567282606,-0.016591605806269286,-0.01740253218663774,-0.03859144784211009
C:\RA-CLIP\test_set\LINE_HW\A0039238_00125.jpg,3,LINE_MIX,-0.2753818682251171,0.08829194425089429,-0.24801958543553446,0.04233010275816823,-0.03768523314161683,-0.15267316434991932,0.07948234022904534,-0.018370772692326672,-0.011486824145413632,0.008279578045434997,0.029661125071226303,0.03472637317815876,-0.028293585261776413,0.0204576506166853,-0.012013387930746976,0.02502529046464434,0.028490294224861226,0.027409892193706282,0.009167371454146863,0.0045652984350132465,-0.00297246612934236,0.008925308255938878,-0.05179235871970538,-0.02508248199511188,-0.01923641325137107,-0.0012267348188719435,0.0067541913665009915,-0.0054487769558949324,-0.02223956352345115,0.003076949087018686,0.00020527110944475855,-0.0016641350658642105,0.00291114541339244,-0.00042276201814922277,0.009231565351223233,0.0017459258904459955,0.01901102718385266,-0.014044562216822825,-0.018340896433122558,-0.015866591843040838,0.026422066896204993,-0.01187785238183707,0.014964640818648853,0.003141726289920861,-0.0003938930850756656,0.00047816243428778913,-0.0028031580438742524,0.0007096445850091792,0.013788725687323049,0.008227869044375467
C:\RA-CLIP\test_set\LINE_HW\A0039238_00147.jpg,6,TEXT_TP,0.07498420745473994,0.048301780635998916,0.18793208994047542,-0.12117354502533063,0.2710255267303284,-0.05731876034922055,0.15332089098104454,-0.06950669819837019,-0.0010379561089290312,0.03367981123191618,-0.02989849322191786,0.005963029587541474,-0.03230797798912489,0.007128587119961332,-0.026028645155456463,-0.022560447985446933,0.006260161465647178,-0.020945662249721966,-0.0010590673948299041,-0.012672411009164632,-0.020537722156263694,0.002465035396822697,-0.023533720012790593,-0.002516955324022937,0.028380546208344404,0.017793153330725626,0.026070805526470422,-0.021309217392898434,-0.00776672538183366,0.020965126400872836,0.027778649851663624,-0.02246507403514496,-0.003787075693371827,0.028293827139209048,0.016208707792873242,-0.010603479046668612,0.002480690339816935,0.0186142914401321,-0.041242468117761354,0.011683436249693386,-0.012965898388058384,0.0029500540754672446,-0.031124209504775225,-0.03228791058591871,-0.015322804242157819,0.0017287901771526745,-0.025162281565760006,-0.002273281210329106,0.02169828894197353,0.030219683516874835
C:\RA-CLIP\test_set\LINE_HW\A0039244_00010.jpg,1,LINE_TP,-0.06593997122087215,0.14114838309431113,-0.014963259590168646,-0.04894034976417037,0.2595700101053547,0.01876744248145205,-0.13501097842721071,-0.05492327028615065,-0.005252432123065161,0.004951322135482666,-0.04052519570271655,-0.009776672722512588,0.01660982038811936,-0.02891158452237251,0.0706443061701544,0.0512663241591895,0.025742916436755237,0.014113769164108126,-0.04893369000673221,0.009610967161693428,0.035977886527008854,0.024538083319865366,0.03911557707513291,-0.011112209663902691,0.03425777579280622,-0.00681407869603287,-0.0755600898436789,-0.010515747682137946,-0.03876934659760046,-0.00361252511353718,0.025178634460702082,0.0031767820587853494,-0.06813475795065889,-0.008777077324753397,0.008050380959774547,0.05230755415438973,0.03595207126595576,-0.013902333027545606,0.024538499676108754,0.025057020408395907,0.01993107151835775,0.004971940385695868,-0.007883993242340405,0.002688516492102216,-0.0071260041773725845,-0.01956074357385004,0.0053550970052091236,-0.012445413461339563,0.0011226276346237825,0.011447823871060383
C:\RA-CLIP\test_set\LINE_HW\A0039244_00012.jpg,7,MISC,0.07850760386545902,-0.05769435671329705,0.19887053757533252,0.06501974389778926,0.024669692693927416,-0.022451668449596802,0.02381896995121218,0.07292188649525186,0.09291589580732554,-0.03961432781754986,0.09328864017138339,-0.08526011916281337,0.033383365928721265,0.01913005814460849,-0.13270983889473212,-0.014147331372879976,0.1439150592582348,-0.06852539049320402,-0.04963166205517243,0.08833155720234644,-0.06837912402730847,0.010002166651728461,0.025831101722383783,0.032620184781153305,-0.13573022681223906,-0.027180208790718644,0.01375969889919835,0.07102819268856211,0.03158207933727835,0.010724032542911127,-0.009537830495467813,0.007103221736277793,0.02647333764060446,-0.021460384130023578,0.04652448351831166,0.007312094214342441,0.01274372777540305,-0.01544763874466979,0.03769269166840787,-0.02952754993087825,-0.015557886848264984,-0.026405726409851792,-0.052346515474935434,0.06993383450333167,0.0030595848788267945,0.005080751991504799,-0.13649934522289733,-0.0751435893321405,-0.0707282897037571,0.04440804948830078
C:\RA-CLIP\test_set\LINE_HW\A0039244_00020.jpg,2,TEXT_HW,-0.18113086213763738,0.11154167467742168,0.02510930017875706,-0.04751848955157347,-0.037692501790237705,0.12382229455303191,0.06607385768429688,-0.002610436203905742,0.004113005424011953,-0.052450962758341546,-0.011095452871440583,-0.019312384009779693,-0.058070716605941444,0.025760424621277,0.05117651355325217,0.0343581911171314,-0.08868496022638428,-0.00492691964546387,-0.0376745846431699,-0.034731819033394146,0.02495583626904369,0.08452899483848361,0.03018706328790067,-0.014206661805416224,0.030831606573742856,0.051413167983279724,0.008555128894178301,-0.03837705633203747,0.0006534057605268991,-0.038879161161346217,-0.025825053927532156,-0.006896263856046318,0.025958667274106704,-0.0011327549022603,-0.005935601404548566,-0.022092057744141486,-0.010384165951870944,0.01901357498734616,0.002548986453964367,-0.061255756797416634,-0.04019413295991548,0.05647510404563972,-0.0038226279343711424,-0.006816575689349064,0.016544155199045226,-0.005208555555898061,0.03153064773309705,-0.011686312936300068,-0.004592106701910057,-0.001611930004575563
C:\RA-CLIP\test_set\LINE_HW\A0039244_00022.jpg,4,LINE_TP,0.5319691536097114,0.07547328711519312,-0.21252359792939446,-0.2604900455436563,-0.16132692189196207,-0.05692357516847546,-0.1357496455662741,-0.13369601338408665,0.004444062075315159,0.024940330412013653,-0.06905539628189965,0.09009006573314501,-0.03577052294937064,-0.16516091260355945,-0.18123621795123018,0.14628843175822318,0.03002437699308862,0.0503408568597269,-0.19349499702965206,-0.16628271135736591,-0.09614992403001583,-0.039799547214965245,0.0025058217422392346,0.12283599074840208,0.037355841896033234,-0.022164752034091042,0.011149910676640446,-0.04861734265242341,-0.007477207112276525,-0.0283587705821261,0.007047439068330647,0.02490867906539021,0.020326676411486774,0.006297534499965324,0.010704418263134025,-0.06223618182910136,-0.01860784180610253,-0.030817209699429086,-0.008866127276603485,0.03308620573678951,0.0026091688346656476,-0.010394544364462676,-0.008259678115639163,-0.009769064364084262,-0.009516046323666023,-0.01468457890945109,-0.0015868670282370991,0.004037481501535175,-0.005357392496512426,0.0071848468032344355
C:\RA-CLIP\test_set\LINE_HW\A0039245_00068.jpg,7,DRAW,0.15086762874455006,-0.06838957528593735,0.20122504948497333,0.06524978916819943,0.0011862367880211102,-0.23828551213529192,-0.23565765205494368,0.05245266398672371,-0.07185148757689966,0.13064063920696425,0.1803238035062902,0.04567501553007886,-0.007623399334356235,0.16041629404256688,0.08368162161858753,-0.025868940580680413,-0.16792422340345511,-0.10453402840161273,-0.13536999920700057,0.06463900801146713,-0.0671037231773916,0.003098246606593621,0.03858048738454092,0.029410356553821536,-0.16966794585636916,-0.015160612150727277,-0.044652038251449665,0.03839792085793189,0.023087694788866436,0.0346947923932692,0.09105928181195201,-0.006219319420300414,0.02283963887883784,0.08093718747177168,0.024105877022958962,-0.07054358223914033,0.042255414793733494,-0.032077748132213806,-0.03770355459565562,0.06832412771750826,-0.020357153088851197,0.004029919735452541,0.07034105803330874,-0.015557649968697308,-0.019769171330520197,-0.011881216780189566,0.03490878022788192,-0.0007784582585399194,-0.03126517106777848,0.02162622805233243
C:\RA-CLIP\test_set\LINE_HW\A0039245_00081.jpg,3,LINE_MIX,-0.25719932158828,0.07030627265164754,-0.21019589196202607,0.028802034592872408,-0.03212870710330202,-0.16571809473266114,0.09447287386299849,-0.03418917434634171,-0.026462280439882354,0.013962100442758267,-7.950233192044184e-05,-0.004971315538639459,0.09301217922873119,-0.00772673228271973,-0.02502464616898533,-0.009752069784358329,-0.017344974003295793,-0.006485249082170822,-0.009784100653933573,0.008011849754166966,0.02973553459548391,-0.008976597247240318,0.03872445106798605,0.021462537718960045,-0.011731494424804853,0.02304266484732805,0.007719386364663504,0.007270609722116995,0.016209048668128508,-0.004977506201518189,0.008352660673330936,0.009486409198891214,-0.020659023862842067,-0.015437964738504664,-0.00818479007498291,-0.003068798095420823,-0.008884883713793501,0.01691745097223547,0.014403184470263113,0.01978041972654537,-0.015049039774269302,0.0035250583288286533,-0.013824608267769005,-0.010320803467009164,0.0016030931912362637,-0.0005809652246616025,0.0052065857208137495,0.0006231768562410349,-0.010113985577358115,-0.019142884650773954
C:\RA-CLIP\test_set\LINE_HW\A0039245_00265.jpg,2,TEXT,-0.15717594471962906,0.14528274442721673,-0.030642011919274806,-0.009573762966465778,-0.012782062341005252,0.14749449493531983,0.057105253865463515,0.009917309087910024,-0.048059510119151445,0.021647511588258155,0.07888039204832512,0.02985393765351326,-0.01607412865588268,0.026964327033366882,0.08288179974061546,-0.0013060837107082158,0.017496160631608727,-0.04479129750827871,-0.00203006767042505,-0.00920609917007454,-0.04201522206570165,0.04559704827045245,0.05714960361610087,0.031363313089989964,0.019153502061213686,0.041250750011272735,0.03368445441225648,-0.00950262435260923,0.008040399564777959,-0.044278028699791895,-0.036762001468795075,0.03587223103525482,0.07958153028738993,-0.059265253541282495,-0.019277245297552977,-0.05031685868292057,0.010532549325014634,-0.011808719297915823,-0.0096227631952216,-0.03228278560924678,-0.017832750009431766,0.00989417112278169,0.005882328224139455,0.006096807240812479,-0.02094642460548564,0.0035684476982887976,0.02195445981364515,-0.0030633811361769556,-0.022737020002204122,0.008239233517899406
C:\RA-CLIP\test_set\LINE_HW\A0039245_00346.jpg,6,MISC,0.07118571837932851,-0.06918150774012899,0.18349648177173578,0.034694981137854415,0.08984155162930399,-0.12561513878100844,0.14129776639166658,0.03593476786617405,0.09522286080628335,-0.07786145878570473,-0.008507484264827466,-0.12297856250353521,0.04798563314764297,0.08366132654749923,-0.06497444888625056,0.09377851262705256,0.056431991598285755,-0.03957836967067866,-0.031363787106478656,0.05480051474068789,0.01562872129441872,0.08943098318746685,0.02122490239618103,0.03404325746249738,-0.0765228890357129,-0.06290157787582148,0.0101316867417046,-0.04912253801757836,0.06660127154472958,0.007701244241127602,-0.01951934534081959,-0.015778329258355428,0.045300836277773586,0.03332510517728644,0.03334743831661278,-0.03664787882880623,0.005893089974609118,-0.0012078465456905137,0.09049320542187803,-0.023377189041028777,0.005882322388073681,0.021187302597736865,-0.06892615223960936,0.04598081852412509,0.0014445370504855668,0.027540790744442687,-0.08314213045355431,-0.0036828205408898813,-0.06385421614984603,-0.003959616469986903
C:\RA-CLIP\test_set\LINE_HW\A0039245_00418.jpg,0,PHOTO,-0.11554552219714188,-0.558853280159624,-0.1723370812241674,-0.027607893588537498,0.05629840734399588,0.02984629952700842,-0.01617070610954872,0.008771946407911796,0.22988185615426018,0.13785936492543535,0.05399008592386358,-0.014782661376231711,-0.0286578453978093,-0.03190403416237042,0.012122030910526507,-0.015339731632179254,-0.02238778055463629,0.006487788986181792,0.019267802375364185,-0.023859655327159137,0.007046472641473421,0.036838516502920894,-0.00020558689938211672,0.015452309590686386,0.03517702333880424,-0.03794243892525408,0.013581810051796326,0.002386760960097398,-0.018546706577240665,0.0036135386491568176,0.013676183053960818,-0.0074381395285517534,-0.02402772433529665,-0.009057483111873524,-0.01600944244007682,-0.00417394846705182,0.03293273947019795,0.00696423554834385,0.0028888643765659725,0.011653915960358337,-0.029391181705574577,0.041466716951541256,0.0033082988927886727,0.007842831509241817,0.011197429550019039,0.01286678639003522,-0.0017190420773256492,-0.003034634233605661,-0.007958903012608999,0.0038498263795813227
C:\RA-CLIP\test_set\LINE_HW\A0039245_00429.jpg,2,LINE_HW,-0.13055730291500303,0.1240047190716461,0.03725243440558017,0.03713288270051752,-0.020314260176955937,0.1135727375032307,-0.052858083506366865,0.028742908738747727,0.05736541673934769,-0.04502462098978629,0.05206685954247417,-0.025689542560042227,-0.01778112493609876,-0.0018963921707480845,-0.042370327086708195,-0.04806544612056841,0.018543931859265166,-0.05540972781044246,-0.021500965699764417,-0.013394413353382477,-0.06301061114552416,-0.02079418692568763,0.014660196219815685,0.026395417647209464,-0.04997507037240249,0.008277862506063398,0.014406786948969273,0.029015314180238345,0.009010100913801987,0.03292715339245615,0.04040426568026852,-0.026096944614411813,-0.03313909411424659,0.006038191076403701,-0.02128455981628589,0.04939706581165005,-0.03833949458426372,0.010403903501902319,-0.0007833876694237318,0.056324903972580685,-0.007925343919479565,-0.008408957417419198,-0.023469739585923015,-0.02082311042683248,-0.015208148337812125,0.013801527003563492,-0.022235472527977005,0.028069572346525108,0.02252760512161138,0.026933221388418926
C:\RA-CLIP\test_set\LINE_HW\A0039247_00048.jpg,4,TEXT_TP,0.4921560908565383,0.12117801072115734,-0.055300583974689996,-0.18550362449878413,-0.04176224858767391,-0.11982996826321332,-0.0038683905941760298,-0.007794111595695225,0.1162722713223991,-0.14191183323626408,0.16854301392395543,-0.04390600480089258,-0.09087429561181438,0.025231513436230407,0.04016026063342289,-0.10208348639684774,-0.053704539424436835,0.06501346484929457,0.0549975044978754,0.048612471451489656,0.11990099320497946,0.0022879062912441648,0.07455302080319112,-0.0107256432570984,0.0628540134159911,-0.07108428178307852,0.04736506749453865,-0.03789251118440227,-0.018722778314313574,0.011316497371632738,0.020805935480871562,0.014706445244984141,-0.04362064370821147,-0.011776690499957845,0.05395946669621334,-0.16244341321374114,-0.05259480887652691,0.04007790421585924,0.016389364647490957,0.04638235296334722,0.09011472280380604,-0.009968665041023263,-0.02462879536618839,-0.01935256352268707,0.023185167172536714,0.02317110158864306,-0.012566263913329106,0.012597801288971042,-0.015897192511688685,-0.011366948623531567
C:\RA-CLIP\test_set\LINE_HW\A0039247_00055.jpg,4,TEXT_TP,0.6161360345712954,0.15056918017820892,-0.16632913771564037,-0.2846381784153564,-0.16100633805787198,-0.04587803022294365,-0.04906094502800671,-0.041296689019342796,0.06682714199622043,-0.028895252211885294,0.06979450339434176,0.04333504874570529,0.03650777432602876,-0.009860107582279813,-0.03639312558199005,-0.03158962504404409,-0.07284865754575162,-0.036794904060631815,0.051826433587173225,0.005928772698958146,-0.025613529417751222,0.04432265723322762,-0.04166328299607309,-0.03835290579028668,0.008012428199773446,-0.017256793392088594,-0.019344954390952955,0.01491431440628801,-0.0067194757419949324,0.02579344130019293,-0.039624647796170614,-0.03270870330714891,-0.026654049531325275,-0.00981182976527256,-0.005561592490785538,0.012865762614581088,0.01392152413958046,0.034645419592233204,0.037739469314452025,-0.003802013239219396,0.0137059396805343,0.01467856171036529,0.06494367650667582,0.01738801899108474,0.006158695068435943,0.017124987316713337,0.015022341036550148,-0.05613363233829484,-0.02154662175604281,-0.0015850864757569166
C:\RA-CLIP\test_set\LINE_HW\A0039247_00214.jpg,5,MISC,0.33914632731537514,0.001937186041635763,0.031518494615860766,0.5162992538013669,-0.08941431132686518,0.15612897617163093,0.03485109784307923,-0.18380911349364487,-0.0017900951115671266,-0.006670241023001602,0.0033214219603685015,0.10481357482400634,-0.053222860242804294,0.03813263722462488,-0.012743348414702382,0.01724242324770578,-0.033484062460127605,0.014464304941612957,-0.006432685725810316,0.028693494072393917,0.01558042913560454,0.027586526660869613,-0.05520132639365248,-0.05548017178419022,-0.027194633438533292,-0.028097885869543017,0.010832269158439446,0.016753852828717178,-0.005978791963923373,0.005545267296519863,0.018525962824588307,-0.019321830107145256,-0.0068925052907579,0.010632796943555334,0.005693267325731762,-0.02753021883916083,0.004706291296600161,-0.005590484988375746,-0.04429920129532436,0.022487270538599845,-0.03017473859840334,0.010188460822076265,-0.040689350529923916,-0.02890710607462213,0.043828716517180635,0.0026649120289853967,-0.05269590043474894,-0.013636179298330284,-0.0644517407148887,-0.07551952211744742
C:\RA-CLIP\test_set\LINE_HW\A0039247_00273.jpg,1,LINE_TP,-0.05711623457070614,0.16885462813713314,-0.042937720515184095,0.003218655872581826,0.21971461771969802,0.10297479763558914,-0.22690078388552876,0.023075511563745668,0.03315136949844734,0.017626495363742358,-0.001100832995356555,0.043115278601623556,-0.02931450712813918,0.0356228231986981,-0.032654468936839626,0.09126781741703902,-0.0594059384971255,0.007791041678966309,0.0662903997882242,0.008606078328773387,0.034326089958463375,0.017598752846479555,-0.041345159220874034,-0.00015851802308740676,-0.025104910325913974,-0.0011770599794285292,0.04808493645230716,-0.008734411472285944,0.05298377300682224,0.005927046006203986,-0.031531920753378614,-0.0086188647740557,-0.022831886319648973,0.010499470029303863,-0.03216083554239521,-0.02743253371949463,0.029077639470213572,0.011384836185617924,-0.027201727572774812,0.029908812976440446,-0.03563829473568733,-0.04787985284724396,-0.012327771058108982,-0.032073399369864135,0.005175395739846695,-0.013970653114458989,0.009629514278282845,-0.00747564393832513,-0.007408317733663191,-0.029251556675812543
C:\RA-CLIP\test_set\LINE_HW\A0039247_00390.jpg,3,LINE_MIX,-0.25719932158828,0.07030627265164754,-0.21019589196202607,0.028802034592872408,-0.03212870710330202,-0.16571809473266114,0.09447287386299849,-0.03418917434634171,-0.026462280439882354,0.013962100442758267,-7.950233192044184e-05,-0.004971315538639459,0.09301217922873119,-0.00772673228271973,-0.02502464616898533,-0.009752069784358329,-0.017344974003295793,-0.006485249082170822,-0.009784100653933573,0.008011849754166966,0.02973553459548391,-0.008976597247240318,0.03872445106798605,0.021462537718960045,-0.011731494424804853,0.02304266484732805,0.007719386364663504,0.007270609722116995,0.016209048668128508,-0.004977506201518189,0.008352660673330936,0.009486409198891214,-0.020659023862842067,-0.015437964738504664,-0.00818479007498291,-0.003068798095420823,-0.008884883713793501,0.01691745097223547,0.014403184470263113,0.01978041972654537,-0.015049039774269302,0.0035250583288286533,-0.013824608267769005,-0.010320803467009164,0.0016030931912362637,-0.0005809652246616025,0.0052065857208137495,0.0006231768562410349,-0.010113985577358115,-0.019142884650773954
C:\RA-CLIP\test_set\LINE_HW\A0039248_00006.jpg,2,DRAW,-0.15307133469376633,-0.014390575815030312,0.2401423416867637,-0.030360847714459106,-0.1729857248347022,-0.01986096645970911,0.13001952305298267,-0.01405345759919651,0.029009270523466933,-0.04834350863926953,-0.13678915796003024,-0.0221961981444249,0.013930286218722209,-0.031614926804570835,0.020033591194095028,0.04597339521488128,0.012604065834197922,-0.034954761183837744,0.04619721923879858,0.02157521784353177,0.045849434244070286,0.0024384385773648107,-0.07682538205688845,-0.0012007462209591218,0.022561406520784835,0.026660659222718864,0.029670814778171364,-0.004822433185145799,0.07785946090874767,0.0088060633372792,-0.04306026296467917,0.018184309967410377,-0.02174306863793193,0.00523306642401508,-0.013458026009700436,-0.049719826688415264,0.01871337580911086,-0.029223673129876553,0.004756703643158657,0.037456060668950505,-0.009444861195166715,-0.01773385729495083,0.04370140925891943,0.00499161088034906,-0.01370516060876177,-0.008293466628811195,0.043058175011712586,-1.3109706634717184e-05,-0.004089082949711256,-0.009299344605256353
C:\RA-CLIP\test_set\LINE_HW\A0039248_00008.jpg,2,TEXT_HW,-0.16175626688776823,-0.11824919757543671,0.1762204142897196,-0.10851411614412076,-0.09895257673501007,0.03769338025434055,0.10405003449166607,-0.04002666867507134,0.030890020304596123,-0.05880095253839239,-0.11106420709285045,-0.03887299876093343,-0.0566497950400215,0.023608296659362732,0.04109565749498432,0.14452181514985626,-0.08763865415679838,0.05837010134347531,0.06795828022813774,0.0044542966144739925,0.05739338306099659,0.025641263911569078,0.08532647154181067,0.08327708931892237,-0.054795422543441524,-0.10432717180633723,-0.009822842987053043,-0.0611471886569691,0.08368338596262438,0.006793157763927075,-0.01627490052028701,-0.0239384372010768,-0.005584164605324903,0.05703906081225886,-0.021692614935492658,0.018287373385098643,0.06646235733180483,0.0034864742033374075,0.004663259768905806,-0.012512869128963778,0.03834904278134802,-0.006550197356186782,-0.0027334426962139,-0.01381922273855151,-0.067898999531991,-0.008493582767484898,0.028833349726576606,-0.0032910798804233815,0.006657611906353642,0.03430385843996959
C:\RA-CLIP\test_set\LINE_HW\A0039248_00015.jpg,2,TEXT,0.06588431294658445,0.07272383644602028,0.13249843177034468,-0.09766296255128327,-0.10545588125517248,0.2276332327907498,0.030366383444984997,0.01506373145282063,-0.06782063152340131,0.07842067789370846,-0.042535351637295056,-0.024122579337274932,0.17922700773105188,0.05606739562528319,-0.06606106367619202,-0.05116011519082034,-0.013312246313523537,0.0651853017571057,0.0016053941735584872,0.007419107035516041,0.02035992127945112,-0.04244736469716422,0.03838161818933124,-0.021652335153070208,0.037816331999587935,0.011625972475938865,-0.08000915470095639,0.0034103530063703336,-0.020230619424537428,-0.02076749096435478,0.03994804688269419,-0.002850243343408194,0.014011037289062925,0.023357316263863316,0.016307759916740574,-0.04458872375870586,0.040238560584994386,-0.00437418873287378,-0.006676274469965753,-0.0289528091937176,-0.05028542464110115,-0.08995162874740285,0.01225523028824157,0.023544594153672518,0.02122183838530292,-0.034245060527201054,-0.036994727404022834,-0.0012874778423095574,-0.012711604913958768,0.009388504073124932
C:\RA-CLIP\test_set\LINE_HW\A0039248_00019.jpg,0,PHOTO,-0.0671461340806946,-0.5859842583721319,-0.08936114533593721,-0.10034784034313027,0.04387657055246112,0.08955039298491924,-0.07107983829448059,-0.03323965310422642,-0.15605140497832706,-0.1372657751240471,-0.008844483058562386,0.00951041710431367,-0.035554697208362164,0.05153519621745845,-0.018738266736231447,-0.02694566714411891,-0.012115385908284794,0.0029587246757702586,0.04259655725796788,-0.06370024555236928,-0.011240873214330566,0.010160702266122272,-0.024815222727788477,0.042251388588793674,0.011631002848660768,0.010697089127370291,-0.046727899120900834,-0.032683761793604195,0.023251945218992577,0.02049346867806739,-0.04109997507294247,0.11135586647588727,0.011300962515519694,0.0003372743119361681,0.07767182045881614,0.036418153231909736,0.009991632477728553,0.028595164637444194,0.03849825271706148,0.04724134868936724,-0.02577436016099256,-0.0019475523391120552,-0.01845385150186435,-0.05435912221260882,-0.005989741912114624,0.03451267225059937,0.0286287201762137,-0.03807367127351551,0.05187150505345196,0.002572199378134742
C:\RA-CLIP\test_set\LINE_HW\A0039248_00020.jpg,2,LINE_HW,-0.18640993032961733,0.18396483757505494,-0.08265364041062609,0.06925906501494988,0.014716876045045369,0.022531028214492505,-0.10184570393067767,0.010934470731420912,0.04387600598768353,-0.05784280591210808,0.010545133516739856,-0.009263689603722439,-0.014415023470711866,-0.04561045361912833,0.010170652356585434,-0.04495374100291761,0.03926996592887857,0.0015528873072630082,-0.034477579748179624,-0.011942823142048411,-0.037159482494773924,-0.015396926575570697,0.01643657836992078,-0.031268934261052685,0.012837731814871994,-0.007373749200088146,-0.00562408754786204,0.007666681542214379,-0.00016339325460648679,-0.02172466623232145,0.010632907830833167,-0.02511648954695958,0.043065318023103656,0.006807342797488187,0.04753940584693695,0.0048524272950545575,-0.00990711828988522,0.013821666185279694,0.008795152554383357,-0.03403726767430654,0.015250938709535125,-0.01724689861910907,-0.02352781080814192,-0.022094040617876773,-0.020660120403201095,0.00738225899005616,-0.02856585035607954,0.018445249627049246,-0.029960872758389052,0.02701813689308356
C:\RA-CLIP\test_set\LINE_HW\A0039248_00022.jpg,7,DRAW,-0.02510271520023147,-0.07971095115443043,0.31998761503016976,-0.006633762395489474,-0.10685627233322048,-0.06618329114264673,0.09819945899006932,0.013819479977191787,0.05300548513699139,-0.03933838158180978,-0.09137114009463566,-0.12780184220384944,0.04887783534885861,0.00692390740331569,-0.010886005958245478,0.06675598530975062,0.03405933002619479,-0.03679154888574018,-0.025876205169356365,0.00046888845171777586,0.07470995755955374,0.050521594586576325,-0.015454557508763091,-0.022220938381334283,-0.0018166833704694745,0.010226460822119091,0.050703887988827426,0.0045808021037092705,0.07054920050600938,0.019444935643606113,-0.04498246801051774,0.003662339973566693,0.0038265241083129055,-0.006916299225984344,0.015906773051180493,-0.02453829155714064,0.012675458956726792,-0.03877542581815666,0.047791140349718396,-0.00939230902491692,-0.02945705874873959,-0.013567192956494252,-0.006228014090876325,0.01102172469102297,0.06410670510291192,0.012578226316644937,-0.0186993758759164,0.018977242175277288,-0.03211369911151763,-0.031180495714473493
C:\RA-CLIP\test_set\LINE_HW\A0039248_00032.jpg,3,TEXT_HW,-0.22963783927972792,0.14216897240956675,-0.12963551095176418,-0.003932335928703318,0.06908159106086431,0.01186202306222795,-0.04190976887450787,-0.03246134626974555,0.0366221111469218,-0.06713295334626268,0.022168088789482857,0.04773944415805147,-0.05958925488509954,-0.006929725058310621,0.04614351584498894,-0.016804286210116783,-0.07675386922542708,-0.046329215912038486,-0.00010016518283809324,0.00032019657863352024,-0.041085514924059874,0.010794620591050273,0.04846523679947713,0.01757843945709742,-0.005592363620638179,-0.023984025165736982,-0.03178925289997508,-0.021692188075780744,-0.077124863014985,-0.009199201720218129,-0.02186579921254477,-0.03639019752622862,0.009891542847971101,0.002115966821143298,0.00670788108759552,0.00658366193601136,0.03287465429622692,0.03127863538990844,-0.030207763846417546,-0.02780466719046489,0.008299485646418431,0.0036084606232214,-0.06936233559123715,0.01671830348561192,0.02294389750665176,0.021803261768494227,0.007723337184432265,-0.013680111167838918,-0.002273567698054982,0.042166377895645035
C:\RA-CLIP\test_set\LINE_HW\A0039248_00041.jpg,1,LINE_TP,-0.023252068302250548,0.19193505961032148,-0.06485898108431536,-0.030762393768701022,0.25770632794105847,0.0420308533720757,-0.17010697680994402,-0.023708724867096794,-0.03200938150996802,0.04716223437637591,-0.04884022510741809,-0.042622434844014095,0.048420691753754456,0.010433018290299138,0.06711791787081593,0.03357849915459585,0.005033309758237564,0.023712873046473824,0.009053017243904615,0.0015577052230835641,0.05003632573191555,0.009944044701650579,0.027935812687986387,-0.0010197723442262748,0.02142094801021745,-0.01927804551756326,-0.015449248448977224,-0.01450702919732452,-0.007101589982809115,-0.003240892453102364,-0.0030276631529746758,0.009490722778004503,-0.032479029033623465,-0.0023288491458297693,0.004934223227018579,0.05309165181317233,-0.0020297212802854693,-0.000777151736944509,-0.015731292669219514,0.0075334660358125066,0.03864323370855351,0.009064059001824425,0.023675724662573897,0.02188424406639461,-0.0025473378148218183,-0.013071947380068775,0.0064614677368654795,-0.015091795274482128,-0.0007626832792782879,-0.010010006556795499
C:\RA-CLIP\test_set\LINE_HW\A0039248_00043.jpg,3,LINE_MIX,-0.2753818682251171,0.08829194425089429,-0.24801958543553446,0.04233010275816823,-0.03768523314161683,-0.15267316434991932,0.07948234022904534,-0.018370772692326672,-0.011486824145413632,0.008279578045434997,0.029661125071226303,0.03472637317815876,-0.028293585261776413,0.0204576506166853,-0.012013387930746976,0.02502529046464434,0.028490294224861226,0.027409892193706282,0.009167371454146863,0.0045652984350132465,-0.00297246612934236,0.008925308255938878,-0.05179235871970538,-0.02508248199511188,-0.01923641325137107,-0.0012267348188719435,0.0067541913665009915,-0.0054487769558949324,-0.02223956352345115,0.003076949087018686,0.00020527110944475855,-0.0016641350658642105,0.00291114541339244,-0.00042276201814922277,0.009231565351223233,0.0017459258904459955,0.01901102718385266,-0.014044562216822825,-0.018340896433122558,-0.015866591843040838,0.026422066896204993,-0.01187785238183707,0.014964640818648853,0.003141726289920861,-0.0003938930850756656,0.00047816243428778913,-0.0028031580438742524,0.0007096445850091792,0.013788725687323049,0.008227869044375467
C:\RA-CLIP\test_set\LINE_HW\A0039248_00044.jpg,2,TEXT,-0.030782059928576928,0.08256259539949722,0.08234658200514006,-0.003471782889837095,-0.008013310282772815,0.18531412865728655,0.03318732964602481,0.04079214425109157,-0.07028654303734594,0.08170590171166885,0.17643805823641878,0.007047686601993607,0.01027756341201234,0.028550207022964874,0.002155826520178548,-0.023870565336901347,0.05056001203675071,0.03516119528868252,0.026548720358868357,-0.03545351808901508,-0.038706611595513196,0.027968496599580648,0.06828888048012194,0.028890243733651635,-0.006708454423303356,-0.04847480054230831,0.034243657763497144,0.02141389751562511,0.0403563111658325,-0.016951332253345976,-0.04469764623255292,0.00928013872925799,0.05281176037851733,-0.05067600025818943,-0.04306572340210417,0.04415670098780676,-0.006165771529774044,0.0005953136919478387,0.0033820555795031136,0.04199469570176074,0.010975438795434332,-0.026195926163868778,0.011072607195600447,0.006972516062242742,-0.012932361032882535,0.014731484813403948,-0.028240792468982177,-0.0015991515404314436,-0.010167730691725023,-0.010810338710088314
C:\RA-CLIP\test_set\LINE_HW\A0039248_00049.jpg,0,PHOTO,0.016702768983220918,-0.5821279898337761,-0.12312752888720258,-0.11181197868120782,0.03842896931112518,0.09846800672745579,-0.05896718256053507,-0.03208109388297315,-0.2052531815175072,-0.11738678679903682,-0.03288332573704066,-0.014602506181313965,0.0394644829285703,0.022774296168900147,0.01756740119971683,-0.036674576025827375,0.03506619006509003,-0.01796310616109597,0.008911965036757381,0.00115885162077118,-0.011040631058728453,0.007095167673877043,-0.021128895519631232,0.010265155596851393,0.07263000536385694,0.01825229879386282,0.06925275085790486,0.07146002761292022,-0.027908553759223503,-0.12690074448030736,0.08826550595859302,-0.0011779469898813531,-0.03384442465821364,0.03540658571978346,0.12914748337411514,0.03194883506189855,0.015770672125034198,-0.02943561623371011,0.0563842834895633,-0.008488521933758816,0.02897121077166473,-0.030747392706371845,0.021992934919045568,-0.05133476715718978,-0.023874823368762982,0.12871118557899838,0.04603217484823694,-0.0034976143358129703,-0.04039284384473302,-0.002006128410636994
C:\RA-CLIP\test_set\LINE_HW\A0039248_00052.jpg,4,TEXT_TP,0.5138780135838781,0.14256447706510786,-0.021078768223031636,-0.2439897258598098,-0.12555235234328618,0.03934908002777143,0.03263104529724101,-0.06918183351213003,-0.0339448433728338,0.00847662338809997,-0.011323670285259676,-0.035608625165718985,0.11520282823344376,0.03296754300199399,0.046073586632385484,-0.06429624193942121,-0.08903761213000927,0.0675588453084147,-0.07134504509122998,-0.08628586144534484,0.06281801235061105,-0.08352528656632154,0.010253585497072823,-0.002148362411683041,0.008538823746594279,-0.049352872843937814,0.03964954617942401,0.10506881003702694,0.04961945888611972,0.0031982978723154214,-0.02291983733973604,0.014012420471760115,-0.04784842234594726,-0.059259956207921426,-0.023453280354551128,0.04844861332342687,0.05028269714894813,0.03187391880095917,-0.0768077630004362,-0.08541400036697172,0.044787690666114016,0.07454057529273014,0.00029689297186527927,-0.04588702203107911,0.009686856802548322,-0.015588138230735151,-0.04418755624165255,-0.007820218746580112,0.016036167437384462,0.06133192337405
C:\RA-CLIP\test_set\LINE_HW\A0039248_00058.jpg,5,MISC,0.26500830141605697,-0.0564587052613058,-0.019574247383499683,0.25449245541675247,0.12282625379260999,-0.03867766100732307,0.041395854354340934,0.3508145714587846,-0.03145323178634806,-0.06741997606206233,-0.15440050908675018,0.054103764496759986,0.033395024660372585,-0.09838213739334493,0.060329169189895164,-0.10908246694941728,-0.15265156152573398,0.2722220753653437,-0.1672372136205428,0.26275916028041846,-0.07978771315561736,0.06558156957848102,-0.06575538407601134,0.13227910405957907,0.029369400000546615,0.022249838572442865,0.05262467329048732,-0.03185768429858056,-0.006360058019364155,0.007655762201861697,-0.0541806524289683,-0.008773376485500814,0.005646049057696553,-0.05294022787377373,-0.025185360039660543,0.02996989016761632,0.03309168922798306,0.037064626170786076,0.04781374175680803,0.006786107285970924,-0.01632347421485866,-0.06922843199911248,0.025362928267369262,-0.01746456003370545,0.04584696301515585,-0.00037345085104072275,0.005016994241973132,-0.01728560998330935,-0.02029459811821042,0.10442049124375133
C:\RA-CLIP\test_set\LINE_HW\A0039248_00063.jpg,2,LINE_HW,-0.19020306224380862,0.10247203264469257,-0.002216690627056149,0.030954465952794465,-0.06495133916497724,0.08891959616676466,-0.05581834801611235,0.009947179232154437,0.006627115738965517,-0.02121975815205142,0.010547188258789805,-0.020959763445961278,0.03023672509291387,0.011131418131676325,-0.001570816586760278,-0.07644024711444575,0.04746919674493991,0.0358000433569,0.010911451256733299,-0.03037606356514647,-0.028900999795897237,-0.05026640474575296,0.06475019759270784,0.04935655456566822,0.015594351456185306,-0.05479071961151704,-0.017779732222277467,-0.00826188469084815,0.053037382124318404,0.0063428060868189915,0.034534413403202464,-0.037119781855343204,0.02233608200472933,0.017553752773813096,-0.0032634582727584685,0.06484409606296714,0.02199026220576754,-0.0002688619671636499,-0.017416163930116045,0.03377422594031756,0.01164308608998273,-0.0016754471201653716,-0.006559379433319902,-0.03432645688322058,-0.02350975244738232,2.850776759851719e-05,0.005131188258158717,0.04464867983376467,-0.003431636082830773,-0.001436409808943833
C:\RA-CLIP\test_set\LINE_HW\A0039249_00068.jpg,2,MISC,0.0377293227777891,-0.060580282895971574,0.2441785494034288,0.00020852242934225022,-0.05519533527800912,0.03832663097221988,0.17776075983841633,-0.06606195116975862,0.06988642569324816,-0.028425290300879504,-0.09056362339547314,-0.058151707666474,0.06719870007138899,0.001155978827179176,-0.006191935436553563,0.15694855448333725,0.024334035650608935,-0.08517230897061508,-0.05608561646230927,0.03152444333162514,0.04116539257940288,0.04145766852226014,0.018449775113750847,0.028255553044586483,-0.07735494863611461,-0.02080511889949341,0.07951129187118373,0.008568558400605933,0.06813410972310685,0.03755416266873146,0.008574941351149133,0.03370064403729439,0.047508780845328884,-0.0011686039473855553,-0.015957954211970927,0.03795377697885584,0.0550280997488391,-0.015072868725623769,0.019758921413464085,0.012459108635785636,0.026569973056704412,-0.012887262184816764,-0.03494272462494013,-0.07166695703740182,0.04132506486171659,0.025313974458508765,-0.044585661364750756,0.024906288074375647,-0.004172063798262485,-0.0250479232782314
C:\RA-CLIP\test_set\LINE_HW\A0039249_00096.jpg,3,LINE_HW,-0.2156995067840948,0.16854405213267415,-0.10036731113300036,0.061238019495321434,-0.016227661880165695,-0.02323954874132449,-0.010010704813777447,0.005032000048121812,0.017019144882769188,-0.05141928537916027,0.0483155553311849,-0.019131654468972414,-0.007586094269635211,-0.034328001639624676,0.02605949665057986,-0.01551841344437971,-0.04247650724970897,-0.026601803474560533,-0.05779175781620918,-0.027872945429795997,-0.042320478129672094,-0.009696578280424405,-0.00623279403114398,-0.04835033691298751,0.03383618026273783,0.008042899985206523,-0.011482995994267414,0.006382692270260999,0.018688734626525642,-0.013132759795155158,0.0013636805403707286,-0.026718857080433107,0.02777537383484288,0.002151281838330746,0.026532107858523606,0.025763671073933004,-0.0002878470933133458,0.011783422632659574,0.018028759139304514,0.0032791902694945317,0.005510416036190227,-0.0052701745100873065,-0.003346970884972029,-0.0004400687850750367,0.02319619844816453,-0.02774860272164346,0.0050334791206586875,0.010167266521764399,0.0005456761674714272,-0.0010823988468936768
C:\RA-CLIP\test_set\LINE_HW\A0039249_00239.jpg,0,PHOTO,-0.023440943338600126,-0.5632947354013579,-0.07504929354213798,-0.06400946363558921,-0.005721743965930977,0.11843448250386308,-0.0670564384303847,-0.03156100656249327,-0.17876574742196524,-0.16160840211847283,-0.013578231276039519,-0.030342460417259454,0.025834412490534732,0.03891633291952081,-0.015849209879150877,-0.07037056671197234,0.006678667991186983,-0.053114784850990755,-0.011112044599956036,-0.004534913660690293,-0.030992346804472687,-0.025644467531839105,-0.05624667417696128,-0.03639368907459856,0.014165469987032678,0.001881395430946599,0.04926551529671602,-0.02929889705681281,-0.036082011891762016,0.025497307664777195,-0.01775930168300854,0.12418503003571688,-0.020114559629796133,0.016818371744844397,0.029354720207630663,0.03159482661661042,0.01690330833623929,-0.005069924632690415,0.014514524840381963,-0.04697152850458519,0.01026372871939038,0.04659983620989538,0.05226100748568048,0.0008954717490923998,-0.05095215297946149,0.005151873916620828,-0.019015193286096455,0.06896274071231279,-0.13355686294551825,0.007923205106712558
C:\RA-CLIP\test_set\LINE_HW\A0039250_00027.jpg,6,TEXT_TP,0.10778923415184635,-0.003380027359415119,0.16377216959837454,-0.1454369638943223,0.2993785813523907,-0.11516689412622634,0.1508364149454767,-0.0864310694177683,-0.006006863433269026,0.007367840001802972,-0.019703165536290285,0.03184954173725917,-0.08686958928496567,0.04655679396000583,-0.06498493886657047,-0.05533446821400376,-0.0554739085774774,0.016798228069787136,-0.008693124820215828,-0.009792628894103763,-0.049409091729293975,-0.03341260529131625,0.012730757707470272,-0.026264976033789966,0.012338369267824723,-0.013276254858159215,-0.017250276258730275,0.032418312625514,-0.016184627163284827,0.0011043611482797156,-0.01833062803080108,-0.01495416243565075,-0.013062323791260369,0.026102037080575295,-0.020851103236420185,0.011271454449501166,0.005720643881798349,0.017368002804701115,0.009194329948409503,-0.009994509859380333,-0.028982255637737365,-0.024329614948367093,-0.023071618555979705,-0.00958128655078622,0.005660364108720956,-0.008665584497724602,0.033812545528823686,-0.03043232197401926,-0.02021678556919611,-0.01486140048217175
C:\RA-CLIP\test_set\LINE_HW\A0039250_00032.jpg,2,TEXT_HW,-0.10099156186569007,0.07522043330529016,0.01015175873915758,-0.06873702649070348,-0.006348425028327841,0.137354900892421,0.11168545801753049,-0.026025898846213983,-0.014543607424560482,-0.02636240091439506,0.04409609653975959,0.07240875055981305,0.02468626061379756,-0.012322068841653057,0.09813729004649488,0.09656423421328249,-0.07756277477324396,-0.06520499485724217,-0.03793219231249468,0.019653872683216018,-0.04503977374234378,0.03665750732174345,0.06043318818297479,-0.001918701944678403,-0.050146817545400166,0.036858138509614294,-0.009806024663752855,-0.006007000477693889,-0.016703502654600334,-0.04863632467509207,0.0071008802152133475,0.03251224837209598,0.028158122289144084,-0.0678452026423163,-0.023074072727436598,0.010618447528480672,-0.006331292074741733,0.0027936049051513062,-0.018340345729884647,-0.011013370014150392,0.01912117750716845,-0.014237770446194627,0.019852278877139612,-0.0087039877520976,0.005769982887102173,-0.03115719188031048,-0.00524310736559925,0.00981318048752868,0.02652834551340898,-0.00443621219883751
C:\RA-CLIP\test_set\LINE_HW\A0039250_00047.jpg,3,LINE_MIX,-0.25719932158828,0.07030627265164754,-0.21019589196202607,0.028802034592872408,-0.03212870710330202,-0.16571809473266114,0.09447287386299849,-0.03418917434634171,-0.026462280439882354,0.013962100442758267,-7.950233192044184e-05,-0.004971315538639459,0.09301217922873119,-0.00772673228271973,-0.02502464616898533,-0.009752069784358329,-0.017344974003295793,-0.006485249082170822,-0.009784100653933573,0.008011849754166966,0.02973553459548391,-0.008976597247240318,0.03872445106798605,0.021462537718960045,-0.011731494424804853,0.02304266484732805,0.007719386364663504,0.007270609722116995,0.016209048668128508,-0.004977506201518189,0.008352660673330936,0.009486409198891214,-0.020659023862842067,-0.015437964738504664,-0.00818479007498291,-0.003068798095420823,-0.008884883713793501,0.01691745097223547,0.014403184470263113,0.01978041972654537,-0.015049039774269302,0.0035250583288286533,-0.013824608267769005,-0.010320803467009164,0.0016030931912362637,-0.0005809652246616025,0.0052065857208137495,0.0006231768562410349,-0.010113985577358115,-0.019142884650773954
C:\RA-CLIP\test_set\LINE_HW\A0039250_00152.jpg,7,DRAW,0.05275196918086961,-0.14486268310840858,0.20934707115179757,0.0038740147542331593,-0.075813122406464,-0.2306988542164216,-0.28145249451382665,-0.004862874352583736,-0.06499442808785132,0.1210137762726494,0.14469397544460083,0.12359089906758515,-0.07409531488762514,0.04994384236366573,-0.026292651403574157,0.005670747547517164,-0.0733653720554207,0.05430821408160897,-0.05967730141304306,0.07071733360287528,0.026373943221585965,0.00564310927284716,0.06610468356171514,0.04042918828614408,-0.12678636199409613,0.01169157284295297,-0.05008757170564754,-0.02711320081541321,-0.05229690641585871,-0.05351351113358999,-0.020107642496468014,-0.036586101763605855,0.029572324048050387,0.04364503221238887,0.025892679589963934,0.0165402412779983,0.04374497332196374,0.04324768165632945,0.006374204120924811,0.06706830603223259,-0.02562965377245023,0.028884407379479535,0.04709089459252372,-0.04482304786837541,-0.06074917674187149,0.02092073095112402,-0.055110854892344296,0.022012430463485444,-0.04125461303192121,-0.00691981696598852
C:\RA-CLIP\test_set\LINE_HW\A0039250_00205.jpg,1,LINE_TP,0.04015175449027284,0.22149967086148634,-0.04141526041298904,0.020437091112447372,0.26809581130397037,0.10494201872151067,-0.18489344129436555,0.016252705374630843,0.015096392650157386,0.025473228817236848,-0.023271092904016324,-0.007811656196268317,0.030303811006035,-0.019045406091653335,0.005184226046687738,0.06567173145129973,-0.015098003428648258,-0.018243612114570838,0.023615589322182096,0.005163824235833023,0.02486785645599256,-0.004243764323049368,-0.024853607452316157,-0.03658909712490794,0.009273262641935065,-0.0045667533018781785,0.014706997417763271,-0.003807973301163742,0.0041375061179854756,0.00619925979317379,0.012593377788238897,-0.013241021619888261,-0.011287079195532497,-0.026675871999695195,0.022521630626257127,-0.0005070080938277499,0.04629444687182084,0.01933234885514047,-0.024139018576807017,0.010718392085620289,0.023821179325063325,-0.02619327050429364,-0.020876250211393336,-0.016597532720261283,0.008600305541182955,-0.01176162219028535,-0.013764845602520486,0.025673089110550364,0.009656784328258994,-0.012288149242272001
C:\RA-CLIP\test_set\LINE_HW\A0039250_00214.jpg,2,TEXT,-0.17529509772128815,0.11685474279748513,-0.028683045949092854,-0.04028184572581413,-0.09817406865050463,0.11779938952108845,0.06855842894828154,0.019542926936285697,-0.04971830231332955,0.07291109017058928,0.0029501650180732745,0.03650970076536721,0.03262463437401015,0.06169200073115768,-0.01830176433475653,-0.00043832669473027326,0.0002952874912931208,0.0915397172068674,0.005438438465694041,-0.01363757824194519,-0.0002523188945593004,0.014869833360661756,0.01200307456958043,-0.027832017873297362,-0.010090220866174357,-0.05025856737689408,-0.008581141384677336,0.0016259963980032892,0.015587466475687711,0.0046275044381805285,0.007046383198065771,0.007898287892587634,-0.01680689492315574,0.050564889258351044,0.019361584287120138,0.010564079198936914,0.003938468005875651,-0.04195191205172825,0.010919763647694978,-0.014495057899282168,-0.022097300175905027,0.03477527115732288,-0.028900935767082594,0.04014350118272162,0.0002019221921680394,-0.0006419465708592997,0.03038767310859357,0.004639679836138084,0.011194033222110555,0.02251395713482618
C:\RA-CLIP\test_set\LINE_HW\A0039250_00222.jpg,5,MISC,0.38068005300092855,-0.0379308030607569,0.008687459624105836,0.2680123303104988,0.058461205610584835,-0.07824308616806037,0.11588803938880626,0.4653508339057157,0.0011785252096152827,-0.06640301223284312,-0.08700662001343264,0.14183862332204966,0.06561441382215717,0.012879951815400179,0.03637149737666078,-0.005756005724979698,0.038241080059032415,-0.11405953015368904,0.08168023250299727,-0.18276682779835066,0.03980170497674914,-0.0060579862067487176,0.046961370476309036,0.023082328339982097,-0.005419521964390144,-0.040226222054687434,-0.05322728252144298,0.03444821036453875,0.030178793855012022,-0.023413127004757357,0.030668140628619278,0.04685127986748022,-0.019511468163275165,0.01722360053003035,0.004071020456051265,0.006555995494459232,0.02046809495073275,-0.0617293182870826,-0.050214689558013205,0.08681602125692293,0.022388264500273314,0.011120587972058239,-0.04829948995209899,0.10187885182089249,-0.05884549709296195,0.0020326308679980126,-0.031384854484442996,-0.021099856355409095,-0.0049189692283011606,-0.009095997029652933
C:\RA-CLIP\test_set\LINE_HW\A0039250_00248.jpg,3,LINE_MIX,-0.2753818682251171,0.08829194425089429,-0.24801958543553446,0.04233010275816823,-0.03768523314161683,-0.15267316434991932,0.07948234022904534,-0.018370772692326672,-0.011486824145413632,0.008279578045434997,0.029661125071226303,0.03472637317815876,-0.028293585261776413,0.0204576506166853,-0.012013387930746976,0.02502529046464434,0.028490294224861226,0.027409892193706282,0.009167371454146863,0.0045652984350132465,-0.00297246612934236,0.008925308255938878,-0.05179235871970538,-0.02508248199511188,-0.01923641325137107,-0.0012267348188719435,0.0067541913665009915,-0.0054487769558949324,-0.02223956352345115,0.003076949087018686,0.00020527110944475855,-0.0016641350658642105,0.00291114541339244,-0.00042276201814922277,0.009231565351223233,0.0017459258904459955,0.01901102718385266,-0.014044562216822825,-0.018340896433122558,-0.015866591843040838,0.026422066896204993,-0.01187785238183707,0.014964640818648853,0.003141726289920861,-0.0003938930850756656,0.00047816243428778913,-0.0028031580438742524,0.0007096445850091792,0.013788725687323049,0.008227869044375467
C:\RA-CLIP\test_set\LINE_HW\A0039250_00261.jpg,2,TEXT_HW,-0.2208658485967952,0.1537363727377982,-0.07097422968365352,-0.01028475607437544,-0.013223709330545565,0.04343434587870113,-0.026806530366674436,-0.04204414537750384,0.06864014273160782,-0.09959249840479119,-0.05943002654541152,0.04831737861748751,-0.08408604883464425,0.008863355377368164,0.045148082911332627,0.011604317591783486,-0.058789547086269316,-0.07080292532750804,-0.020715419544173223,0.005700354575403637,-0.02232623766302113,0.030434935328385822,-0.03507552454367085,0.0006423477240867013,0.02448468750112892,0.01311144123891938,-0.021024991350009598,0.025732015474595568,-0.028781733222627146,-0.009566597310546437,-0.0457462399252532,0.005148428675731268,0.028351816423305712,-0.00614545313742814,0.0015762526824269975,-0.02854911820131864,-0.018908385879370222,0.011600679789353531,-0.014912136811420966,0.0048017531157918385,-0.0435982939062061,0.0004249555208665822,-0.016737763736768784,0.03161575865408203,0.011792552979700839,-0.02163870221775657,-0.05611389168182899,-0.05705844595154107,-0.005524016159313378,-0.023147845729800158
C:\RA-CLIP\test_set\LINE_HW\A0039251_00077.jpg,6,TEXT_TP,0.1839260866864514,0.035925329371514686,0.1874806587320909,-0.11645106999877539,0.2959897418603841,-0.10527941176756556,0.14196031296924544,-0.02050857586159663,0.007614675653206105,0.01783145755964745,-0.0043442021830681935,0.015716688471877793,-0.08141906132355856,0.03226643934492178,-0.06911869623699256,-0.04786777550875087,0.022637465259814055,0.009486257089996099,0.018380851017682418,0.020331098617296685,-0.0156317837043475,-0.02680723829077284,-0.0021834739622395532,-0.026620679582247335,-0.0192844641552582,-0.015065856524921152,0.02951470736066702,0.02987809231888441,-0.004290238835679123,0.007269694037348227,0.011729158160412968,0.006193361988853925,0.021580181956644635,0.00173067076663059,-0.003643114916836879,-0.0016114785045284916,0.016295517004522662,-0.025864429594730936,0.01549631423400475,-0.006350646986603277,-0.009469294893007707,0.0016105334782750855,-0.007999226873176113,-0.014171569363023873,-0.021115370262606924,-0.01906244901745467,0.006095331594862065,-0.002901511765834058,0.0074979716664037525,0.0019806789024099975
C:\RA-CLIP\test_set\LINE_HW\A0039251_00130.jpg,1,LINE_TP,-0.03371298578349374,0.20950196660951836,-0.10122303228499684,0.03688311992535995,0.2524318092136881,-0.005475868773614112,-0.21467333652560594,-0.0025931217325011217,-0.007685149666730707,0.017112505882883256,-0.06901265257642816,-0.07523522543404727,-0.02274782454992699,-0.002111000725659642,0.0429679556431648,0.028320626827043945,0.0401466548538828,0.04336042614099426,-0.021710092779070628,-0.014542688169945677,0.054496697702279315,0.016681162218816062,0.03305400849785085,-0.017597888194096818,0.02505442424742752,-0.03065458388701915,0.014467179228458435,-0.012807485717861347,0.0037188463207450772,0.03516739607463093,0.038562462994554535,0.007533291057160541,-0.05505016981770725,-0.017839078296139364,-0.011299880188590994,-0.015367420321721975,-0.01840579428207211,-0.024417678052685566,-0.0025395855092802057,-0.00840206096479275,-0.011144545052981363,0.008508210631977618,0.04082240471404114,0.026172645975075116,-0.019246733818608856,-0.009550232417828389,-0.018576184514441974,-0.03485995457480267,0.004684943217405957,-0.018704563372882448
C:\RA-CLIP\test_set\LINE_HW\A0039251_00196.jpg,7,DRAW,-0.13164007184684737,-0.04436322581439322,0.2349000844178811,-0.03181852725591335,-0.19999741251264708,-0.08238260686015254,-0.08088064210048236,-0.03157300214322107,-0.07860440402845437,0.06929337366447302,-0.025388483778462097,0.07059951739365153,0.040483324712725755,-0.04627971046179149,0.03310666822982475,-0.007970212742455476,0.028923713468945712,0.051823682130169316,0.014889883591151367,0.023839495367007458,0.04984597958672082,-0.07782965051338953,-0.02758017341252916,-0.022377718374411514,0.007146063421689479,-0.10333690017348061,0.005107817594772218,0.03272414296048876,-0.04753865774720576,-0.04688747501805252,-0.11130098389870587,-0.07086109696330178,0.021064100921225765,-0.012902752919143095,0.026304483788227712,0.007554449309074154,-0.025724719713314723,0.09757956284438449,-0.05531976330136382,0.0511066009630448,-0.030405411909419464,0.016173262140808015,0.001501599043092025,-0.007061465989706511,0.00011903070448308904,0.01666028663234287,0.04722621588044953,-0.00881533255860208,-0.02007491061547982,-0.013747250666661704
C:\RA-CLIP\test_set\LINE_HW\A0039251_00300.jpg,0,PHOTO,0.007926302094054176,-0.5679669674937518,-0.0809870635397931,-0.05676286175337136,0.07297180564785494,0.08492313661428565,-0.01440142117567139,-0.010966603560129197,-0.1713559550978488,-0.12585637848455153,-0.012301595461204825,0.007253129087361194,0.011217756778670903,0.006222518759810477,-0.017310699899352213,0.08318188306062962,-0.002762386063879837,-0.01393340711059069,-0.005565722310599895,0.08067089024029016,-0.026192240778928982,0.03600446358473365,0.02329006652469857,0.007155559323902465,0.01589977301187815,0.01675751276039628,0.11228490471742325,0.1359910905652877,-0.03207203443157357,-0.12682239649422994,0.03456282687411436,-0.15199958953459017,-0.0032540845429962855,0.07162718677485536,-0.07356965625349333,-0.04218231651587151,-0.015319058440116981,-0.04652217185381218,-0.0035451171944933767,0.010048510728612872,0.08774733641998808,0.005610118189584969,0.04562549488494026,0.017427904951461563,0.009790573506871214,0.008295055923519791,-0.024897030739149874,0.04548759244538687,-0.05026636975849939,0.0037358895824539944
C:\RA-CLIP\test_set\LINE_HW\A0039251_00456.jpg,2,TEXT,-0.06386789158702227,0.11395133958105506,0.09019864752924746,-0.028389991293137615,-0.13113372738033852,0.18704740156034172,0.10061545434769495,0.05674443908603812,-0.09754557449728235,0.11380890589644536,0.06243834373715439,-0.04491384902073749,0.05702757018077388,0.061308688146256965,-0.0364932656496235,0.05119232979975483,-0.06659682186988311,-0.019293470799873924,-0.045229136344930906,0.004673828199825611,0.04179504040255096,-0.013634313951916619,-0.11280567346797934,-0.024006327815577707,0.04723194007438673,0.025330015964673398,0.022322526119555108,0.012090031921576587,-0.03848863904094795,0.03269955215277521,0.019437294763501697,0.002582723516109394,0.007740043432734564,0.03877064135868565,0.016434107785349497,-0.039442285387738744,-0.05243671360205562,-0.02308213347764251,0.018344083180058663,0.016515143288851408,0.02065133691934769,0.044323519642247386,-0.016269237451352468,0.030914824886546295,-0.03421378855560804,-0.027985031007349354,-0.0021409095261827908,-0.05419931156968594,0.0042739333333945044,0.03406514424674635
C:\RA-CLIP\test_set\LINE_HW\A0039251_00526.jpg,2,LINE_HW,-0.08861685874421521,0.13353882216701551,0.11465416377359468,0.04225527441792959,-0.061039678313305264,0.15286216265688657,-0.11248206528545729,0.04597422504971983,0.08302341187430937,-0.041813322831306454,-0.043490655948532145,-0.05134177413180266,0.0067984875484182715,-0.0032022964133201102,-0.0844377394111814,-0.08688451988904308,0.10126603724313402,-0.06546194783328527,-0.009809818056707133,0.021334675439539312,-0.0023634316654904345,-0.06282414485129902,-0.04640061800746808,0.027880733554959732,0.0034359775917356017,0.06595591415115815,0.056780133760169715,0.017690975400762903,0.018726836852850672,0.008793914967881459,0.07935525639799391,0.007193444580229188,0.006743909479459827,-0.05215065668428546,-0.048826228089676564,-0.010308086203558183,0.010009695130599015,0.005158066252451571,-0.007797242602867474,-0.03209259647297464,0.004714796231247522,-0.031104768359250808,-0.02176674022903061,-0.013066968375227955,0.023147983275876565,0.03345593793339402,-0.012220471810759751,-0.007690512108672147,-0.03740727574245454,0.010470223608430583
C:\RA-CLIP\test_set\LINE_HW\A0039252_00040.jpg,2,TEXT,-0.08788209306170296,0.051367876286854644,0.09252587970945639,-0.08558245611481591,-0.10312309244145676,0.2364412080399026,0.061416027376456586,0.04152102962823115,-0.06259070210158833,0.062495374189159916,0.017691244184910457,0.055726908596401135,0.0313740770081243,0.053102133333912255,-0.020084294637970665,0.0429011334426682,-0.07097374463176954,0.019007893595537752,0.02063568034575002,0.028250615408754752,-0.021898097096021283,-0.029765462681929897,0.028279369009136184,-0.004856777075975713,-0.029322725620904593,0.0030620148547079906,-0.022625028254289848,0.004096231922254167,-0.06681536655133506,-0.002953176884094754,-0.028609046271073316,0.0026020959882592683,0.0013548675279519873,0.007875127958902956,-0.005868626484922017,0.004441158116810222,-0.02324413036706462,0.008910248405653173,0.02342086556835975,0.01487946092708483,0.02989113362906459,-0.024106116011017822,-0.05940541512309579,-0.011305174462340715,0.012230220783094955,-0.01843538364466401,-0.03611888960014148,0.05559306586650847,0.03496067921443963,-0.029042926325566463
C:\RA-CLIP\test_set\LINE_HW\A0039252_00066.jpg,2,DRAW,-0.1544178910254251,-0.04224028137192357,0.160775803601799,-0.032692303929278424,-0.1472762800284549,0.02597867272551228,0.0032165073536463357,0.015906612261638847,-0.0671728891100372,0.03429157508684092,-0.013520168765767653,0.06062310954271375,-0.008975084883175725,-0.09926894731836428,-0.009041366089903151,0.07786162403339958,0.06460095505738525,-0.0038146375237381037,0.04539129429068259,0.06223937705552574,0.09486253293496333,-0.11318168644770205,-0.02040115805940195,-0.02645609747170237,-0.043275526879989666,-0.16511781844041254,-0.008782077614595981,0.06342147332730809,-0.03987944545762297,-0.06669462129430699,-0.1377590121790118,-0.030721413592418232,0.03134311578815347,0.036044530030501655,0.037167793383522316,0.012261153326801274,0.012119433434405328,0.09772630942194283,-0.1328099167966143,0.08684878262212936,-0.021463299779776134,0.03739773032537917,0.016693485685381662,-0.047445956388549954,0.022591105892899074,0.029226892745207095,0.06956433271549568,-0.010068312060534565,-0.04462782012486212,0.058902803338129424
C:\RA-CLIP\test_set\LINE_HW\A0039252_00073.jpg,2,LINE_HW,-0.13315629027060333,0.1560719468417893,0.0747149574092542,0.02215091201914928,-0.11435916213023174,0.14309127509386296,-0.0011973920341417663,0.032685301796780517,0.024348981263120427,-0.02285725730392666,-0.025338694919142035,0.02001166436208194,-0.043633447683470834,-0.0037882217371393986,0.007120845798397665,-0.0586000583952008,0.0037515556026770543,0.01314454803454107,-0.015880188940010063,-0.016035216133641818,-0.014599827201810491,-0.023218106688545796,-0.05944547611266379,-0.03285189521336575,-0.0004995283021834299,0.0033053156358045094,0.010630436533435608,0.02418250871639795,0.061097992887002274,0.0014973957915677385,0.01540105937802044,-0.03297892431571247,0.036609325684768886,0.014262943367390101,0.023248543434878425,0.013180811571727798,-0.020142593534411796,0.004414303635807626,0.0070552083281180435,0.02120876787570983,-0.016650707818885342,-0.001596512473891296,0.04496329541098434,-0.0035267937017674765,-0.006796181076423514,-0.016793946712616897,-0.02603069175175142,-0.011005270958610761,0.004372639125388902,-0.04316481041138318
C:\RA-CLIP\test_set\LINE_HW\A0039252_00099.jpg,0,PHOTO,-0.09505712598258734,-0.5458637985278701,-0.10802268482970921,-0.021590140331339124,0.04331954636155404,0.039288697138584586,-0.003002045395511961,0.021326714589429516,0.23597220787251402,0.14541097675306772,0.012917737403375802,-0.029299087429995214,-0.025458978572206012,-0.02151441075692657,-0.017629847507600355,-0.03358736939260493,-0.0205247108024916,0.02281936496626483,0.01430701236618511,-0.01997905057661218,0.013997036179775376,0.011704064004735714,-0.011100128458646503,-0.004470327826399255,0.010552514005699922,-0.020725920597273878,0.015269943342308275,-0.007431519131839965,0.0065278186352301865,-0.026466864454607657,-0.002010796529790396,-0.012987998199884197,-0.015383673114162928,0.014499119047199771,0.021486851663748755,0.007745738217189858,-0.018563749962717976,-0.015329752676206626,-0.002123189234349607,-0.02959780746879122,-0.01598135007144343,0.012706036961513767,0.02389493830508024,-0.010788615729440582,-0.008045147777773518,0.01277411952416559,0.006901606392410172,0.03292571069808413,-0.02633185369328489,-0.03140386396813567
C:\RA-CLIP\test_set\LINE_HW\A0039252_00140.jpg,4,TEXT_TP,0.4921560908565383,0.12117801072115734,-0.055300583974689996,-0.18550362449878413,-0.04176224858767391,-0.11982996826321332,-0.0038683905941760298,-0.007794111595695225,0.1162722713223991,-0.14191183323626408,0.16854301392395543,-0.04390600480089258,-0.09087429561181438,0.025231513436230407,0.04016026063342289,-0.10208348639684774,-0.053704539424436835,0.06501346484929457,0.0549975044978754,0.048612471451489656,0.11990099320497946,0.0022879062912441648,0.07455302080319112,-0.0107256432570984,0.0628540134159911,-0.07108428178307852,0.04736506749453865,-0.03789251118440227,-0.018722778314313574,0.011316497371632738,0.020805935480871562,0.014706445244984141,-0.04362064370821147,-0.011776690499957845,0.05395946669621334,-0.16244341321374114,-0.05259480887652691,0.04007790421585924,0.016389364647490957,0.04638235296334722,0.09011472280380604,-0.009968665041023263,-0.02462879536618839,-0.01935256352268707,0.023185167172536714,0.02317110158864306,-0.012566263913329106,0.012597801288971042,-0.015897192511688685,-0.011366948623531567
C:\RA-CLIP\test_set\LINE_HW\A0039253_00080.jpg,2,TEXT_HW,-0.0021194882777463148,-0.040937358860610375,0.16570976189393488,-0.13260090275292252,-0.16886258607020202,0.1482075340455872,0.1225963240443348,-0.04216275810978586,-0.011576058622936375,0.05556434256181788,-0.15583667831180106,0.01731696795989529,-0.0053261960490841,0.01637486732728805,0.02379774866355612,0.08511587668645866,-0.060631710853756494,-0.05628942463782849,0.04725385420110154,0.026419058163213074,0.05554732926892857,0.021444525432886455,-0.01335062549533423,0.05370739166745401,-0.09947172397696677,0.0018862896499488267,0.0645833703572423,-0.05553098607993677,0.06389944569949986,0.030902367722108366,-0.03729191618634912,-0.040630307416973675,0.029162859288345038,-0.005406398928806622,0.011961471275971861,-0.014815923838586204,0.014840432856572638,0.028959531140576877,-0.008783667974112883,0.022907215754228594,0.020912350920197678,0.006139328205297262,0.05398326595550772,-0.002844525975333758,-0.022774674481329558,0.00461246143185355,-0.06627031640585293,-0.026250579227662045,0.02196681959028566,0.017990895713712155
C:\RA-CLIP\test_set\LINE_HW\A0039253_00135.jpg,4,LINE_TP,0.4500620440289364,0.19701365868023418,-0.146574567638399,-0.2309536250285389,-0.1317086024212492,-0.05142926703932653,-0.004987895658725426,-0.03785056717548032,0.05027530424053221,-0.04148347359449913,-0.059122247248487275,-0.1765264111025001,0.003084517058869394,0.1658818432079707,0.1916334366544855,-0.04590312268765579,0.1154642746560567,0.05929589805154779,0.023314117149047704,-0.09327858629630144,-0.024136906080020337,0.05866133428071598,-0.12075885429352072,0.13435945069598162,-0.0775406057115497,0.005655177749229747,-0.008628653647993397,0.025070192775173545,-0.08596370023942304,-0.015751510774835404,-0.002205000527323655,-0.055902392358674925,0.008093124919660761,0.0006409559158378637,-0.02792376963662717,-0.00472062245223862,0.018747535179847445,0.03711823230325316,0.028016027505414043,-0.0014670952354898313,-0.003739924220455144,-0.023530687568531352,-0.027707679823662925,-0.010703961651162943,-0.01914083803773194,-0.04818627410657936,0.024399940781315882,0.026144366203949575,-0.005408900331884374,-0.02200572479255828
C:\RA-CLIP\test_set\LINE_HW\A0039253_00150.jpg,3,LINE_MIX,-0.25719932158828,0.07030627265164754,-0.21019589196202607,0.028802034592872408,-0.03212870710330202,-0.16571809473266114,0.09447287386299849,-0.03418917434634171,-0.026462280439882354,0.013962100442758267,-7.950233192044184e-05,-0.004971315538639459,0.09301217922873119,-0.00772673228271973,-0.02502464616898533,-0.009752069784358329,-0.017344974003295793,-0.006485249082170822,-0.009784100653933573,0.008011849754166966,0.02973553459548391,-0.008976597247240318,0.03872445106798605,0.021462537718960045,-0.011731494424804853,0.02304266484732805,0.007719386364663504,0.007270609722116995,0.016209048668128508,-0.004977506201518189,0.008352660673330936,0.009486409198891214,-0.020659023862842067,-0.015437964738504664,-0.00818479007498291,-0.003068798095420823,-0.008884883713793501,0.01691745097223547,0.014403184470263113,0.01978041972654537,-0.015049039774269302,0.0035250583288286533,-0.013824608267769005,-0.010320803467009164,0.0016030931912362637,-0.0005809652246616025,0.0052065857208137495,0.0006231768562410349,-0.010113985577358115,-0.019142884650773954
C:\RA-CLIP\test_set\LINE_HW\A0039255_00034.jpg,4,MISC,0.46037842981394944,0.12079922086754608,-0.31479401017007047,-0.06525938258297864,-0.2887910346791245,-0.10506608139746415,-0.0058802487068709336,0.1279094094544671,-0.15261380538623245,0.20928640301580206,-0.2365615671757887,-0.20524593035627856,-0.1560504425912496,0.17512698560507062,-0.002783612492704426,0.04555724760291559,0.06778107476905572,-0.06433880769862982,-0.0022120631769889532,0.12619799545846186,-0.09599042873252656,0.0652490660502446,0.035133269856508505,-0.10160034007543496,0.03735505460171334,-0.05214579666066603,-0.06549522691838994,0.02545812246260247,0.06931853570775667,-0.07876910926281497,-0.0007871481791222849,0.05475376275540864,-0.015983974902333865,-0.044053678279207385,0.010773244086492266,0.011150264813702597,-0.08296178473025663,-0.006408165553428686,-0.04219110882815428,0.03622486465819369,-0.012467074677285332,0.008272532159552017,0.013294107726012683,-0.0253634786535174,0.05492823535535878,0.0282587279411337,-0.025430010001393194,0.030248163204772596,0.0018440920728313315,0.0019102608270766437
C:\RA-CLIP\test_set\LINE_HW\A0039255_00196.jpg,6,TEXT_TP,0.13485748762511618,0.05759149692816285,0.16954157875637688,-0.14276434704931557,0.28149505273444364,-0.08602676852918768,0.15383117184964482,-0.09013160596527604,-0.010998032007714246,0.03881817694135828,-0.06846042383897172,0.01742018052394064,-0.010302206387219393,-0.004411735069307918,0.00033598682820114756,-0.04276490102774434,0.008711186188416013,-0.01609974860566427,-0.012367684909987055,0.0017352643599482858,-0.005674483379286813,-0.01855053900545509,-0.0007759130993335902,0.0015158417355945445,0.02197167583048731,0.022685558865804492,0.0018030721478497287,0.004368460634187257,-0.0015155231220799624,-0.011867333663112099,-0.005394328884558071,0.014462832910585439,0.024018046747886775,-0.006714110651863521,0.012477682280738736,0.014145680162377404,-0.025684270114765106,-0.008770608309368383,-0.008493185347058776,0.006353737288963897,0.001463459326697168,0.008655778526383646,0.011633339881446624,0.009752724719932698,-0.01322996912923362,-0.005504894947012532,-0.00039072005318908215,0.017958939708689538,0.012868283595269574,0.008135348192668809
C:\RA-CLIP\test_set\LINE_HW\A0039255_00324.jpg,2,TEXT,-0.05994480022716926,0.15541794084188396,0.007532226595388754,0.045453911359729295,0.0026414831691517703,0.09977344735540758,0.047034246158792606,0.06765624540189248,-0.06928566623656322,0.05266436292303489,0.2002767634342733,-0.0017330194485272498,-0.03694999962260337,-0.0317076901837375,0.008905387535373944,-0.021611154045178636,0.054734154594252515,-0.013887937480100695,-0.010694648769258385,-0.03868299830191255,-0.03154929317289708,0.0607921651991552,0.016049489234625618,0.002206117031919502,0.022961773536667167,-0.03116895365501898,0.06200521711299119,0.027379543954646566,0.02675665462682932,0.01511396198538269,-0.0002403320416038971,0.01660855581288356,0.015526473080559914,-0.029400094378365518,-0.0162720315901684,0.0037664287972007295,-0.011604127161259137,-0.002084568037416816,0.01934306934474268,0.017290422605018847,-0.02352698199606753,-0.04032246212352491,0.04337396957787602,0.0037466442178764755,-0.03206922136708209,-0.013875945983973315,0.011346844278619745,0.0008132543124749208,0.010486644116847214,-0.008632455314505223
C:\RA-CLIP\test_set\LINE_HW\A0039257_00013.jpg,2,TEXT_HW,-0.17400180326671483,0.10761999672438809,0.0882777378825793,-0.008181556654318665,-0.07733767521114687,0.16747692076955598,0.01403682373928885,0.02763966435117899,0.04483756498767493,-0.06105705811211947,-0.03659274714643991,-0.03637520199078566,-0.06833238699892728,0.013001894971205631,-0.0228145400001445,-0.007951925403687105,-0.038275267211586625,-0.018852981436415412,-0.003858421223497643,-0.0063290688095072566,-0.017344118259772157,0.007837876293585856,0.004230610664974379,0.011340725642635077,-0.009236622256881107,0.03536158942477598,0.03087543717943977,-0.005619398960264927,0.006800103527079484,0.006557175049493822,0.025637004900484085,0.01795193813383759,-0.011456002477617916,-0.003037546851903729,-0.0409689082170617,0.006310503157663604,0.00019019805584152168,0.00345948750778658,0.004539826598232076,0.022494514829405336,0.008069249896143256,0.022128254753970813,-0.0061923898212593595,-0.010117326827583852,-0.006114632604900269,-0.0009468927778302916,0.012982241778774422,0.030926315394643928,0.016519087379530988,0.0288867380035993
C:\RA-CLIP\test_set\LINE_HW\A0039257_00022.jpg,7,DRAW,0.18780671585032038,-0.023050424892504428,0.15953213388506882,0.06641489706923837,-0.06996725726754092,-0.26976639541797887,-0.2657157975530458,-0.010176719890735191,-0.054725254527184394,0.1380004016646221,0.16551271789600697,0.06832856388699494,-0.03188540056860001,0.2104892000975153,0.09872823624644748,-0.08882220917408014,-0.1495845253644441,-0.1416529859130305,-0.1857501955925739,-0.005331511838748074,-0.027051936835381016,0.02757653440218965,-0.0045364080784832716,0.047745370207196304,-0.13727349875571637,0.03733214135523816,-0.0858265102458846,0.01247516309708804,0.08894490235258597,0.067524144583708,0.09803174921998532,-0.0234622516142764,0.0002160241845759372,0.06308973968812388,0.012482957680533955,-0.09158821878885999,0.09167639547225231,-0.05428166014665219,-0.06663799493850779,0.0189885663959778,-0.046850152676005945,0.03792458359891701,0.08972207755866957,-0.03263169731588918,0.01951551514935299,0.04303807728994074,0.05881929523417331,0.049545271997638696,-0.025443973131400014,-0.0019736916272835078
C:\RA-CLIP\test_set\LINE_HW\A0039257_00024.jpg,1,LINE_TP,0.0022105555619327246,0.19276881908524274,-0.05877041150285166,0.050567971384443224,0.2878355276909281,0.03948786988511661,-0.175406608816814,-0.00390873009925859,0.0008527104963133835,0.026648995234415437,-0.033877576526448135,-0.03548707280526075,0.02231358815965187,-0.0069756542378678985,0.0054633529181961306,0.035818102318109196,0.04467826308291011,0.0030406856572938643,0.001745393247719267,0.012397553821105698,0.025858241836298052,-0.0004910155697199004,-0.0037709651981658347,-0.014554355331068336,0.0010946117799147616,-0.02309100514253165,0.03202871262066355,0.024518741360333895,-0.006287340952971012,0.012466464708077862,-0.00672538396032993,0.026907217177352002,-0.014981201454863072,-0.04775820995865636,-0.02168935650486961,-0.008037197442550818,-0.009051736542587967,-0.022570122204093573,0.02349115789622408,0.016447519001481566,0.014227437245028791,0.0008750229602998018,0.01651026047790218,0.0056289656540726525,-0.009509257972695235,-0.037207182022474444,0.002231123094193346,-0.020402461541602038,0.010012015502466175,-0.006963765036398606
C:\RA-CLIP\test_set\LINE_HW\A0039257_00038.jpg,5,MISC,0.570176181269648,-0.09146677730073859,0.020405583683675912,0.58948677006797,-0.08771638232685455,0.09165532222639347,0.09428809373105973,-0.23144803253764912,-0.013938428796659488,0.009982725032152646,-0.048470580556006775,-0.004534690711893234,0.05293241036222896,0.03983859093129437,0.0498301768784483,-0.0037902248480535636,0.0178684161850972,-0.004152474887103007,0.08667673918804866,0.004684244691616045,-0.016368465617978466,-0.011051381199240621,0.030266369461553484,0.04256336275000352,0.00504678916424144,-0.019806602565316918,-0.011737464776979454,-0.028682798837377222,0.012687394482614592,-0.041515391389349655,0.0301652213424287,0.04617631976577303,0.004641751855042784,-0.04869984968337291,-0.012219689257685788,-0.0078119635943703445,0.024175591092496573,-0.029526720727314392,-0.007559898088901161,0.0022760545916915742,0.062324682022831965,0.06168726129248769,-0.04943247316263918,0.0586795016904759,-0.029816348500448626,0.023081760592885005,0.015715131734249786,-0.05046992337180831,0.002132775143906539,0.071098158536772
C:\RA-CLIP\test_set\LINE_HW\A0039257_00046.jpg,0,PHOTO,-0.0901305346219725,-0.5119286522989662,-0.12622123152734846,0.00865415318254527,0.04191431404758929,0.023252511321223353,0.028552703815594473,0.029991829335326375,0.2551647044718685,0.17652237665577794,0.012830884394326694,-0.04079707050042028,-0.007737488060304554,-0.0404743785839163,0.006353247318040711,-0.030683775909923435,0.03768400879927671,0.03107121992545524,-0.011984073734600576,-0.025546067883318358,0.0028190954701048216,0.007782599341389614,-0.00237647732992276,-0.0384365887154992,-0.017680692898349566,0.017601563219400485,-0.03501724324729928,-0.06348438066308615,0.02872777977931355,0.06779192216635058,-0.04850974472426093,0.017552773381423574,0.012776849601394236,0.03360265000540137,-0.05514090591724559,-0.0011084129282047288,0.0013250756114811474,0.03544251333557703,-0.041917631001288674,0.003658495529248609,-0.006642020725492403,-0.0009841964434969559,-0.025738102381196875,0.011675643778710776,0.025824908792480065,-0.005611142306522671,0.006753692036426825,-0.015597449796507592,0.03334287063922284,0.005912223418385154
C:\RA-CLIP\test_set\LINE_HW\A0039257_00050.jpg,3,LINE_MIX,-0.2753818682251171,0.08829194425089429,-0.24801958543553446,0.04233010275816823,-0.03768523314161683,-0.15267316434991932,0.07948234022904534,-0.018370772692326672,-0.011486824145413632,0.008279578045434997,0.029661125071226303,0.03472637317815876,-0.028293585261776413,0.0204576506166853,-0.012013387930746976,0.02502529046464434,0.028490294224861226,0.027409892193706282,0.009167371454146863,0.0045652984350132465,-0.00297246612934236,0.008925308255938878,-0.05179235871970538,-0.02508248199511188,-0.01923641325137107,-0.0012267348188719435,0.0067541913665009915,-0.0054487769558949324,-0.02223956352345115,0.003076949087018686,0.00020527110944475855,-0.0016641350658642105,0.00291114541339244,-0.00042276201814922277,0.009231565351223233,0.0017459258904459955,0.01901102718385266,-0.014044562216822825,-0.018340896433122558,-0.015866591843040838,0.026422066896204993,-0.01187785238183707,0.014964640818648853,0.003141726289920861,-0.0003938930850756656,0.00047816243428778913,-0.0028031580438742524,0.0007096445850091792,0.013788725687323049,0.008227869044375467
C:\RA-CLIP\test_set\LINE_HW\A0039257_00054.jpg,2,LINE_HW,-0.2516375581494763,0.17850000714744732,-0.07249159331041928,0.05129124125753013,-0.03314618559917301,0.04978534578852888,-0.1480917056157619,-0.0037158958653875744,0.07268126490787036,-0.06700516580911879,-0.07582564380785685,0.040061332981339,-0.059538657800312554,0.0027452217370844147,-0.022467671972956817,-0.03262967347329859,-0.008574240415035695,-0.005294687410538416,0.022174338136004345,0.030204509469494528,0.0070536317626489,-0.008332593512672464,-0.005217129831458725,0.007146958764152001,0.042334972848337635,-0.02008999501724866,0.018557723828444384,0.007670570151723887,0.0579537462747254,-0.0006193982977072263,0.012469448468848851,0.0001557617123271733,0.012219583484313028,0.00797522560275902,-0.029549876181516166,-0.02670031272245572,0.001270103745805281,-0.023398764234085725,-0.004919315693014047,-0.007196760695190156,-0.08045867715786284,0.004856847332103961,-0.023472002876223884,-0.012962765843906883,0.02208174660045681,-0.03073473496797104,-0.007081046756091147,-0.035742280866058664,-0.005119863581569057,-0.028604018666249852
C:\RA-CLIP\test_set\LINE_HW\A0039257_00089.jpg,2,TEXT,-0.01002951452015317,0.16428737490013323,-0.017338677414548347,-0.030536296603911665,0.004848589608853333,0.1718882218719846,0.03490786270372864,0.017399534636314096,-0.08642677217854046,0.09175189790970685,0.123137584786345,0.026775550089666762,0.0201565044013466,-0.020278821217537286,0.07180384641005691,-0.05365186678506029,0.06315287627448822,0.07736793714044482,-0.05593129811045161,-0.05639056775733451,-0.03896421970609483,0.04355110901622358,0.05185100025187722,-0.06077624665453836,0.012021367008819941,-0.06658573564579057,0.02334913384727279,0.0283382826506644,0.028588646949815878,0.03125219843115872,0.04441949144777671,-0.00777833079596362,0.008840571254600473,0.014433619543619958,0.013617872046026325,0.001898504634203326,-0.020063667928417635,0.01889908113079105,-0.016398558559739033,-0.020366021111961938,-0.037301592638233176,-0.02871820124666664,-0.020703751231170447,0.002341157774782432,-0.01793933948435636,0.02813910673275433,0.03474170007292895,0.0014041004189069765,-0.012037586365799246,-0.018765282113492772
C:\RA-CLIP\test_set\LINE_HW\A0039257_00108.jpg,2,MISC,0.04619999799444324,0.026624941723209065,0.036989348797234006,0.23521809210532216,-0.10052175795640741,0.14938111779945082,-0.008647750809733266,-0.18687711714967722,-0.012795590590879738,0.03300286656187334,-0.024098988699553497,-0.007744137225619368,-0.040070062198528676,-0.042934010299470804,-0.038888256133313856,-0.0250604394309176,0.02424328002342756,0.022500866321262674,-0.029798947371383486,-0.0547425128133369,0.0354009217524718,0.053688485942016854,0.01470815017263592,-0.014093983107397817,-0.05901278320659711,0.07461770331447266,-0.043333282087440896,0.008370919016104775,-0.06580834882718839,0.03255939141454193,-0.03371838730181322,-0.09119811643726332,-0.12905006499637092,0.05579197468102273,0.03769332821586624,0.042938730415161476,-0.0849940926314263,0.03617087568349591,0.019765918560794894,0.007849041206389535,-0.05901972525611728,0.004684145401016506,-0.030986752033251103,-0.029734555514906034,0.014408823035992235,0.06703254238249394,-0.04581197320367541,-0.002181293034679658,-0.016619876955198936,0.03458561734697572
C:\RA-CLIP\test_set\LINE_HW\A0039258_00015.jpg,6,TEXT_TP,0.10778923415184635,-0.003380027359415119,0.16377216959837454,-0.1454369638943223,0.2993785813523907,-0.11516689412622634,0.1508364149454767,-0.0864310694177683,-0.006006863433269026,0.007367840001802972,-0.019703165536290285,0.03184954173725917,-0.08686958928496567,0.04655679396000583,-0.06498493886657047,-0.05533446821400376,-0.0554739085774774,0.016798228069787136,-0.008693124820215828,-0.009792628894103763,-0.049409091729293975,-0.03341260529131625,0.012730757707470272,-0.026264976033789966,0.012338369267824723,-0.013276254858159215,-0.017250276258730275,0.032418312625514,-0.016184627163284827,0.0011043611482797156,-0.01833062803080108,-0.01495416243565075,-0.013062323791260369,0.026102037080575295,-0.020851103236420185,0.011271454449501166,0.005720643881798349,0.017368002804701115,0.009194329948409503,-0.009994509859380333,-0.028982255637737365,-0.024329614948367093,-0.023071618555979705,-0.00958128655078622,0.005660364108720956,-0.008665584497724602,0.033812545528823686,-0.03043232197401926,-0.02021678556919611,-0.01486140048217175
C:\RA-CLIP\test_set\LINE_HW\A0039258_00076.jpg,7,DRAW,0.0625907601855347,-0.06394831187453444,0.2059361440403318,0.0837570363347981,-0.008196067918537836,-0.23227056399177243,0.09199346126456862,0.00842040143389027,-0.022960383696519284,-0.06470666732392118,0.06731007974314589,-0.08708720995118199,0.04986697164695515,-0.11411411888874713,0.08990017780213154,0.14889687140815228,0.0631932076811917,-0.046143850510189086,-0.08701432405512782,0.022098075629151424,0.02521989039669028,0.02217472236842767,-0.05141375927115124,-0.09938810246938586,0.03373622079145627,-0.05304049393993103,0.0032210543294516184,0.04496173134738641,-0.05215620661098452,0.04717197039578394,0.009955391241834222,0.016311845589594975,0.035551223428140585,8.444390790428983e-05,-0.01189154408271516,-0.016745322134013384,-0.00030305154365994766,0.003065953256882553,-0.0033799883707544263,-0.00530976716480657,-0.07144470755822316,-0.01186352152041037,0.0263815327368097,0.02499633877574354,-0.05051626346816993,0.009082498707507134,-0.011363392790942471,0.025450528514605972,-0.007149882156519501,0.004788658694365556
C:\RA-CLIP\test_set\LINE_HW\A0039258_00078.jpg,0,PHOTO,-0.051450870608942975,-0.5834191417719462,-0.11352800250592401,-0.016879994300969484,0.00946099589313711,0.09133605126757932,-0.019278233409662265,0.022021424717507655,0.20196519721059217,0.13490585788009812,-0.007709115689800155,-0.04801525169655672,0.030011771129117557,0.0008175454012594489,0.03967033147861471,-0.037682778957369566,-0.02841058291898767,-0.04242854481006152,-0.013427028764500299,-0.003314490922768702,0.019850197989463882,-0.0065655505418942455,-0.041548491646950896,-0.028477352823046427,-0.01420080244461262,-0.042727308975458234,0.0018958247129285588,-0.03184738989139908,-0.011663499283773084,-0.006684916499137937,-0.054558134065617964,0.0818863740057646,0.005998398875248836,-0.0014798608955989628,0.05603338078719538,-0.024333222205458555,0.01743548081628808,0.029304234646715412,0.018467962640824315,0.011628946633367575,-0.0026237767552705696,-0.050928843310709196,0.0029638823133259027,-0.007505721808837313,-0.031456263656466366,0.004747431847665016,-0.013112546703861345,-0.010251343217342088,0.04271718001692861,0.02967324243095265
C:\RA-CLIP\test_set\LINE_HW\A0039258_00082.jpg,2,LINE_HW,-0.14228124332990905,0.14309559052243478,0.06933881450698677,0.08411664743247294,-0.04386966475764234,0.10512034840033593,-0.05240561598669595,0.018124174217400917,0.08867076135729618,-0.10376509980972093,0.011030263522429914,-0.000517945102678046,-0.029476720286688962,-0.05860931074670134,-0.028561133571819105,-0.0721894588858514,0.06763468594150883,-0.012897621047438676,0.011064469150021386,0.02680430497284325,-0.01559722324047145,-0.03132943225670318,-0.01291829288694991,-0.021135599718209896,0.06284579165703158,-0.025670808225598887,-0.02173197797706406,-0.029099697315340574,0.013743662223090073,0.0027399550058952323,0.059529774592502194,-0.03218663814989736,0.015678966499184824,0.0009488071016222145,0.029177836726650586,0.03771959341869258,0.04646320078633044,-0.002844740012828139,-0.028401998915029023,0.03785915627872628,0.04178866402328922,-0.00969898672492342,0.014749378639947018,-0.024477569341372605,0.0017147776243052438,-0.008590476997696146,-0.023644838384803413,0.03496123919028567,-0.016348371255081446,-0.019889319533162343
C:\RA-CLIP\test_set\LINE_HW\A0039258_00129.jpg,3,LINE_MIX,-0.25719932158828,0.07030627265164754,-0.21019589196202607,0.028802034592872408,-0.03212870710330202,-0.16571809473266114,0.09447287386299849,-0.03418917434634171,-0.026462280439882354,0.013962100442758267,-7.950233192044184e-05,-0.004971315538639459,0.09301217922873119,-0.00772673228271973,-0.02502464616898533,-0.009752069784358329,-0.017344974003295793,-0.006485249082170822,-0.009784100653933573,0.008011849754166966,0.02973553459548391,-0.008976597247240318,0.03872445106798605,0.021462537718960045,-0.011731494424804853,0.02304266484732805,0.007719386364663504,0.007270609722116995,0.016209048668128508,-0.004977506201518189,0.008352660673330936,0.009486409198891214,-0.020659023862842067,-0.015437964738504664,-0.00818479007498291,-0.003068798095420823,-0.008884883713793501,0.01691745097223547,0.014403184470263113,0.01978041972654537,-0.015049039774269302,0.0035250583288286533,-0.013824608267769005,-0.010320803467009164,0.0016030931912362637,-0.0005809652246616025,0.0052065857208137495,0.0006231768562410349,-0.010113985577358115,-0.019142884650773954
C:\RA-CLIP\test_set\LINE_HW\A0039258_00130.jpg,2,TEXT_HW,-0.11799372564497908,-0.027628061580525495,0.23354699235358012,-0.11541568433745827,-0.10775749256125879,0.14556678876026305,0.10362786499735603,-0.013914981892961637,0.06781547648147888,-0.06560056583894086,-0.15480670759766102,0.04643294012027407,-0.025888015627928897,-0.027828962761778996,0.04672751270039895,0.05788818872347427,0.002816059735488132,-0.05110454199144852,0.028970921884105914,0.05975497813576716,0.007732006601124187,-0.013013805713723646,0.004341443315483799,0.02574035678012153,-0.07863297720751353,0.013016637448152657,0.03429098066915715,0.035900710592961786,0.010776693801004001,-0.0015174949015533084,-0.039572491437736786,0.05724709893123957,-0.0028713013634281766,-0.0030270533826715312,-0.0037371489765722116,-0.03522136882406201,0.03078321519856934,0.003490007661137688,-0.02355558259057113,0.0016449613310554004,0.022670873150324067,-0.005103974222686763,0.060150134094859996,0.04905016777851358,-0.027210160074740388,-0.007116993628962326,0.028684379308361905,-0.002099081448998918,0.010382546036746472,0.010525633691762808
C:\RA-CLIP\test_set\LINE_HW\A0039259_00022.jpg,1,LINE_TP,0.03887643641306157,0.17226409197402792,-0.021548215269994613,-0.03586143693628956,0.26943684995206774,0.06697059090087502,-0.11053646369568824,-0.008408673881982708,-0.04763161516961807,0.05877224580547084,-0.011183164909829322,0.02851376275520035,0.09399270191245253,-0.03383613429590971,0.01622105724389583,0.04254626177617891,-0.0027306994198257367,-0.03997835314129429,-0.00871266228638146,0.007025864909576437,-0.005734831984334408,-0.06656755211970343,-0.0521142295183348,-0.015389827817212183,-0.07870386786068027,0.05724794628812431,-0.010754378506593673,0.02113450319901504,0.006081942980077475,-0.023631677110593167,0.010618075804675218,0.014829677223921964,0.009692638130654043,-0.01670896072215323,0.02070129315286026,0.02117707626227408,-0.03260577777146281,0.022074368616503984,0.010903686966560763,0.016180900582698575,0.017237652282290346,0.005431386164696471,-0.005754203817067992,0.06229177236221739,0.0362876175401691,0.030348958259604458,0.03480372958395815,0.060846527680912824,0.019970837360190202,0.019834392001087348
C:\RA-CLIP\test_set\LINE_HW\A0039259_00091.jpg,5,MISC,0.13019247610755633,-0.00016208659712887475,0.10621339573357466,0.1299228257257497,0.046902959145406674,0.019623628423136214,-0.035422626339542886,0.10716855863034751,-0.012519474692002078,-0.044765953658975406,0.07395382820780187,-0.3421631367789447,0.008871644217809393,-0.034943575015067556,-0.14976819300614985,-0.06304858703575884,0.02956537100752427,-0.02887467524157214,-0.004642585636415398,0.007802839069540957,0.01360801262788806,-0.01350083064290644,-0.0449227403394566,0.08929962831102817,-0.09157991928092392,0.054396468357847436,-0.02197777263191736,0.018898982862438168,-0.14547985534453545,-0.020469041415042275,-0.07100573959196141,-0.02639209187902091,-0.021889452299246416,-0.025572367631423454,0.028361131497000033,0.006037411266107055,-0.004604779720198785,-0.012621089139285063,-0.1341908417399651,0.0574447204456131,-0.043686407003889746,0.05816906771820858,0.02062971150750976,0.029424967241045135,-0.0021769319061656234,0.05125178160532047,-0.033046428800288255,-0.04893895234152608,0.0473751100126321,-0.12919182538349888
C:\RA-CLIP\test_set\LINE_HW\A0039259_00178.jpg,2,LINE_HW,-0.23434808661217033,0.10072092085217337,0.006857143139503952,0.04497474698467955,-0.10011016235943627,0.045511820532760885,-0.05239573774431404,0.02823290388392606,0.04155484587033272,-0.04949259781314615,-0.05458848359049302,-0.02629875935100987,-0.022402456576311354,0.012515554506451384,-0.05436390133873721,-0.05809288485167973,-0.028955491154917974,0.018445348584326015,0.03072191439332099,-0.0096959094018685,0.0006282385335818408,-0.06727265206161925,-0.031733963933248205,0.01991693492806603,-0.007393522445197814,-0.0073845437709122545,-0.02108714484845305,0.0010519810257125838,0.014301223016879425,-0.013090267849225368,-0.006736317468690432,-0.007288564409176979,0.04013234587001962,0.03169768878494804,0.004133842863655309,0.0020026784504623015,0.008401427724599451,-0.01940235666758677,0.013849640890245356,0.02744689884837554,0.04819462370673405,-0.0013889448641218065,0.05050062694002208,0.013556791961483601,-0.0077959818469457015,0.003879978232362022,-0.023722550909092456,0.03649564138120778,0.023349547425578702,-0.013265469686847184
C:\RA-CLIP\test_set\LINE_HW\A0039259_00253.jpg,6,TEXT_TP,0.11538942398411918,0.052142928858458136,0.1810187491787201,-0.12819456234691856,0.23943215789071576,-0.08325377316823213,0.17294741629504753,-0.10631530860548291,-0.025602078161818472,0.03265539615301029,-0.0624506382487679,-0.00547101106613377,0.003890656324642474,0.005705416725621918,0.008774556445265034,-0.043067381855046716,-0.009240957151061267,-0.038734867305343125,-0.0053876956047490135,-0.026751551667860064,-0.0028850861597687805,-0.011343484588821472,-0.00956906741381219,0.023001442621919558,0.038230958627080855,0.023405764998128114,-0.006785707771862796,-0.027270362464062104,0.008177651313053128,-0.007565067682532919,-0.0019510677724520406,-0.005074402715580303,0.03771092131790429,-0.010055779833049809,-0.00012984115904891884,0.01221016070421803,-0.03455684930772245,0.006807942131985347,-0.023870452480547682,0.012904390897324576,0.015506394040617476,0.01184173509560494,0.03948693460729469,0.017081976773537375,0.023484361769273144,0.024854445140924566,-0.020173044454209584,0.02745173110101044,0.01923540418663157,-0.0020830000569041175
C:\RA-CLIP\test_set\LINE_HW\A0039259_00266.jpg,2,TEXT_HW,-0.08063140855704791,0.040983957505960664,0.1576807114901576,-0.06831602747109002,0.01867250228116901,0.07360318181101615,0.055805948519488995,-0.018703754668281194,0.07831103013941955,-0.0877976901660451,-0.02833318388375125,0.12231855054680468,-0.048518441733512475,-0.08542940658186975,0.05304788728468391,0.033032173650036134,0.12758516442410625,0.00767382725048252,-0.07105940602397191,0.062384777974122334,-0.030855456265998577,-0.014522191350102737,0.09688963203032028,-0.037589903505591785,-0.06665522108600848,-0.05489195132320941,-0.05725190144076766,0.052802458679035165,-0.026330194984322028,0.003492376727751778,0.030084036678254815,0.032709193872047515,-0.00745411107367883,-0.05015862565188218,0.022843961587212063,-0.01731277703467168,0.051294045447896494,-0.029446248074754634,0.04847846505392122,-0.014013457575383786,-0.011307712382698606,0.03070321405255202,-0.014179204276853001,-0.008300055945569266,0.018957704631193187,-0.013524143739066448,0.044893935567282606,-0.016591605806269286,-0.01740253218663774,-0.03859144784211009
C:\RA-CLIP\test_set\LINE_HW\A0039259_00279.jpg,1,LINE_TP,-0.05336273969338854,0.2022457173979377,-0.058683281868921806,-0.015161874830750138,0.2120936110034864,0.12550944174060208,-0.19613401055102092,0.04505333093825195,0.00317156755434128,0.05361828153412948,-0.008202898511693027,0.028528361495091054,0.016599507348244943,0.05595901354090793,-0.02065932724977405,0.05714383775800386,-0.014583381794689657,0.012783758064013438,0.04215300409297642,0.0071876110811390555,0.006703968779961883,0.003536630960290039,-0.05373631225248106,-0.011414584201774679,-0.03908262206315915,0.04031764287783503,0.053730935130412195,0.020801774985972975,0.04624645938698469,-0.022182427631022125,-0.04207393030393123,0.018378586901187953,0.03181839888079305,-0.016540809531654918,0.0027489887190011845,-0.04273304032878219,0.01061654591465803,-0.014088199727825762,-0.0077762124388153,-0.008513672411007037,-0.012921777238414752,0.0316380501355922,-0.052077639709065926,-0.028157367740072426,-0.002854808197502144,0.028667882190155234,-0.003752960314471376,0.010555178817252705,-0.001649684073371134,0.020738326750025727
C:\RA-CLIP\test_set\LINE_HW\A0039259_00295.jpg,3,LINE_MIX,-0.2753818682251171,0.08829194425089429,-0.24801958543553446,0.04233010275816823,-0.03768523314161683,-0.15267316434991932,0.07948234022904534,-0.018370772692326672,-0.011486824145413632,0.008279578045434997,0.029661125071226303,0.03472637317815876,-0.028293585261776413,0.0204576506166853,-0.012013387930746976,0.02502529046464434,0.028490294224861226,0.027409892193706282,0.009167371454146863,0.0045652984350132465,-0.00297246612934236,0.008925308255938878,-0.05179235871970538,-0.02508248199511188,-0.01923641325137107,-0.0012267348188719435,0.0067541913665009915,-0.0054487769558949324,-0.02223956352345115,0.003076949087018686,0.00020527110944475855,-0.0016641350658642105,0.00291114541339244,-0.00042276201814922277,0.009231565351223233,0.0017459258904459955,0.01901102718385266,-0.014044562216822825,-0.018340896433122558,-0.015866591843040838,0.026422066896204993,-0.01187785238183707,0.014964640818648853,0.003141726289920861,-0.0003938930850756656,0.00047816243428778913,-0.0028031580438742524,0.0007096445850091792,0.013788725687323049,0.008227869044375467
C:\RA-CLIP\test_set\LINE_HW\A0039259_00306.jpg,0,PHOTO,-0.08171628339954164,-0.589081646418847,-0.12314212536855675,-0.017391099223013365,0.029725865535468594,0.06975237338475283,0.011925268283823504,0.025537444816347354,0.24419833823079587,0.14419064143277824,0.005571011738865983,-0.028210377749745455,0.01938379453726169,0.0019780861224065953,0.02190568118907944,-0.0017005330231089257,-0.07780972807024765,-0.033366391423394225,0.037006541609126975,-0.01766561568651277,-0.02067014902850817,-0.007236690812634413,-0.04089174362899587,0.027169269977390182,0.027986698660683776,-0.05814202174090118,0.007191289764507914,-0.015564812700477054,-0.011675241235217614,-0.01217372611890182,0.0069480774597519175,0.06463403150558603,-0.016277113788291678,-0.017372503871510212,0.058119680559843886,-0.01162482679771195,0.037142371189707264,0.017112341307837415,0.017948799293995066,-0.014737535878255516,-0.04137436431453546,-0.021946157061768622,0.009403562588413817,-0.023046828698051348,-0.02412354923759373,0.0009870774959725018,0.001423135114447655,-0.003217589665295489,0.05381474665934473,0.011181018903703053
C:\RA-CLIP\test_set\LINE_HW\A0039259_00327.jpg,2,TEXT,-0.08788209306170296,0.05136787628685463,0.09252587970945644,-0.08558245611481587,-0.10312309244145673,0.2364412080399028,0.061416027376456635,0.04152102962823118,-0.0625907021015883,0.06249537418915987,0.017691244184910502,0.0557269085964011,0.03137407700812417,0.05310213333391223,-0.020084294637970655,0.04290113344266815,-0.07097374463176964,0.019007893595537687,0.020635680345750064,0.02825061540875479,-0.02189809709602124,-0.02976546268192994,0.028279369009136145,-0.004856777075975635,-0.029322725620904627,0.003062014854708087,-0.022625028254289893,0.004096231922254238,-0.06681536655133513,-0.0029531768840946725,-0.028609046271073305,0.002602095988259283,0.0013548675279518381,0.007875127958902986,-0.005868626484922077,0.0044411581168102305,-0.023244130367064526,0.008910248405653121,0.02342086556835968,0.014879460927084757,0.029891133629064544,-0.024106116011017927,-0.059405415123095856,-0.01130517446234068,0.012230220783094914,-0.018435383644664065,-0.03611888960014145,0.05559306586650846,0.0349606792144397,-0.02904292632556644
C:\RA-CLIP\test_set\LINE_HW\A0039260_00026.jpg,7,DRAW,-0.142573951324223,-0.08147570887791077,0.27743339933719585,0.032773783375805464,-0.08222682046890031,-0.17918940172307116,-0.12220406388621624,0.0029708143664358287,-0.012665043269229183,0.020334886762300372,0.07892473859791573,0.06814205202889644,-0.02566448553767122,-0.03491278176837188,0.02345620785471102,0.04922914479743876,0.004268574575801168,-0.0043024104938023085,0.026621040933262036,0.012656314421509537,-0.03912531442111958,0.029687577928964346,0.0007869135830116988,-0.026347443631340988,-0.02905367811455879,0.007843549664430939,0.043017337174125946,0.06169528984259946,-0.02308594650104973,0.006066646648188055,-0.07890710848331423,0.01887744593033309,-0.046937367211568694,-0.013473841490836002,0.020072157449970002,0.00887687843962677,-0.03962085372399259,-0.0021942457444239583,0.011604327173282745,0.03125938499558363,-0.026768352196317086,-0.026911403052254427,-0.007430198845985761,0.02197516790603953,-0.012795515529416894,-0.022548305726997665,0.0013275134168887655,0.058328794127760625,-0.00047911207131677455,0.04086573145913739
C:\RA-CLIP\test_set\LINE_HW\A0039260_00080.jpg,2,TEXT,-0.15717594471962906,0.14528274442721673,-0.030642011919274806,-0.009573762966465778,-0.012782062341005252,0.14749449493531983,0.057105253865463515,0.009917309087910024,-0.048059510119151445,0.021647511588258155,0.07888039204832512,0.02985393765351326,-0.01607412865588268,0.026964327033366882,0.08288179974061546,-0.0013060837107082158,0.017496160631608727,-0.04479129750827871,-0.00203006767042505,-0.00920609917007454,-0.04201522206570165,0.04559704827045245,0.05714960361610087,0.031363313089989964,0.019153502061213686,0.041250750011272735,0.03368445441225648,-0.00950262435260923,0.008040399564777959,-0.044278028699791895,-0.036762001468795075,0.03587223103525482,0.07958153028738993,-0.059265253541282495,-0.019277245297552977,-0.05031685868292057,0.010532549325014634,-0.011808719297915823,-0.0096227631952216,-0.03228278560924678,-0.017832750009431766,0.00989417112278169,0.005882328224139455,0.006096807240812479,-0.02094642460548564,0.0035684476982887976,0.02195445981364515,-0.0030633811361769556,-0.022737020002204122,0.008239233517899406
C:\RA-CLIP\test_set\LINE_HW\A0039260_00288.jpg,3,TEXT_HW,-0.22963783927972792,0.14216897240956675,-0.12963551095176418,-0.003932335928703318,0.06908159106086431,0.01186202306222795,-0.04190976887450787,-0.03246134626974555,0.0366221111469218,-0.06713295334626268,0.022168088789482857,0.04773944415805147,-0.05958925488509954,-0.006929725058310621,0.04614351584498894,-0.016804286210116783,-0.07675386922542708,-0.046329215912038486,-0.00010016518283809324,0.00032019657863352024,-0.041085514924059874,0.010794620591050273,0.04846523679947713,0.01757843945709742,-0.005592363620638179,-0.023984025165736982,-0.03178925289997508,-0.021692188075780744,-0.077124863014985,-0.009199201720218129,-0.02186579921254477,-0.03639019752622862,0.009891542847971101,0.002115966821143298,0.00670788108759552,0.00658366193601136,0.03287465429622692,0.03127863538990844,-0.030207763846417546,-0.02780466719046489,0.008299485646418431,0.0036084606232214,-0.06936233559123715,0.01671830348561192,0.02294389750665176,0.021803261768494227,0.007723337184432265,-0.013680111167838918,-0.002273567698054982,0.042166377895645035
C:\RA-CLIP\test_set\LINE_HW\A0039262_00018.jpg,0,PHOTO,-0.04538531888090902,-0.5281441938762556,-0.1065131370324783,-0.05526201337124431,0.012280171435887654,-0.028183635418698578,-0.045003566372199225,-0.023821116974887452,-0.15568357798290086,-0.10293484163048104,0.02026251329544492,0.04418975968715364,-0.02705296444949632,0.05295186321385233,-0.0001697328445480319,0.03831129775657175,-0.11887010151515008,-0.030587164355390377,0.01195435012156343,-0.0351967939245734,0.06834445105833314,-0.05414248758539833,-0.04538890947543906,0.044137501351066526,-0.0182605064374689,-0.1316247917450077,-0.0489672222700623,-0.10703370471352038,0.02271698181551079,0.11238296733711503,0.034844971169476824,-0.21497967784989266,0.03791832298593324,-0.19826256545184798,-0.02888417125257666,0.024464496282046715,-0.11040252383167025,-0.11353665824690534,-0.024068981376523184,-0.0033157702097730375,-0.04163551300443131,-0.02078545174801111,-0.010146732195368182,0.037540826491821416,0.02924138929489582,-0.013145508859790144,0.02212750773624163,-0.0036259208493516523,-0.04389894080848838,0.011919851629102435
C:\RA-CLIP\test_set\LINE_HW\A0039262_00062.jpg,6,TEXT_TP,0.1839260866864514,0.035925329371514686,0.1874806587320909,-0.11645106999877539,0.2959897418603841,-0.10527941176756556,0.14196031296924544,-0.02050857586159663,0.007614675653206105,0.01783145755964745,-0.0043442021830681935,0.015716688471877793,-0.08141906132355856,0.03226643934492178,-0.06911869623699256,-0.04786777550875087,0.022637465259814055,0.009486257089996099,0.018380851017682418,0.020331098617296685,-0.0156317837043475,-0.02680723829077284,-0.0021834739622395532,-0.026620679582247335,-0.0192844641552582,-0.015065856524921152,0.02951470736066702,0.02987809231888441,-0.004290238835679123,0.007269694037348227,0.011729158160412968,0.006193361988853925,0.021580181956644635,0.00173067076663059,-0.003643114916836879,-0.0016114785045284916,0.016295517004522662,-0.025864429594730936,0.01549631423400475,-0.006350646986603277,-0.009469294893007707,0.0016105334782750855,-0.007999226873176113,-0.014171569363023873,-0.021115370262606924,-0.01906244901745467,0.006095331594862065,-0.002901511765834058,0.0074979716664037525,0.0019806789024099975
C:\RA-CLIP\test_set\LINE_HW\A0039262_00144.jpg,5,MISC,0.5194983803329871,0.011407528481292247,-0.037115936905349194,0.5133332321368946,-0.0545821453198849,0.06397265337166856,0.03815916283539439,-0.21071195133002218,-0.014077999259241124,-0.0046161857307404335,-0.004863792419225868,0.018783041317711538,0.006737390195620495,-0.021781802669240586,0.009629330625306005,-0.03487404854179805,-0.016333700794834018,0.011811693375210033,0.021291756054034865,-0.028292071865694986,-6.141968067116413e-05,0.001665226481296623,0.00178064813191534,0.013184526159103038,0.026530582580528202,0.00032973975293300317,0.013667634307264401,0.01657575764273795,0.01074170684855873,0.0027901519868098732,-0.004429182002147949,-0.0062027539419482365,0.002270402009588862,0.011026541796990428,-0.0195195344512122,0.02237918128318938,-0.041262921613781214,0.025311972009555005,0.05148220640955461,-0.0022583271565029066,0.00040563322279269155,0.004145624668202656,0.014046269722496991,-0.0033552641310707673,-0.006406137816156596,0.005346119878447123,0.043102632535759265,0.01413806645689728,0.02359800764818932,0.006047726272869694
C:\RA-CLIP\test_set\LINE_HW\A0039262_00239.jpg,3,LINE_MIX,-0.2753818682251171,0.08829194425089429,-0.24801958543553446,0.04233010275816823,-0.03768523314161683,-0.15267316434991932,0.07948234022904534,-0.018370772692326672,-0.011486824145413632,0.008279578045434997,0.029661125071226303,0.03472637317815876,-0.028293585261776413,0.0204576506166853,-0.012013387930746976,0.02502529046464434,0.028490294224861226,0.027409892193706282,0.009167371454146863,0.0045652984350132465,-0.00297246612934236,0.008925308255938878,-0.05179235871970538,-0.02508248199511188,-0.01923641325137107,-0.0012267348188719435,0.0067541913665009915,-0.0054487769558949324,-0.02223956352345115,0.003076949087018686,0.00020527110944475855,-0.0016641350658642105,0.00291114541339244,-0.00042276201814922277,0.009231565351223233,0.0017459258904459955,0.01901102718385266,-0.014044562216822825,-0.018340896433122558,-0.015866591843040838,0.026422066896204993,-0.01187785238183707,0.014964640818648853,0.003141726289920861,-0.0003938930850756656,0.00047816243428778913,-0.0028031580438742524,0.0007096445850091792,0.013788725687323049,0.008227869044375467
C:\RA-CLIP\test_set\LINE_HW\A0039263_00017.jpg,7,DRAW,0.01805520975822764,-0.13256190409938748,0.17906621230510245,0.05842544189692835,0.004387643336436271,-0.17793119741350727,-0.010681752309290606,0.09803618083978125,0.033972558674860986,-0.059914961986529236,0.04427463674478546,-0.1027508544095653,0.015327348934900505,-0.024125523990081055,0.032010378304445315,0.11603611318111895,-0.010950149661864583,0.16911195963718,0.20100216014306785,-0.11592634169843007,-0.2583540554762613,-0.048080670595886416,0.0003841891631475304,-0.07111388536815719,-0.03764911030296704,0.040915761435294115,-0.005741094024302928,-0.07282645780602842,0.036947931670902046,0.005348251201178901,0.08690443959477526,-0.032246897343380716,-0.016197373790614686,-0.0031222547607280236,0.0043261906246334254,-0.009064924165203443,-0.01325165095711145,0.08234736055115244,-0.009099498841442653,0.011822937317271383,-0.02005820350397872,0.04129761520577396,-0.0073074120129835085,0.0364462591414259,0.07479352830234849,0.0711598255950547,0.028241935047698907,-0.01133502648293969,-0.020047437877272332,0.008902334682887534
C:\RA-CLIP\test_set\LINE_HW\A0039263_00050.jpg,1,LINE_TP,-0.04583629987152584,0.16189652841202387,-0.05364062489235668,0.03770822704203668,0.2555361401643312,0.009100861939258388,-0.20249617704532624,-0.022169705542910652,-0.004639333299810351,0.037324124105244647,-0.05761310509166512,-0.06198953549971159,0.049233883390832414,-0.004005334618706255,-0.01460914532919736,0.027133168274837485,0.011956385676949321,0.03951331719763049,-0.0011731711754913122,-0.010109108089021985,0.02592879956829702,-0.003841050685952879,0.007952320960384897,0.0186450569003607,-0.036843962755291844,-0.0028883100921846395,0.025768664058711265,-0.0036350366050451745,0.004540846702575012,0.002162452695566859,-0.0152389248816017,0.02249959064958629,0.034109156977054564,0.03674469310290921,0.025801434764127648,-0.037043328708360565,-0.042400219394422525,0.02504634843858929,0.029671588383241732,-0.04304329095943609,0.014434514249501653,0.006745576135341111,0.021750128516267415,0.04806243314684336,-0.0023282651143017394,0.05992410448263968,0.007191645856219511,0.01485535154438887,-0.028768466893705654,0.013450852253255591
C:\RA-CLIP\test_set\LINE_HW\A0039263_00081.jpg,3,LINE_HW,-0.2893819529938906,0.14284880631875405,-0.14908642898433588,0.04067776257716318,-0.059792675171300026,-0.03245278107341644,-0.0843892902747402,-0.027599659764605926,0.02323024215304164,-0.03823393052452158,-0.04228204426424992,0.018667076042196657,-0.031921689188571606,-0.0009715058496110458,0.0006766553502920044,-0.04486533323318143,-0.043794124464410604,-0.03610506620700576,-0.0022978104046195054,-0.010125108079213583,-0.0299006981761221,-0.03385789685659769,0.006335636767999949,0.004601436820574745,0.026949211160020407,-0.019590038225082654,-0.016610020226424087,0.0009862136273471917,-0.012645754936784916,0.017473559923932975,-0.02749335286475262,-0.004390129403181456,0.04535634082514643,0.014713094244542,-0.0026372158974725334,0.008047778880400869,-0.012200407312999314,-0.02289990509607558,0.015371331518881983,-0.03775679571258939,0.008037601060640644,0.044514922190411726,-0.030316505689949508,-0.0023671294731135405,0.030642676564642136,0.023462319126666076,-0.008443411689494064,-0.011012131215667242,0.013068141253211638,0.0006449193850721477
C:\RA-CLIP\test_set\LINE_HW\A0039264_00011.jpg,0,PHOTO,-0.043649068874558127,-0.539667178720374,-0.11956130045220517,-0.03857523102049757,0.029336888036806157,0.04810610721270898,-0.05833862696479265,-0.036572432463405906,-0.1718742329588699,-0.13568243095398475,0.030218987345811344,0.015667335766505797,-0.048084359387480465,-0.005804729842079662,-0.0532962624433415,0.005444120792887947,0.03487573768299165,0.017976098143423568,0.017452911212013447,-0.024233925519681856,0.02858301535543924,0.03887098642491592,-0.03141057844870233,0.05126438535586777,0.016297683504454367,0.029686597924648114,-0.06855677617320434,0.06067928395533175,-0.016642015363713618,0.15127356983127566,-0.019458770687199627,0.14771310871316742,0.061089470023735264,-0.03087452914563259,0.043188323074557194,0.025038122969985952,0.015783086491845892,0.09731116888589947,-0.019574086673597307,0.04329580064915683,-0.00771989141800148,0.049123676711364424,-0.025469481733464645,0.023688629696549564,0.002316999637180999,-0.06986258721537834,-0.04401946806980057,0.017206614680446427,-0.017739156397864893,-0.029464248098646367
C:\RA-CLIP\test_set\LINE_HW\A0039264_00017.jpg,4,LINE_TP,0.5431670856002935,0.12627956402103155,-0.13873145014288835,-0.19946852974267373,-0.032215907049919466,-0.01587195968084832,-0.09017428152927882,-0.00924200191770547,0.16033390935610078,-0.10994449495951009,0.033943325987575365,0.08832312285048394,0.21562161244472414,-0.007566935622412841,-0.010448499442016423,0.008825157072298605,0.08764196423365016,-0.06681935987224513,0.09048606012936283,0.11641444280247275,-0.0077137126496465,0.0885066003784247,0.017849863633498695,-0.014548863978156927,0.012243819128882031,-0.004438936071909613,0.0016645722723615892,-0.06031887463216497,-0.05466156281140168,0.017219629036144483,0.043244925552578174,-0.011772574861062342,0.09529025334542983,0.060860203480765256,0.010338763954153557,0.05605562393735786,-0.06702409547153618,-0.04154334930826784,-0.010212480618521315,0.023325318760917244,-0.04269901992716487,0.023560030860751632,0.0025991136682649487,-0.05454541985797164,0.008328097853471838,-0.017307141730430586,0.025435594138097355,-0.004968321237238854,0.016671462349420647,0.03188526939481211
C:\RA-CLIP\test_set\LINE_HW\A0039264_00024.jpg,7,DRAW,-0.11441443639909346,-0.1267933882268066,0.3473456912771819,-0.005365783593698052,-0.1392998714998409,-0.24110086994565408,-0.1865832232531168,0.004965929469152757,0.009054440680431134,0.0011686000354274384,-0.009881938527917999,0.02491197456705987,-0.038048283448014614,-0.020088347561592387,0.04989485901002583,0.023718470182115828,0.056101072942128676,0.08014438648635797,0.021538952782767764,-0.010322491278719904,0.020008956350505272,0.030563980850857594,0.02933502097938316,-0.0585533789636383,0.025429198310135976,0.07559934725566234,-0.03705392856121857,0.01106779619328455,-0.01000033353763206,-0.029257219427928638,-0.0548536595944286,-0.015811465431988032,-0.03604688699067791,-0.015147428177290909,0.056996826000357236,-0.05697210507073144,0.0014043752275542292,-0.04587585309539831,0.06203781049268678,0.010886714231339205,-0.05003493490121245,0.06639236409020297,0.0065190379533135645,0.0008441728821221415,-0.01730221464672996,-0.051424801301458836,-0.01709652432074295,0.03253167130958624,0.005604451603997235,0.000664901916349308
C:\RA-CLIP\test_set\LINE_HW\A0039264_00092.jpg,5,MISC,0.29042187080721626,-0.030131210383212155,0.006121589342168807,0.24216313106840062,0.0779868840811513,-0.05192500999428284,0.0751833861096873,0.3614982076776602,-0.04861183948783391,-0.04060887449842751,-0.14177722774562587,0.027038858711456497,0.06384071254789021,-0.1278263041918914,0.054115332256509226,-0.11914988871706648,-0.10001716897844079,0.2362811961188395,-0.13726375059121845,0.18912944987491478,-0.10410177581841346,0.08011947490810785,-0.05659040429842749,0.09858405249865428,0.034523074359383364,0.018318944210991485,0.04023821354043124,-0.029891681211361272,-0.010674212636107634,0.06613452625978766,-0.02580037541521635,0.0039467718841760995,-0.022032580890330087,-0.039398745370842814,-0.021948200227145297,0.029587157544748447,0.007008127314926484,-0.00875051806349123,-0.03223238929984416,0.027519375172126145,-0.016103694208484624,0.022576002049398827,-0.014475001626662827,0.006442975681727542,-0.06587989242922876,0.04256194864586419,0.015091590975635642,0.0006956787284129038,0.008507908786277232,-0.01622254579135218
C:\RA-CLIP\test_set\LINE_HW\A0039264_00100.jpg,2,LINE_HW,-0.21333604129237466,0.14395208271015852,-0.037602417159888255,0.05460781769028153,-0.07616621825187843,0.07270169126446309,-0.06871290179271866,-0.007603255998339399,0.031792147685344684,-0.05606215275353692,-0.00010993854358765153,-0.04457227638533852,-0.05079311827665409,0.003101609839873684,-0.014879817065395031,-0.053475896100408385,-0.025073078934672276,0.00894507200125091,-0.013760523856532654,-0.0489815845292402,0.0105546508742964,-0.015682089646403025,-0.02564518237344405,0.007518020025312387,0.02163906612638184,0.010446295869744594,0.010202146789583727,0.02756598931968053,0.03269638866404943,-0.006228749831159624,-0.03599807296278907,-0.028843392847860094,0.04281922798586966,0.043433111784594886,-0.00962030880957717,0.021005585882843736,-0.020662499235885312,0.007114301903959537,0.01128624875911655,0.011439720942600156,-0.03451708720239905,-0.014236827594194349,0.03459324639642644,-0.01695887331596532,-0.01773367089019611,-0.02431139338707494,-0.029874815456749537,-0.015760368132386404,0.0020961840230830477,-0.003987791071118235
C:\RA-CLIP\test_set\LINE_HW\A0039264_00138.jpg,6,TEXT_TP,0.13565018951669341,-0.005643420108516522,0.17819217444596494,-0.13098765594652642,0.3140383415123327,-0.12380274819944405,0.14476794290118683,-0.047074049788703165,0.0015955834224923963,0.02669063666918313,-0.006953970458749486,0.05311919521472644,-0.08838437636086993,0.03238485126987148,-0.08817638796206405,-0.048050397771011215,-0.023752669102318207,0.0068622751609754085,0.010854320541551858,0.020683322997111897,-0.04773490034503718,-0.04673247065470543,0.006702170896378521,-0.03137149132886899,-0.035289584378554485,-0.028970315422395806,-0.005902398978256354,0.04529710440441396,-0.015488336158026295,0.010616206745181178,-0.018455486971857983,-0.0038024110066550805,-0.00927772098836339,0.020115560001421187,-0.010391204615122848,0.007988062643098199,0.022028884228583425,0.0007981327424204504,0.024046067533867482,-0.009420039623327669,-0.01644802456525716,-0.022805725038645724,-0.027831444933033342,0.0004519157904338457,-0.014554861125175253,-0.017135823663640044,0.04114803187361692,-0.029956079857102073,-0.01253449101709933,0.005914367029823984
C:\RA-CLIP\test_set\LINE_HW\A0039264_00145.jpg,2,TEXT,-0.10967095380670144,0.1180289592167279,0.061124820203641086,-0.043473553942035066,-0.07086402317104286,0.14988452262215718,0.022760345063848844,0.04846397150265278,-0.07577698957437715,0.09021246517666119,0.07426621566752928,0.040241364851388274,-0.018923418301250397,0.0699578651412104,-0.08030118758265847,0.007142011802604548,0.08604660012499961,0.07058127421678959,0.055921792585129124,-0.0058195694854452145,0.061675517844133006,0.019181132702391322,-0.06398972201708665,0.012307237168695908,0.06429075892454521,-0.016769680360545144,-0.06223504726213065,-0.053058255795402624,-0.025701899816264813,-0.018826126765200412,-0.013028005447657084,0.00023972404087437994,-0.005253908430042623,-0.006702098465386304,-0.03342778021296705,0.016674771969394167,0.05055877554772463,-0.061352902826692673,0.04913989263679302,0.0402558905839626,0.018246504265599647,0.03109656133974795,0.02076452984020651,-0.02259335282967507,0.018998037325636957,0.049192985534892875,-0.023033256519227854,-0.018242731394838216,-0.03222482401585553,0.012675535238511114
C:\RA-CLIP\test_set\LINE_HW\A0039264_00179.jpg,2,TEXT_HW,-0.037339318852564515,0.030005395929536736,0.21247220417146037,-0.04300336560327912,-0.12282447437953271,0.16836364183727284,0.06226949253841186,-0.005591492183987609,0.1105001290496169,-0.03808433476434519,-0.10969670459084653,0.09468820785244367,-0.05245986242064412,-0.04283151146315822,0.019982516260730707,-0.013513250956317835,0.07166117369705859,0.013305697494089726,-0.06371212029089345,0.05485405932658488,-0.01324262582597746,-0.053170921547187604,0.028416948246725155,-0.013461319841789549,-0.09672561232265992,-0.05101981577805949,-0.009195117899980117,0.03458746468716228,-0.05635529675089324,0.049802147274958505,0.018265320418089946,0.022366994509363344,-0.018477687065646592,-0.03608003370641967,-0.006086948025934525,0.0036878816225307228,-0.00968583172336075,-0.05228833964641865,0.06346318910294498,0.01183559201376847,0.0548082885699865,0.014400563514963381,0.024361933786643634,-0.028902191523146208,0.0421303721813368,0.029495500147832535,0.011048132080370553,0.004897060327674883,0.004811596591612786,-0.06579535006220857
C:\RA-CLIP\test_set\LINE_HW\A0039264_00185.jpg,3,LINE_MIX,-0.25719932158828,0.07030627265164754,-0.21019589196202607,0.028802034592872408,-0.03212870710330202,-0.16571809473266114,0.09447287386299849,-0.03418917434634171,-0.026462280439882354,0.013962100442758267,-7.950233192044184e-05,-0.004971315538639459,0.09301217922873119,-0.00772673228271973,-0.02502464616898533,-0.009752069784358329,-0.017344974003295793,-0.006485249082170822,-0.009784100653933573,0.008011849754166966,0.02973553459548391,-0.008976597247240318,0.03872445106798605,0.021462537718960045,-0.011731494424804853,0.02304266484732805,0.007719386364663504,0.007270609722116995,0.016209048668128508,-0.004977506201518189,0.008352660673330936,0.009486409198891214,-0.020659023862842067,-0.015437964738504664,-0.00818479007498291,-0.003068798095420823,-0.008884883713793501,0.01691745097223547,0.014403184470263113,0.01978041972654537,-0.015049039774269302,0.0035250583288286533,-0.013824608267769005,-0.010320803467009164,0.0016030931912362637,-0.0005809652246616025,0.0052065857208137495,0.0006231768562410349,-0.010113985577358115,-0.019142884650773954
C:\RA-CLIP\test_set\LINE_HW\A0039264_00200.jpg,2,TEXT,-0.06386789158702227,0.11395133958105506,0.09019864752924746,-0.028389991293137615,-0.13113372738033852,0.18704740156034172,0.10061545434769495,0.05674443908603812,-0.09754557449728235,0.11380890589644536,0.06243834373715439,-0.04491384902073749,0.05702757018077388,0.061308688146256965,-0.0364932656496235,0.05119232979975483,-0.06659682186988311,-0.019293470799873924,-0.045229136344930906,0.004673828199825611,0.04179504040255096,-0.013634313951916619,-0.11280567346797934,-0.024006327815577707,0.04723194007438673,0.025330015964673398,0.022322526119555108,0.012090031921576587,-0.03848863904094795,0.03269955215277521,0.019437294763501697,0.002582723516109394,0.007740043432734564,0.03877064135868565,0.016434107785349497,-0.039442285387738744,-0.05243671360205562,-0.02308213347764251,0.018344083180058663,0.016515143288851408,0.02065133691934769,0.044323519642247386,-0.016269237451352468,0.030914824886546295,-0.03421378855560804,-0.027985031007349354,-0.0021409095261827908,-0.05419931156968594,0.0042739333333945044,0.03406514424674635
C:\RA-CLIP\test_set\LINE_HW\A0039265_00029.jpg,2,TEXT_HW,-0.0972898904415546,0.043613985008793724,0.14955088231898606,-0.06818890346658432,-0.08323343259161178,0.16229858308299625,0.10714097937004134,-0.03857660034190894,0.06058769122712808,-0.06705725344070457,0.0008105398124526323,0.02127708570230155,-0.043324538024080025,0.003340345484899799,0.0003273823708316582,0.041920403545181326,-0.08038354460929201,-0.026035166298950523,-0.027693076603081294,-0.003174922710711718,-0.006016153458600042,0.02309938651130494,0.007888375937392153,0.007076688401072558,-0.039414055388631464,0.07575889040704413,0.013050835271237326,-0.02129715934755258,-0.017890433988186384,0.0027975623541620187,0.015750530625177502,0.00907412088698505,-0.042703174274194976,-0.03934118919119134,0.011684534474729662,-0.00962667223747332,-0.04897835867836795,0.03118740601717229,-0.029255147678134186,0.008796056177712624,0.04548404691899006,-0.04769625318803609,0.07663149264918376,0.026139093961232006,-0.009672625204011652,0.023941702608269142,-0.00848839186248207,-0.022124116954122523,0.014297423571691942,-0.007569150539633813
C:\RA-CLIP\test_set\LINE_HW\A0039265_00046.jpg,0,PHOTO,-0.06366979303141226,-0.5710568649592982,-0.08196571210841931,-0.03418406493779838,0.02495498291495343,0.0596608122442984,0.0242794912724693,0.0032449051282708707,0.2436777063467667,0.16924874824202651,-0.0008009179087375587,-0.031305396854525554,0.0038041697699316866,-0.019589325450413933,0.00327513821847503,0.0012365262180381333,-0.019272012123998667,0.03083106292015267,0.025151035898592803,-0.03231175887398194,-0.0160567473917199,0.004632466627694271,0.020857819559479934,0.021638814508881395,0.006563021204457726,0.0004100050233251479,-0.02265501250646236,-0.013558628263621569,0.0268258557830868,0.01637720805125302,-0.02387097015245495,-0.018611681534856248,0.00634086068650369,-0.0036360707804814667,-0.07431540168922489,-0.007328001790957329,0.0075362185989477,0.028707747273878714,-0.01968947652165462,0.03236219994773458,-0.005848519759775707,0.031816941647279315,-0.004598328062793337,0.007274069018474983,-0.0012264819290444774,-0.07089513468169827,-0.03789039911705897,0.028493800102280538,0.008471866513964189,-0.016457142647019717
C:\RA-CLIP\test_set\LINE_HW\A0039265_00167.jpg,1,LINE_TP,-0.05336273969338854,0.2022457173979377,-0.058683281868921806,-0.015161874830750138,0.2120936110034864,0.12550944174060208,-0.19613401055102092,0.04505333093825195,0.00317156755434128,0.05361828153412948,-0.008202898511693027,0.028528361495091054,0.016599507348244943,0.05595901354090793,-0.02065932724977405,0.05714383775800386,-0.014583381794689657,0.012783758064013438,0.04215300409297642,0.0071876110811390555,0.006703968779961883,0.003536630960290039,-0.05373631225248106,-0.011414584201774679,-0.03908262206315915,0.04031764287783503,0.053730935130412195,0.020801774985972975,0.04624645938698469,-0.022182427631022125,-0.04207393030393123,0.018378586901187953,0.03181839888079305,-0.016540809531654918,0.0027489887190011845,-0.04273304032878219,0.01061654591465803,-0.014088199727825762,-0.0077762124388153,-0.008513672411007037,-0.012921777238414752,0.0316380501355922,-0.052077639709065926,-0.028157367740072426,-0.002854808197502144,0.028667882190155234,-0.003752960314471376,0.010555178817252705,-0.001649684073371134,0.020738326750025727
C:\RA-CLIP\test_set\LINE_HW\A0039266_00016.jpg,4,TEXT_TP,0.5803639263345906,0.1511488389866481,-0.12316639102815347,-0.2560420157759709,-0.08681937057783483,-0.011482230072413691,-0.031217714684842975,-0.008008007781171337,0.09387556416135924,-0.06771565780216998,0.06378349183653524,0.07191249736920545,0.10131182725851742,-0.024937865176533736,-0.07836319993235868,-0.004411242326169802,-0.05712626401675508,-0.03472637227619099,0.04241372197602459,0.040662630977644096,-0.028847055102007392,0.031245426842886448,-0.005927770166390082,-0.05797704107887462,-0.0019954270501851487,0.008180288918471636,-0.01597087322260006,0.06565632980228844,0.0445145817677932,0.003560628224711925,-0.06715695625579979,0.0386194336819457,-0.02613985158328192,-0.011703246599462177,-0.011041223435774258,0.02422617609772757,0.007428368266359763,-0.012169217461095908,-0.017220794449938032,-0.04143287285787824,0.037381640211905307,0.04051712093660948,0.050162243966974135,0.001660284886727154,-0.005500868607181707,-0.04535912467565622,0.010109943101919852,-0.04876286395354393,-0.021895245454529918,-0.039295342107881985
C:\RA-CLIP\test_set\LINE_HW\A0039266_00019.jpg,7,DRAW,-0.13164007184684737,-0.04436322581439322,0.2349000844178811,-0.03181852725591335,-0.19999741251264708,-0.08238260686015254,-0.08088064210048236,-0.03157300214322107,-0.07860440402845437,0.06929337366447302,-0.025388483778462097,0.07059951739365153,0.040483324712725755,-0.04627971046179149,0.03310666822982475,-0.007970212742455476,0.028923713468945712,0.051823682130169316,0.014889883591151367,0.023839495367007458,0.04984597958672082,-0.07782965051338953,-0.02758017341252916,-0.022377718374411514,0.007146063421689479,-0.10333690017348061,0.005107817594772218,0.03272414296048876,-0.04753865774720576,-0.04688747501805252,-0.11130098389870587,-0.07086109696330178,0.021064100921225765,-0.012902752919143095,0.026304483788227712,0.007554449309074154,-0.025724719713314723,0.09757956284438449,-0.05531976330136382,0.0511066009630448,-0.030405411909419464,0.016173262140808015,0.001501599043092025,-0.007061465989706511,0.00011903070448308904,0.01666028663234287,0.04722621588044953,-0.00881533255860208,-0.02007491061547982,-0.013747250666661704
C:\RA-CLIP\test_set\LINE_HW\A0039266_00082.jpg,2,LINE_HW,-0.2850784189427489,0.10088086356829243,-0.0715472696927224,0.04512062816466671,-0.09132310851849164,0.003221059635113688,-0.09452719003070108,-0.0033389217170722092,0.06411582214153745,-0.05673192193646665,-0.06712200901645317,0.00011178184523522509,-0.04390018335685225,-0.008510396632076055,-0.02127347349916278,-0.0540759456318694,-0.01062614995060488,0.00504051303293375,0.014223056354667814,-0.011574731148407777,-0.027022890261320234,-0.03792983575809391,0.02593382999449767,0.005666329992776686,0.012316843887518837,-0.015151889124903341,-0.02478472309119655,0.024535203266334196,-0.016660655477625904,0.011294976979413316,-0.012944547631065494,0.01573510916021161,0.0025846407534197663,0.0631930212700947,-0.019220437344228188,-0.00025985385263849604,-0.04121923054774636,-0.018675641103879023,0.030505403882345003,-0.022828964903874226,-0.003440954326502543,-0.0007251092279777677,-0.0007490809251117482,0.01858756262526984,-0.022647603717930256,0.0022418303082374132,-0.019343672540108072,-0.032762238197450985,0.0029454388207151736,0.004270593483029977
C:\RA-CLIP\test_set\LINE_HW\A0039266_00093.jpg,5,MISC,0.3292485389078222,-0.03998280032184826,-0.05196679863525142,0.20811289146967538,0.07936229110745688,-0.06998772813032195,0.13133717951467358,0.49418472491379006,0.002870352034893255,-0.04638972020085019,-0.07766387909575859,0.2049183465120507,0.016442891005923586,0.041221774216775454,0.019673422445433228,0.00398046911119759,0.04290775356701329,-0.07593503799777501,0.00837990841887681,-0.1583925500074839,0.06991362331042314,0.023768541413239922,0.005474091389733999,0.007418220213696956,-0.00747606249697041,0.003832643311827282,-0.033295153895123684,0.0018921374626863282,-0.025433077043053073,-0.0011523459135885773,0.031186012988273882,-0.006154333167828556,-0.007061889236094229,0.05599368966935993,-0.003357920869848582,-0.02043234128979097,-0.02141199759581755,-0.009293099919259164,-0.03145058788339205,-0.02558170141638306,0.0025622480251619845,0.012334420069441424,-0.023133954368278187,-0.0024135366523089503,-0.006453610067125358,0.005609634334658695,-0.03828814633341323,-0.03864019843763743,-0.025269915013501124,-0.021436912434956223
C:\RA-CLIP\test_set\LINE_HW\A0039266_00113.jpg,3,LINE_MIX,-0.25719932158828,0.07030627265164754,-0.21019589196202607,0.028802034592872408,-0.03212870710330202,-0.16571809473266114,0.09447287386299849,-0.03418917434634171,-0.026462280439882354,0.013962100442758267,-7.950233192044184e-05,-0.004971315538639459,0.09301217922873119,-0.00772673228271973,-0.02502464616898533,-0.009752069784358329,-0.017344974003295793,-0.006485249082170822,-0.009784100653933573,0.008011849754166966,0.02973553459548391,-0.008976597247240318,0.03872445106798605,0.021462537718960045,-0.011731494424804853,0.02304266484732805,0.007719386364663504,0.007270609722116995,0.016209048668128508,-0.004977506201518189,0.008352660673330936,0.009486409198891214,-0.020659023862842067,-0.015437964738504664,-0.00818479007498291,-0.003068798095420823,-0.008884883713793501,0.01691745097223547,0.014403184470263113,0.01978041972654537,-0.015049039774269302,0.0035250583288286533,-0.013824608267769005,-0.010320803467009164,0.0016030931912362637,-0.0005809652246616025,0.0052065857208137495,0.0006231768562410349,-0.010113985577358115,-0.019142884650773954
C:\RA-CLIP\test_set\LINE_HW\A0039266_00195.jpg,3,LINE_MIX,-0.2753818682251171,0.08829194425089429,-0.24801958543553446,0.04233010275816823,-0.03768523314161683,-0.15267316434991932,0.07948234022904534,-0.018370772692326672,-0.011486824145413632,0.008279578045434997,0.029661125071226303,0.03472637317815876,-0.028293585261776413,0.0204576506166853,-0.012013387930746976,0.02502529046464434,0.028490294224861226,0.027409892193706282,0.009167371454146863,0.0045652984350132465,-0.00297246612934236,0.008925308255938878,-0.05179235871970538,-0.02508248199511188,-0.01923641325137107,-0.0012267348188719435,0.0067541913665009915,-0.0054487769558949324,-0.02223956352345115,0.003076949087018686,0.00020527110944475855,-0.0016641350658642105,0.00291114541339244,-0.00042276201814922277,0.009231565351223233,0.0017459258904459955,0.01901102718385266,-0.014044562216822825,-0.018340896433122558,-0.015866591843040838,0.026422066896204993,-0.01187785238183707,0.014964640818648853,0.003141726289920861,-0.0003938930850756656,0.00047816243428778913,-0.0028031580438742524,0.0007096445850091792,0.013788725687323049,0.008227869044375467
C:\RA-CLIP\test_set\LINE_HW\A0039267_00040.jpg,4,TEXT_TP,0.5990320828005288,0.14322628265394838,-0.14956918556058585,-0.2737755284447344,-0.14092860625806955,0.0024506947211882044,-0.029927444710658776,-0.00932442053431527,0.04679996027514798,-0.05361406157912761,0.05612977283999675,0.09184928982214151,0.03652507327627231,-0.05233210198633214,-0.04176395195212971,-0.016833399061996258,-0.048054739535712446,-0.05674108434496485,0.02660005984410779,0.006673393830558088,-0.04277703840499417,0.033458056911389464,-0.03623064983471147,-0.06959773002215232,0.0016041659986270312,0.028162562941856643,-0.06372477622827163,-0.018589987479116363,0.06163276722562172,-0.009159029792085535,-0.055027607119961984,-0.055986307251434136,-0.05134816918430347,-0.025843026824461844,-0.033657783155776465,0.011050499741201857,0.07005070643629636,0.011492494841464234,0.024674111810156107,-0.021445919138000116,-0.005319928636005819,-0.04033088576876009,-0.03329340294124597,0.07204075860095628,-0.06587185418251756,0.08715926622649667,-0.009008191105423884,0.046000227963932584,0.03517139556621129,-0.02812791721328607
C:\RA-CLIP\test_set\LINE_HW\A0039267_00056.jpg,0,PHOTO,-0.034902442722678624,-0.6052552149095437,-0.11577711925933787,-0.07357292493950564,0.013048905738108393,0.06375705178531503,-0.06797506721729668,-0.03365679857013919,-0.15584040665004636,-0.10195666329652325,-0.007738665545964867,0.021149419963088306,-0.04225463085913321,-0.01567450305751299,-0.039138019023479874,0.05085077270202025,0.029933073817244193,0.01782962795284779,0.02964117541056226,0.03562460056948759,0.02063112822179151,0.05007594791739963,0.021622607009268234,0.05909250654335455,0.042444681537248015,0.05486277762162417,-0.019933781183026477,0.16767238118729186,0.012097335960577086,0.02906339276704602,0.04421180909484195,-0.09884669094625993,0.04410059557979179,-0.035207177694613734,-0.01840009167816471,-0.035957579517477384,-0.00949618988481108,0.0005594056044993523,-0.014656773467772973,-0.011098392762364552,0.021410181599041615,0.016931522262903835,0.007604474929862222,0.04466100359234707,0.006099597754404879,-0.025497999800347924,-0.02085839716067613,0.0238042826228122,0.010417569970757368,0.007411169380401851
C:\RA-CLIP\test_set\LINE_HW\A0039267_00087.jpg,2,LINE_HW,-0.24039405128038144,0.09964607666337218,-0.007431124937144846,0.045452060447705916,-0.08404508408232299,0.02270355156062401,-0.06338229381602933,-0.0023063320091345385,0.026481385090357985,-0.02453183689839017,-0.02285248580856722,-0.043603892491993486,-0.01887615968808353,0.03300745992865011,-0.03928927270888585,-0.04464350868662681,-0.018514367491945054,-0.018246821274516458,0.016894120184098266,-0.027886103227684176,-0.010651731225559711,-0.03649263206266633,0.0008173609140273952,0.04073351355930702,-0.016908843550567095,0.010975520511402711,0.024004830562248287,-0.004443317419783267,0.022830908928556406,0.012651056392292161,0.004103387090151155,0.0025252884333717583,0.011904532764202433,0.03445502339771259,-0.04568577799782496,0.034834679562117006,-0.03711704979770206,0.00865131790081036,-0.0005331141980049378,0.010612159572707053,0.007618326333109367,0.01281767219616553,0.005910798329389913,-0.02454091087497313,-0.020894333018110448,0.02520841625709647,-0.006396575834107195,0.029726582844512583,0.034792757319791784,0.016674989664264495
C:\RA-CLIP\test_set\LINE_HW\A0039269_00150.jpg,4,MISC,0.4465376101921818,0.07498806837079808,-0.21351652321609216,-0.006838282075651324,-0.20411710334885885,-0.008067024001138484,-0.03407809998335743,0.11409262823023703,-0.21956978863667542,0.26443438414038406,-0.0943029638612401,-0.05174220643634724,-0.13847523134531392,-0.16074884676480514,-0.06124100650104399,-0.045064866673363235,0.015607249328521155,-0.08008537994898877,0.10561785365259274,-0.00760320731716462,-0.010718125324426283,-0.03313251809526731,0.06799451828170348,-0.010394397234193458,-0.03548441840587874,0.0428536080021431,0.09685003724797508,-0.031665592763684774,-0.09414872500436011,0.14542010881703857,0.02849575941128234,-0.053717655753233194,-0.0020692754917940566,-0.017964144874838165,0.012091305078597389,0.014458672036846178,0.08346334637404822,0.0649328426440602,0.08983582684965137,0.044791471854263194,0.007016145836669339,-0.0027880319469191644,0.04530754630051751,-0.005849198807619181,-0.0470738229458406,-0.017068094546934694,0.012110041498236919,0.027769385580533195,0.006185651971176119,0.0689278506769718
C:\RA-CLIP\test_set\LINE_HW\A0039269_00207.jpg,2,TEXT_HW,-0.04164886653966427,0.10705715273406302,0.0890728071156164,0.00330346194595749,-0.039669827651020735,0.07296565015756731,0.011348697678242236,0.0521708663210751,0.03616255359701936,-0.010011586668980768,0.028490552969260376,-0.009296151957102006,-0.004979580746925762,-0.006788207518461069,-0.08263258958971832,-0.04461359594187858,0.04370339773252785,-0.004166616573923229,-0.0007873957655007459,-0.01802325185917815,0.006434315811275944,0.016560044432143536,-0.010897858812601222,-0.04941645984742317,-0.017432547725236138,-0.006716471199508003,0.034201706709566924,0.03559276443413881,-0.010091923829699532,0.09147106482903554,0.007091985728906805,0.0007860535687085397,-0.09882132511021888,0.011988525148376204,-0.007392987188584757,-0.010906686619201402,-0.06998741586804767,-0.009241557666062925,-0.035509622336902434,-0.013785521298773501,-0.029055320840462546,0.009904165661977314,0.018429252567222918,-0.09288167480643962,-0.05979234901247643,-0.009238804905332415,0.00633411144427224,0.04061872874227606,0.020546922703940478,0.028120293066946665
C:\RA-CLIP\test_set\LINE_HW\A0039269_00259.jpg,1,LINE_TP,-0.023252068302250548,0.19193505961032148,-0.06485898108431536,-0.030762393768701022,0.25770632794105847,0.0420308533720757,-0.17010697680994402,-0.023708724867096794,-0.03200938150996802,0.04716223437637591,-0.04884022510741809,-0.042622434844014095,0.048420691753754456,0.010433018290299138,0.06711791787081593,0.03357849915459585,0.005033309758237564,0.023712873046473824,0.009053017243904615,0.0015577052230835641,0.05003632573191555,0.009944044701650579,0.027935812687986387,-0.0010197723442262748,0.02142094801021745,-0.01927804551756326,-0.015449248448977224,-0.01450702919732452,-0.007101589982809115,-0.003240892453102364,-0.0030276631529746758,0.009490722778004503,-0.032479029033623465,-0.0023288491458297693,0.004934223227018579,0.05309165181317233,-0.0020297212802854693,-0.000777151736944509,-0.015731292669219514,0.0075334660358125066,0.03864323370855351,0.009064059001824425,0.023675724662573897,0.02188424406639461,-0.0025473378148218183,-0.013071947380068775,0.0064614677368654795,-0.015091795274482128,-0.0007626832792782879,-0.010010006556795499
C:\RA-CLIP\test_set\LINE_HW\A0039271_00037.jpg,7,DRAW,0.18780671585032038,-0.023050424892504428,0.15953213388506882,0.06641489706923837,-0.06996725726754092,-0.26976639541797887,-0.2657157975530458,-0.010176719890735191,-0.054725254527184394,0.1380004016646221,0.16551271789600697,0.06832856388699494,-0.03188540056860001,0.2104892000975153,0.09872823624644748,-0.08882220917408014,-0.1495845253644441,-0.1416529859130305,-0.1857501955925739,-0.005331511838748074,-0.027051936835381016,0.02757653440218965,-0.0045364080784832716,0.047745370207196304,-0.13727349875571637,0.03733214135523816,-0.0858265102458846,0.01247516309708804,0.08894490235258597,0.067524144583708,0.09803174921998532,-0.0234622516142764,0.0002160241845759372,0.06308973968812388,0.012482957680533955,-0.09158821878885999,0.09167639547225231,-0.05428166014665219,-0.06663799493850779,0.0189885663959778,-0.046850152676005945,0.03792458359891701,0.08972207755866957,-0.03263169731588918,0.01951551514935299,0.04303807728994074,0.05881929523417331,0.049545271997638696,-0.025443973131400014,-0.0019736916272835078
C:\RA-CLIP\test_set\LINE_HW\A0039271_00091.jpg,2,TEXT,-0.01002951452015317,0.16428737490013323,-0.017338677414548347,-0.030536296603911665,0.004848589608853333,0.1718882218719846,0.03490786270372864,0.017399534636314096,-0.08642677217854046,0.09175189790970685,0.123137584786345,0.026775550089666762,0.0201565044013466,-0.020278821217537286,0.07180384641005691,-0.05365186678506029,0.06315287627448822,0.07736793714044482,-0.05593129811045161,-0.05639056775733451,-0.03896421970609483,0.04355110901622358,0.05185100025187722,-0.06077624665453836,0.012021367008819941,-0.06658573564579057,0.02334913384727279,0.0283382826506644,0.028588646949815878,0.03125219843115872,0.04441949144777671,-0.00777833079596362,0.008840571254600473,0.014433619543619958,0.013617872046026325,0.001898504634203326,-0.020063667928417635,0.01889908113079105,-0.016398558559739033,-0.020366021111961938,-0.037301592638233176,-0.02871820124666664,-0.020703751231170447,0.002341157774782432,-0.01793933948435636,0.02813910673275433,0.03474170007292895,0.0014041004189069765,-0.012037586365799246,-0.018765282113492772
C:\RA-CLIP\test_set\LINE_HW\A0039271_00247.jpg,0,PHOTO,-0.02049534547732686,-0.5112892814886854,-0.06515175985494073,-0.020299073852179234,0.026891188574903854,0.05289068307961124,-0.04611529341043901,-0.02336242325629024,-0.1375947380123503,-0.11442097467673078,-0.0018610250920143118,-0.00543876746184126,0.010043756698085105,0.0432171040774778,-0.0139973033831569,-0.03777806149659921,0.05699340539405802,-0.02072643342185962,-0.011435965364648538,-0.017604631430040464,0.02283118436521467,-0.021135863331849268,-0.07129917283634704,-0.022681227268978296,-0.04045313885865165,0.04485041810961692,-0.1362492427943223,-0.027299739019841448,-0.013603347042088154,0.16324710798136655,-0.04074246501565384,0.17540846700453402,0.04210567179442284,-0.023151563193271416,0.013261944261462896,0.030643290591039634,-0.01914417394231414,0.049231316593098734,-0.027625945353747947,-0.08256490328881624,0.035733563199118065,-0.03678435061505723,0.004920953438701387,-0.0074858912437169205,-0.07156061140169105,0.033641185732204815,0.0050009422031112565,0.06954080534971407,-0.1764666698396015,0.015364263755854809
C:\RA-CLIP\test_set\LINE_HW\A0039272_00123.jpg,2,LINE_HW,-0.23539686417504038,0.13303451250718712,-0.01934556582280611,0.027584844988794068,-0.08151596559302234,0.03629770187697762,-0.09326650234914059,-0.02581768488878597,0.05918290012523246,-0.05996015897879123,-0.07999608560579599,-0.04634257881503693,-0.009243891508795357,0.025585309483562007,-0.005958826790477024,-0.05174812261416761,-0.006974579460650568,-0.0184851819749404,0.03939812486076583,0.010154687341170232,-0.017500623671018713,-0.05748682351187714,0.02755580724607262,0.055029678381610596,-0.01797605119733388,-0.004042262895455369,-0.00950961335267049,-0.0015403769666828162,-0.019173923656067786,0.01692503333171492,0.01854407872533579,0.019182421709484834,-0.005961597586836428,0.010984659551082918,-0.04570366802666795,0.03408200549429264,-0.018470697969464614,-0.034110906911914055,-0.0013938485330667236,-0.009048619628021988,0.024096440638793123,-0.0015448448543344158,-0.005861297074260771,0.0006743700250734914,-0.0292859272802863,0.010827588483280193,-0.002545731883872349,0.014995480184736346,0.025508011800895646,0.028836731726752034
C:\RA-CLIP\test_set\LINE_HW\A0039272_00130.jpg,6,TEXT_TP,0.11553238818162181,0.013572429404117198,0.19089864149143065,-0.10990236394599352,0.2895586007936204,-0.10206950142404068,0.16604328063014984,-0.06841959443155181,-0.009415118674994321,0.01366364027015489,-0.02852368778385925,-0.030834441179385056,-0.04901074125255621,0.040019401767053014,-0.030835940468464287,-0.042549759703850484,-0.00469472375750144,-0.003725293874043512,0.013796505498737495,0.005316943673585019,-0.00956842860019663,-0.0054246357198169505,0.015289207931064664,0.011993217747316164,0.02385463273868028,-0.0028317822966312427,-0.012206272809756408,-0.00702192955351539,-0.0025147513661752815,-0.037408123371200704,-0.011601364343242155,-0.002939039996574739,0.03850994709397039,0.012039069176376541,-0.010295761112981538,0.005248866689289111,-0.013695908930248631,-0.008443615964614348,0.03160177735078976,0.0004299282343430136,-0.000252460337889594,0.0021913754515415886,0.00949861592540156,0.03788925378733752,0.012533128389524164,0.0013135764933114183,0.005500636689716962,-0.009351463863445361,-0.01428139860500119,-0.024160302424359254
C:\RA-CLIP\test_set\LINE_HW\A0039272_00140.jpg,2,TEXT_HW,-0.10935592549180427,0.012133048432337958,0.07116881773648105,-0.024447827379288883,-0.023610606422229587,0.10794627410248679,0.06169181133774081,0.027795203894900686,-0.004738372959999648,-0.03543132407069395,0.06514249461102814,-0.0820364834913163,-0.07794695518946329,-0.05778849461768818,-0.007296523547623555,0.11047608872732328,-0.04743599508693031,0.05237111853436346,-0.07001908338283974,-0.048920497697930075,0.06701745216482712,0.08573143271393904,0.07301087135003587,-0.04109736525432212,0.018444202399881173,0.02864162678047259,-0.04934240005288062,-0.05802879845333985,-0.046480506155396444,0.002604023376527414,-0.03743615498776591,-0.025340836651579407,-0.02509501937868802,0.0380345720417375,0.020006555903271182,0.04423202696614468,-0.020844163155218556,0.001743574441683999,0.033004088232780025,-0.07124308619463496,-0.001114893149877279,-0.029608587603499766,0.02660768264590337,-0.0240197424069799,-0.019966062926696632,0.025400635720003617,0.02882217762152931,-0.009772241525625594,-0.007989242422670548,0.005694446342640818
C:\RA-CLIP\test_set\LINE_HW\A0039273_00039.jpg,4,MISC,0.3560225650702943,0.0512335325334026,-0.19643904616019311,0.042360462118718634,-0.2042524120920702,0.012234474207686755,-0.05845413032433482,0.1879352735970354,-0.2843503166513541,0.24847130800223796,-0.22367914726627583,-0.0985938206816042,-0.08297199911267217,-0.1303024110511507,-0.05290311220786206,-0.07777884445112028,-0.049362151774789066,-0.0941943343469396,0.17264061993548768,0.03943779569205473,0.014525600990447701,0.003943330080668085,0.18621544585202168,-0.03978109819613263,0.01762048895668633,0.06256602655308421,0.08187415864918576,-0.05395382624044823,-0.09693257545405615,-0.018741484166742737,-0.00638105016489963,-0.008183875822126792,0.0819635669613278,-0.02903165896110544,0.04476212727626207,-0.01040529440563602,0.04120184307814131,-0.04783870455638785,-0.08286291016987413,-0.07126548933924096,0.04694592377183414,0.04138801975455445,-0.11328025562954246,-0.052088982182408004,-0.07225387072837385,-0.02407534568350512,0.03822161121558362,-0.02609616808623882,-0.02558750218537459,-0.06240669213998133
C:\RA-CLIP\test_set\LINE_HW\A0039273_00130.jpg,2,TEXT,-0.17529509772128815,0.11685474279748513,-0.028683045949092854,-0.04028184572581413,-0.09817406865050463,0.11779938952108845,0.06855842894828154,0.019542926936285697,-0.04971830231332955,0.07291109017058928,0.0029501650180732745,0.03650970076536721,0.03262463437401015,0.06169200073115768,-0.01830176433475653,-0.00043832669473027326,0.0002952874912931208,0.0915397172068674,0.005438438465694041,-0.01363757824194519,-0.0002523188945593004,0.014869833360661756,0.01200307456958043,-0.027832017873297362,-0.010090220866174357,-0.05025856737689408,-0.008581141384677336,0.0016259963980032892,0.015587466475687711,0.0046275044381805285,0.007046383198065771,0.007898287892587634,-0.01680689492315574,0.050564889258351044,0.019361584287120138,0.010564079198936914,0.003938468005875651,-0.04195191205172825,0.010919763647694978,-0.014495057899282168,-0.022097300175905027,0.03477527115732288,-0.028900935767082594,0.04014350118272162,0.0002019221921680394,-0.0006419465708592997,0.03038767310859357,0.004639679836138084,0.011194033222110555,0.02251395713482618
C:\RA-CLIP\test_set\LINE_HW\A0039273_00154.jpg,1,LINE_TP,0.03887643641306157,0.17226409197402792,-0.021548215269994613,-0.03586143693628956,0.26943684995206774,0.06697059090087502,-0.11053646369568824,-0.008408673881982708,-0.04763161516961807,0.05877224580547084,-0.011183164909829322,0.02851376275520035,0.09399270191245253,-0.03383613429590971,0.01622105724389583,0.04254626177617891,-0.0027306994198257367,-0.03997835314129429,-0.00871266228638146,0.007025864909576437,-0.005734831984334408,-0.06656755211970343,-0.0521142295183348,-0.015389827817212183,-0.07870386786068027,0.05724794628812431,-0.010754378506593673,0.02113450319901504,0.006081942980077475,-0.023631677110593167,0.010618075804675218,0.014829677223921964,0.009692638130654043,-0.01670896072215323,0.02070129315286026,0.02117707626227408,-0.03260577777146281,0.022074368616503984,0.010903686966560763,0.016180900582698575,0.017237652282290346,0.005431386164696471,-0.005754203817067992,0.06229177236221739,0.0362876175401691,0.030348958259604458,0.03480372958395815,0.060846527680912824,0.019970837360190202,0.019834392001087348
C:\RA-CLIP\test_set\LINE_HW\A0039273_00160.jpg,7,DRAW,-0.11186665542888362,-0.10977415009744956,0.33986399924944566,-0.02198149282171347,-0.13064852433027543,-0.18594142031413619,-0.19085436688323887,-0.009774130271435706,-0.014979956298297778,0.03855888920578291,-0.011940765499939058,0.06950639209903592,-0.007159711325575619,-0.03973756603937669,0.06674023252820158,-0.021896783769917733,0.014710932579484599,0.014716679792847878,-0.010504474049878441,-0.0013971334666916999,0.0029471691480165672,0.022058171091791357,0.04845710074572951,-0.03175680080290357,-0.030226186009227832,0.06006548873170685,-0.006181933405464691,0.036860558193469846,-0.020824138940808302,-0.015757530298209428,-0.06371568279581807,-0.024566660934166665,-0.03349268261914429,-0.01841184402267492,0.07808673718610973,0.007127398052230204,-0.05007449453831362,-0.0073825419442435395,0.03489176728062827,0.0028815241624251414,-0.019677695758697128,0.014689086615401963,-0.012227724986777053,0.028951735833126196,-0.012929081638159094,-0.05199423333458226,-0.008290352252093085,0.040602179100910046,0.012620036396673258,0.00806634592710347
C:\RA-CLIP\test_set\LINE_HW\A0039273_00168.jpg,3,LINE_MIX,-0.2753818682251171,0.08829194425089429,-0.24801958543553446,0.04233010275816823,-0.03768523314161683,-0.15267316434991932,0.07948234022904534,-0.018370772692326672,-0.011486824145413632,0.008279578045434997,0.029661125071226303,0.03472637317815876,-0.028293585261776413,0.0204576506166853,-0.012013387930746976,0.02502529046464434,0.028490294224861226,0.027409892193706282,0.009167371454146863,0.0045652984350132465,-0.00297246612934236,0.008925308255938878,-0.05179235871970538,-0.02508248199511188,-0.01923641325137107,-0.0012267348188719435,0.0067541913665009915,-0.0054487769558949324,-0.02223956352345115,0.003076949087018686,0.00020527110944475855,-0.0016641350658642105,0.00291114541339244,-0.00042276201814922277,0.009231565351223233,0.0017459258904459955,0.01901102718385266,-0.014044562216822825,-0.018340896433122558,-0.015866591843040838,0.026422066896204993,-0.01187785238183707,0.014964640818648853,0.003141726289920861,-0.0003938930850756656,0.00047816243428778913,-0.0028031580438742524,0.0007096445850091792,0.013788725687323049,0.008227869044375467
C:\RA-CLIP\test_set\LINE_HW\A0039273_00182.jpg,7,DRAW,-0.142573951324223,-0.08147570887791077,0.27743339933719585,0.032773783375805464,-0.08222682046890031,-0.17918940172307116,-0.12220406388621624,0.0029708143664358287,-0.012665043269229183,0.020334886762300372,0.07892473859791573,0.06814205202889644,-0.02566448553767122,-0.03491278176837188,0.02345620785471102,0.04922914479743876,0.004268574575801168,-0.0043024104938023085,0.026621040933262036,0.012656314421509537,-0.03912531442111958,0.029687577928964346,0.0007869135830116988,-0.026347443631340988,-0.02905367811455879,0.007843549664430939,0.043017337174125946,0.06169528984259946,-0.02308594650104973,0.006066646648188055,-0.07890710848331423,0.01887744593033309,-0.046937367211568694,-0.013473841490836002,0.020072157449970002,0.00887687843962677,-0.03962085372399259,-0.0021942457444239583,0.011604327173282745,0.03125938499558363,-0.026768352196317086,-0.026911403052254427,-0.007430198845985761,0.02197516790603953,-0.012795515529416894,-0.022548305726997665,0.0013275134168887655,0.058328794127760625,-0.00047911207131677455,0.04086573145913739
C:\RA-CLIP\test_set\LINE_HW\A0039274_00010.jpg,2,TEXT_HW,-0.05384912416225148,0.05597962592353253,0.1197335881755502,-0.059730441797529996,0.01760722299690083,0.14346853197145198,0.07175386564069289,0.02004992570110587,-0.017322533532051466,-0.033139753926802046,0.04916042395350878,-0.06491134183675577,-0.03862148120931116,-0.0093273011666266,0.018483163039857416,0.09828510822396672,-0.06408909622122105,0.012831008503743444,-0.04307653126081943,-0.058147436663891494,0.03260163727616471,0.08895499679639787,0.029258449383870493,-0.00938394857108259,-0.017099922105472114,0.0659313589745206,-0.007146548339967749,-0.04009608440825356,-0.012282622934269708,-0.010509206648297426,-0.004024415466326538,-0.01259047833420259,-0.01145161751891085,0.004964795684570294,-0.022973096909815506,0.06273652420246457,-0.020504084032907426,0.022366208388244643,0.04274498825708769,-0.06054631835897184,-0.021980143539379948,0.02996583622759999,0.014151235293370186,-0.06812993969594135,0.007114623604230396,-0.016795591164551135,0.025292388434374053,-0.002140636656359156,0.031591483398400705,-0.015803065683118938
C:\RA-CLIP\test_set\LINE_HW\A0039274_00018.jpg,0,PHOTO,-0.060563864906314054,-0.5541291420365465,-0.12602835341606547,-0.060009272812812486,0.04114013615756798,0.03216574546187764,-0.07438692070963357,-0.015658222518314557,-0.15322370213497108,-0.13081619833610866,0.019295234844122166,0.00047650918988979287,-0.06347037024824001,0.050030972416390124,-0.016925971206410033,-0.0431561232188764,0.05850364621387255,0.02641225949532744,0.02798464928532945,-0.038920296554909715,0.022232604801786005,0.05280857655919244,0.0023401894153943204,0.04610838704687143,0.025065211901424553,0.038151752046102515,-0.13167161872689973,-0.014094826468062037,0.04099267565428148,0.15445512798233124,-0.04012894777010752,0.09669535223333064,0.06523027664138084,-0.02124543091880615,0.015183517166436507,-0.010350777084253639,0.008475900464927076,0.10407484098354876,-0.03691730052249572,0.042630429208886295,-0.017177076947426345,0.019682688980480846,-0.038870828382053045,0.012576865319625027,0.020364425454027984,-0.03958780167744298,-0.005392622682005347,-0.004036236195158246,0.02403338282446558,-0.009868654723404898
C:\RA-CLIP\test_set\LINE_HW\A0039274_00036.jpg,3,LINE_MIX,-0.25719932158828,0.07030627265164754,-0.21019589196202607,0.028802034592872408,-0.03212870710330202,-0.16571809473266114,0.09447287386299849,-0.03418917434634171,-0.026462280439882354,0.013962100442758267,-7.950233192044184e-05,-0.004971315538639459,0.09301217922873119,-0.00772673228271973,-0.02502464616898533,-0.009752069784358329,-0.017344974003295793,-0.006485249082170822,-0.009784100653933573,0.008011849754166966,0.02973553459548391,-0.008976597247240318,0.03872445106798605,0.021462537718960045,-0.011731494424804853,0.02304266484732805,0.007719386364663504,0.007270609722116995,0.016209048668128508,-0.004977506201518189,0.008352660673330936,0.009486409198891214,-0.020659023862842067,-0.015437964738504664,-0.00818479007498291,-0.003068798095420823,-0.008884883713793501,0.01691745097223547,0.014403184470263113,0.01978041972654537,-0.015049039774269302,0.0035250583288286533,-0.013824608267769005,-0.010320803467009164,0.0016030931912362637,-0.0005809652246616025,0.0052065857208137495,0.0006231768562410349,-0.010113985577358115,-0.019142884650773954
C:\RA-CLIP\test_set\LINE_HW\A0039274_00046.jpg,4,LINE_TP,0.4500620440289364,0.19701365868023418,-0.146574567638399,-0.2309536250285389,-0.1317086024212492,-0.05142926703932653,-0.004987895658725426,-0.03785056717548032,0.05027530424053221,-0.04148347359449913,-0.059122247248487275,-0.1765264111025001,0.003084517058869394,0.1658818432079707,0.1916334366544855,-0.04590312268765579,0.1154642746560567,0.05929589805154779,0.023314117149047704,-0.09327858629630144,-0.024136906080020337,0.05866133428071598,-0.12075885429352072,0.13435945069598162,-0.0775406057115497,0.005655177749229747,-0.008628653647993397,0.025070192775173545,-0.08596370023942304,-0.015751510774835404,-0.002205000527323655,-0.055902392358674925,0.008093124919660761,0.0006409559158378637,-0.02792376963662717,-0.00472062245223862,0.018747535179847445,0.03711823230325316,0.028016027505414043,-0.0014670952354898313,-0.003739924220455144,-0.023530687568531352,-0.027707679823662925,-0.010703961651162943,-0.01914083803773194,-0.04818627410657936,0.024399940781315882,0.026144366203949575,-0.005408900331884374,-0.02200572479255828
C:\RA-CLIP\test_set\LINE_HW\A0039274_00088.jpg,2,TEXT,-0.030782059928576928,0.08256259539949722,0.08234658200514006,-0.003471782889837095,-0.008013310282772815,0.18531412865728655,0.03318732964602481,0.04079214425109157,-0.07028654303734594,0.08170590171166885,0.17643805823641878,0.007047686601993607,0.01027756341201234,0.028550207022964874,0.002155826520178548,-0.023870565336901347,0.05056001203675071,0.03516119528868252,0.026548720358868357,-0.03545351808901508,-0.038706611595513196,0.027968496599580648,0.06828888048012194,0.028890243733651635,-0.006708454423303356,-0.04847480054230831,0.034243657763497144,0.02141389751562511,0.0403563111658325,-0.016951332253345976,-0.04469764623255292,0.00928013872925799,0.05281176037851733,-0.05067600025818943,-0.04306572340210417,0.04415670098780676,-0.006165771529774044,0.0005953136919478387,0.0033820555795031136,0.04199469570176074,0.010975438795434332,-0.026195926163868778,0.011072607195600447,0.006972516062242742,-0.012932361032882535,0.014731484813403948,-0.028240792468982177,-0.0015991515404314436,-0.010167730691725023,-0.010810338710088314
C:\RA-CLIP\test_set\LINE_HW\A0039274_00090.jpg,5,MISC,0.34341167410335627,-0.015906663963204518,-0.0759209050139617,0.2457305916215234,0.1394915289567036,-0.08876485539504093,0.06174216801419869,0.46155730053254584,0.022676237003926663,-0.0882925548003658,-0.08186782775832216,0.21625820113153346,-0.011723073743765963,0.02156064112565145,0.026333534847126486,-0.007491368282924587,-0.04033407397585752,-0.03240905841691247,0.004622401623788413,-0.13712670507963431,0.07646028776985185,-0.0008724688533637518,-5.650193968939939e-06,0.03867015510176077,-0.03575264900884883,-0.009407621416995804,-0.0024282232734159715,0.04522843325068667,0.0031153012911448036,-0.06221170817419007,-0.016088355577814878,0.001305335504750035,0.00569778922662359,-0.007054508567863574,-0.029622060226713494,-0.0015282684664792154,-0.0166877638681055,0.07955041117664843,0.10012630408097493,-0.037387461015867506,-0.0003980993130084563,-0.07692961978348137,0.06621452213010634,-0.06161990429795451,0.1420547804218619,-0.04023973622275057,-0.006589209181774537,0.004866484592532325,-0.018988647382099082,0.10532271901026187
C:\RA-CLIP\test_set\LINE_HW\A0039276_00032.jpg,4,TEXT_TP,0.6161360345712954,0.15056918017820892,-0.16632913771564037,-0.2846381784153564,-0.16100633805787198,-0.04587803022294365,-0.04906094502800671,-0.041296689019342796,0.06682714199622043,-0.028895252211885294,0.06979450339434176,0.04333504874570529,0.03650777432602876,-0.009860107582279813,-0.03639312558199005,-0.03158962504404409,-0.07284865754575162,-0.036794904060631815,0.051826433587173225,0.005928772698958146,-0.025613529417751222,0.04432265723322762,-0.04166328299607309,-0.03835290579028668,0.008012428199773446,-0.017256793392088594,-0.019344954390952955,0.01491431440628801,-0.0067194757419949324,0.02579344130019293,-0.039624647796170614,-0.03270870330714891,-0.026654049531325275,-0.00981182976527256,-0.005561592490785538,0.012865762614581088,0.01392152413958046,0.034645419592233204,0.037739469314452025,-0.003802013239219396,0.0137059396805343,0.01467856171036529,0.06494367650667582,0.01738801899108474,0.006158695068435943,0.017124987316713337,0.015022341036550148,-0.05613363233829484,-0.02154662175604281,-0.0015850864757569166
C:\RA-CLIP\test_set\LINE_HW\A0039276_00174.jpg,2,LINE_HW,-0.2498376895905614,0.08708390996958228,-0.011956799826103807,0.03572861650933111,-0.07292647091489095,0.04322236560460209,-0.09013859424883615,0.0007715768243248384,0.05475192911267652,-0.05691331557157342,-0.01411568936416872,0.012533641096201083,-0.015823154052318288,0.020339186238430677,-0.049291573225764426,-0.06105960158905279,0.003855696312315455,0.03059858320909302,0.05606158959070255,-0.008607683263627982,0.000454348768529957,-0.042102170347247524,0.05016234981399956,0.04401417825811443,0.007637727843786208,-0.04342136436225215,-0.02446566978942063,-0.003925079877265795,0.05196899137166245,-0.020682691482952046,-0.027357748947216178,-0.011522419305883774,0.008237517308529818,0.0166109503966286,0.00977680651989276,0.0027117498523819726,0.011183268565969835,-0.0034169369860470545,-0.010342581359748282,0.00848813151694437,-0.0040287927316576535,0.0036764013264537695,0.022926675381684206,-0.013809750119110604,0.003843957238127125,0.019282081519150302,-0.0018684645308072137,0.023747333249285296,-0.012906089027332562,-0.0006471529781940197
C:\RA-CLIP\test_set\LINE_HW\A0039276_00211.jpg,2,LINE_HW,-0.17253269120755854,0.18486837038339637,0.0487780368228664,0.03914160023304554,-0.07529706549879973,0.09394800812089858,-0.037464398318093124,0.015225751480877512,0.04769565360017417,-0.05061034467291828,-0.009986782163369675,-0.03248808843752979,-0.030892474167091677,-0.0028056865202932845,-0.00608814156188822,-0.06828719611709455,-0.004343451994506937,-0.024722514911562615,-0.040487030984479554,-0.02576270560964134,-0.0047005495985847495,-0.017501323332484556,-0.0486933681635649,-0.03572594686037407,0.02353564888666619,0.05122403769651074,0.020090555109253092,0.002312535257232209,0.03232601093225226,0.012946271531577062,0.01809060281442336,-0.023832168101554085,0.021210897922838808,0.009541782006572803,0.012809322301686975,0.0032301349382292026,-0.009154471834260134,0.02276063344919226,-0.008333055485466603,-0.010988117348177413,0.0030819383443792055,0.04156646444050046,-0.012690806141642174,-0.010288054896401735,0.012083353439381446,0.018563177233318916,0.012559350552020091,0.011584859926085211,0.0036421757210937425,0.006202552989861098
C:\RA-CLIP\test_set\LINE_HW\A0039278_00150.jpg,1,TEXT,-0.02625943508530012,0.11079482083264196,0.005911983287279515,-0.025139169268216893,0.08372033336869593,0.03716750007663699,0.05151843276034756,0.0956754778312753,-0.16241646984807198,0.135397629214945,0.1752390441606439,0.03298405816094012,-0.010556248138521336,-0.17702891413818747,0.13592008745007716,0.026281336747814445,0.04365281503349393,-0.10208514822092046,0.07866084141366937,0.09890084795491261,-0.06619147830004392,-0.09916669078496207,-0.0731813957712207,0.15464608989322687,0.04092435974363462,-0.019599819444501423,-0.08490414374254703,-0.026947554984280763,0.05333284116943534,0.006561064726847814,-0.01125420416359297,-0.011936205902525176,-0.07247679283560718,0.04559661004739041,0.004568556222126524,-0.03983515527819004,-0.04062471251084671,0.011918795109860764,0.028148553936413336,-0.07372486719210848,0.009933586840517459,0.01898534415221126,0.004983397490913352,-0.0351926945920665,0.011108808465863729,-0.012738076452406077,-0.029619098424751165,-0.010872176433767358,0.009306884340109981,-0.019770872400745234
C:\RA-CLIP\test_set\LINE_HW\A0039278_00154.jpg,6,TEXT_TP,0.11942792887537003,0.06753317140825367,0.17574875346625007,-0.14439151843843806,0.24498762688771855,-0.037893452955888064,0.1538190513338857,-0.07500044863873656,-0.01443366664272443,0.030482878967103496,-0.05132605239315706,0.027797924271410177,-0.02133310963462369,0.007230419785038751,-0.0020664908306320907,-0.0290947096343699,0.009679321421799591,-0.008845768272061315,-0.008586433648719988,-0.013639488685497775,0.0029154901479036405,-0.009916269660534693,-0.02245053723892185,-0.012725409305288683,0.037820403221039946,0.027329589792589162,-0.007522924812073194,-0.035230078256211106,-0.010100943091350956,0.008840811118925072,0.0281230636651428,-0.015500645331116465,0.031125230302221384,-0.0011098000983436266,0.012492622365512764,-0.003581174368509671,0.0028408331049581607,0.002071019164670545,-0.029527243312732775,0.012298084505802534,0.01969016739041094,0.010760875895710946,0.029802976484760126,-0.029857644656822422,0.007690275654049735,0.005549133448143373,-0.035938276720875774,0.033439626478688755,0.029327693671712517,-0.02415141660959851
C:\RA-CLIP\test_set\LINE_HW\A0039278_00155.jpg,5,MISC,0.27695414096308385,-0.05321099111943358,0.008151377655188039,0.23054940142019759,0.11450376184882163,-0.09202776944761994,0.12027743969666156,0.4669331036534922,-0.024848678424322288,-0.04010048704203386,-0.13182722244010248,0.15923478131208157,0.019967558399536987,-0.038553774570130886,0.03820427122990301,-0.03118823186886284,0.0018759313273521347,-0.023505609812603207,0.029924106075156637,-0.21195257675256932,0.08299852941817397,0.04207641957069434,0.01836361002461828,-0.018429088806050296,0.004423380586037185,-0.023101839151740786,-0.03350408856050673,0.004957604220402862,-0.014078453635192842,-0.019951752400837904,0.00038340997242428343,-0.004142620977179906,-0.01698607804291154,0.0272055798015183,-0.005588214681419293,-0.008438497880051044,-0.031835894401361246,-0.004242302617623543,-0.01935427300125558,0.004067270189066394,0.0011724431377820833,0.027539811860598513,-0.0009335584645298338,-0.005329824341808583,-0.02538208299704626,0.024649760117566467,-0.009719605483479226,0.0017606173308208457,0.0036810229559191988,-0.03717137399688437
C:\RA-CLIP\test_set\LINE_HW\A0039279_00048.jpg,0,PHOTO,-0.025679712533632687,-0.5730371696945844,-0.07555293661359666,-0.00023935679829697592,-0.018851683862869194,0.06969240579630934,0.01419897520173039,0.05658608195528882,0.2546511557826689,0.14704264922631974,-0.010844459299704587,-0.01775157263197547,0.00688583268906901,-0.004890093148346118,-0.03563919742823029,0.009842502757117,-0.05479617587501065,-0.0041388904991677715,0.02191901451106072,0.026412329665322403,0.007231184038655878,-0.0327818767316958,-0.038767319293937355,-0.021164821290141297,-0.015994448378149232,-0.004483326279915727,0.016528889957642068,0.027816996678770762,-0.02382814899126792,-0.01058787926276703,0.04263313436381118,-0.0018403688859916336,-0.012462509607191766,-0.015793514451023765,0.06783494875908669,0.0030894601492523124,-0.023555749322770218,-0.008271929872708228,0.014898925434609576,-0.0655353751240018,-0.03324101870686366,-0.010787766484706056,0.023999263821776244,0.012983020167064598,-0.054756853406053504,-0.0050215291909549336,-0.028112629436458286,0.03471627718405846,-0.025249891767004293,-0.009337911592830598
C:\RA-CLIP\test_set\LINE_HW\A0039279_00050.jpg,7,DRAW,0.07806869618166337,-0.14470779981042312,0.29252225399970266,0.05826773973036671,-0.04170643545995206,-0.1906106647093132,-0.03562673014237962,0.06975911175212807,0.002626880248224423,-0.07841670247764689,-0.005818205645762777,-0.09955880867355878,0.0619039224506542,-0.043260957964028415,0.019795506171053794,0.16639567870975308,-0.037583155201943344,0.1280254793341609,0.11675406334224753,-0.07398586865593518,-0.18784709785195533,-0.13984781266079044,-0.02792931187345237,-0.12585360023082992,-0.05709941585850708,0.033416761787019224,-0.012556222971068932,0.043459549258513475,0.01013420539175353,0.04709105489330112,0.08603382275107287,0.03351268578396216,0.02893875613268728,-0.04058791774219252,-0.05718217778077505,0.013352168728211777,-0.024568980818446187,0.01951169447066182,0.03994111674447149,-0.014937226674310274,0.02301971717864933,-0.044989952655549344,-0.012619644106886804,-0.08614096421806554,-0.013127293723640483,0.012834995967976602,0.007124932361014334,-0.11749016916457004,-0.041166511963137586,-0.016586483999376584
C:\RA-CLIP\test_set\LINE_HW\A0039279_00123.jpg,1,LINE_TP,0.0022105555619327246,0.19276881908524274,-0.05877041150285166,0.050567971384443224,0.2878355276909281,0.03948786988511661,-0.175406608816814,-0.00390873009925859,0.0008527104963133835,0.026648995234415437,-0.033877576526448135,-0.03548707280526075,0.02231358815965187,-0.0069756542378678985,0.0054633529181961306,0.035818102318109196,0.04467826308291011,0.0030406856572938643,0.001745393247719267,0.012397553821105698,0.025858241836298052,-0.0004910155697199004,-0.0037709651981658347,-0.014554355331068336,0.0010946117799147616,-0.02309100514253165,0.03202871262066355,0.024518741360333895,-0.006287340952971012,0.012466464708077862,-0.00672538396032993,0.026907217177352002,-0.014981201454863072,-0.04775820995865636,-0.02168935650486961,-0.008037197442550818,-0.009051736542587967,-0.022570122204093573,0.02349115789622408,0.016447519001481566,0.014227437245028791,0.0008750229602998018,0.01651026047790218,0.0056289656540726525,-0.009509257972695235,-0.037207182022474444,0.002231123094193346,-0.020402461541602038,0.010012015502466175,-0.006963765036398606
C:\RA-CLIP\test_set\LINE_HW\A0039279_00194.jpg,2,TEXT_HW,-0.18113086213763738,0.11154167467742168,0.02510930017875706,-0.04751848955157347,-0.037692501790237705,0.12382229455303191,0.06607385768429688,-0.002610436203905742,0.004113005424011953,-0.052450962758341546,-0.011095452871440583,-0.019312384009779693,-0.058070716605941444,0.025760424621277,0.05117651355325217,0.0343581911171314,-0.08868496022638428,-0.00492691964546387,-0.0376745846431699,-0.034731819033394146,0.02495583626904369,0.08452899483848361,0.03018706328790067,-0.014206661805416224,0.030831606573742856,0.051413167983279724,0.008555128894178301,-0.03837705633203747,0.0006534057605268991,-0.038879161161346217,-0.025825053927532156,-0.006896263856046318,0.025958667274106704,-0.0011327549022603,-0.005935601404548566,-0.022092057744141486,-0.010384165951870944,0.01901357498734616,0.002548986453964367,-0.061255756797416634,-0.04019413295991548,0.05647510404563972,-0.0038226279343711424,-0.006816575689349064,0.016544155199045226,-0.005208555555898061,0.03153064773309705,-0.011686312936300068,-0.004592106701910057,-0.001611930004575563
C:\RA-CLIP\test_set\LINE_HW\A0039279_00212.jpg,3,LINE_MIX,-0.2753818682251171,0.08829194425089429,-0.24801958543553446,0.04233010275816823,-0.03768523314161683,-0.15267316434991932,0.07948234022904534,-0.018370772692326672,-0.011486824145413632,0.008279578045434997,0.029661125071226303,0.03472637317815876,-0.028293585261776413,0.0204576506166853,-0.012013387930746976,0.02502529046464434,0.028490294224861226,0.027409892193706282,0.009167371454146863,0.0045652984350132465,-0.00297246612934236,0.008925308255938878,-0.05179235871970538,-0.02508248199511188,-0.01923641325137107,-0.0012267348188719435,0.0067541913665009915,-0.0054487769558949324,-0.02223956352345115,0.003076949087018686,0.00020527110944475855,-0.0016641350658642105,0.00291114541339244,-0.00042276201814922277,0.009231565351223233,0.0017459258904459955,0.01901102718385266,-0.014044562216822825,-0.018340896433122558,-0.015866591843040838,0.026422066896204993,-0.01187785238183707,0.014964640818648853,0.003141726289920861,-0.0003938930850756656,0.00047816243428778913,-0.0028031580438742524,0.0007096445850091792,0.013788725687323049,0.008227869044375467
C:\RA-CLIP\test_set\LINE_HW\A0039280_00127.jpg,3,LINE_HW,-0.27226112593892016,0.1435441651108803,-0.1629372024946028,0.07116239498605445,-0.02845805143079619,-0.03389711366765883,-0.07255977112834021,-0.0022345855908490232,0.05119307883914444,-0.06378081957565632,-0.010677879416205243,0.027487440311200633,-0.09698636419492668,0.016058009045103457,0.016597804893954772,-0.040267903737149446,-0.019415028581977953,0.009377954335957863,-0.014536368496941716,-0.007179124336923382,-0.03698171828816843,0.00313771079008132,0.03181155323430329,0.009940443556917408,0.053704681156160325,-0.08158465901029417,-0.024713086852404618,-0.004349458948269752,-0.022588579329613327,0.014951002309690537,-0.025612924908575613,-0.021653464130536797,0.009500037665625025,0.030640369823868308,0.013567598472953926,0.0007147751596424915,-0.006088969766151099,-0.007764990878414721,0.001591959979875672,-0.011708758579553096,-0.005932753540976423,-0.014749100204601509,-0.007783537493817579,0.03415462723011734,0.01760838978259478,0.008336594101644949,-0.043015360445209226,-0.05000727615233765,-0.011943201515190733,-0.0025854832696918855
C:\RA-CLIP\test_set\LINE_HW\A0039280_00128.jpg,5,MISC,0.44581836227060845,-0.028577951693253927,0.02117146501912347,0.5004145964556664,-0.09986497526852842,0.04951146310876641,0.04335704445624499,-0.28532267277279477,-0.0475836786133192,0.03430351174183153,-0.012403577887218633,0.0563570149487718,0.013766143976952451,-0.021123323251432707,0.005229912474327212,-0.06683777769051452,0.026564878919564907,-0.01653814208908512,0.019610177203269814,-0.034058453134527454,-0.02918868069059578,0.009718666757260562,0.010581962369252776,0.0555736761231989,-0.004509707997197595,-0.019094064346103334,0.008422240462044714,0.01022486415882748,0.007188761440583213,0.009152535139123423,0.011475804020704005,-0.010993693297324287,-0.04698650760630155,-0.019771662372644782,-0.005995056547449555,0.03582972682737814,-0.0379453223832613,0.03239109460233152,-0.0006973801997322203,0.02632392243568105,-0.015264752416806224,0.018977351792982402,-0.017275350989009713,0.026668434631712687,-0.03534456575947542,0.03170324302170385,-0.010252556049189364,0.012862755954307236,0.025229236699670213,0.0659736742040796
C:\RA-CLIP\test_set\LINE_HW\A0039280_00144.jpg,4,TEXT_TP,0.5138780135838781,0.14256447706510786,-0.021078768223031636,-0.2439897258598098,-0.12555235234328618,0.03934908002777143,0.03263104529724101,-0.06918183351213003,-0.0339448433728338,0.00847662338809997,-0.011323670285259676,-0.035608625165718985,0.11520282823344376,0.03296754300199399,0.046073586632385484,-0.06429624193942121,-0.08903761213000927,0.0675588453084147,-0.07134504509122998,-0.08628586144534484,0.06281801235061105,-0.08352528656632154,0.010253585497072823,-0.002148362411683041,0.008538823746594279,-0.049352872843937814,0.03964954617942401,0.10506881003702694,0.04961945888611972,0.0031982978723154214,-0.02291983733973604,0.014012420471760115,-0.04784842234594726,-0.059259956207921426,-0.023453280354551128,0.04844861332342687,0.05028269714894813,0.03187391880095917,-0.0768077630004362,-0.08541400036697172,0.044787690666114016,0.07454057529273014,0.00029689297186527927,-0.04588702203107911,0.009686856802548322,-0.015588138230735151,-0.04418755624165255,-0.007820218746580112,0.016036167437384462,0.06133192337405
C:\RA-CLIP\test_set\LINE_HW\A0039281_00019.jpg,2,TEXT,-0.100651096050163,0.08938088449463799,0.1501846819461712,-0.0711708951363103,-0.08201873414858073,0.21571500723752346,0.0702392822129056,0.035357177756005706,-0.017437790677199937,0.01598973990862283,0.03908027874798784,0.042563181589487596,-0.031193202781266742,0.029354873975168207,-0.024234195906861614,0.04235603079653589,-0.006997480843085447,0.0001332358568550224,-0.013537673641166183,0.015919028163728748,-0.011220925510546705,0.002704270626193057,-0.055556000040062,-0.02056421880366821,0.010421898197827262,0.04617218066115008,-0.011984886490999037,-0.010932830675354468,-0.07598445013965051,0.005865472161679794,0.024614709526913817,0.022938383487358195,-0.045045900774491075,-0.0061025324123959584,-0.022284650400601572,-0.031014401373996234,-0.03343189594160312,0.007043049926104334,-0.015426406051290809,0.028357075524922844,0.009106657514708015,0.016384233337173846,-0.01780771931689974,0.011155854631878032,0.009869203926886628,-0.009909056858716164,0.0273095583394749,-0.0048321265565616995,-0.022830604555266205,0.005541872702645371
C:\RA-CLIP\test_set\LINE_HW\A0039281_00076.jpg,7,DRAW,-0.09540548388157162,-0.11643278961043191,0.3359394375756656,-0.006465926888968882,-0.15154034465893937,-0.1948126823645853,-0.2056433550367956,0.00020051901686615327,-0.0060847094735881745,0.03253604613612597,-0.008062654942769566,0.05436166371673196,-0.03211753453998216,0.020079819858329424,0.0066681084498971775,-0.09025566885189228,0.04063434018094816,0.03208303219942918,0.04850159220023412,0.014365058631504134,0.032628909402798986,-0.012361638386863822,0.042647128564011295,0.05642856003665467,0.005708529998569026,0.02498782116663426,-0.0037295201350900256,-0.005668664911847515,0.027079238947817774,0.03392489014967026,-0.036424753608821074,0.018962289535677104,-0.04188256498921235,0.01692338732395831,0.04244727668934301,0.00041453903862751423,0.004728976606962135,-0.11634080768699502,-0.014440709374350671,-0.04181951324172565,0.05909933802475148,0.004946807399882955,-0.02173118870315718,-0.05367498058238071,-0.04050197223586262,-0.03699840121377911,0.02398952911796761,0.028176350118723794,-0.006201747973993807,0.011722769680166696
C:\RA-CLIP\test_set\LINE_HW\A0039281_00124.jpg,2,TEXT_HW,-0.06917967002435867,-0.028631125452034452,0.14316301906970694,-0.025988434832697537,0.006871522528889964,0.11885327256387473,0.09565150196365296,0.0035987712530163004,0.10208066353280242,-0.09333558224922064,0.0735881859276512,-0.014077785401191605,-0.0385221726328559,-0.04418807558619388,-0.03643464400984149,0.03357306119340488,0.05407559154123391,-0.0077096514411541485,-0.0332922660850724,0.011295209584531927,-0.007651469230292587,0.04973002094643371,0.08756271371621323,-0.020452595277985926,-0.031038451675389933,0.04473734700432187,0.014451602364375949,-0.004237966956799295,-0.056255895558538084,0.0027675459030058656,0.02225144289035697,-0.013420292022644768,-0.07539828290726314,-0.025949969213725277,0.037072354165956785,0.039785306453901624,0.0073196097452524365,0.04322048906934526,-0.0443033187439141,0.008462792274186,0.015062260155517232,-0.05090905312565749,0.01131852289996624,-0.015992219510959114,-0.027098945140752152,-0.012160535248305725,-0.04946953533992152,-0.02194874408546517,-0.05002233825644487,0.05707019659070054
C:\RA-CLIP\test_set\LINE_HW\A0039281_00129.jpg,1,LINE_TP,-0.06593997122087215,0.14114838309431113,-0.014963259590168646,-0.04894034976417037,0.2595700101053547,0.01876744248145205,-0.13501097842721071,-0.05492327028615065,-0.005252432123065161,0.004951322135482666,-0.04052519570271655,-0.009776672722512588,0.01660982038811936,-0.02891158452237251,0.0706443061701544,0.0512663241591895,0.025742916436755237,0.014113769164108126,-0.04893369000673221,0.009610967161693428,0.035977886527008854,0.024538083319865366,0.03911557707513291,-0.011112209663902691,0.03425777579280622,-0.00681407869603287,-0.0755600898436789,-0.010515747682137946,-0.03876934659760046,-0.00361252511353718,0.025178634460702082,0.0031767820587853494,-0.06813475795065889,-0.008777077324753397,0.008050380959774547,0.05230755415438973,0.03595207126595576,-0.013902333027545606,0.024538499676108754,0.025057020408395907,0.01993107151835775,0.004971940385695868,-0.007883993242340405,0.002688516492102216,-0.0071260041773725845,-0.01956074357385004,0.0053550970052091236,-0.012445413461339563,0.0011226276346237825,0.011447823871060383
C:\RA-CLIP\test_set\LINE_HW\A0039282_00045.jpg,0,PHOTO,-0.053372897649945114,-0.6379246034454873,-0.08540912618789238,-0.06269309583297451,0.041844156676657855,0.05680880685705904,-0.02940647146868849,-0.017891335967130526,-0.15837650392113778,-0.13600395459956308,-0.016595192001707185,0.06439347665533338,-0.05065316434600906,0.024847276938602503,-0.021220286564634518,0.12312678860484762,-0.027156692940963196,-0.0033498580573312143,0.022423019760425964,0.035646880192744965,0.022280826914502387,0.021013092969774542,-0.009112603040625328,0.08830059085367131,0.01742618945822296,0.06909906441948327,-0.06550176539716696,0.18603457595060013,0.029637857458784743,-0.02814316765478095,0.07069679856757609,-0.06859829498070759,0.0438592060775643,-0.0840331323799769,0.04573623207346093,-0.016506000040777156,-0.0038046868303061756,-0.03434190542478791,0.026994515897570504,0.02607976551273701,0.013819689079937813,-0.03316079102607717,-0.049060684686665364,-0.07016423129753672,-0.06662348467630765,0.016923485866693722,0.004376940053884608,-0.053005609383573696,0.04575948621181282,0.0036679890488901974
C:\RA-CLIP\test_set\LINE_HW\A0039282_00053.jpg,3,LINE_MIX,-0.25719932158828,0.07030627265164754,-0.21019589196202607,0.028802034592872408,-0.03212870710330202,-0.16571809473266114,0.09447287386299849,-0.03418917434634171,-0.026462280439882354,0.013962100442758267,-7.950233192044184e-05,-0.004971315538639459,0.09301217922873119,-0.00772673228271973,-0.02502464616898533,-0.009752069784358329,-0.017344974003295793,-0.006485249082170822,-0.009784100653933573,0.008011849754166966,0.02973553459548391,-0.008976597247240318,0.03872445106798605,0.021462537718960045,-0.011731494424804853,0.02304266484732805,0.007719386364663504,0.007270609722116995,0.016209048668128508,-0.004977506201518189,0.008352660673330936,0.009486409198891214,-0.020659023862842067,-0.015437964738504664,-0.00818479007498291,-0.003068798095420823,-0.008884883713793501,0.01691745097223547,0.014403184470263113,0.01978041972654537,-0.015049039774269302,0.0035250583288286533,-0.013824608267769005,-0.010320803467009164,0.0016030931912362637,-0.0005809652246616025,0.0052065857208137495,0.0006231768562410349,-0.010113985577358115,-0.019142884650773954
C:\RA-CLIP\test_set\LINE_HW\A0039282_00056.jpg,0,PHOTO,-0.03812480972693874,-0.6115604514170687,-0.16178733023474348,-0.040120107716902755,0.028089267075184464,0.07005010387454351,-0.002932280973444978,0.018725617789730573,0.19326229105949377,0.1628215553960509,0.008508123385750986,-0.015073588918718243,0.006554187783117008,-0.014133588112161252,0.031095738171342306,0.0023019412127593,-0.015938070773634332,-0.005275852610765887,0.007340266063073772,-0.00035219465962021057,0.02418015575209947,0.026988369533057468,-0.012298594031756347,0.017645368063305196,0.03185800014758508,0.024819636018543055,-0.06301820898468374,0.014080106494388334,-0.0020464361815844294,0.035466148146685646,-0.0016080665695038028,-0.008951470451400627,0.036128440371762535,-0.04549896797255193,-0.006386168236908256,0.03293160275107214,-0.029267467812947506,0.004237831009898005,0.006280706454757278,0.03314213634979387,0.053998070877497265,-0.014048114963956264,-0.027462297378340668,0.00555711231003475,0.015778539171668122,-0.004585489325821134,0.051662658099252634,0.03235855691912497,-0.07743775416957345,-0.006370523405547311
C:\RA-CLIP\test_set\LINE_HW\A0039282_00086.jpg,5,MISC,0.0784431763495779,-0.08249952660146173,0.09270667614295382,0.15039190046055634,0.09090604829222124,-0.008396481929027755,0.009996218164870386,0.12739217551489912,0.00908328620686001,-0.07085551715939571,0.08425161015998955,-0.3004209363029071,0.016070400429258454,-0.04450787050995684,-0.1272739645078488,-0.02867691801444008,-0.007149205071304277,0.006495800752823403,0.0005723855358538815,-0.017602976299428894,0.026719653670892452,-0.027299596063586284,0.05389859964078527,0.015525871389265434,-0.08731980217204566,0.04860162892613001,-0.07036353358495291,0.015585517823175158,-0.042758250419442694,-0.06859729477131142,-0.07393924291251809,-0.03278656944599837,-0.07160601893199431,0.0484926090857654,0.025433017687308268,-0.007948975811510769,-0.049576475325622815,-0.00856872786279059,-0.022588636782477044,-0.04375483386612306,-0.0497425117111785,-0.0017354731852336572,0.037593562491649066,-0.014411098885367771,-0.09794760705653398,0.03138427688891933,0.019205966950678367,-0.01785916450038243,-0.007705630355863403,0.013344414772093824
C:\RA-CLIP\test_set\LINE_HW\A0039282_00092.jpg,3,LINE_MIX,-0.2753818682251171,0.08829194425089429,-0.24801958543553446,0.04233010275816823,-0.03768523314161683,-0.15267316434991932,0.07948234022904534,-0.018370772692326672,-0.011486824145413632,0.008279578045434997,0.029661125071226303,0.03472637317815876,-0.028293585261776413,0.0204576506166853,-0.012013387930746976,0.02502529046464434,0.028490294224861226,0.027409892193706282,0.009167371454146863,0.0045652984350132465,-0.00297246612934236,0.008925308255938878,-0.05179235871970538,-0.02508248199511188,-0.01923641325137107,-0.0012267348188719435,0.0067541913665009915,-0.0054487769558949324,-0.02223956352345115,0.003076949087018686,0.00020527110944475855,-0.0016641350658642105,0.00291114541339244,-0.00042276201814922277,0.009231565351223233,0.0017459258904459955,0.01901102718385266,-0.014044562216822825,-0.018340896433122558,-0.015866591843040838,0.026422066896204993,-0.01187785238183707,0.014964640818648853,0.003141726289920861,-0.0003938930850756656,0.00047816243428778913,-0.0028031580438742524,0.0007096445850091792,0.013788725687323049,0.008227869044375467
C:\RA-CLIP\test_set\LINE_HW\A0039282_00122.jpg,2,TEXT,0.06588431294658445,0.07272383644602028,0.13249843177034468,-0.09766296255128327,-0.10545588125517248,0.2276332327907498,0.030366383444984997,0.01506373145282063,-0.06782063152340131,0.07842067789370846,-0.042535351637295056,-0.024122579337274932,0.17922700773105188,0.05606739562528319,-0.06606106367619202,-0.05116011519082034,-0.013312246313523537,0.0651853017571057,0.0016053941735584872,0.007419107035516041,0.02035992127945112,-0.04244736469716422,0.03838161818933124,-0.021652335153070208,0.037816331999587935,0.011625972475938865,-0.08000915470095639,0.0034103530063703336,-0.020230619424537428,-0.02076749096435478,0.03994804688269419,-0.002850243343408194,0.014011037289062925,0.023357316263863316,0.016307759916740574,-0.04458872375870586,0.040238560584994386,-0.00437418873287378,-0.006676274469965753,-0.0289528091937176,-0.05028542464110115,-0.08995162874740285,0.01225523028824157,0.023544594153672518,0.02122183838530292,-0.034245060527201054,-0.036994727404022834,-0.0012874778423095574,-0.012711604913958768,0.009388504073124932
C:\RA-CLIP\test_set\LINE_HW\A0039283_00018.jpg,1,LINE_TP,-0.05711623457070614,0.16885462813713314,-0.042937720515184095,0.003218655872581826,0.21971461771969802,0.10297479763558914,-0.22690078388552876,0.023075511563745668,0.03315136949844734,0.017626495363742358,-0.001100832995356555,0.043115278601623556,-0.02931450712813918,0.0356228231986981,-0.032654468936839626,0.09126781741703902,-0.0594059384971255,0.007791041678966309,0.0662903997882242,0.008606078328773387,0.034326089958463375,0.017598752846479555,-0.041345159220874034,-0.00015851802308740676,-0.025104910325913974,-0.0011770599794285292,0.04808493645230716,-0.008734411472285944,0.05298377300682224,0.005927046006203986,-0.031531920753378614,-0.0086188647740557,-0.022831886319648973,0.010499470029303863,-0.03216083554239521,-0.02743253371949463,0.029077639470213572,0.011384836185617924,-0.027201727572774812,0.029908812976440446,-0.03563829473568733,-0.04787985284724396,-0.012327771058108982,-0.032073399369864135,0.005175395739846695,-0.013970653114458989,0.009629514278282845,-0.00747564393832513,-0.007408317733663191,-0.029251556675812543
C:\RA-CLIP\test_set\LINE_HW\A0039283_00076.jpg,2,LINE_HW,-0.25823467475072576,0.0862234728819095,-0.0012657750975868234,0.027667113014228136,-0.10258440439539666,0.019816332428713716,0.0009284267486474521,-0.02250310980018405,0.0329174964813636,-0.04795785762461766,-0.032412686371478816,-0.026986939910029862,-0.022119021336838813,0.01438410233144052,-0.022839737246649505,-0.04360405274661516,-0.021402785782746698,-0.011734558256688888,0.028292533232616983,-0.030697614804703965,-0.006278685132056105,-0.011302115456588099,0.0053481161341654895,0.030228135324773888,0.00545463276864962,-0.0051894125345157876,-0.03544015231152245,-0.011448742978405856,0.009601281363109324,-0.0210628742500333,-0.025841505670576817,-0.0007494447902060048,0.015425913789953515,0.02610831343589088,-0.008401371165208388,0.020893831867413337,-0.00790525340479798,0.009014683080827098,0.007064717916337415,0.03438807422945724,0.02409821747918944,-0.0033016106341185545,0.04340314994957224,0.016077103486723875,-0.0026754839652970326,0.009869603583497753,-0.016500746297238387,0.009069289917486303,0.003973458051646611,0.0028523142154114364
C:\RA-CLIP\test_set\LINE_HW\A0039283_00079.jpg,4,TEXT_TP,0.5126138630941401,0.09658263454537036,-0.18165778265805063,-0.2555218984580757,-0.1329338206154194,-0.017325361609098762,0.059637442109512995,0.01345563224887325,0.005840899198227989,-0.0822003720315765,0.14510209278160494,-0.06278291214495939,-0.1722675272691684,-0.13789840797040154,0.13019562078994154,0.011006917326957749,-0.047998640848721325,0.09678746825716103,0.028333255472702795,0.019866615285746028,0.16798166317748456,-0.12376743626941611,-0.004450674972801188,-0.0030790525943057414,-0.06342887707052075,0.09034321021111806,0.034472653235084305,0.025594636696612834,0.025929143521018997,-0.015441973223212507,0.0467895578009057,0.07688331013609366,0.04130775424607011,0.04828632984364802,-0.009959423260850772,0.0728161802880454,-0.010830644233474015,-0.08193841669075035,-0.017823152023302057,0.021242128186378065,-0.07220677935284861,-0.025214281416430496,-0.0311923003378724,0.049609188593984124,0.04322743501361744,0.015805369843059306,-0.02531732015749478,0.002841879706534569,-0.004591005698790232,0.01099623712322755
C:\RA-CLIP\test_set\LINE_HW\A0039283_00099.jpg,2,TEXT_HW,-0.10099156186569007,0.07522043330529016,0.01015175873915758,-0.06873702649070348,-0.006348425028327841,0.137354900892421,0.11168545801753049,-0.026025898846213983,-0.014543607424560482,-0.02636240091439506,0.04409609653975959,0.07240875055981305,0.02468626061379756,-0.012322068841653057,0.09813729004649488,0.09656423421328249,-0.07756277477324396,-0.06520499485724217,-0.03793219231249468,0.019653872683216018,-0.04503977374234378,0.03665750732174345,0.06043318818297479,-0.001918701944678403,-0.050146817545400166,0.036858138509614294,-0.009806024663752855,-0.006007000477693889,-0.016703502654600334,-0.04863632467509207,0.0071008802152133475,0.03251224837209598,0.028158122289144084,-0.0678452026423163,-0.023074072727436598,0.010618447528480672,-0.006331292074741733,0.0027936049051513062,-0.018340345729884647,-0.011013370014150392,0.01912117750716845,-0.014237770446194627,0.019852278877139612,-0.0087039877520976,0.005769982887102173,-0.03115719188031048,-0.00524310736559925,0.00981318048752868,0.02652834551340898,-0.00443621219883751
C:\RA-CLIP\test_set\LINE_HW\A0039285_00017.jpg,7,DRAW,0.15086762874455006,-0.06838957528593735,0.20122504948497333,0.06524978916819943,0.0011862367880211102,-0.23828551213529192,-0.23565765205494368,0.05245266398672371,-0.07185148757689966,0.13064063920696425,0.1803238035062902,0.04567501553007886,-0.007623399334356235,0.16041629404256688,0.08368162161858753,-0.025868940580680413,-0.16792422340345511,-0.10453402840161273,-0.13536999920700057,0.06463900801146713,-0.0671037231773916,0.003098246606593621,0.03858048738454092,0.029410356553821536,-0.16966794585636916,-0.015160612150727277,-0.044652038251449665,0.03839792085793189,0.023087694788866436,0.0346947923932692,0.09105928181195201,-0.006219319420300414,0.02283963887883784,0.08093718747177168,0.024105877022958962,-0.07054358223914033,0.042255414793733494,-0.032077748132213806,-0.03770355459565562,0.06832412771750826,-0.020357153088851197,0.004029919735452541,0.07034105803330874,-0.015557649968697308,-0.019769171330520197,-0.011881216780189566,0.03490878022788192,-0.0007784582585399194,-0.03126517106777848,0.02162622805233243
C:\RA-CLIP\test_set\LINE_HW\A0039285_00023.jpg,7,DRAW,-0.09647875282589666,-0.04067436265451739,0.27789240872767024,0.037608255919190856,-0.15077498433901018,-0.2651625108112748,-0.16310882442813185,-0.05986704009275459,-0.032882522820779636,0.04028962117630996,-0.05297235628781867,-0.0005800001498740543,0.022513177883437246,0.024154303367171944,0.029411598364314975,0.009585033640020488,-0.07189308130780436,-0.06665929581538099,-0.018185450773103212,-0.008393729424587767,0.032226840234240196,0.0066089932029582,-0.0006025884848588158,0.012729154653313608,0.07767553343407207,-0.04167427285736453,0.0023338413576380035,0.024002037568282366,-0.09632330304301391,0.03248742109029658,0.03420819146399189,0.06850721180969137,0.057556747116647794,0.02433778610949348,-0.14445370484752224,-0.0012815903197113013,0.0038361149397511595,0.007814772102032276,0.02971275382567211,-0.036187321413584765,-0.0390454219110584,-0.00552255705046915,0.014395952539802599,-0.0019141948086712408,0.015691169205241846,0.08003721964622396,-0.0374214027165314,-0.026684060276317343,0.02709941642226219,0.0024828743608214846
C:\RA-CLIP\test_set\LINE_HW\A0039285_00058.jpg,2,TEXT_HW,-0.24582510459821053,0.04862396630392088,0.02580151842554128,0.025877557638868783,-0.09417740518874038,-0.04687408226167436,0.0006103101544514444,0.006561265421405297,0.057423842312191074,-0.05698641341854686,-0.05587163950482681,-0.0027223370019766537,0.005772663127723325,-0.0075210815272849394,-0.049293234914262005,0.03570123868541549,-0.03428052305207223,0.004943831201601756,0.05901647431729118,-0.014156528849581074,-0.01749109511581132,-0.017412890627020627,0.008829998063823868,0.020925539978805287,-0.008895346892065429,-0.023180129298163366,-0.002634526040618375,-0.03532239205415098,0.0189393649391534,0.009218579902064872,-0.0035305917803508894,0.01565411373797443,0.008045423617915028,0.05596404956075943,-0.03260198757143673,-0.0023143316582487383,-0.051241294942630876,-0.021085989491799625,0.009847478759625038,-0.0037746161257080396,-0.03127187343270572,-0.0015392044723118326,0.04102097497183671,0.008974963002699654,-0.01228924459323555,-0.0048479192837636255,0.03820053924585604,0.05126006167035766,0.019842685327381468,-0.005759044171741511
C:\RA-CLIP\test_set\LINE_HW\A0039285_00076.jpg,2,TEXT,-0.05994480022716926,0.15541794084188396,0.007532226595388754,0.045453911359729295,0.0026414831691517703,0.09977344735540758,0.047034246158792606,0.06765624540189248,-0.06928566623656322,0.05266436292303489,0.2002767634342733,-0.0017330194485272498,-0.03694999962260337,-0.0317076901837375,0.008905387535373944,-0.021611154045178636,0.054734154594252515,-0.013887937480100695,-0.010694648769258385,-0.03868299830191255,-0.03154929317289708,0.0607921651991552,0.016049489234625618,0.002206117031919502,0.022961773536667167,-0.03116895365501898,0.06200521711299119,0.027379543954646566,0.02675665462682932,0.01511396198538269,-0.0002403320416038971,0.01660855581288356,0.015526473080559914,-0.029400094378365518,-0.0162720315901684,0.0037664287972007295,-0.011604127161259137,-0.002084568037416816,0.01934306934474268,0.017290422605018847,-0.02352698199606753,-0.04032246212352491,0.04337396957787602,0.0037466442178764755,-0.03206922136708209,-0.013875945983973315,0.011346844278619745,0.0008132543124749208,0.010486644116847214,-0.008632455314505223
C:\RA-CLIP\test_set\LINE_HW\A0039285_00109.jpg,6,TEXT_TP,0.07498420745473994,0.048301780635998916,0.18793208994047542,-0.12117354502533063,0.2710255267303284,-0.05731876034922055,0.15332089098104454,-0.06950669819837019,-0.0010379561089290312,0.03367981123191618,-0.02989849322191786,0.005963029587541474,-0.03230797798912489,0.007128587119961332,-0.026028645155456463,-0.022560447985446933,0.006260161465647178,-0.020945662249721966,-0.0010590673948299041,-0.012672411009164632,-0.020537722156263694,0.002465035396822697,-0.023533720012790593,-0.002516955324022937,0.028380546208344404,0.017793153330725626,0.026070805526470422,-0.021309217392898434,-0.00776672538183366,0.020965126400872836,0.027778649851663624,-0.02246507403514496,-0.003787075693371827,0.028293827139209048,0.016208707792873242,-0.010603479046668612,0.002480690339816935,0.0186142914401321,-0.041242468117761354,0.011683436249693386,-0.012965898388058384,0.0029500540754672446,-0.031124209504775225,-0.03228791058591871,-0.015322804242157819,0.0017287901771526745,-0.025162281565760006,-0.002273281210329106,0.02169828894197353,0.030219683516874835
C:\RA-CLIP\test_set\LINE_HW\A0039285_00111.jpg,0,PHOTO,-0.09391200917899208,-0.4749873130026146,-0.06620728508527851,-0.07631791149436927,0.047394357306512556,0.0490418738315468,-0.015368331837582903,0.0008007829597495298,-0.08658292749002608,-0.11901754081716989,0.01416508066641235,0.0008000809101488354,-0.006546810564643743,0.029714533893932416,-0.10241371987024381,0.05502312365059315,-0.027873347132034904,0.04207257941852195,0.1283009371155765,0.012119396457716198,-0.0675254090392052,0.0729072900869655,0.016280359193724617,0.0771978399142214,0.07952370030501084,-0.08977985118396839,0.1421614864492825,0.035680500662564126,-0.010360249494571193,-0.017659212280488903,0.07885161727981913,-0.0035577393734532183,-0.07582497356006507,0.06288051218055213,0.03230647025624048,0.03183998669426311,0.027604178395835663,0.029351405515533162,-0.027922841974657896,-0.05866223209175687,-0.07899638903554125,0.07085191662045277,0.025301351080728108,0.0860563790105361,0.04382143826408669,-0.04121199430751069,-0.037547424856406546,0.06608197410368752,-0.02405305260689267,-0.027345563508278534
C:\RA-CLIP\test_set\LINE_HW\A0039285_00119.jpg,1,LINE_TP,0.04015175449027284,0.22149967086148634,-0.04141526041298904,0.020437091112447372,0.26809581130397037,0.10494201872151067,-0.18489344129436555,0.016252705374630843,0.015096392650157386,0.025473228817236848,-0.023271092904016324,-0.007811656196268317,0.030303811006035,-0.019045406091653335,0.005184226046687738,0.06567173145129973,-0.015098003428648258,-0.018243612114570838,0.023615589322182096,0.005163824235833023,0.02486785645599256,-0.004243764323049368,-0.024853607452316157,-0.03658909712490794,0.009273262641935065,-0.0045667533018781785,0.014706997417763271,-0.003807973301163742,0.0041375061179854756,0.00619925979317379,0.012593377788238897,-0.013241021619888261,-0.011287079195532497,-0.026675871999695195,0.022521630626257127,-0.0005070080938277499,0.04629444687182084,0.01933234885514047,-0.024139018576807017,0.010718392085620289,0.023821179325063325,-0.02619327050429364,-0.020876250211393336,-0.016597532720261283,0.008600305541182955,-0.01176162219028535,-0.013764845602520486,0.025673089110550364,0.009656784328258994,-0.012288149242272001
C:\RA-CLIP\test_set\LINE_HW\A0039285_00122.jpg,3,LINE_MIX,-0.25719932158828,0.07030627265164754,-0.21019589196202607,0.028802034592872408,-0.03212870710330202,-0.16571809473266114,0.09447287386299849,-0.03418917434634171,-0.026462280439882354,0.013962100442758267,-7.950233192044184e-05,-0.004971315538639459,0.09301217922873119,-0.00772673228271973,-0.02502464616898533,-0.009752069784358329,-0.017344974003295793,-0.006485249082170822,-0.009784100653933573,0.008011849754166966,0.02973553459548391,-0.008976597247240318,0.03872445106798605,0.021462537718960045,-0.011731494424804853,0.02304266484732805,0.007719386364663504,0.007270609722116995,0.016209048668128508,-0.004977506201518189,0.008352660673330936,0.009486409198891214,-0.020659023862842067,-0.015437964738504664,-0.00818479007498291,-0.003068798095420823,-0.008884883713793501,0.01691745097223547,0.014403184470263113,0.01978041972654537,-0.015049039774269302,0.0035250583288286533,-0.013824608267769005,-0.010320803467009164,0.0016030931912362637,-0.0005809652246616025,0.0052065857208137495,0.0006231768562410349,-0.010113985577358115,-0.019142884650773954
C:\RA-CLIP\test_set\LINE_HW\A0039286_00016.jpg,2,LINE_HW,-0.04999573840908552,0.1187110896251278,0.1618837921376092,0.019305895436203275,-0.06645119925165964,0.17228099447435605,-0.12386357798867872,0.03957161178854171,0.06666467728909722,-0.017893777449002883,-0.09229849750923118,-0.08902933574721057,0.03208724096011538,0.015574856753996757,-0.07469485403267927,-0.10161551972390585,0.05215129627543868,-0.06439470108837196,-0.019001873475046116,0.008385916920300204,0.000948315478889287,-0.05652288745764061,-0.046695755954847186,0.041398334456421285,0.021057009098179313,0.07113967222342968,0.0063771692761143035,0.00019586839811640546,-0.00658594024635577,0.02615916890970895,0.07358066386364796,0.001811203582092934,-0.04255348371490994,-0.021223378951246763,-0.043169769896802,0.008194884304095762,-0.001825970772231917,0.0069935584527699955,0.018411355879928266,0.009905780564907393,0.017071519067046643,-0.003177190239013202,-0.04670485209736506,-0.008891565277352345,0.05753791905259722,0.04790882001536044,-0.01493536876009149,0.0042313306959604075,-0.01144043105977191,-0.0007808518604659315
C:\RA-CLIP\test_set\LINE_HW\A0039286_00031.jpg,5,MISC,0.319181675838423,-0.016275744295846648,-0.007053174174468582,0.21444404928424943,0.09965991522596312,-0.08868414701885344,0.13039967513159534,0.4753278871702237,-0.0063580823213545586,-0.06639424201661563,-0.12180346122989201,0.18531901684120655,0.0008321223341655231,-0.013804080914727014,0.026026369867164195,-0.008966088373197002,0.01692690658418262,-0.06779560118592812,0.03170266712345019,-0.1998942051546927,0.07665936818761114,0.038219781463499206,-0.004894671907570885,-0.04015008053591679,-0.03770049386505126,-0.017206974266473076,-0.02953122769963725,0.014588295069233922,-0.022394408975547373,-0.003172228204854925,0.012535320398210306,-0.017106507856231006,-0.021548400044946826,0.030178319337638652,0.011212462429304754,-0.011299534158753231,-0.02363089791523799,-0.020689017122688603,-0.029446851171229096,0.0002380388358168509,-0.003683601217742295,0.0367724505278785,-0.0031378032222676286,-0.0053576855495876315,-0.03321371181198802,0.01296343038717944,0.004178378616262281,0.03645455676911264,0.021803246215941315,-0.0431995623732017
C:\RA-CLIP\test_set\LINE_HW\A0039286_00078.jpg,2,TEXT,-0.100651096050163,0.08938088449463799,0.1501846819461712,-0.0711708951363103,-0.08201873414858073,0.21571500723752346,0.0702392822129056,0.035357177756005706,-0.017437790677199937,0.01598973990862283,0.03908027874798784,0.042563181589487596,-0.031193202781266742,0.029354873975168207,-0.024234195906861614,0.04235603079653589,-0.006997480843085447,0.0001332358568550224,-0.013537673641166183,0.015919028163728748,-0.011220925510546705,0.002704270626193057,-0.055556000040062,-0.02056421880366821,0.010421898197827262,0.04617218066115008,-0.011984886490999037,-0.010932830675354468,-0.07598445013965051,0.005865472161679794,0.024614709526913817,0.022938383487358195,-0.045045900774491075,-0.0061025324123959584,-0.022284650400601572,-0.031014401373996234,-0.03343189594160312,0.007043049926104334,-0.015426406051290809,0.028357075524922844,0.009106657514708015,0.016384233337173846,-0.01780771931689974,0.011155854631878032,0.009869203926886628,-0.009909056858716164,0.0273095583394749,-0.0048321265565616995,-0.022830604555266205,0.005541872702645371
C:\RA-CLIP\test_set\LINE_HW\A0039286_00097.jpg,2,TEXT_HW,-0.2208658485967952,0.1537363727377982,-0.07097422968365352,-0.01028475607437544,-0.013223709330545565,0.04343434587870113,-0.026806530366674436,-0.04204414537750384,0.06864014273160782,-0.09959249840479119,-0.05943002654541152,0.04831737861748751,-0.08408604883464425,0.008863355377368164,0.045148082911332627,0.011604317591783486,-0.058789547086269316,-0.07080292532750804,-0.020715419544173223,0.005700354575403637,-0.02232623766302113,0.030434935328385822,-0.03507552454367085,0.0006423477240867013,0.02448468750112892,0.01311144123891938,-0.021024991350009598,0.025732015474595568,-0.028781733222627146,-0.009566597310546437,-0.0457462399252532,0.005148428675731268,0.028351816423305712,-0.00614545313742814,0.0015762526824269975,-0.02854911820131864,-0.018908385879370222,0.011600679789353531,-0.014912136811420966,0.0048017531157918385,-0.0435982939062061,0.0004249555208665822,-0.016737763736768784,0.03161575865408203,0.011792552979700839,-0.02163870221775657,-0.05611389168182899,-0.05705844595154107,-0.005524016159313378,-0.023147845729800158
C:\RA-CLIP\test_set\LINE_HW\A0039286_00108.jpg,2,MISC,0.07797890094448044,0.02618469396635776,0.08341197673283719,0.12002522842994637,0.1089615940228004,-0.007341359248335285,0.044473099952597225,0.0878095350658255,-0.020787171549828884,-0.030754760633670213,0.1439649896380048,-0.22671326136248734,0.059475077851146196,-0.02585050808879493,-0.10836728717096762,-0.018722842806076702,0.043622275643107895,-0.027948020573917688,0.003546657654747059,0.001951086732627333,0.00074886167853584,0.02373621377864254,0.06883657436147567,0.08289451389031412,-0.021279761753373698,-0.0646098751792442,-0.039666326122951144,-0.04710793993940202,-0.014686559076245942,-0.013910912904465226,0.011966644627387014,-0.014360549414433006,-0.008944735842232815,-0.014631987123586227,0.019529253437096793,0.00692172628547998,0.038232094929475144,0.026592388125874174,-0.03348232297048624,0.011968555796654715,0.007990857769105736,-0.019404212340116734,0.05410293886341748,-0.008743898411837371,0.07282634054215485,-0.02406898788612131,0.0247602279295757,-0.008762801961895552,0.015891085453056834,0.028331419673549192
C:\RA-CLIP\test_set\LINE_HW\A0039286_00113.jpg,2,LINE_HW,-0.19862997444239897,0.16308205440560938,-0.0156152812054427,0.03266027412361437,-0.026104430606667117,0.1033789536397505,-0.05670646978340144,0.026278699937692756,0.054119909504190024,-0.042770796245168705,0.03255622664629575,0.013144452730076766,-0.06263655203736931,0.0290863480500463,-0.017223273033076154,-0.03497008979581356,-0.02496301030273406,-0.03892384419150212,0.01037158441982136,-0.002751713182495805,-0.02344376269289493,-0.019422717396865744,0.01948342027467518,-0.007214920917164103,-0.01060859430618725,-0.012413161698773306,0.02939970982469679,0.0008482777160159483,0.013352243277185562,0.023589289533682004,0.03272832373464384,-0.016860507039425494,-0.019537534224088056,0.010705880032442426,-0.0006496634701028963,0.019856607514808545,0.0010438843467608016,0.024879609059600412,-0.03300199013237824,0.03174036181647628,0.01680789442114169,0.019712887060768205,-0.011142251592619548,-0.018359336185621515,0.013898619669384098,0.020994975761840413,-0.014428347350852924,0.015183998842683044,0.02134770622895038,0.027059585037877813
C:\RA-CLIP\test_set\LINE_HW\A0039287_00125.jpg,7,DRAW,-0.008216432289773623,-0.07734186470482685,0.36710677876104,0.007622791495572448,-0.15780376087246142,-0.21201507828080648,-0.1063717325717485,-0.0767156909593546,-0.026395050402152842,0.073566571214632,0.02776577061164067,0.03157967934867102,0.04062270842461458,0.03221805633829342,0.03818997956335249,-0.08402400388396028,0.06591856316054877,-0.03694467306832377,-0.011908375473305716,-0.08345990878680705,-0.03785601617188463,0.0612275915818391,0.011560526821863969,0.013871824185199721,0.05133043985987616,0.11784909789229833,0.03276353340851074,0.009132828645182025,0.05290130119304604,0.047297709451550575,-0.053206064903428274,-0.005458986729521425,-0.02261252678422483,-0.029155601721088522,0.0686339972248043,-0.013512752704605863,0.041402162106345314,-0.06986706265769152,-0.01875704779475161,0.022062005923574737,-0.011960027418425698,0.011104957815041595,0.014390654964936776,0.020114829097199777,0.01919787944362054,-0.007200042720451729,-0.025204804359780657,-0.023113678598353418,0.008256576691227145,0.023463858282454748
C:\RA-CLIP\test_set\LINE_HW\A0039287_00610.jpg,3,LINE_MIX,-0.25719932158828,0.07030627265164754,-0.21019589196202607,0.028802034592872408,-0.03212870710330202,-0.16571809473266114,0.09447287386299849,-0.03418917434634171,-0.026462280439882354,0.013962100442758267,-7.950233192044184e-05,-0.004971315538639459,0.09301217922873119,-0.00772673228271973,-0.02502464616898533,-0.009752069784358329,-0.017344974003295793,-0.006485249082170822,-0.009784100653933573,0.008011849754166966,0.02973553459548391,-0.008976597247240318,0.03872445106798605,0.021462537718960045,-0.011731494424804853,0.02304266484732805,0.007719386364663504,0.007270609722116995,0.016209048668128508,-0.004977506201518189,0.008352660673330936,0.009486409198891214,-0.020659023862842067,-0.015437964738504664,-0.00818479007498291,-0.003068798095420823,-0.008884883713793501,0.01691745097223547,0.014403184470263113,0.01978041972654537,-0.015049039774269302,0.0035250583288286533,-0.013824608267769005,-0.010320803467009164,0.0016030931912362637,-0.0005809652246616025,0.0052065857208137495,0.0006231768562410349,-0.010113985577358115,-0.019142884650773954
C:\RA-CLIP\test_set\LINE_HW\A0039287_00689.jpg,1,LINE_TP,-0.03371298578349374,0.20950196660951836,-0.10122303228499684,0.03688311992535995,0.2524318092136881,-0.005475868773614112,-0.21467333652560594,-0.0025931217325011217,-0.007685149666730707,0.017112505882883256,-0.06901265257642816,-0.07523522543404727,-0.02274782454992699,-0.002111000725659642,0.0429679556431648,0.028320626827043945,0.0401466548538828,0.04336042614099426,-0.021710092779070628,-0.014542688169945677,0.054496697702279315,0.016681162218816062,0.03305400849785085,-0.017597888194096818,0.02505442424742752,-0.03065458388701915,0.014467179228458435,-0.012807485717861347,0.0037188463207450772,0.03516739607463093,0.038562462994554535,0.007533291057160541,-0.05505016981770725,-0.017839078296139364,-0.011299880188590994,-0.015367420321721975,-0.01840579428207211,-0.024417678052685566,-0.0025395855092802057,-0.00840206096479275,-0.011144545052981363,0.008508210631977618,0.04082240471404114,0.026172645975075116,-0.019246733818608856,-0.009550232417828389,-0.018576184514441974,-0.03485995457480267,0.004684943217405957,-0.018704563372882448
C:\RA-CLIP\test_set\LINE_HW\A0039288_00031.jpg,0,PHOTO,-0.041468086126402716,-0.5876169077386612,-0.13393450439010296,0.0016985709260126547,0.019172385052589384,0.06706158985460628,0.04907866060658487,0.033361593025200746,0.2636654406442492,0.16167512507248422,0.010880934903135473,-0.003933225261383313,0.02245044950584404,-0.021402624281942766,0.04439420305919196,0.027549211758308243,-0.06703647296394534,-0.06245137414891697,0.01622617523233659,0.02705273762073123,-0.013208549248992505,-0.021145368658668413,-0.04236030117515982,0.018633876637529093,0.002082944367300648,-0.0059843925048808635,0.060216214173550345,0.07762400483117866,-0.05521210687980065,-0.054770918836208916,0.05907802594371456,-0.0411501264676228,-0.007688876237720523,-0.014691960585375691,-0.006184338087586429,0.035146240881395244,-0.01831781408564207,-0.06963245260339691,-0.025362432755095147,-0.035001209204908,0.015878014747523574,-0.02380593033819819,-0.008463382970242832,0.004731088852228552,-0.02834935467166123,0.03874955972806888,0.002701996858198018,-0.002205425557461749,-0.05896813860273839,0.011597343429206297
C:\RA-CLIP\test_set\LINE_HW\A0039288_00035.jpg,6,TEXT_TP,0.14287518324632795,0.05057413341816911,0.15923118133005093,-0.14595848490782473,0.3067804300207927,-0.138353987166202,0.14356898763474957,-0.07427155211224698,-0.015216329093632032,0.03568883032050555,-0.04231394756875929,0.025077115100437336,-0.04834652459253779,0.039555083929226874,-0.03005142049716087,-0.075349531086027,-0.0024318422786583785,0.00626503456330291,0.03208721411542988,-0.0023845226201022335,-0.01187697728028611,-0.01538451509002597,-0.010407192341172126,0.0170481138648237,0.023851238451378244,-0.0010371793826063438,-0.01224066080563397,0.005477785712904179,0.021914568137668986,-0.019995505721884178,-0.024440354701940163,-0.0002149227243166891,0.01480895881608711,-0.011287556047996364,-0.009946734178571405,0.005951312260808345,-0.017065026978863897,-0.014261948855530608,0.01430204969006475,0.0015532145060766815,-0.028738977744598243,0.013742529319733437,0.00324190419851917,0.0010183845799733532,-0.015657966947889106,-0.007822848547343463,0.017069195183474325,0.0064932942747154545,-0.01513477269777534,0.01791609057855944
C:\RA-CLIP\test_set\LINE_HW\A0039289_00019.jpg,4,MISC,0.41693741053176103,0.11128132829283828,-0.18067774213271046,-0.01811352041949993,-0.1477537990202835,-0.02361462964345468,-0.05942167131449156,0.1376756275605386,-0.18296325646673225,0.21661273530604952,-0.1476350279899409,-0.10693436427110138,-0.1494189701146867,-0.14822634182116082,-0.06954626700526316,-0.05847834797688387,-0.01618551661521879,-0.08275646531047283,0.11544237432561053,-0.0022857268427455466,0.021070422533472948,-0.02187355969704939,0.09031892426219022,0.019620622119608504,-0.047732010829112305,0.05885806818341969,0.13460405694247335,-0.021341565199160088,-0.1005133228815663,0.13996507038283634,-0.0089134084236543,-0.050713679727500884,0.033402202754968115,-0.02476811111831672,0.0037913383714074577,-0.03556331959216235,0.07455900895752837,0.0407746629735237,0.07069757864324376,-0.031264549913615346,-0.015877951154950342,-0.0026369637071655258,0.04627491439288483,0.04259884002190044,-0.0322584043819673,-0.04064104713099376,0.029474587425602248,-0.017650076065599825,0.01928482336752371,-0.010101904110057418
C:\RA-CLIP\test_set\LINE_HW\A0039289_00067.jpg,7,DRAW,-0.01924840262033942,-0.19421435210650273,0.29698418670124377,0.039130516564429035,-0.09721384075679877,-0.22210957829225858,-0.08734568785794587,0.0554380482012695,0.01329400193177434,-0.04643290767769232,0.010927498739412029,-0.02130546592903072,0.10098742295519246,0.008161073088874597,0.08019778058614158,0.08113895862486048,-0.06891802137942757,0.16115934300140197,0.17761221770622349,-0.028850898682685925,-0.16742469339523425,-0.13122496775994966,0.058770273682908325,-0.10407085065139374,-0.04139829788482875,0.08996502266554737,-0.016234070082147015,-0.015082889014902099,0.007050558259611043,-0.022934885998307435,0.02001644423149326,-0.008615649841621647,0.03107649785307001,-0.10637144847386062,0.012416034470627507,-0.04391812044229005,-0.033242013241372485,-0.014097264199333036,0.02405015849279582,0.01547355688938785,0.03200457960401365,0.02032866638267814,0.021350449059218006,-0.07447203341922691,-0.029018365503030257,-0.02891201038116494,-0.09188059516623759,-0.029264079700838726,0.02044091135161641,0.010124156110847033
C:\RA-CLIP\test_set\LINE_HW\A0039289_00105.jpg,0,PHOTO,-0.057504590422507086,-0.5735693960635558,-0.10984469244648037,-0.029932819725969267,0.019932908178135065,0.03297618510763338,-0.005404662393478228,0.02444181417351497,0.26357234819159386,0.18363247316218076,0.00019830358594750223,-0.005605914280204983,-0.031694301555072524,-0.04743103258215827,-0.008595301691558477,-0.00034817669095302755,0.047159669778948976,0.041002483347518465,0.009989638852739699,0.014552569731789453,0.034816089761826,0.029407351139812507,0.025080299607273884,0.037796225531642365,0.027462121484672208,0.07323708141908633,-0.08453637041564027,0.09088765664579357,0.03956972282891079,0.0480563152973288,0.03384032778496861,-0.06285551580110833,0.010064704538906597,0.013158102636010032,-0.0377956903051823,-0.03016984925157855,-0.03415833799126106,0.0024327722462432963,-0.04726391817272582,-0.01110562622088927,0.034448923058433216,0.022013345154144996,-0.0056587133684563,-0.014970077905520577,-0.004747947309978422,0.00024127060536596937,0.014594041926776524,0.0074059796964866505,-0.030285930350608652,0.009627019552210314
C:\RA-CLIP\test_set\LINE_HW\A0039290_00009.jpg,3,LINE_MIX,-0.2753818682251171,0.08829194425089429,-0.24801958543553446,0.04233010275816823,-0.03768523314161683,-0.15267316434991932,0.07948234022904534,-0.018370772692326672,-0.011486824145413632,0.008279578045434997,0.029661125071226303,0.03472637317815876,-0.028293585261776413,0.0204576506166853,-0.012013387930746976,0.02502529046464434,0.028490294224861226,0.027409892193706282,0.009167371454146863,0.0045652984350132465,-0.00297246612934236,0.008925308255938878,-0.05179235871970538,-0.02508248199511188,-0.01923641325137107,-0.0012267348188719435,0.0067541913665009915,-0.0054487769558949324,-0.02223956352345115,0.003076949087018686,0.00020527110944475855,-0.0016641350658642105,0.00291114541339244,-0.00042276201814922277,0.009231565351223233,0.0017459258904459955,0.01901102718385266,-0.014044562216822825,-0.018340896433122558,-0.015866591843040838,0.026422066896204993,-0.01187785238183707,0.014964640818648853,0.003141726289920861,-0.0003938930850756656,0.00047816243428778913,-0.0028031580438742524,0.0007096445850091792,0.013788725687323049,0.008227869044375467
C:\RA-CLIP\test_set\LINE_HW\A0039290_00027.jpg,2,TEXT_HW,-0.03320065881763563,-0.03601104457478651,0.13667281839939138,-0.12962007966030084,-0.1547937878583968,0.13876190020342002,0.12063756450909971,-0.05845814327248289,-0.056193436061363594,0.05565592401666332,-0.1870918861705334,-0.06471617253877818,0.08628230004845945,-0.003390345094942068,0.11330037373828696,0.08165907260776568,-0.08183065936917944,0.037379193212761015,-0.07722071037359075,-0.019110714467068683,0.023954616187281213,-0.0183445975435251,0.05783590240342812,0.023390238125014385,-0.08812638852500258,-0.09692755299915669,0.012034060903988657,-0.014071827426043538,0.0513794668706973,0.0464098765143734,0.014241315132436209,-0.050791689004037126,0.06415465293051395,0.10043433236965973,0.05196899078836655,0.023566030221927065,-0.004160679369052251,0.035244582303015436,0.006452201207793865,-0.03807267854941897,0.06537417276185409,0.005227965316202491,-0.0023069520143242997,0.014760026801179302,-0.011869015836270362,0.0022860519734032403,0.012283546074378511,-0.04553430839464675,0.02077446678354677,-0.05257639293411418
C:\RA-CLIP\test_set\LINE_HW\A0039290_00117.jpg,1,LINE_TP,-0.04583629987152584,0.16189652841202387,-0.05364062489235668,0.03770822704203668,0.2555361401643312,0.009100861939258388,-0.20249617704532624,-0.022169705542910652,-0.004639333299810351,0.037324124105244647,-0.05761310509166512,-0.06198953549971159,0.049233883390832414,-0.004005334618706255,-0.01460914532919736,0.027133168274837485,0.011956385676949321,0.03951331719763049,-0.0011731711754913122,-0.010109108089021985,0.02592879956829702,-0.003841050685952879,0.007952320960384897,0.0186450569003607,-0.036843962755291844,-0.0028883100921846395,0.025768664058711265,-0.0036350366050451745,0.004540846702575012,0.002162452695566859,-0.0152389248816017,0.02249959064958629,0.034109156977054564,0.03674469310290921,0.025801434764127648,-0.037043328708360565,-0.042400219394422525,0.02504634843858929,0.029671588383241732,-0.04304329095943609,0.014434514249501653,0.006745576135341111,0.021750128516267415,0.04806243314684336,-0.0023282651143017394,0.05992410448263968,0.007191645856219511,0.01485535154438887,-0.028768466893705654,0.013450852253255591
C:\RA-CLIP\test_set\LINE_HW\A0039291_00029.jpg,4,TEXT_TP,0.5126138630941401,0.09658263454537036,-0.18165778265805063,-0.2555218984580757,-0.1329338206154194,-0.017325361609098762,0.059637442109512995,0.01345563224887325,0.005840899198227989,-0.0822003720315765,0.14510209278160494,-0.06278291214495939,-0.1722675272691684,-0.13789840797040154,0.13019562078994154,0.011006917326957749,-0.047998640848721325,0.09678746825716103,0.028333255472702795,0.019866615285746028,0.16798166317748456,-0.12376743626941611,-0.004450674972801188,-0.0030790525943057414,-0.06342887707052075,0.09034321021111806,0.034472653235084305,0.025594636696612834,0.025929143521018997,-0.015441973223212507,0.0467895578009057,0.07688331013609366,0.04130775424607011,0.04828632984364802,-0.009959423260850772,0.0728161802880454,-0.010830644233474015,-0.08193841669075035,-0.017823152023302057,0.021242128186378065,-0.07220677935284861,-0.025214281416430496,-0.0311923003378724,0.049609188593984124,0.04322743501361744,0.015805369843059306,-0.02531732015749478,0.002841879706534569,-0.004591005698790232,0.01099623712322755
C:\RA-CLIP\test_set\LINE_HW\A0039291_00046.jpg,2,TEXT,-0.06386789158702227,0.11395133958105506,0.09019864752924746,-0.028389991293137615,-0.13113372738033852,0.18704740156034172,0.10061545434769495,0.05674443908603812,-0.09754557449728235,0.11380890589644536,0.06243834373715439,-0.04491384902073749,0.05702757018077388,0.061308688146256965,-0.0364932656496235,0.05119232979975483,-0.06659682186988311,-0.019293470799873924,-0.045229136344930906,0.004673828199825611,0.04179504040255096,-0.013634313951916619,-0.11280567346797934,-0.024006327815577707,0.04723194007438673,0.025330015964673398,0.022322526119555108,0.012090031921576587,-0.03848863904094795,0.03269955215277521,0.019437294763501697,0.002582723516109394,0.007740043432734564,0.03877064135868565,0.016434107785349497,-0.039442285387738744,-0.05243671360205562,-0.02308213347764251,0.018344083180058663,0.016515143288851408,0.02065133691934769,0.044323519642247386,-0.016269237451352468,0.030914824886546295,-0.03421378855560804,-0.027985031007349354,-0.0021409095261827908,-0.05419931156968594,0.0042739333333945044,0.03406514424674635
C:\RA-CLIP\test_set\LINE_HW\A0039291_00062.jpg,3,LINE_HW,-0.22558717448694318,0.1873062378221306,-0.08854342129913075,0.054362709326836005,-0.038470594746582924,-0.025177890869996684,-0.03964147633136516,-0.009903116139984614,0.025525275417340804,-0.06177545417944906,-0.02133055895614124,-0.042857726961169906,-0.022117531307123548,-0.030501342364742848,0.059900603136205925,-0.03355768246939084,-0.012326682235668308,-0.04448023948645533,-0.043691725440624926,-0.027821767928923127,-0.032387314808348645,-0.01956072828582607,-0.01445708222238848,-0.008408087812007954,0.057344324982906064,0.04013469803147502,-0.018728948661913998,0.00012326197341064703,-0.010246721865997597,-0.030398272580386333,-0.010290067130731113,-0.012697021377271222,0.0672456939544758,0.0011280310019908181,0.026501782508067638,-0.015404646752994501,-0.0034574727304487875,0.007884903029445172,0.021014908439029537,-0.03790025735545141,0.009500813374750934,0.013501459889834639,-0.01852948429834928,-0.0005005099293288669,0.004381732435930842,-0.008128109271194851,0.011631705680509221,0.0009764177960721172,-0.006172283143044055,0.0038374821949005654
C:\RA-CLIP\test_set\LINE_HW\A0039291_00079.jpg,2,TEXT_HW,-0.14481166716891936,0.06108144464832812,0.1560649483009519,-0.08184001245353077,-0.12614212074908257,0.11529705075899348,0.046773164122588896,0.02412385836958915,0.0947645042705771,-0.0413495438757546,-0.10337336703684985,0.10367907892638131,-0.06297227155703229,-0.034371701732253686,0.007056780724134064,-0.0016244353596752297,0.09024973597314676,0.03371716817910876,-0.0050639087644372945,0.03941696825822835,-0.008348073197593418,-0.05005251839500517,0.01786104874786687,0.009267635687603696,-0.09395084622208554,-0.05598355840600153,-0.03190909649626394,0.02349159415060521,-0.011866237279245991,0.018992311159799494,0.001580157141345922,0.01623173651472506,-0.038091900586389,-0.021261396921775484,0.011388114998075375,-0.008930736056175028,0.010111932549392957,-0.04049706375878348,0.027414558935705696,-0.01936855538010338,0.005693585837193164,0.05249570999797061,0.045213600045494365,-0.012707391097148574,0.03853979403734618,0.018398109686125704,0.05911332170028179,-0.01262029289225979,0.01004497975642147,-0.02977603644832893
C:\RA-CLIP\test_set\LINE_HW\A0039291_00118.jpg,4,TEXT_TP,0.6161360345712954,0.15056918017820892,-0.16632913771564037,-0.2846381784153564,-0.16100633805787198,-0.04587803022294365,-0.04906094502800671,-0.041296689019342796,0.06682714199622043,-0.028895252211885294,0.06979450339434176,0.04333504874570529,0.03650777432602876,-0.009860107582279813,-0.03639312558199005,-0.03158962504404409,-0.07284865754575162,-0.036794904060631815,0.051826433587173225,0.005928772698958146,-0.025613529417751222,0.04432265723322762,-0.04166328299607309,-0.03835290579028668,0.008012428199773446,-0.017256793392088594,-0.019344954390952955,0.01491431440628801,-0.0067194757419949324,0.02579344130019293,-0.039624647796170614,-0.03270870330714891,-0.026654049531325275,-0.00981182976527256,-0.005561592490785538,0.012865762614581088,0.01392152413958046,0.034645419592233204,0.037739469314452025,-0.003802013239219396,0.0137059396805343,0.01467856171036529,0.06494367650667582,0.01738801899108474,0.006158695068435943,0.017124987316713337,0.015022341036550148,-0.05613363233829484,-0.02154662175604281,-0.0015850864757569166
C:\RA-CLIP\test_set\LINE_HW\A0039291_00140.jpg,2,TEXT,-0.15717594471962906,0.14528274442721673,-0.030642011919274806,-0.009573762966465778,-0.012782062341005252,0.14749449493531983,0.057105253865463515,0.009917309087910024,-0.048059510119151445,0.021647511588258155,0.07888039204832512,0.02985393765351326,-0.01607412865588268,0.026964327033366882,0.08288179974061546,-0.0013060837107082158,0.017496160631608727,-0.04479129750827871,-0.00203006767042505,-0.00920609917007454,-0.04201522206570165,0.04559704827045245,0.05714960361610087,0.031363313089989964,0.019153502061213686,0.041250750011272735,0.03368445441225648,-0.00950262435260923,0.008040399564777959,-0.044278028699791895,-0.036762001468795075,0.03587223103525482,0.07958153028738993,-0.059265253541282495,-0.019277245297552977,-0.05031685868292057,0.010532549325014634,-0.011808719297915823,-0.0096227631952216,-0.03228278560924678,-0.017832750009431766,0.00989417112278169,0.005882328224139455,0.006096807240812479,-0.02094642460548564,0.0035684476982887976,0.02195445981364515,-0.0030633811361769556,-0.022737020002204122,0.008239233517899406
C:\RA-CLIP\test_set\LINE_HW\A0039292_00077.jpg,7,DRAW,0.019376607768016602,0.007435989081401529,0.2872718392463662,0.055234786913568354,-0.05712299942470853,-0.12100672697873731,-0.07370827392038913,0.006263063618314706,0.030074866919905196,0.011871683086430893,0.08762783498249084,-0.03367453004838246,0.021530983462089377,-0.022530239519904058,-0.02631181969027308,-0.00919177343930645,0.08290268939384692,-0.05068210932360965,-0.06713362889197023,-0.061265760225585116,-0.014024499919821218,0.0834341488701655,-0.024814985720746217,-0.03435679751798524,-0.038326020176072985,0.006645666856583592,0.06569331746458018,0.06919942361018912,-0.023925535315143447,0.08652510616378983,-0.09326081382985,-0.03890261895558135,-0.031990764146778414,-0.04270694468312595,0.051431636589996534,0.0008064897501431078,-0.0066927270801659415,-0.04815472521010537,0.06978082058269762,-0.0419169373512049,-0.046931123895307,0.04302185710662912,-0.04496928204410852,-0.04521268801050253,0.10611113546205667,0.034290946364132865,-0.04854681400681859,0.002057813480754593,0.03618527068950598,0.01995799335211111
C:\RA-CLIP\test_set\LINE_HW\A0039292_00108.jpg,3,LINE_MIX,-0.2753818682251171,0.08829194425089429,-0.24801958543553446,0.04233010275816823,-0.03768523314161683,-0.15267316434991932,0.07948234022904534,-0.018370772692326672,-0.011486824145413632,0.008279578045434997,0.029661125071226303,0.03472637317815876,-0.028293585261776413,0.0204576506166853,-0.012013387930746976,0.02502529046464434,0.028490294224861226,0.027409892193706282,0.009167371454146863,0.0045652984350132465,-0.00297246612934236,0.008925308255938878,-0.05179235871970538,-0.02508248199511188,-0.01923641325137107,-0.0012267348188719435,0.0067541913665009915,-0.0054487769558949324,-0.02223956352345115,0.003076949087018686,0.00020527110944475855,-0.0016641350658642105,0.00291114541339244,-0.00042276201814922277,0.009231565351223233,0.0017459258904459955,0.01901102718385266,-0.014044562216822825,-0.018340896433122558,-0.015866591843040838,0.026422066896204993,-0.01187785238183707,0.014964640818648853,0.003141726289920861,-0.0003938930850756656,0.00047816243428778913,-0.0028031580438742524,0.0007096445850091792,0.013788725687323049,0.008227869044375467
C:\RA-CLIP\test_set\LINE_HW\A0039292_00134.jpg,4,LINE_TP,0.5431670856002935,0.12627956402103155,-0.13873145014288835,-0.19946852974267373,-0.032215907049919466,-0.01587195968084832,-0.09017428152927882,-0.00924200191770547,0.16033390935610078,-0.10994449495951009,0.033943325987575365,0.08832312285048394,0.21562161244472414,-0.007566935622412841,-0.010448499442016423,0.008825157072298605,0.08764196423365016,-0.06681935987224513,0.09048606012936283,0.11641444280247275,-0.0077137126496465,0.0885066003784247,0.017849863633498695,-0.014548863978156927,0.012243819128882031,-0.004438936071909613,0.0016645722723615892,-0.06031887463216497,-0.05466156281140168,0.017219629036144483,0.043244925552578174,-0.011772574861062342,0.09529025334542983,0.060860203480765256,0.010338763954153557,0.05605562393735786,-0.06702409547153618,-0.04154334930826784,-0.010212480618521315,0.023325318760917244,-0.04269901992716487,0.023560030860751632,0.0025991136682649487,-0.05454541985797164,0.008328097853471838,-0.017307141730430586,0.025435594138097355,-0.004968321237238854,0.016671462349420647,0.03188526939481211
C:\RA-CLIP\test_set\LINE_HW\A0039293_00090.jpg,2,LINE_HW,-0.22364205154637337,0.14182255783322148,0.009659839082165445,0.021405992866626356,-0.09674325509733979,0.05522419957340652,-0.10534002741820289,0.053600231556558596,0.06622833936060085,-0.04811633795558071,-0.05796553913533158,0.01902324322881552,-0.06019037203695727,0.0022588385482967236,-0.059616533130814026,-0.09071397858585865,0.020347773567285996,0.038023601455407646,0.03043141009476233,-0.017953316080941195,0.026393213143870463,-0.06182336250646295,-0.02923516690059966,0.014934170042310067,0.03761497784950315,-0.003876195587734728,0.0025416917725757976,-0.029997808487522166,0.047903049642906696,-0.007015962407162415,0.041993181858281846,-0.028773183612305207,0.013646126652698527,0.01679116704915746,0.008973160733062289,-0.0019814294318963367,0.04559694187598436,-0.01885841188003914,0.011767462450207107,-0.027448275720668047,-0.010220809467842458,0.030129304724904445,-0.01219257084879325,-0.03793227357716256,-0.024868836828774443,0.009277760112066215,-0.003330832345939542,0.030590405799294805,0.007716972435968157,-0.014922492159902703
C:\RA-CLIP\test_set\LINE_HW\A0039293_00116.jpg,0,PHOTO,-0.05293955848135108,-0.4679779730293954,-0.10732314647928222,-0.04356349060707271,0.03194089234544914,0.04025011914521492,-0.017821469533658037,0.007535312115916807,0.054851809510689284,0.037793249217882276,0.01796130737637994,-0.019626492099102926,0.002034021661262828,-0.026176264909597173,-0.01574711494086464,-0.04550653880185125,0.03976140507811739,0.07192476242140469,-0.01703642943035499,0.01132080229294173,0.02940320266748483,0.002480410798176601,0.059121588148939815,-0.06369243237895675,-0.011595622968809822,-0.05922171183098746,-0.03056902539967018,-0.018962956301840746,0.014488944438715321,0.053237941751491595,-0.023140818349503572,0.028931936358570595,0.036371876411629034,0.05098631938614369,0.015552037930685124,-0.07142322048871047,-0.05012177458318048,0.027941640608183,0.043264019135937026,-0.02301691732360099,-0.0031505488065862327,0.0012153179704474878,0.017061137602214213,0.016183579891566876,0.028528313308684806,0.027669482473644265,0.011312697050995288,0.04776442196514855,0.0905793348912921,-0.0012332980979009734
C:\RA-CLIP\test_set\LINE_HW\A0039293_00137.jpg,5,MISC,0.5610047628606989,-0.054338194859109644,-0.04522101732913523,0.5567974201874205,-0.029836398180264793,0.08324490741031351,0.057566163939980326,-0.22201125953106404,0.007923187613206848,0.008660539308198486,-0.0005902345273466375,0.06186448852919911,-0.019391246618550302,0.020047786654135414,0.0019774768130317675,0.011870976269998532,0.008423970363629536,0.005990062722428723,0.017901218421175574,0.014233713994678382,0.019406875815664887,0.005184048213422076,-0.005993479064268703,0.019446119477901064,-0.0201451565164237,0.0033553805022898545,-0.004992648956615457,0.0014792232656350751,0.003016037218342948,0.003920592646103802,0.02132691205190278,0.03317494337990979,-0.019395511403855155,0.02722070032466191,-0.01655308620451998,-0.013234648489246716,-0.003788673550950437,-0.018354159759191593,0.0012109486068513783,-0.004283293761135019,-0.022129462336163665,-0.017551813454536113,0.0435943778324097,-0.0068220939109659455,-0.014111768010540324,-0.04073435465403507,0.006464939251285412,-0.00043028997257683497,0.00976204756052616,-0.019489007763500463
C:\RA-CLIP\test_set\LINE_HW\A0039294_00050.jpg,2,TEXT_HW,-0.0748530769239532,0.06555506006019853,0.09007222737952969,-0.07548249837873995,0.07400810878198015,0.06269854638429442,0.0897263132041322,-0.02523542034640365,0.020278915455340447,-0.0741160861665512,0.030935445443215148,0.01691576038266537,-0.02878506988051546,-0.004981315208012045,0.016195885503977957,0.06890742636948376,-0.07962750298548267,-0.029766417387256536,-0.030400461943302273,0.0047862227928911075,0.014717206048098527,0.06674354649871024,0.04252565008564234,-0.024428080893383525,0.007074036849950155,0.04506506092217436,-0.07975262061446382,-0.03739089667467294,-0.057548499674555824,-0.029260211040924418,0.029796249157571234,0.010927825744633366,-0.07087975960581114,-0.02258507703487143,-0.000983420638142853,-0.00898049051410895,0.023302196655569218,0.018075934471875672,-0.018084030096414582,-0.0004486596373180938,-0.019228260053032187,0.0030230851560469917,0.0010909075227936783,-0.0021355784706746095,0.0031045749155122764,0.003366183275038322,0.01893664511297548,0.016221199146467732,-0.01655763892376009,0.011939309299779509
C:\RA-CLIP\test_set\LINE_HW\A0039294_00055.jpg,4,LINE_TP,0.5319691536097114,0.07547328711519312,-0.21252359792939446,-0.2604900455436563,-0.16132692189196207,-0.05692357516847546,-0.1357496455662741,-0.13369601338408665,0.004444062075315159,0.024940330412013653,-0.06905539628189965,0.09009006573314501,-0.03577052294937064,-0.16516091260355945,-0.18123621795123018,0.14628843175822318,0.03002437699308862,0.0503408568597269,-0.19349499702965206,-0.16628271135736591,-0.09614992403001583,-0.039799547214965245,0.0025058217422392346,0.12283599074840208,0.037355841896033234,-0.022164752034091042,0.011149910676640446,-0.04861734265242341,-0.007477207112276525,-0.0283587705821261,0.007047439068330647,0.02490867906539021,0.020326676411486774,0.006297534499965324,0.010704418263134025,-0.06223618182910136,-0.01860784180610253,-0.030817209699429086,-0.008866127276603485,0.03308620573678951,0.0026091688346656476,-0.010394544364462676,-0.008259678115639163,-0.009769064364084262,-0.009516046323666023,-0.01468457890945109,-0.0015868670282370991,0.004037481501535175,-0.005357392496512426,0.0071848468032344355
C:\RA-CLIP\test_set\LINE_HW\A0039294_00069.jpg,7,DRAW,-0.053510511821750824,-0.09115523422249182,0.36258814747276713,-0.000930214311492875,-0.17272518954140362,-0.19477272806325285,-0.1155278657007535,-0.004050744211179556,-0.008334765679380268,0.035045906007383276,-0.0019133608879799142,0.04025392178132138,0.034097575579159184,-0.028268561149136995,0.027079966672212845,-0.0026791798126544037,0.004482348292225238,0.060914839831768576,0.04988381847037547,-0.03386283960693809,0.021384715560665672,-0.007288557678234645,-0.05338664507963542,-0.0030600504291544628,0.05502738318787349,-0.018556998485130264,0.017958101146011866,-0.0228686050300872,-0.030142468118597374,-0.040576448738781246,0.05323513699948733,0.03883978522096163,0.027685660705016272,-0.051859353012494766,-0.060690690517686094,0.022433686119925314,-0.013187719589583298,0.07416491705985127,-0.0516643748257047,-0.03168599647517413,-0.034657144658880264,0.022538380231497894,0.045662128016435224,0.035372939242804664,0.032929818722820005,0.010537437226712321,0.01278197919866079,-0.019963525644903463,0.014951030250293663,-0.024064549666427983
C:\RA-CLIP\test_set\LINE_HW\A0039294_00078.jpg,3,LINE_MIX,-0.25719932158827974,0.07030627265164756,-0.210195891962026,0.028802034592872415,-0.03212870710330211,-0.16571809473266108,0.09447287386299842,-0.03418917434634172,-0.026462280439882357,0.013962100442758318,-7.950233192044843e-05,-0.0049713155386395605,0.09301217922873138,-0.007726732282719733,-0.02502464616898531,-0.009752069784358384,-0.017344974003295776,-0.006485249082170812,-0.009784100653933583,0.008011849754166965,0.02973553459548386,-0.008976597247240316,0.03872445106798607,0.021462537718960024,-0.011731494424804837,0.02304266484732809,0.0077193863646634895,0.007270609722117057,0.016209048668128386,-0.0049775062015182505,0.00835266067333082,0.00948640919889129,-0.020659023862842005,-0.015437964738504596,-0.008184790074982937,-0.0030687980954207947,-0.008884883713793552,0.016917450972235435,0.014403184470263243,0.0197804197265453,-0.015049039774269224,0.003525058328828748,-0.013824608267769102,-0.010320803467009207,0.0016030931912361533,-0.0005809652246616637,0.005206585720813568,0.000623176856241098,-0.010113985577358119,-0.01914288465077385
C:\RA-CLIP\test_set\LINE_HW\A0039294_00088.jpg,4,MISC,0.5071953665021943,0.13343044743983443,-0.3311118876385675,-0.09952005524719304,-0.2739885418592369,-0.10947269055752422,-0.008707202799436436,0.1198722761105635,-0.12467929259849753,0.17879746162953217,-0.2372445285119272,-0.17681874838794906,-0.19258526319667085,0.14300122656298261,0.0013112676345019372,0.07809573859427625,0.03231541077993451,-0.06637566095833915,-0.02439350014715771,0.099071009448119,-0.08645787364705268,0.056725826864365954,0.02671270693195871,-0.0825109475812508,0.042556479198568045,-0.040125478933496474,-0.08244767752015765,0.020097257228822975,0.08572173828209463,-0.05849966344066962,0.00880500775006553,0.04700119457030793,-0.04059233162915302,-0.024550624299852716,0.010932106538122025,0.031036770950354817,-0.0827942134072283,0.0053672871869843,-0.03387916349168545,0.0027481533884189603,-0.028589047146500637,-0.023476090563727,0.006150600982742612,-0.03272168055211242,0.04746802819460311,0.005216118007518657,-0.025193350029934173,0.01747671186912613,-0.008311441834266188,0.011855777787186961
C:\RA-CLIP\test_set\LINE_HW\A0039294_00106.jpg,4,TEXT_TP,0.4921560908565383,0.12117801072115734,-0.055300583974689996,-0.18550362449878413,-0.04176224858767391,-0.11982996826321332,-0.0038683905941760298,-0.007794111595695225,0.1162722713223991,-0.14191183323626408,0.16854301392395543,-0.04390600480089258,-0.09087429561181438,0.025231513436230407,0.04016026063342289,-0.10208348639684774,-0.053704539424436835,0.06501346484929457,0.0549975044978754,0.048612471451489656,0.11990099320497946,0.0022879062912441648,0.07455302080319112,-0.0107256432570984,0.0628540134159911,-0.07108428178307852,0.04736506749453865,-0.03789251118440227,-0.018722778314313574,0.011316497371632738,0.020805935480871562,0.014706445244984141,-0.04362064370821147,-0.011776690499957845,0.05395946669621334,-0.16244341321374114,-0.05259480887652691,0.04007790421585924,0.016389364647490957,0.04638235296334722,0.09011472280380604,-0.009968665041023263,-0.02462879536618839,-0.01935256352268707,0.023185167172536714,0.02317110158864306,-0.012566263913329106,0.012597801288971042,-0.015897192511688685,-0.011366948623531567
C:\RA-CLIP\test_set\LINE_HW\A0039294_00107.jpg,2,TEXT,-0.17529509772128815,0.11685474279748513,-0.028683045949092854,-0.04028184572581413,-0.09817406865050463,0.11779938952108845,0.06855842894828154,0.019542926936285697,-0.04971830231332955,0.07291109017058928,0.0029501650180732745,0.03650970076536721,0.03262463437401015,0.06169200073115768,-0.01830176433475653,-0.00043832669473027326,0.0002952874912931208,0.0915397172068674,0.005438438465694041,-0.01363757824194519,-0.0002523188945593004,0.014869833360661756,0.01200307456958043,-0.027832017873297362,-0.010090220866174357,-0.05025856737689408,-0.008581141384677336,0.0016259963980032892,0.015587466475687711,0.0046275044381805285,0.007046383198065771,0.007898287892587634,-0.01680689492315574,0.050564889258351044,0.019361584287120138,0.010564079198936914,0.003938468005875651,-0.04195191205172825,0.010919763647694978,-0.014495057899282168,-0.022097300175905027,0.03477527115732288,-0.028900935767082594,0.04014350118272162,0.0002019221921680394,-0.0006419465708592997,0.03038767310859357,0.004639679836138084,0.011194033222110555,0.02251395713482618
C:\RA-CLIP\test_set\LINE_HW\A0039294_00145.jpg,0,PHOTO,0.016359897045777765,-0.5141687966055377,-0.11930965795882906,-0.061756294721016895,0.02099731469452432,0.059659510046173474,-0.05162254629440976,-0.03868544617021562,-0.21789227342033296,-0.12273516918102834,-0.008985478984537469,0.016693398461710807,0.05650375992986652,0.057262205497575075,0.058653157974568555,-0.028878295323598598,-0.0863430249038788,-0.08782616600503128,-0.07384762809628234,-0.0518251177080904,0.03459357243326118,-0.11601726367232684,-0.08529499843286224,-0.06608637730278917,-0.07064225619102747,-0.10509869158635164,0.02737215677612564,-0.16017306948896165,-0.010254920862748285,0.059433255479488134,0.0015702629460780466,-0.09143542946846772,-0.010245027428080516,-0.14084343756532788,0.005342858005968968,-0.023451279320905793,-0.039429037038716946,-0.09701170446557404,0.014891892314025702,0.0001617826073946403,-0.05219736742271002,-0.0352533472014915,0.00597170827448471,0.004070189618659555,0.006581996644010556,-0.0041918719908403314,-0.00728303278654724,-0.02664826311254923,0.03289783897584487,0.002351086416987152
C:\RA-CLIP\test_set\LINE_HW\A0039295_00053.jpg,2,LINE_HW,-0.1634016154794096,0.18255528536487525,0.0288388163053245,0.029164244797203368,-0.050368686317992635,0.07464154008308198,-0.1316501765069718,0.026510224733060007,0.07927413110264718,-0.04438112903965828,-0.0645183491216565,-0.015342060722934188,-0.01111167199874322,-0.005891226288743778,-0.03035391040516989,-0.09491472382715828,0.07877080748362449,-0.030296435822968027,0.01746963738917077,0.006848051106649448,-0.008446900236556166,-0.0352315415297605,-0.018188472563600934,0.020011910206092852,0.010393949715659132,0.02160675708157139,0.024108787412599978,0.00024321382861723024,0.03687340253001537,0.0073575793965458035,0.06324463639845578,-0.009184551990545931,-0.025773600230449136,-0.015268454267532587,-0.046169880353466364,0.0031201044759805547,-0.01783588676720774,0.015886760058702525,-0.0009672515037906474,-0.014853007040823324,-0.03802818746989591,-0.004666244332949361,-0.03184161529901965,-0.021361265683776335,-0.01924860485653471,0.003165986029260817,0.00876459049364631,-0.01242505674978648,0.0020669708580294934,0.011924588339041961
C:\RA-CLIP\test_set\LINE_HW\A0039295_00060.jpg,2,LINE_HW,-0.25459828028996057,0.12689743405743525,0.011542966182670294,0.017302462787698716,-0.10152959667928607,0.03872952733213319,-0.1058813932610544,0.0004786782743309802,0.08233077178016251,-0.08535602067345077,-0.06529727165857165,0.019830244341956432,-0.05610436826662148,0.009488405572871254,-0.024157569415775577,-0.06520586435773278,0.015262286463310203,0.016242433481501065,0.044268687546825884,0.011056894887880588,0.003219334365949787,-0.041771434890770745,-0.014710270729927347,0.016138973714340137,0.011712111540497934,-0.01204267443355911,-0.010406555645459179,0.016547316563344888,0.04192066540526615,-0.017481760404073902,-0.004186198301408621,0.01441901857825093,0.009757475325231026,0.02401005426612051,-0.03414064242417873,-0.029327859245789033,-0.0029906056480738766,-0.021930347321504937,0.01324612346468698,-0.01787784396000665,-0.053519363630504434,0.016088159231138648,0.019642074425855215,0.00670000543908536,-0.008867808699310897,-0.012316820454589464,0.02661857706276836,-0.024537881792969913,0.008366778346285818,0.00023988574144053452
C:\RA-CLIP\test_set\LINE_HW\A0039295_00077.jpg,5,MISC,0.319181675838423,-0.016275744295846648,-0.007053174174468582,0.21444404928424943,0.09965991522596312,-0.08868414701885344,0.13039967513159534,0.4753278871702237,-0.0063580823213545586,-0.06639424201661563,-0.12180346122989201,0.18531901684120655,0.0008321223341655231,-0.013804080914727014,0.026026369867164195,-0.008966088373197002,0.01692690658418262,-0.06779560118592812,0.03170266712345019,-0.1998942051546927,0.07665936818761114,0.038219781463499206,-0.004894671907570885,-0.04015008053591679,-0.03770049386505126,-0.017206974266473076,-0.02953122769963725,0.014588295069233922,-0.022394408975547373,-0.003172228204854925,0.012535320398210306,-0.017106507856231006,-0.021548400044946826,0.030178319337638652,0.011212462429304754,-0.011299534158753231,-0.02363089791523799,-0.020689017122688603,-0.029446851171229096,0.0002380388358168509,-0.003683601217742295,0.0367724505278785,-0.0031378032222676286,-0.0053576855495876315,-0.03321371181198802,0.01296343038717944,0.004178378616262281,0.03645455676911264,0.021803246215941315,-0.0431995623732017
C:\RA-CLIP\test_set\LINE_HW\A0039295_00109.jpg,2,TEXT_HW,-0.016572601220283447,0.0023367339318382274,0.2582155094929084,-0.11013056083034616,-0.1085395938953271,0.17911521348562476,0.053663963331645366,-0.03045144118266748,0.07528040493656316,-0.054393454902088134,-0.16418833662470214,0.009342324861549107,0.03906891067740787,-0.033814324013277275,0.02312020976053362,-0.03832531614276086,0.13423867354071092,-0.07597332729560528,-0.03777528186325555,0.05684774036317662,0.016586376594691185,-0.020208657799582704,0.0051177143712633376,0.03040577286591997,-0.015098091412254619,0.10106150244556075,-0.0008424799028785549,-0.009998799581234114,0.0011702826054611059,-0.007895362407034727,0.08304805131566567,0.039902795559898986,-0.05534519551413845,-0.07450453775409882,-0.003135202989260965,-0.025558549198481953,0.032345647546858286,0.007446087798942236,-0.055829940241860235,-0.024066333517081276,0.038600296332297356,-0.019782340719674014,0.026573278352244444,0.03367491888918411,0.051194636245173765,0.02309319429039697,0.024323686853133797,-0.03403881535139343,-0.02822859603383826,0.0057917527166398575
C:\RA-CLIP\test_set\LINE_HW\A0039295_00114.jpg,2,TEXT,-0.01002951452015317,0.16428737490013323,-0.017338677414548347,-0.030536296603911665,0.004848589608853333,0.1718882218719846,0.03490786270372864,0.017399534636314096,-0.08642677217854046,0.09175189790970685,0.123137584786345,0.026775550089666762,0.0201565044013466,-0.020278821217537286,0.07180384641005691,-0.05365186678506029,0.06315287627448822,0.07736793714044482,-0.05593129811045161,-0.05639056775733451,-0.03896421970609483,0.04355110901622358,0.05185100025187722,-0.06077624665453836,0.012021367008819941,-0.06658573564579057,0.02334913384727279,0.0283382826506644,0.028588646949815878,0.03125219843115872,0.04441949144777671,-0.00777833079596362,0.008840571254600473,0.014433619543619958,0.013617872046026325,0.001898504634203326,-0.020063667928417635,0.01889908113079105,-0.016398558559739033,-0.020366021111961938,-0.037301592638233176,-0.02871820124666664,-0.020703751231170447,0.002341157774782432,-0.01793933948435636,0.02813910673275433,0.03474170007292895,0.0014041004189069765,-0.012037586365799246,-0.018765282113492772
C:\RA-CLIP\test_set\LINE_HW\A0039295_00132.jpg,6,TEXT_TP,0.11538942398411918,0.052142928858458136,0.1810187491787201,-0.12819456234691856,0.23943215789071576,-0.08325377316823213,0.17294741629504753,-0.10631530860548291,-0.025602078161818472,0.03265539615301029,-0.0624506382487679,-0.00547101106613377,0.003890656324642474,0.005705416725621918,0.008774556445265034,-0.043067381855046716,-0.009240957151061267,-0.038734867305343125,-0.0053876956047490135,-0.026751551667860064,-0.0028850861597687805,-0.011343484588821472,-0.00956906741381219,0.023001442621919558,0.038230958627080855,0.023405764998128114,-0.006785707771862796,-0.027270362464062104,0.008177651313053128,-0.007565067682532919,-0.0019510677724520406,-0.005074402715580303,0.03771092131790429,-0.010055779833049809,-0.00012984115904891884,0.01221016070421803,-0.03455684930772245,0.006807942131985347,-0.023870452480547682,0.012904390897324576,0.015506394040617476,0.01184173509560494,0.03948693460729469,0.017081976773537375,0.023484361769273144,0.024854445140924566,-0.020173044454209584,0.02745173110101044,0.01923540418663157,-0.0020830000569041175
C:\RA-CLIP\test_set\LINE_HW\A0039295_00136.jpg,3,LINE_MIX,-0.25719932158828,0.07030627265164754,-0.21019589196202607,0.028802034592872408,-0.03212870710330202,-0.16571809473266114,0.09447287386299849,-0.03418917434634171,-0.026462280439882354,0.013962100442758267,-7.950233192044184e-05,-0.004971315538639459,0.09301217922873119,-0.00772673228271973,-0.02502464616898533,-0.009752069784358329,-0.017344974003295793,-0.006485249082170822,-0.009784100653933573,0.008011849754166966,0.02973553459548391,-0.008976597247240318,0.03872445106798605,0.021462537718960045,-0.011731494424804853,0.02304266484732805,0.007719386364663504,0.007270609722116995,0.016209048668128508,-0.004977506201518189,0.008352660673330936,0.009486409198891214,-0.020659023862842067,-0.015437964738504664,-0.00818479007498291,-0.003068798095420823,-0.008884883713793501,0.01691745097223547,0.014403184470263113,0.01978041972654537,-0.015049039774269302,0.0035250583288286533,-0.013824608267769005,-0.010320803467009164,0.0016030931912362637,-0.0005809652246616025,0.0052065857208137495,0.0006231768562410349,-0.010113985577358115,-0.019142884650773954
C:\RA-CLIP\test_set\LINE_HW\A0039295_00141.jpg,0,PHOTO,0.015809615845672885,-0.5030309777162009,-0.1175568017093,-0.03383247776532553,0.053241009069734314,0.06779680995714975,-0.040859893685427105,-0.056786619947337996,-0.1782990389361906,-0.06275724736590232,-0.0019188718415077517,-0.007901973812919778,0.03486976560936178,-0.03670888867440319,0.02253066044049503,-0.02589703085355229,0.06486717412811395,-0.02969310460760239,-0.054410146501221654,-0.020859723840138688,-0.01931258675243814,0.029508403594658526,-0.01389053022167679,-0.05009283752230927,0.0013849093282863648,0.03955893939840396,-0.02615356589751197,-0.014512446733015709,0.016646404445596154,0.12229218437789421,-0.060224207458244194,0.07888716126126599,0.0695846099951561,0.06262831649029507,-0.059960861219192765,0.005433766153781519,-0.01167776650677159,0.08052563963476511,-0.047770087382469496,0.03499197929502491,0.08791053245688174,0.014223185258392617,-0.02574312206609448,-0.005192521390869462,0.045612486469130804,-0.013742464344485993,0.03069709839785981,0.0053324029138055885,-0.034003391809163154,-0.004219636428124244
C:\RA-CLIP\test_set\LINE_HW\A0039295_00156.jpg,1,LINE_TP,-0.03371298578349374,0.20950196660951836,-0.10122303228499684,0.03688311992535995,0.2524318092136881,-0.005475868773614112,-0.21467333652560594,-0.0025931217325011217,-0.007685149666730707,0.017112505882883256,-0.06901265257642816,-0.07523522543404727,-0.02274782454992699,-0.002111000725659642,0.0429679556431648,0.028320626827043945,0.0401466548538828,0.04336042614099426,-0.021710092779070628,-0.014542688169945677,0.054496697702279315,0.016681162218816062,0.03305400849785085,-0.017597888194096818,0.02505442424742752,-0.03065458388701915,0.014467179228458435,-0.012807485717861347,0.0037188463207450772,0.03516739607463093,0.038562462994554535,0.007533291057160541,-0.05505016981770725,-0.017839078296139364,-0.011299880188590994,-0.015367420321721975,-0.01840579428207211,-0.024417678052685566,-0.0025395855092802057,-0.00840206096479275,-0.011144545052981363,0.008508210631977618,0.04082240471404114,0.026172645975075116,-0.019246733818608856,-0.009550232417828389,-0.018576184514441974,-0.03485995457480267,0.004684943217405957,-0.018704563372882448
C:\RA-CLIP\test_set\LINE_HW\A0039296_00033.jpg,7,DRAW,-0.06690522091510956,-0.008202608866061242,0.3290920671827951,0.026925453834874,-0.10476726629852007,-0.1314765452145608,0.0029365413536741273,0.007750765025410221,0.06454068076743563,-0.04303776784799045,-0.020805407534259343,-0.0735352968497102,0.005957908364750794,-0.039066087501389006,-0.007330017415577412,0.027899193373705885,0.061882804155292105,-0.0765485747426796,-0.036222119055024246,0.008319910487909202,0.030757188434486573,0.058510434601206904,-0.03798341449632927,0.01182063508602716,0.027921174785853473,-0.04201822246848044,0.05340183927219131,0.013803234236835481,0.05331435843602034,-0.017025357300366674,-0.07189701208796655,-0.007123183236970178,-0.030454455094660143,-0.02985546714004595,0.014263675923335249,0.036578419321974455,-0.034644548256212604,0.00265665072620654,0.044222315223659145,0.02348759898337103,-0.0004687403852421324,0.005825427199780005,-0.04366033015595369,0.04777722943185817,-0.0063402507639561895,0.0002584976560058964,-0.021732828697363673,-0.009428285494393611,-0.012327669329328885,0.017583865356542463
C:\RA-CLIP\test_set\LINE_HW\A0039296_00048.jpg,2,TEXT,-0.030782059928576928,0.08256259539949722,0.08234658200514006,-0.003471782889837095,-0.008013310282772815,0.18531412865728655,0.03318732964602481,0.04079214425109157,-0.07028654303734594,0.08170590171166885,0.17643805823641878,0.007047686601993607,0.01027756341201234,0.028550207022964874,0.002155826520178548,-0.023870565336901347,0.05056001203675071,0.03516119528868252,0.026548720358868357,-0.03545351808901508,-0.038706611595513196,0.027968496599580648,0.06828888048012194,0.028890243733651635,-0.006708454423303356,-0.04847480054230831,0.034243657763497144,0.02141389751562511,0.0403563111658325,-0.016951332253345976,-0.04469764623255292,0.00928013872925799,0.05281176037851733,-0.05067600025818943,-0.04306572340210417,0.04415670098780676,-0.006165771529774044,0.0005953136919478387,0.0033820555795031136,0.04199469570176074,0.010975438795434332,-0.026195926163868778,0.011072607195600447,0.006972516062242742,-0.012932361032882535,0.014731484813403948,-0.028240792468982177,-0.0015991515404314436,-0.010167730691725023,-0.010810338710088314
C:\RA-CLIP\test_set\LINE_HW\A0039296_00060.jpg,8,MISC,0.48774273694616077,-0.12760730495459233,-0.146113232333982,0.21431572186740505,-0.022810380266760598,-0.05197629823271432,0.04408558573975186,0.188453185863473,0.20956373502295567,-0.07292954877303238,0.1158776988442277,0.09575009975862635,-0.023082728287914488,0.3909482963371461,0.048323427240684745,0.2293694724682573,0.15206528744862546,-0.02925771499604055,-0.14277926101058064,0.09947357709180926,-0.009398836548117925,-0.30760441374767594,0.15371027677033422,0.045714950258696575,0.18066076974278394,0.1071655542787412,0.07999566125547719,-0.03147386849052421,-0.02001846534598497,0.08441645925609315,-0.0871808442037963,-0.06720214650480859,-0.008441335775054676,0.010752649334600139,0.03648747631557878,0.05068021819987231,0.025356445626874405,0.04846121025671812,0.010811628599314232,-0.014983956253278632,-0.03278095136674036,0.013385673562212133,0.021193332315614245,0.0352620025362431,-0.0315653755005846,0.013567291354980268,0.021212276176475586,-0.004187563613930042,0.020724537101397367,-0.01951343602039391
C:\RA-CLIP\test_set\LINE_HW\A0039296_00135.jpg,2,TEXT_HW,-0.16502912901197175,0.07883177825455044,0.045741689847454456,0.07456095394100125,-0.010377350974075212,0.04929268897251898,0.035614248105934894,0.016203467939163017,0.01656865755985938,-0.06772762959345051,0.06704212533998105,-0.09589746256612797,-0.0463019643912967,-0.07198627930594462,-0.018399714087874462,0.019994813796237583,-0.04633216169879139,-0.016066023626609662,-0.03218663329178182,-0.03213189110046691,0.019215408035663805,0.04151683775705626,0.0167342472261651,-0.01339490975210959,0.04939643091375832,0.002807072698776708,-0.022896464152698942,-0.021783176910921753,0.011479945590654642,-0.025501360470003655,-0.02081936522464739,-0.030822521207384233,0.009708497049015725,0.029175189018664643,0.021752775628556594,0.07424116211933433,-0.0029714364635787887,0.01215601411571656,0.02351588650649704,0.028260414718186872,0.025525629911266154,-0.015373064510651435,0.03780764131106185,-0.0033817569902594487,0.010616088232966375,-0.023565233000375007,-0.004597681275153674,0.015838856826685968,0.007038591232976886,0.015810744251207282
C:\RA-CLIP\test_set\LINE_HW\A0039296_00146.jpg,1,LINE_TP,0.0022105555619327246,0.19276881908524274,-0.05877041150285166,0.050567971384443224,0.2878355276909281,0.03948786988511661,-0.175406608816814,-0.00390873009925859,0.0008527104963133835,0.026648995234415437,-0.033877576526448135,-0.03548707280526075,0.02231358815965187,-0.0069756542378678985,0.0054633529181961306,0.035818102318109196,0.04467826308291011,0.0030406856572938643,0.001745393247719267,0.012397553821105698,0.025858241836298052,-0.0004910155697199004,-0.0037709651981658347,-0.014554355331068336,0.0010946117799147616,-0.02309100514253165,0.03202871262066355,0.024518741360333895,-0.006287340952971012,0.012466464708077862,-0.00672538396032993,0.026907217177352002,-0.014981201454863072,-0.04775820995865636,-0.02168935650486961,-0.008037197442550818,-0.009051736542587967,-0.022570122204093573,0.02349115789622408,0.016447519001481566,0.014227437245028791,0.0008750229602998018,0.01651026047790218,0.0056289656540726525,-0.009509257972695235,-0.037207182022474444,0.002231123094193346,-0.020402461541602038,0.010012015502466175,-0.006963765036398606
C:\RA-CLIP\test_set\LINE_HW\A0039296_00168.jpg,6,TEXT_TP,0.07498420745473994,0.048301780635998916,0.18793208994047542,-0.12117354502533063,0.2710255267303284,-0.05731876034922055,0.15332089098104454,-0.06950669819837019,-0.0010379561089290312,0.03367981123191618,-0.02989849322191786,0.005963029587541474,-0.03230797798912489,0.007128587119961332,-0.026028645155456463,-0.022560447985446933,0.006260161465647178,-0.020945662249721966,-0.0010590673948299041,-0.012672411009164632,-0.020537722156263694,0.002465035396822697,-0.023533720012790593,-0.002516955324022937,0.028380546208344404,0.017793153330725626,0.026070805526470422,-0.021309217392898434,-0.00776672538183366,0.020965126400872836,0.027778649851663624,-0.02246507403514496,-0.003787075693371827,0.028293827139209048,0.016208707792873242,-0.010603479046668612,0.002480690339816935,0.0186142914401321,-0.041242468117761354,0.011683436249693386,-0.012965898388058384,0.0029500540754672446,-0.031124209504775225,-0.03228791058591871,-0.015322804242157819,0.0017287901771526745,-0.025162281565760006,-0.002273281210329106,0.02169828894197353,0.030219683516874835
C:\RA-CLIP\test_set\LINE_HW\A0039296_00172.jpg,2,LINE_HW,-0.27650220518639795,0.13570117822240377,-0.032146490566711095,0.041779855183842626,-0.10479315087963122,0.008406336510003951,-0.07764853376645159,-0.023672911041265746,0.0634341883501978,-0.04212766856320683,-0.08184465407262036,-0.03856157743922965,-0.038045077223092444,0.01029621679638329,-0.013924517835304438,-0.06482131397765152,-0.0104902296370033,-0.002859937152501673,0.024204176130110232,-0.01968680136206265,-0.013378911493202457,-0.04915300707453855,0.005305265014806301,0.04758729101734621,-0.0003280853728230656,-0.01783472862145238,0.007723011373675703,0.007837302361147493,-0.0030354427033057936,0.014140104665029666,-0.006690953582157619,0.01043296355968162,0.017167940206890026,0.04077522863746595,-0.026433633681540798,-0.000820952959309401,-0.026678630732979557,-0.02271410007114426,0.01933079682160083,-0.01969045249831876,0.012554424823659517,0.010041571463907802,0.01283898066592184,0.019153693096027526,-0.020043442560766057,0.012412615478997139,-0.000142256921066705,-0.01875811529710676,0.008681515230714774,0.011642632809473029
C:\RA-CLIP\test_set\LINE_HW\A0039296_00191.jpg,7,DRAW,-0.010065835704362024,-0.06281440926544793,0.3202581403967839,-0.008718206443430902,-0.10287087121649338,-0.10806696928912983,0.06649887508057638,0.007331549993377352,-0.013443359014743902,-0.07600267241180089,-0.08798441353949893,-0.11678944566294913,0.07981719212552774,-0.03826094469095286,0.07765854679435233,0.08534191529103714,-0.021632476650570165,0.010367107262611105,0.08735503194788774,-0.031036874362406548,0.015976997702794305,-0.009035646609006655,-0.042511357224323934,-0.02674307723691871,0.1024454876492145,0.021798013072607803,-0.006329711406654369,-0.057826716930615,0.004383047655460915,0.0335203570316689,0.00896905536081007,-0.008577133548474399,0.014209939289079225,0.03166131818707676,0.003138624880590544,-0.054754986770314484,0.029224529271536293,-0.011556367440094703,-0.047188293652421796,0.05722403418889886,-0.0006288788088833204,-0.04977249136110115,0.01401796113340106,-0.005533286493523137,-0.03253927103470871,-0.013690821564791103,0.0477434015240345,0.027769320667902303,-0.028686931621662453,-0.008486857769404116
C:\RA-CLIP\test_set\LINE_HW\A0039297_00075.jpg,3,LINE_MIX,-0.2753818682251171,0.08829194425089429,-0.24801958543553446,0.04233010275816823,-0.03768523314161683,-0.15267316434991932,0.07948234022904534,-0.018370772692326672,-0.011486824145413632,0.008279578045434997,0.029661125071226303,0.03472637317815876,-0.028293585261776413,0.0204576506166853,-0.012013387930746976,0.02502529046464434,0.028490294224861226,0.027409892193706282,0.009167371454146863,0.0045652984350132465,-0.00297246612934236,0.008925308255938878,-0.05179235871970538,-0.02508248199511188,-0.01923641325137107,-0.0012267348188719435,0.0067541913665009915,-0.0054487769558949324,-0.02223956352345115,0.003076949087018686,0.00020527110944475855,-0.0016641350658642105,0.00291114541339244,-0.00042276201814922277,0.009231565351223233,0.0017459258904459955,0.01901102718385266,-0.014044562216822825,-0.018340896433122558,-0.015866591843040838,0.026422066896204993,-0.01187785238183707,0.014964640818648853,0.003141726289920861,-0.0003938930850756656,0.00047816243428778913,-0.0028031580438742524,0.0007096445850091792,0.013788725687323049,0.008227869044375467
C:\RA-CLIP\test_set\LINE_HW\A0039297_00102.jpg,0,PHOTO,-0.029305821468835782,-0.5956074925683087,-0.06332959312115892,-0.10925589156366866,-0.004094209574495565,0.0996173458044252,-0.07125798676287856,-0.0034967898393267667,-0.11704301480608931,-0.1400188866604454,-0.039377869667072546,0.008405227382676453,-0.022693885085518322,0.00981603224480579,-0.07374055479596321,0.019200724595109395,0.01713268050302437,0.018972252198301294,0.023742768218944728,0.054450512665931414,-0.015513825590363668,0.020335299422608963,0.0018684546815846415,0.039494413476099596,0.00698313051730372,0.045593767742064036,-0.0426076663829185,-0.016690552813353923,0.019503554609537045,0.03252983030235109,-0.009128174365481648,0.054963922290994734,-0.04940752483259998,0.0575749448661494,-0.02752785305035293,0.015111599327030998,0.052139284338037564,0.04057132853364539,-0.016791270885653364,-0.049838445094267596,-0.06411136799436935,0.08128696408645282,-0.01742186447475001,0.03434067113116332,0.021797943901978378,-0.09863648886032789,-0.029341641344049638,0.029419233594133728,-0.01874207725763261,0.00527588225580768
C:\RA-CLIP\test_set\LINE_HW\A0039298_00029.jpg,0,PHOTO,-0.02049534547732686,-0.5112892814886854,-0.06515175985494073,-0.020299073852179234,0.026891188574903854,0.05289068307961124,-0.04611529341043901,-0.02336242325629024,-0.1375947380123503,-0.11442097467673078,-0.0018610250920143118,-0.00543876746184126,0.010043756698085105,0.0432171040774778,-0.0139973033831569,-0.03777806149659921,0.05699340539405802,-0.02072643342185962,-0.011435965364648538,-0.017604631430040464,0.02283118436521467,-0.021135863331849268,-0.07129917283634704,-0.022681227268978296,-0.04045313885865165,0.04485041810961692,-0.1362492427943223,-0.027299739019841448,-0.013603347042088154,0.16324710798136655,-0.04074246501565384,0.17540846700453402,0.04210567179442284,-0.023151563193271416,0.013261944261462896,0.030643290591039634,-0.01914417394231414,0.049231316593098734,-0.027625945353747947,-0.08256490328881624,0.035733563199118065,-0.03678435061505723,0.004920953438701387,-0.0074858912437169205,-0.07156061140169105,0.033641185732204815,0.0050009422031112565,0.06954080534971407,-0.1764666698396015,0.015364263755854809
C:\RA-CLIP\test_set\LINE_HW\A0039298_00040.jpg,3,LINE_MIX,-0.2753818682251171,0.08829194425089429,-0.24801958543553446,0.04233010275816823,-0.03768523314161683,-0.15267316434991932,0.07948234022904534,-0.018370772692326672,-0.011486824145413632,0.008279578045434997,0.029661125071226303,0.03472637317815876,-0.028293585261776413,0.0204576506166853,-0.012013387930746976,0.02502529046464434,0.028490294224861226,0.027409892193706282,0.009167371454146863,0.0045652984350132465,-0.00297246612934236,0.008925308255938878,-0.05179235871970538,-0.02508248199511188,-0.01923641325137107,-0.0012267348188719435,0.0067541913665009915,-0.0054487769558949324,-0.02223956352345115,0.003076949087018686,0.00020527110944475855,-0.0016641350658642105,0.00291114541339244,-0.00042276201814922277,0.009231565351223233,0.0017459258904459955,0.01901102718385266,-0.014044562216822825,-0.018340896433122558,-0.015866591843040838,0.026422066896204993,-0.01187785238183707,0.014964640818648853,0.003141726289920861,-0.0003938930850756656,0.00047816243428778913,-0.0028031580438742524,0.0007096445850091792,0.013788725687323049,0.008227869044375467
C:\RA-CLIP\test_set\LINE_HW\A0039298_00082.jpg,4,MISC,0.5071953665021943,0.13343044743983443,-0.3311118876385675,-0.09952005524719304,-0.2739885418592369,-0.10947269055752422,-0.008707202799436436,0.1198722761105635,-0.12467929259849753,0.17879746162953217,-0.2372445285119272,-0.17681874838794906,-0.19258526319667085,0.14300122656298261,0.0013112676345019372,0.07809573859427625,0.03231541077993451,-0.06637566095833915,-0.02439350014715771,0.099071009448119,-0.08645787364705268,0.056725826864365954,0.02671270693195871,-0.0825109475812508,0.042556479198568045,-0.040125478933496474,-0.08244767752015765,0.020097257228822975,0.08572173828209463,-0.05849966344066962,0.00880500775006553,0.04700119457030793,-0.04059233162915302,-0.024550624299852716,0.010932106538122025,0.031036770950354817,-0.0827942134072283,0.0053672871869843,-0.03387916349168545,0.0027481533884189603,-0.028589047146500637,-0.023476090563727,0.006150600982742612,-0.03272168055211242,0.04746802819460311,0.005216118007518657,-0.025193350029934173,0.01747671186912613,-0.008311441834266188,0.011855777787186961
C:\RA-CLIP\test_set\LINE_HW\A0039298_00102.jpg,4,TEXT_TP,0.5138780135838781,0.14256447706510786,-0.021078768223031636,-0.2439897258598098,-0.12555235234328618,0.03934908002777143,0.03263104529724101,-0.06918183351213003,-0.0339448433728338,0.00847662338809997,-0.011323670285259676,-0.035608625165718985,0.11520282823344376,0.03296754300199399,0.046073586632385484,-0.06429624193942121,-0.08903761213000927,0.0675588453084147,-0.07134504509122998,-0.08628586144534484,0.06281801235061105,-0.08352528656632154,0.010253585497072823,-0.002148362411683041,0.008538823746594279,-0.049352872843937814,0.03964954617942401,0.10506881003702694,0.04961945888611972,0.0031982978723154214,-0.02291983733973604,0.014012420471760115,-0.04784842234594726,-0.059259956207921426,-0.023453280354551128,0.04844861332342687,0.05028269714894813,0.03187391880095917,-0.0768077630004362,-0.08541400036697172,0.044787690666114016,0.07454057529273014,0.00029689297186527927,-0.04588702203107911,0.009686856802548322,-0.015588138230735151,-0.04418755624165255,-0.007820218746580112,0.016036167437384462,0.06133192337405
C:\RA-CLIP\test_set\LINE_HW\A0039298_00152.jpg,2,TEXT,0.06588431294658445,0.07272383644602028,0.13249843177034468,-0.09766296255128327,-0.10545588125517248,0.2276332327907498,0.030366383444984997,0.01506373145282063,-0.06782063152340131,0.07842067789370846,-0.042535351637295056,-0.024122579337274932,0.17922700773105188,0.05606739562528319,-0.06606106367619202,-0.05116011519082034,-0.013312246313523537,0.0651853017571057,0.0016053941735584872,0.007419107035516041,0.02035992127945112,-0.04244736469716422,0.03838161818933124,-0.021652335153070208,0.037816331999587935,0.011625972475938865,-0.08000915470095639,0.0034103530063703336,-0.020230619424537428,-0.02076749096435478,0.03994804688269419,-0.002850243343408194,0.014011037289062925,0.023357316263863316,0.016307759916740574,-0.04458872375870586,0.040238560584994386,-0.00437418873287378,-0.006676274469965753,-0.0289528091937176,-0.05028542464110115,-0.08995162874740285,0.01225523028824157,0.023544594153672518,0.02122183838530292,-0.034245060527201054,-0.036994727404022834,-0.0012874778423095574,-0.012711604913958768,0.009388504073124932
C:\RA-CLIP\test_set\LINE_HW\A0039298_00155.jpg,7,DRAW,-0.1235822436458199,-0.08513540993727074,0.3064157861474968,0.009746381698691919,-0.15786913588668103,-0.16002524321222733,-0.09108143533378149,-0.027836343503602836,-0.015252017612141434,0.016864354727215383,-0.019125969298793073,0.029290998126607792,0.028854435798230396,0.023750771999457854,0.032733344422321016,-0.024833826602844698,-0.059888620357956925,-0.0019018099629295503,0.02350785637944276,-0.028850496095757735,-0.001096256976299069,0.019939556136710224,0.0007042583898355713,-0.019248236115436784,0.02110440404687431,0.022456101279009547,0.00922628671341301,0.013884486776350088,-0.022025507628799013,-0.004642406116423135,-0.04036178146909478,0.02062716235167688,-0.008765393058657147,-0.009445388996879188,0.015560272851142889,-0.017892467191246493,-0.05023395513212103,-0.0283362934885702,0.0024462938749490134,0.016309071539683074,0.014842413130223888,-0.009309259475182258,0.016807644817657178,0.007436658886175423,0.008184679256671929,-0.03021412878370973,0.021384821585758412,0.03445419711810798,0.025902412377936262,0.015618473635299416
C:\RA-CLIP\test_set\LINE_HW\A0039298_00186.jpg,2,TEXT_HW,-0.0021194882777463148,-0.040937358860610375,0.16570976189393488,-0.13260090275292252,-0.16886258607020202,0.1482075340455872,0.1225963240443348,-0.04216275810978586,-0.011576058622936375,0.05556434256181788,-0.15583667831180106,0.01731696795989529,-0.0053261960490841,0.01637486732728805,0.02379774866355612,0.08511587668645866,-0.060631710853756494,-0.05628942463782849,0.04725385420110154,0.026419058163213074,0.05554732926892857,0.021444525432886455,-0.01335062549533423,0.05370739166745401,-0.09947172397696677,0.0018862896499488267,0.0645833703572423,-0.05553098607993677,0.06389944569949986,0.030902367722108366,-0.03729191618634912,-0.040630307416973675,0.029162859288345038,-0.005406398928806622,0.011961471275971861,-0.014815923838586204,0.014840432856572638,0.028959531140576877,-0.008783667974112883,0.022907215754228594,0.020912350920197678,0.006139328205297262,0.05398326595550772,-0.002844525975333758,-0.022774674481329558,0.00461246143185355,-0.06627031640585293,-0.026250579227662045,0.02196681959028566,0.017990895713712155
C:\RA-CLIP\test_set\LINE_HW\A0039299_00033.jpg,3,LINE_HW,-0.2520099272273371,0.1661256408949444,-0.10101055747374721,0.03472554586996111,-0.06562023488430792,0.009884835191878565,-0.061340582208973954,-0.023761204257515593,0.053218632322885644,-0.03304789474145956,-0.04696794854985779,0.002846299967915111,-0.03557845162263211,0.00977799184801712,-0.0013876195049950862,-0.08897897655808917,0.043145968722884814,-0.019503163194005555,0.0005398555506277355,0.0031279882947137477,-0.0531506894409895,-0.0513184614364458,-0.005451384434720401,0.018414922733390994,-0.0064799137516968405,-0.024211716387607145,0.00857634465645722,0.02599874424851974,-0.025027537380040515,0.007825788356006006,-0.011995275112681232,-0.003045017189404106,0.028385201399775475,0.004555503634389383,0.01718274917183997,-0.0012802766033616617,-0.02286989897688879,0.007519601057775347,-0.00260373112515926,-0.029503368589024588,0.0384795368479068,0.003065142590489088,-0.019888344897112435,0.030256810460297896,-0.008847213765946679,0.016560082563464053,-0.03183707138035646,-0.007452693947425034,1.6640583461567374e-05,0.024968536158845454
C:\RA-CLIP\test_set\LINE_HW\A0039299_00160.jpg,1,LINE_TP,-0.06593997122087215,0.14114838309431113,-0.014963259590168646,-0.04894034976417037,0.2595700101053547,0.01876744248145205,-0.13501097842721071,-0.05492327028615065,-0.005252432123065161,0.004951322135482666,-0.04052519570271655,-0.009776672722512588,0.01660982038811936,-0.02891158452237251,0.0706443061701544,0.0512663241591895,0.025742916436755237,0.014113769164108126,-0.04893369000673221,0.009610967161693428,0.035977886527008854,0.024538083319865366,0.03911557707513291,-0.011112209663902691,0.03425777579280622,-0.00681407869603287,-0.0755600898436789,-0.010515747682137946,-0.03876934659760046,-0.00361252511353718,0.025178634460702082,0.0031767820587853494,-0.06813475795065889,-0.008777077324753397,0.008050380959774547,0.05230755415438973,0.03595207126595576,-0.013902333027545606,0.024538499676108754,0.025057020408395907,0.01993107151835775,0.004971940385695868,-0.007883993242340405,0.002688516492102216,-0.0071260041773725845,-0.01956074357385004,0.0053550970052091236,-0.012445413461339563,0.0011226276346237825,0.011447823871060383
C:\RA-CLIP\test_set\LINE_HW\A0039299_00191.jpg,2,LINE_HW,-0.27105877807968776,0.11874416596451086,-0.028292509397095867,0.038477378704094296,-0.09571840831126557,0.0076886723119615336,-0.047445661176267515,-0.008186624565545914,0.05917586034367218,-0.08790941537247476,-0.046181320623239736,-0.033208824459654084,-0.039131064519204645,0.0035741158255575257,-0.004988579626126205,-0.01769215753898308,-0.02531573502241161,-0.007733108852381201,0.03595500294703246,0.009532572480567,-0.005939475152636108,-0.017615643093759972,0.01028561879018419,0.029405264044304845,0.02314432004827598,-0.01865358141398933,0.024073305736664004,0.0001811356606993527,0.04784805226764695,-0.0034889252174747825,0.0060856975654727825,-0.0019079271704091024,0.012553942111851657,0.007895199769479451,-0.03204229943316751,0.01415542263122336,0.018316312416708745,-0.0022211047900973094,0.014279808489416675,0.015853200749054722,-0.02490195360421791,-0.0004832529687299592,0.00851992967877238,-0.008316870700239452,-0.01836761513032714,-0.03185477814617731,0.004678277271116261,-0.014107561474187598,0.00823996234853705,0.007450050449771093
C:\RA-CLIP\test_set\LINE_HW\A0039299_00317.jpg,6,TEXT_TP,0.13485748762511618,0.05759149692816285,0.16954157875637688,-0.14276434704931557,0.28149505273444364,-0.08602676852918768,0.15383117184964482,-0.09013160596527604,-0.010998032007714246,0.03881817694135828,-0.06846042383897172,0.01742018052394064,-0.010302206387219393,-0.004411735069307918,0.00033598682820114756,-0.04276490102774434,0.008711186188416013,-0.01609974860566427,-0.012367684909987055,0.0017352643599482858,-0.005674483379286813,-0.01855053900545509,-0.0007759130993335902,0.0015158417355945445,0.02197167583048731,0.022685558865804492,0.0018030721478497287,0.004368460634187257,-0.0015155231220799624,-0.011867333663112099,-0.005394328884558071,0.014462832910585439,0.024018046747886775,-0.006714110651863521,0.012477682280738736,0.014145680162377404,-0.025684270114765106,-0.008770608309368383,-0.008493185347058776,0.006353737288963897,0.001463459326697168,0.008655778526383646,0.011633339881446624,0.009752724719932698,-0.01322996912923362,-0.005504894947012532,-0.00039072005318908215,0.017958939708689538,0.012868283595269574,0.008135348192668809
C:\RA-CLIP\test_set\LINE_HW\A0039300_00127.jpg,3,LINE_MIX,-0.25719932158828,0.07030627265164754,-0.21019589196202607,0.028802034592872408,-0.03212870710330202,-0.16571809473266114,0.09447287386299849,-0.03418917434634171,-0.026462280439882354,0.013962100442758267,-7.950233192044184e-05,-0.004971315538639459,0.09301217922873119,-0.00772673228271973,-0.02502464616898533,-0.009752069784358329,-0.017344974003295793,-0.006485249082170822,-0.009784100653933573,0.008011849754166966,0.02973553459548391,-0.008976597247240318,0.03872445106798605,0.021462537718960045,-0.011731494424804853,0.02304266484732805,0.007719386364663504,0.007270609722116995,0.016209048668128508,-0.004977506201518189,0.008352660673330936,0.009486409198891214,-0.020659023862842067,-0.015437964738504664,-0.00818479007498291,-0.003068798095420823,-0.008884883713793501,0.01691745097223547,0.014403184470263113,0.01978041972654537,-0.015049039774269302,0.0035250583288286533,-0.013824608267769005,-0.010320803467009164,0.0016030931912362637,-0.0005809652246616025,0.0052065857208137495,0.0006231768562410349,-0.010113985577358115,-0.019142884650773954
C:\RA-CLIP\test_set\LINE_HW\A0039301_00067.jpg,7,DRAW,0.05506686117658183,-0.07961496180153492,0.29918110569211154,0.09946459743771917,-0.054007557079986675,-0.1970327735500014,0.07004012057478481,0.03975891365330851,0.006669287647632497,-0.08078197240222683,0.0404609330527455,-0.1678459011627952,0.05598133689056411,-0.1254457843602438,0.08876469063918713,0.15177051257397348,0.0364542100112439,-0.04961576876014623,-0.04095304763416534,-0.009685830258146661,-0.0657829918769919,0.021513805621425592,-0.07400668312132629,-0.08664855671225732,0.0777231380454134,-0.03491357930120925,0.03052757895468174,0.018695219300764954,0.009996915036134833,0.025086428741105476,0.01635401644168233,-0.016222594466218425,0.009702865979428378,0.056421138495473276,0.06412914947526933,0.007416175804724814,0.03155528723591569,0.021005312126448596,-0.044428499636648945,0.03010973268018102,0.005686711058702653,-0.025252011571435983,-0.05097417939775735,0.03759808825937339,-0.035596540889759894,-0.004151850031044415,0.0416925934021138,-0.020384914405795714,-0.015989782656387362,-0.000538813123641191
C:\RA-CLIP\test_set\LINE_HW\A0039301_00169.jpg,2,TEXT,-0.10967095380670144,0.1180289592167279,0.061124820203641086,-0.043473553942035066,-0.07086402317104286,0.14988452262215718,0.022760345063848844,0.04846397150265278,-0.07577698957437715,0.09021246517666119,0.07426621566752928,0.040241364851388274,-0.018923418301250397,0.0699578651412104,-0.08030118758265847,0.007142011802604548,0.08604660012499961,0.07058127421678959,0.055921792585129124,-0.0058195694854452145,0.061675517844133006,0.019181132702391322,-0.06398972201708665,0.012307237168695908,0.06429075892454521,-0.016769680360545144,-0.06223504726213065,-0.053058255795402624,-0.025701899816264813,-0.018826126765200412,-0.013028005447657084,0.00023972404087437994,-0.005253908430042623,-0.006702098465386304,-0.03342778021296705,0.016674771969394167,0.05055877554772463,-0.061352902826692673,0.04913989263679302,0.0402558905839626,0.018246504265599647,0.03109656133974795,0.02076452984020651,-0.02259335282967507,0.018998037325636957,0.049192985534892875,-0.023033256519227854,-0.018242731394838216,-0.03222482401585553,0.012675535238511114
C:\RA-CLIP\test_set\LINE_HW\A0039301_00214.jpg,2,TEXT_HW,-0.1041012199600101,0.05859651196338313,0.11441432083315699,-0.05923076591483015,-0.13816807864731795,0.09640401051691144,0.06725972490414198,-0.03831297076371211,0.07322158560494794,-0.029981118698742912,-0.10999984535865798,0.056471016994921075,0.00942605028106125,-0.03655137944044543,0.021641596927903916,0.010230485574401933,0.02602726548711895,-0.018251057188840986,-0.028160723024492726,0.040518173714285365,-0.046419376938974376,-0.023420104593371432,0.028326819503968863,0.0032184558370333687,-0.09587687853120737,-0.09591640215791883,-0.014767209872103554,0.07200404240006214,-0.023614355636598923,0.03239577093694812,-0.031761091690726516,0.007354297620053296,0.03130495573070193,-0.003910108378176438,0.028813905053821105,0.00956618818859208,-0.004572837611946513,-0.027883082012168638,0.06273437211131987,0.009872511104456557,0.003087494608339223,0.017541007479614432,-0.00023898722425523338,0.039462024863941035,0.06129228293346915,0.0054797625611317955,0.010866762534661392,-0.0028866641334299894,0.02791553217028785,-0.06742359741715374
C:\RA-CLIP\test_set\LINE_HW\A0039302_00032.jpg,0,PHOTO,-0.11274765893815195,-0.6085776121846271,-0.1329443950844097,-0.016218643806492457,0.04114365604506943,0.053199835287002575,-0.0018548026139886163,0.013372800943948068,0.2380676671919077,0.1598063201444868,0.017528815517792208,-0.020399559850833426,-0.02345058137941863,-0.020530560813499344,0.022833821233040365,0.02491353385430348,-0.06574679229168184,-0.012205349453682948,0.02441403088731393,-0.029213162340846623,0.00178047711120024,0.03120885368989232,-0.024371519226409528,0.04872745312977857,0.047867436567658496,-0.011181656038848558,-0.03115219629962762,0.04440594380630474,0.001090560139126314,0.0023191906745613673,0.010910779318199856,-0.01203564997694853,0.03321930096222651,-0.03496902571345999,0.01929165437210053,0.021079506817873947,0.017079612426539003,-0.008621168951209941,-0.010659613364121523,0.0046217827408593214,0.004090578710244803,0.021386739147751046,-0.01685727217220493,0.011391886001379003,0.01807980429159149,-0.013541325058929419,0.0282975626122004,-0.010767372897225675,-0.01006071961746926,0.015359401169184538
C:\RA-CLIP\test_set\LINE_HW\A0039302_00040.jpg,5,MISC,0.18235789457071502,-0.009241743697432884,0.0562055319771384,0.22156757956732978,0.11968695755597866,0.028637402571876285,0.03115069554878403,0.1591549006539633,0.032426023973413605,-0.07199447737145828,0.11064577499597869,-0.2091925111923336,0.06952046594332738,-0.04651514052235107,-0.16367298498050317,-0.011640417216084917,0.03736047469395413,-0.008773030512646067,-0.016017900924193168,0.037525729936174076,-0.02072802324245003,-0.021477824352651,0.04496208698540277,0.06836925026688982,-0.07635854185446721,-0.011567775895504385,-0.06011184775815904,-0.02568594334931527,-0.08840995140641242,-0.07376459716821825,-0.041083636900005646,0.02482295943131268,0.05290258309702593,-0.055205622967838215,0.022657913962213894,-0.06650764624692047,0.060212517775605476,-0.08056149186933165,-0.09398375855485172,-0.06626714159890584,-0.014363990055319778,-0.01930091073095316,0.031543130783620456,0.008394344195124526,0.10669954543462654,-0.014694929323254061,0.007313056684013981,0.020704864776212785,0.04416391069552469,0.04102265236803803
C:\RA-CLIP\test_set\LINE_HW\A0039302_00083.jpg,1,LINE_TP,-0.05711623457070614,0.16885462813713314,-0.042937720515184095,0.003218655872581826,0.21971461771969802,0.10297479763558914,-0.22690078388552876,0.023075511563745668,0.03315136949844734,0.017626495363742358,-0.001100832995356555,0.043115278601623556,-0.02931450712813918,0.0356228231986981,-0.032654468936839626,0.09126781741703902,-0.0594059384971255,0.007791041678966309,0.0662903997882242,0.008606078328773387,0.034326089958463375,0.017598752846479555,-0.041345159220874034,-0.00015851802308740676,-0.025104910325913974,-0.0011770599794285292,0.04808493645230716,-0.008734411472285944,0.05298377300682224,0.005927046006203986,-0.031531920753378614,-0.0086188647740557,-0.022831886319648973,0.010499470029303863,-0.03216083554239521,-0.02743253371949463,0.029077639470213572,0.011384836185617924,-0.027201727572774812,0.029908812976440446,-0.03563829473568733,-0.04787985284724396,-0.012327771058108982,-0.032073399369864135,0.005175395739846695,-0.013970653114458989,0.009629514278282845,-0.00747564393832513,-0.007408317733663191,-0.029251556675812543
C:\RA-CLIP\test_set\LINE_HW\A0039302_00084.jpg,2,TEXT,-0.08788209306170296,0.051367876286854644,0.09252587970945639,-0.08558245611481591,-0.10312309244145676,0.2364412080399026,0.061416027376456586,0.04152102962823115,-0.06259070210158833,0.062495374189159916,0.017691244184910457,0.055726908596401135,0.0313740770081243,0.053102133333912255,-0.020084294637970665,0.0429011334426682,-0.07097374463176954,0.019007893595537752,0.02063568034575002,0.028250615408754752,-0.021898097096021283,-0.029765462681929897,0.028279369009136184,-0.004856777075975713,-0.029322725620904593,0.0030620148547079906,-0.022625028254289848,0.004096231922254167,-0.06681536655133506,-0.002953176884094754,-0.028609046271073316,0.0026020959882592683,0.0013548675279519873,0.007875127958902956,-0.005868626484922017,0.004441158116810222,-0.02324413036706462,0.008910248405653173,0.02342086556835975,0.01487946092708483,0.02989113362906459,-0.024106116011017822,-0.05940541512309579,-0.011305174462340715,0.012230220783094955,-0.01843538364466401,-0.03611888960014148,0.05559306586650847,0.03496067921443963,-0.029042926325566463
C:\RA-CLIP\test_set\LINE_HW\A0039302_00141.jpg,2,MISC,0.07797890094448044,0.02618469396635776,0.08341197673283719,0.12002522842994637,0.1089615940228004,-0.007341359248335285,0.044473099952597225,0.0878095350658255,-0.020787171549828884,-0.030754760633670213,0.1439649896380048,-0.22671326136248734,0.059475077851146196,-0.02585050808879493,-0.10836728717096762,-0.018722842806076702,0.043622275643107895,-0.027948020573917688,0.003546657654747059,0.001951086732627333,0.00074886167853584,0.02373621377864254,0.06883657436147567,0.08289451389031412,-0.021279761753373698,-0.0646098751792442,-0.039666326122951144,-0.04710793993940202,-0.014686559076245942,-0.013910912904465226,0.011966644627387014,-0.014360549414433006,-0.008944735842232815,-0.014631987123586227,0.019529253437096793,0.00692172628547998,0.038232094929475144,0.026592388125874174,-0.03348232297048624,0.011968555796654715,0.007990857769105736,-0.019404212340116734,0.05410293886341748,-0.008743898411837371,0.07282634054215485,-0.02406898788612131,0.0247602279295757,-0.008762801961895552,0.015891085453056834,0.028331419673549192
C:\RA-CLIP\test_set\LINE_HW\A0039302_00221.jpg,3,LINE_MIX,-0.25719932158828,0.07030627265164754,-0.21019589196202607,0.028802034592872408,-0.03212870710330202,-0.16571809473266114,0.09447287386299849,-0.03418917434634171,-0.026462280439882354,0.013962100442758267,-7.950233192044184e-05,-0.004971315538639459,0.09301217922873119,-0.00772673228271973,-0.02502464616898533,-0.009752069784358329,-0.017344974003295793,-0.006485249082170822,-0.009784100653933573,0.008011849754166966,0.02973553459548391,-0.008976597247240318,0.03872445106798605,0.021462537718960045,-0.011731494424804853,0.02304266484732805,0.007719386364663504,0.007270609722116995,0.016209048668128508,-0.004977506201518189,0.008352660673330936,0.009486409198891214,-0.020659023862842067,-0.015437964738504664,-0.00818479007498291,-0.003068798095420823,-0.008884883713793501,0.01691745097223547,0.014403184470263113,0.01978041972654537,-0.015049039774269302,0.0035250583288286533,-0.013824608267769005,-0.010320803467009164,0.0016030931912362637,-0.0005809652246616025,0.0052065857208137495,0.0006231768562410349,-0.010113985577358115,-0.019142884650773954
C:\RA-CLIP\test_set\LINE_HW\A0039303_00041.jpg,0,PHOTO,-0.025679712533632687,-0.5730371696945844,-0.07555293661359666,-0.00023935679829697592,-0.018851683862869194,0.06969240579630934,0.01419897520173039,0.05658608195528882,0.2546511557826689,0.14704264922631974,-0.010844459299704587,-0.01775157263197547,0.00688583268906901,-0.004890093148346118,-0.03563919742823029,0.009842502757117,-0.05479617587501065,-0.0041388904991677715,0.02191901451106072,0.026412329665322403,0.007231184038655878,-0.0327818767316958,-0.038767319293937355,-0.021164821290141297,-0.015994448378149232,-0.004483326279915727,0.016528889957642068,0.027816996678770762,-0.02382814899126792,-0.01058787926276703,0.04263313436381118,-0.0018403688859916336,-0.012462509607191766,-0.015793514451023765,0.06783494875908669,0.0030894601492523124,-0.023555749322770218,-0.008271929872708228,0.014898925434609576,-0.0655353751240018,-0.03324101870686366,-0.010787766484706056,0.023999263821776244,0.012983020167064598,-0.054756853406053504,-0.0050215291909549336,-0.028112629436458286,0.03471627718405846,-0.025249891767004293,-0.009337911592830598
C:\RA-CLIP\test_set\LINE_HW\A0039303_00049.jpg,3,LINE_HW,-0.26376860299760546,0.13173883021518656,-0.14298407611004696,0.06434144417627648,0.01280031420695645,-0.05717231576060013,-0.057702548776751704,-0.020521716475392734,0.0489139902900416,-0.07567798424109663,-0.018980690216777077,0.009398135289684542,-0.04271716299341323,-0.04461404220836155,0.0361486372915014,-0.05000006865924679,-0.009006991615297241,-0.04215292770808309,-0.037086954387039205,0.023773569045774965,-0.04834783492432165,-0.01159814647188001,0.02771254945633873,-0.016392877592081013,0.02738350326215565,-0.033549067022357465,-0.04719791511104558,0.004624379796479973,-0.028725829740679068,-0.01711749477678992,0.008373534049658403,-0.010209175351109332,0.008509814685268471,0.006112549855158206,0.01832544836720344,0.021230907286355478,-0.01258128747778132,-7.316439220811414e-05,0.012042730288269653,0.010719193119301992,-0.007239539968560351,-0.00489415941848573,-0.029768876658903636,0.046705839217231336,0.0009706431968446095,-0.025256325284770734,-0.023969876395250212,-0.035799113858874305,-0.014036122457300463,0.01837581132685438
C:\RA-CLIP\test_set\LINE_HW\A0039303_00051.jpg,6,TEXT_HW,0.03090049196046492,0.041315044591888575,0.11056969720708963,-0.08712975263259272,0.09199269357702701,-0.0782182929813749,0.22114552472316287,-0.053707465461744,0.034717553276087616,-0.044102196324789955,0.0050243974598530436,-0.02988211532678372,-0.006350161687443319,-0.08346416995605233,0.10204659124407849,0.0988967822793773,0.06442169601198933,-0.037236981437169865,-0.0002432363261780574,0.029202252006990823,0.004325839672002289,0.08922613836294359,0.061869830435545205,0.03523607618259975,-0.013348485675778317,-0.04211491359476971,0.013652761507977037,-0.05655445946023551,0.04674045996891716,0.02121988936696948,0.07350506810180585,0.004832751405990883,0.010609115957776718,-0.018577938626417226,0.022728321714075395,-0.005325539743136961,0.07969344296242015,-0.011670267032491756,-0.04334871161354792,-0.02431449664980642,-0.0429971218638003,0.03472627915252207,-0.0315213608495392,-0.0413585900612455,-0.012356064462774008,0.00890307416547579,-0.04309054984421692,0.023192399845269995,0.016819947658807826,0.028812413166432977
C:\RA-CLIP\test_set\LINE_HW\A0039303_00092.jpg,4,LINE_TP,0.4500620440289364,0.19701365868023418,-0.146574567638399,-0.2309536250285389,-0.1317086024212492,-0.05142926703932653,-0.004987895658725426,-0.03785056717548032,0.05027530424053221,-0.04148347359449913,-0.059122247248487275,-0.1765264111025001,0.003084517058869394,0.1658818432079707,0.1916334366544855,-0.04590312268765579,0.1154642746560567,0.05929589805154779,0.023314117149047704,-0.09327858629630144,-0.024136906080020337,0.05866133428071598,-0.12075885429352072,0.13435945069598162,-0.0775406057115497,0.005655177749229747,-0.008628653647993397,0.025070192775173545,-0.08596370023942304,-0.015751510774835404,-0.002205000527323655,-0.055902392358674925,0.008093124919660761,0.0006409559158378637,-0.02792376963662717,-0.00472062245223862,0.018747535179847445,0.03711823230325316,0.028016027505414043,-0.0014670952354898313,-0.003739924220455144,-0.023530687568531352,-0.027707679823662925,-0.010703961651162943,-0.01914083803773194,-0.04818627410657936,0.024399940781315882,0.026144366203949575,-0.005408900331884374,-0.02200572479255828
C:\RA-CLIP\test_set\LINE_HW\A0039303_00098.jpg,6,TEXT_TP,0.11553238818162181,0.013572429404117198,0.19089864149143065,-0.10990236394599352,0.2895586007936204,-0.10206950142404068,0.16604328063014984,-0.06841959443155181,-0.009415118674994321,0.01366364027015489,-0.02852368778385925,-0.030834441179385056,-0.04901074125255621,0.040019401767053014,-0.030835940468464287,-0.042549759703850484,-0.00469472375750144,-0.003725293874043512,0.013796505498737495,0.005316943673585019,-0.00956842860019663,-0.0054246357198169505,0.015289207931064664,0.011993217747316164,0.02385463273868028,-0.0028317822966312427,-0.012206272809756408,-0.00702192955351539,-0.0025147513661752815,-0.037408123371200704,-0.011601364343242155,-0.002939039996574739,0.03850994709397039,0.012039069176376541,-0.010295761112981538,0.005248866689289111,-0.013695908930248631,-0.008443615964614348,0.03160177735078976,0.0004299282343430136,-0.000252460337889594,0.0021913754515415886,0.00949861592540156,0.03788925378733752,0.012533128389524164,0.0013135764933114183,0.005500636689716962,-0.009351463863445361,-0.01428139860500119,-0.024160302424359254
C:\RA-CLIP\test_set\LINE_HW\A0039304_00066.jpg,7,DRAW,0.025712551023963106,-0.1588937914219243,0.3671920936472384,0.006389064940511914,-0.18763644490537673,-0.19495652076166337,-0.15515941620757148,-0.004785644469110786,-0.024285544912653632,0.054403503426753125,0.003791893848484748,0.022368333720796895,0.006390149982019841,0.014077916360941519,-0.04609734815844452,-0.022986794232559015,0.06841952969721335,0.00913498884317434,0.004382295905994366,0.00540636653040201,0.10322878411082131,0.011567422253747758,-0.036424428085682005,0.004589393970299647,0.07538936827223816,0.002339943377732551,-0.032415705119322534,-0.06264442274862234,-9.31919796764163e-05,-0.05860996048831997,0.05536531038409008,0.0017885783457715781,0.0029489957104823997,-0.051475685990333434,-0.08295277357536965,0.0253523198075082,0.09930694528596606,0.04741096501373646,0.03485991770130132,-0.03179600594877011,0.019168381362840943,-0.01345654734131933,-0.005351056593642099,0.006798730801684121,0.0006440135683574097,0.030061307252468295,0.012006639970423035,0.030550603567454752,0.0009478064855051061,-0.050798457572699414
C:\RA-CLIP\test_set\LINE_HW\A0039304_00078.jpg,1,LINE_TP,-0.05336273969338854,0.2022457173979377,-0.058683281868921806,-0.015161874830750138,0.2120936110034864,0.12550944174060208,-0.19613401055102092,0.04505333093825195,0.00317156755434128,0.05361828153412948,-0.008202898511693027,0.028528361495091054,0.016599507348244943,0.05595901354090793,-0.02065932724977405,0.05714383775800386,-0.014583381794689657,0.012783758064013438,0.04215300409297642,0.0071876110811390555,0.006703968779961883,0.003536630960290039,-0.05373631225248106,-0.011414584201774679,-0.03908262206315915,0.04031764287783503,0.053730935130412195,0.020801774985972975,0.04624645938698469,-0.022182427631022125,-0.04207393030393123,0.018378586901187953,0.03181839888079305,-0.016540809531654918,0.0027489887190011845,-0.04273304032878219,0.01061654591465803,-0.014088199727825762,-0.0077762124388153,-0.008513672411007037,-0.012921777238414752,0.0316380501355922,-0.052077639709065926,-0.028157367740072426,-0.002854808197502144,0.028667882190155234,-0.003752960314471376,0.010555178817252705,-0.001649684073371134,0.020738326750025727
C:\RA-CLIP\test_set\LINE_HW\A0039304_00135.jpg,2,TEXT_HW,-0.18533363738152991,0.14974149265252715,-0.05974761479724633,-0.00011570950848616397,0.006850834540715683,0.07851801282650503,-0.07818285291263158,-0.02754917750438745,0.07767995378923141,-0.10879978142543179,-0.060645181349644695,0.03566469929748419,-0.07178549729353813,0.019838902004486316,0.03651545117118023,-0.008102435884668224,-0.039949422183082575,-0.05202777792652959,0.006460963690925055,0.02539672689872925,-0.039145006726280164,0.01026597410163537,-0.0015402247128088503,-0.0036503238237916968,-0.027870921472885515,-0.008911301894072047,-0.028468885993314617,0.052989305357938055,-0.049788990005792434,-0.0008486901278678498,-0.02357877078143714,0.0031957396496257308,0.0009429878311103822,0.0003230662569623154,-0.01746119095152552,-0.016072015274727222,-0.023738301549711807,0.011072640060881815,-0.007289683458633483,0.02396001483104595,-0.040730267231187216,-0.036320029439639516,-0.04583079028070986,0.033254772231301,-0.012192471614841358,-0.020190520271922256,-0.056610717602604346,-0.037443047278810926,-0.00852750937301462,-0.01831330261799738
C:\RA-CLIP\test_set\LINE_HW\A0039304_00140.jpg,6,TEXT_TP,0.13565018951669341,-0.005643420108516522,0.17819217444596494,-0.13098765594652642,0.3140383415123327,-0.12380274819944405,0.14476794290118683,-0.047074049788703165,0.0015955834224923963,0.02669063666918313,-0.006953970458749486,0.05311919521472644,-0.08838437636086993,0.03238485126987148,-0.08817638796206405,-0.048050397771011215,-0.023752669102318207,0.0068622751609754085,0.010854320541551858,0.020683322997111897,-0.04773490034503718,-0.04673247065470543,0.006702170896378521,-0.03137149132886899,-0.035289584378554485,-0.028970315422395806,-0.005902398978256354,0.04529710440441396,-0.015488336158026295,0.010616206745181178,-0.018455486971857983,-0.0038024110066550805,-0.00927772098836339,0.020115560001421187,-0.010391204615122848,0.007988062643098199,0.022028884228583425,0.0007981327424204504,0.024046067533867482,-0.009420039623327669,-0.01644802456525716,-0.022805725038645724,-0.027831444933033342,0.0004519157904338457,-0.014554861125175253,-0.017135823663640044,0.04114803187361692,-0.029956079857102073,-0.01253449101709933,0.005914367029823984
C:\RA-CLIP\test_set\LINE_HW\A0039304_00195.jpg,2,LINE_HW,-0.13507792761508297,0.06610748258846152,0.05838544642301194,0.02248934675907536,-0.02580363749219781,0.020762833398910153,-0.0518663332754031,-0.013143605342639716,0.024570538129689647,-0.01971547003042706,-0.11044708853075035,-0.028260929246525693,0.051656889076465005,0.00885368272731601,-0.04560252474710809,0.023458741560376733,0.00918427812411718,-0.03775799316624902,0.0038747945075621845,-0.011890902761987232,-0.020092245024921913,-0.035962699164449656,0.07781087924522381,0.07859542692071902,-0.0710120341195722,0.021583784439592062,0.011680277848226788,-0.030592693837400466,-0.04114216474293453,0.004861819479459939,0.011364154663665367,0.05258433886124613,0.03137949488550066,-0.015400163930478869,-0.08044610203783464,0.03758765723550303,-0.11412858119594131,-0.004396497697529307,0.02491098616496562,-0.056082607808113055,0.026188161323636244,-0.005920145016363477,0.00726632284194408,-0.01139729842244912,-0.032908483960691196,0.09568644907283995,-0.020940939771543293,0.02063290586564619,0.018234878891662868,0.008990643650564343
C:\RA-CLIP\test_set\LINE_HW\A0039305_00025.jpg,7,DRAW,-0.08123797565330773,-0.14024719065234367,0.35326762574618414,-0.005984905890224658,-0.2216903607786273,-0.1415351858968368,-0.03544953888833071,0.005782745067896331,0.002941118935141117,-0.011995725576603234,-0.07667134990822505,-0.038210418950004627,0.03077150137602824,-0.06460574993454239,-0.002498719630344816,0.044268955867623055,0.08793781037605387,0.012325108417330567,0.006307185944105064,0.060334189971508946,0.11600486113684805,-0.050806068363262104,-0.0314277754856744,-0.014811411199247164,0.08952499389590435,-0.04628424976602257,-0.027762544162182923,-0.006867536546781454,0.013353541325228573,-0.08102255819182981,-0.037065228440075856,-0.025082633266804273,-0.021768235449167075,-0.04660419236244045,-0.04519810600842338,-0.06570424200343043,0.05118710439563782,-0.008793922330359395,0.017117234462407867,-0.0372131902964242,-0.07755825707833292,-0.05547871222813906,-0.07215342521757043,0.021562269015474752,-0.0046673987581785596,-0.02214791770359689,0.06346198715286341,0.04906589268612469,-0.0038698063093807883,0.030199523602410034
C:\RA-CLIP\test_set\LINE_HW\A0039305_00080.jpg,2,MISC,0.04619999799444324,0.026624941723209065,0.036989348797234006,0.23521809210532216,-0.10052175795640741,0.14938111779945082,-0.008647750809733266,-0.18687711714967722,-0.012795590590879738,0.03300286656187334,-0.024098988699553497,-0.007744137225619368,-0.040070062198528676,-0.042934010299470804,-0.038888256133313856,-0.0250604394309176,0.02424328002342756,0.022500866321262674,-0.029798947371383486,-0.0547425128133369,0.0354009217524718,0.053688485942016854,0.01470815017263592,-0.014093983107397817,-0.05901278320659711,0.07461770331447266,-0.043333282087440896,0.008370919016104775,-0.06580834882718839,0.03255939141454193,-0.03371838730181322,-0.09119811643726332,-0.12905006499637092,0.05579197468102273,0.03769332821586624,0.042938730415161476,-0.0849940926314263,0.03617087568349591,0.019765918560794894,0.007849041206389535,-0.05901972525611728,0.004684145401016506,-0.030986752033251103,-0.029734555514906034,0.014408823035992235,0.06703254238249394,-0.04581197320367541,-0.002181293034679658,-0.016619876955198936,0.03458561734697572
C:\RA-CLIP\test_set\LINE_HW\A0039305_00128.jpg,2,TEXT,-0.05994480022716926,0.15541794084188396,0.007532226595388754,0.045453911359729295,0.0026414831691517703,0.09977344735540758,0.047034246158792606,0.06765624540189248,-0.06928566623656322,0.05266436292303489,0.2002767634342733,-0.0017330194485272498,-0.03694999962260337,-0.0317076901837375,0.008905387535373944,-0.021611154045178636,0.054734154594252515,-0.013887937480100695,-0.010694648769258385,-0.03868299830191255,-0.03154929317289708,0.0607921651991552,0.016049489234625618,0.002206117031919502,0.022961773536667167,-0.03116895365501898,0.06200521711299119,0.027379543954646566,0.02675665462682932,0.01511396198538269,-0.0002403320416038971,0.01660855581288356,0.015526473080559914,-0.029400094378365518,-0.0162720315901684,0.0037664287972007295,-0.011604127161259137,-0.002084568037416816,0.01934306934474268,0.017290422605018847,-0.02352698199606753,-0.04032246212352491,0.04337396957787602,0.0037466442178764755,-0.03206922136708209,-0.013875945983973315,0.011346844278619745,0.0008132543124749208,0.010486644116847214,-0.008632455314505223
C:\RA-CLIP\test_set\LINE_HW\A0039305_00137.jpg,0,PHOTO,-0.03693818829276999,-0.6047555530207527,-0.07790693667370309,-0.0779164793760827,0.036599635469072085,0.06555285301217978,-0.054523696482483154,-0.04463301311444251,-0.17421616705207427,-0.1084255765945561,-0.038226424368236374,-0.00795602076843822,-0.004795078407796355,-0.009146120191853072,0.0034655144039845522,-0.022846191675450597,0.03387977044293496,-0.005826697392877047,-0.011763621568185093,0.020316899979324808,0.05186909530978446,0.035436613039070496,-0.0024929203610159936,0.0029971798292181256,0.031743788003704955,0.04396722529082784,-0.05463117522726023,0.09963436942815672,0.04094768260995153,-0.013013591354815928,0.017924299356901183,-0.014187732069285044,0.03607182649662429,-0.006601807191594907,0.03727822173498743,-0.015855240786630472,-0.01094162282575831,-0.0032102713387624107,0.022253318036459118,0.03307607971218156,0.03280810649647136,-0.031102682450257674,-0.019515822626393977,-0.028129118903391606,0.004788781302982308,0.036432693387318034,0.047918909464198564,-0.04212355522041987,0.05506700076209962,-0.006655330840174405
C:\RA-CLIP\test_set\LINE_HW\A0039305_00171.jpg,3,LINE_MIX,-0.2753818682251171,0.08829194425089429,-0.24801958543553446,0.04233010275816823,-0.03768523314161683,-0.15267316434991932,0.07948234022904534,-0.018370772692326672,-0.011486824145413632,0.008279578045434997,0.029661125071226303,0.03472637317815876,-0.028293585261776413,0.0204576506166853,-0.012013387930746976,0.02502529046464434,0.028490294224861226,0.027409892193706282,0.009167371454146863,0.0045652984350132465,-0.00297246612934236,0.008925308255938878,-0.05179235871970538,-0.02508248199511188,-0.01923641325137107,-0.0012267348188719435,0.0067541913665009915,-0.0054487769558949324,-0.02223956352345115,0.003076949087018686,0.00020527110944475855,-0.0016641350658642105,0.00291114541339244,-0.00042276201814922277,0.009231565351223233,0.0017459258904459955,0.01901102718385266,-0.014044562216822825,-0.018340896433122558,-0.015866591843040838,0.026422066896204993,-0.01187785238183707,0.014964640818648853,0.003141726289920861,-0.0003938930850756656,0.00047816243428778913,-0.0028031580438742524,0.0007096445850091792,0.013788725687323049,0.008227869044375467
C:\RA-CLIP\test_set\LINE_HW\A0039306_00055.jpg,0,PHOTO,-0.043649068874558127,-0.539667178720374,-0.11956130045220517,-0.03857523102049757,0.029336888036806157,0.04810610721270898,-0.05833862696479265,-0.036572432463405906,-0.1718742329588699,-0.13568243095398475,0.030218987345811344,0.015667335766505797,-0.048084359387480465,-0.005804729842079662,-0.0532962624433415,0.005444120792887947,0.03487573768299165,0.017976098143423568,0.017452911212013447,-0.024233925519681856,0.02858301535543924,0.03887098642491592,-0.03141057844870233,0.05126438535586777,0.016297683504454367,0.029686597924648114,-0.06855677617320434,0.06067928395533175,-0.016642015363713618,0.15127356983127566,-0.019458770687199627,0.14771310871316742,0.061089470023735264,-0.03087452914563259,0.043188323074557194,0.025038122969985952,0.015783086491845892,0.09731116888589947,-0.019574086673597307,0.04329580064915683,-0.00771989141800148,0.049123676711364424,-0.025469481733464645,0.023688629696549564,0.002316999637180999,-0.06986258721537834,-0.04401946806980057,0.017206614680446427,-0.017739156397864893,-0.029464248098646367
C:\RA-CLIP\test_set\LINE_HW\A0039306_00063.jpg,3,LINE_MIX,-0.25719932158828,0.07030627265164754,-0.21019589196202607,0.028802034592872408,-0.03212870710330202,-0.16571809473266114,0.09447287386299849,-0.03418917434634171,-0.026462280439882354,0.013962100442758267,-7.950233192044184e-05,-0.004971315538639459,0.09301217922873119,-0.00772673228271973,-0.02502464616898533,-0.009752069784358329,-0.017344974003295793,-0.006485249082170822,-0.009784100653933573,0.008011849754166966,0.02973553459548391,-0.008976597247240318,0.03872445106798605,0.021462537718960045,-0.011731494424804853,0.02304266484732805,0.007719386364663504,0.007270609722116995,0.016209048668128508,-0.004977506201518189,0.008352660673330936,0.009486409198891214,-0.020659023862842067,-0.015437964738504664,-0.00818479007498291,-0.003068798095420823,-0.008884883713793501,0.01691745097223547,0.014403184470263113,0.01978041972654537,-0.015049039774269302,0.0035250583288286533,-0.013824608267769005,-0.010320803467009164,0.0016030931912362637,-0.0005809652246616025,0.0052065857208137495,0.0006231768562410349,-0.010113985577358115,-0.019142884650773954
C:\RA-CLIP\test_set\LINE_HW\A0039306_00124.jpg,1,TEXT,-0.02625943508530012,0.11079482083264196,0.005911983287279515,-0.025139169268216893,0.08372033336869593,0.03716750007663699,0.05151843276034756,0.0956754778312753,-0.16241646984807198,0.135397629214945,0.1752390441606439,0.03298405816094012,-0.010556248138521336,-0.17702891413818747,0.13592008745007716,0.026281336747814445,0.04365281503349393,-0.10208514822092046,0.07866084141366937,0.09890084795491261,-0.06619147830004392,-0.09916669078496207,-0.0731813957712207,0.15464608989322687,0.04092435974363462,-0.019599819444501423,-0.08490414374254703,-0.026947554984280763,0.05333284116943534,0.006561064726847814,-0.01125420416359297,-0.011936205902525176,-0.07247679283560718,0.04559661004739041,0.004568556222126524,-0.03983515527819004,-0.04062471251084671,0.011918795109860764,0.028148553936413336,-0.07372486719210848,0.009933586840517459,0.01898534415221126,0.004983397490913352,-0.0351926945920665,0.011108808465863729,-0.012738076452406077,-0.029619098424751165,-0.010872176433767358,0.009306884340109981,-0.019770872400745234
C:\RA-CLIP\test_set\LINE_HW\A0039306_00405.jpg,2,LINE_HW,-0.21904301186936198,0.15602863569870723,-0.022571564226960727,0.060953722264555414,-0.07958528899957036,0.020585467237813217,-0.03330737938876922,0.003337404823721157,0.03638012117196525,-0.06694071491906986,0.000566379304629589,-0.013131151631407031,-0.04028523550237224,-0.040643949803728006,-0.004191487785114832,-0.06004164719414896,-0.02251241247530428,0.009943680057819143,-0.028707652315157293,-0.017398081802685487,-0.02178346498757161,-0.02360935695987955,-0.04428820929328569,-0.058695349565526606,0.06509242417129955,0.014403221184249538,0.0045035362357745854,0.015799611033904815,0.029357302978305248,-0.0015622409829644294,-0.009456627646359492,-0.02182789938259655,0.038933001010258324,0.03633561772730314,0.04879757672212001,-0.012532343167259843,0.00982151309919804,0.009036146126080441,-0.0024213927630925085,0.011435178787138926,0.005736467337499417,0.0001170535556365698,0.012306526127506379,-0.024245827699928828,0.014780110371886269,-0.03498188454962611,-0.014564348937147153,0.0074456467368828735,-0.007767016933190804,-0.005795202916387435
C:\RA-CLIP\test_set\LINE_HW\A0039307_00039.jpg,1,LINE_TP,0.03887643641306157,0.17226409197402792,-0.021548215269994613,-0.03586143693628956,0.26943684995206774,0.06697059090087502,-0.11053646369568824,-0.008408673881982708,-0.04763161516961807,0.05877224580547084,-0.011183164909829322,0.02851376275520035,0.09399270191245253,-0.03383613429590971,0.01622105724389583,0.04254626177617891,-0.0027306994198257367,-0.03997835314129429,-0.00871266228638146,0.007025864909576437,-0.005734831984334408,-0.06656755211970343,-0.0521142295183348,-0.015389827817212183,-0.07870386786068027,0.05724794628812431,-0.010754378506593673,0.02113450319901504,0.006081942980077475,-0.023631677110593167,0.010618075804675218,0.014829677223921964,0.009692638130654043,-0.01670896072215323,0.02070129315286026,0.02117707626227408,-0.03260577777146281,0.022074368616503984,0.010903686966560763,0.016180900582698575,0.017237652282290346,0.005431386164696471,-0.005754203817067992,0.06229177236221739,0.0362876175401691,0.030348958259604458,0.03480372958395815,0.060846527680912824,0.019970837360190202,0.019834392001087348
C:\RA-CLIP\test_set\LINE_HW\A0039307_00087.jpg,2,TEXT_HW,-0.17400180326671483,0.10761999672438809,0.0882777378825793,-0.008181556654318665,-0.07733767521114687,0.16747692076955598,0.01403682373928885,0.02763966435117899,0.04483756498767493,-0.06105705811211947,-0.03659274714643991,-0.03637520199078566,-0.06833238699892728,0.013001894971205631,-0.0228145400001445,-0.007951925403687105,-0.038275267211586625,-0.018852981436415412,-0.003858421223497643,-0.0063290688095072566,-0.017344118259772157,0.007837876293585856,0.004230610664974379,0.011340725642635077,-0.009236622256881107,0.03536158942477598,0.03087543717943977,-0.005619398960264927,0.006800103527079484,0.006557175049493822,0.025637004900484085,0.01795193813383759,-0.011456002477617916,-0.003037546851903729,-0.0409689082170617,0.006310503157663604,0.00019019805584152168,0.00345948750778658,0.004539826598232076,0.022494514829405336,0.008069249896143256,0.022128254753970813,-0.0061923898212593595,-0.010117326827583852,-0.006114632604900269,-0.0009468927778302916,0.012982241778774422,0.030926315394643928,0.016519087379530988,0.0288867380035993
C:\RA-CLIP\test_set\LINE_HW\A0039307_00190.jpg,5,MISC,0.3292485389078222,-0.03998280032184826,-0.05196679863525142,0.20811289146967538,0.07936229110745688,-0.06998772813032195,0.13133717951467358,0.49418472491379006,0.002870352034893255,-0.04638972020085019,-0.07766387909575859,0.2049183465120507,0.016442891005923586,0.041221774216775454,0.019673422445433228,0.00398046911119759,0.04290775356701329,-0.07593503799777501,0.00837990841887681,-0.1583925500074839,0.06991362331042314,0.023768541413239922,0.005474091389733999,0.007418220213696956,-0.00747606249697041,0.003832643311827282,-0.033295153895123684,0.0018921374626863282,-0.025433077043053073,-0.0011523459135885773,0.031186012988273882,-0.006154333167828556,-0.007061889236094229,0.05599368966935993,-0.003357920869848582,-0.02043234128979097,-0.02141199759581755,-0.009293099919259164,-0.03145058788339205,-0.02558170141638306,0.0025622480251619845,0.012334420069441424,-0.023133954368278187,-0.0024135366523089503,-0.006453610067125358,0.005609634334658695,-0.03828814633341323,-0.03864019843763743,-0.025269915013501124,-0.021436912434956223
C:\RA-CLIP\test_set\LINE_HW\A0039307_00222.jpg,6,TEXT_TP,0.1839260866864514,0.035925329371514686,0.1874806587320909,-0.11645106999877539,0.2959897418603841,-0.10527941176756556,0.14196031296924544,-0.02050857586159663,0.007614675653206105,0.01783145755964745,-0.0043442021830681935,0.015716688471877793,-0.08141906132355856,0.03226643934492178,-0.06911869623699256,-0.04786777550875087,0.022637465259814055,0.009486257089996099,0.018380851017682418,0.020331098617296685,-0.0156317837043475,-0.02680723829077284,-0.0021834739622395532,-0.026620679582247335,-0.0192844641552582,-0.015065856524921152,0.02951470736066702,0.02987809231888441,-0.004290238835679123,0.007269694037348227,0.011729158160412968,0.006193361988853925,0.021580181956644635,0.00173067076663059,-0.003643114916836879,-0.0016114785045284916,0.016295517004522662,-0.025864429594730936,0.01549631423400475,-0.006350646986603277,-0.009469294893007707,0.0016105334782750855,-0.007999226873176113,-0.014171569363023873,-0.021115370262606924,-0.01906244901745467,0.006095331594862065,-0.002901511765834058,0.0074979716664037525,0.0019806789024099975
C:\RA-CLIP\test_set\LINE_HW\A0039308_00109.jpg,7,DRAW,0.07375392854033866,-0.08049583820885872,0.2978401627032728,0.015919114069885373,-0.10550223068138649,-0.2099924249449159,-0.19652811427755465,0.06874845900221513,-0.04004402574214563,0.09128660216638777,0.11328937117424996,0.08125881339816969,-0.03376424343415023,0.06293223701166446,-0.06798695268716264,-0.044419562171271174,-0.002001118259431794,0.01783440020743958,-0.04564032148422565,0.06271889347919508,0.0309830780263506,0.057027914734150385,-0.01897034669842519,0.008175588533418227,-0.06419213075816776,0.033223426432280254,-0.013011319492772143,-0.06988930496839416,0.029893918275523967,-0.10743803115370512,0.11043071252561579,0.008332099666952102,0.05901839681466011,0.011751086196491674,0.027423083850893752,0.022894080531030002,-0.02525060316145465,0.08251320462210221,0.04345953234460705,0.01551783911096903,0.023289522897927403,0.057995118713127375,-0.027173430411478922,0.05750141317943342,-0.009894591327385642,-0.05510168892595203,-0.013258421540894566,-0.09901290261743127,-0.00013640414095250817,-0.009118639184124382
C:\RA-CLIP\test_set\LINE_HW\A0039308_00110.jpg,2,TEXT_HW,-0.13602903903246366,0.137625589337725,0.07318761539715024,-0.014547724128921862,-0.06696586010852582,0.22120559109069182,-0.009134972286377555,0.02398995519148768,0.05505193759549279,-0.05123186525006976,-0.029167751430519945,0.0005523312938160784,-0.03558468896101309,0.027582939355442267,0.017575418443854133,-0.0231423990788405,-0.035060456279745335,-0.039967825158836914,-0.027243338975103563,0.0032211261824975366,-0.047073107220402456,-0.006240296067699509,0.032587978689036554,0.003856141378689593,-0.0009657846995539064,-0.0026545647629284226,0.04811112086113432,-0.025367557937577508,-0.00723403276885649,0.03217963949713606,0.04667230684878027,0.0015593273519964549,0.003855245422788873,-0.02392850146910435,-0.006420625256729576,-0.019802595765764028,0.034451963121460934,0.014379241792979598,-0.030559599411487136,0.003493520406946321,0.03985728393772315,0.05396320322407232,-0.05965944202110447,-0.002250827444552651,0.020200888864963164,0.03878918901705445,0.005938588333493462,0.04077206682661876,0.0033442992147808505,0.011422722406384572
C:\RA-CLIP\test_set\LINE_HW\A0039309_00024.jpg,1,LINE_TP,-0.04583629987152584,0.16189652841202387,-0.05364062489235668,0.03770822704203668,0.2555361401643312,0.009100861939258388,-0.20249617704532624,-0.022169705542910652,-0.004639333299810351,0.037324124105244647,-0.05761310509166512,-0.06198953549971159,0.049233883390832414,-0.004005334618706255,-0.01460914532919736,0.027133168274837485,0.011956385676949321,0.03951331719763049,-0.0011731711754913122,-0.010109108089021985,0.02592879956829702,-0.003841050685952879,0.007952320960384897,0.0186450569003607,-0.036843962755291844,-0.0028883100921846395,0.025768664058711265,-0.0036350366050451745,0.004540846702575012,0.002162452695566859,-0.0152389248816017,0.02249959064958629,0.034109156977054564,0.03674469310290921,0.025801434764127648,-0.037043328708360565,-0.042400219394422525,0.02504634843858929,0.029671588383241732,-0.04304329095943609,0.014434514249501653,0.006745576135341111,0.021750128516267415,0.04806243314684336,-0.0023282651143017394,0.05992410448263968,0.007191645856219511,0.01485535154438887,-0.028768466893705654,0.013450852253255591
C:\RA-CLIP\test_set\LINE_HW\A0039309_00042.jpg,2,LINE_HW,-0.1726189962924852,0.1967106614824181,-0.038130860849923225,0.04158081222323367,-0.06709946421935174,0.04678180729068416,-0.04649357018057896,0.005343242381759191,0.04222890564115747,-0.056372668852550815,-0.059036618014867,-0.010442871017981512,-0.022171835290556226,-0.04536774366407677,0.05141743965403078,-0.09888012524399051,0.02644957857007144,-0.02652053438935126,-0.05307190092852315,-0.007475458865096888,-0.04379922283199019,-0.04897806491860577,-0.026649105285973505,-0.046014217842029546,0.043720593799916586,-0.00350479792915477,-0.03589694002208319,0.021032922693550334,-0.01571568815339978,0.02541856197176821,0.034403045942064524,-0.04835762352647924,0.03280410258246691,0.015703160114834688,0.06611623629940559,-0.0028783403182064526,0.003507457305804231,0.026803567014849584,0.0192160572787876,-0.016470416586381056,0.03228376704156425,-0.0006311341343529521,0.01626780389068433,0.018861765733733916,-0.012165333728715595,-0.026027462151891077,-0.0327452293190985,-0.011672476036164451,-0.008451909479791,-0.017396081757791965
C:\RA-CLIP\test_set\LINE_HW\A0039309_00050.jpg,4,TEXT_TP,0.5803639263345906,0.1511488389866481,-0.12316639102815347,-0.2560420157759709,-0.08681937057783483,-0.011482230072413691,-0.031217714684842975,-0.008008007781171337,0.09387556416135924,-0.06771565780216998,0.06378349183653524,0.07191249736920545,0.10131182725851742,-0.024937865176533736,-0.07836319993235868,-0.004411242326169802,-0.05712626401675508,-0.03472637227619099,0.04241372197602459,0.040662630977644096,-0.028847055102007392,0.031245426842886448,-0.005927770166390082,-0.05797704107887462,-0.0019954270501851487,0.008180288918471636,-0.01597087322260006,0.06565632980228844,0.0445145817677932,0.003560628224711925,-0.06715695625579979,0.0386194336819457,-0.02613985158328192,-0.011703246599462177,-0.011041223435774258,0.02422617609772757,0.007428368266359763,-0.012169217461095908,-0.017220794449938032,-0.04143287285787824,0.037381640211905307,0.04051712093660948,0.050162243966974135,0.001660284886727154,-0.005500868607181707,-0.04535912467565622,0.010109943101919852,-0.04876286395354393,-0.021895245454529918,-0.039295342107881985
C:\RA-CLIP\test_set\LINE_HW\A0039309_00092.jpg,7,DRAW,-0.0019747334969033702,-0.03682218935551877,0.2865140138611226,-0.0013853581079549683,-0.14299743491081066,-0.17523638624934534,-0.10305885606624003,-0.0433897341016461,-0.09586085369742876,0.09198126518680824,0.009409315419869627,-0.01778111919317189,0.09456663382605646,-0.002771894431987442,0.07281347002153576,-0.088935924413727,-0.0023816670708683156,0.05736706332239466,-0.015157669778770259,-0.06990514586280624,-0.05444055363942819,0.029099658707195653,0.03766042133208741,0.0011887074585519026,0.04594820914497079,0.06670912782274993,0.05361752816730229,0.033146430877189416,0.028434512582699127,0.03572718015439501,-0.04169331601086366,-0.03400024505534463,-0.041153689685362344,0.018382562246631207,0.08094619350480839,0.024231081872638362,-0.027146462235507526,-0.04261903538597594,-0.037525011335425885,-0.0033543647855318825,0.020223335208131354,-0.04996295467196266,-0.04793576760271616,0.0007759346650110643,0.03242658481765152,-0.061580917517530365,0.031118948891578777,-0.0027677657852999793,-0.01906542357285392,-0.0022140418391889617
C:\RA-CLIP\test_set\LINE_HW\A0039309_00110.jpg,3,LINE_MIX,-0.2753818682251171,0.08829194425089429,-0.24801958543553446,0.04233010275816823,-0.03768523314161683,-0.15267316434991932,0.07948234022904534,-0.018370772692326672,-0.011486824145413632,0.008279578045434997,0.029661125071226303,0.03472637317815876,-0.028293585261776413,0.0204576506166853,-0.012013387930746976,0.02502529046464434,0.028490294224861226,0.027409892193706282,0.009167371454146863,0.0045652984350132465,-0.00297246612934236,0.008925308255938878,-0.05179235871970538,-0.02508248199511188,-0.01923641325137107,-0.0012267348188719435,0.0067541913665009915,-0.0054487769558949324,-0.02223956352345115,0.003076949087018686,0.00020527110944475855,-0.0016641350658642105,0.00291114541339244,-0.00042276201814922277,0.009231565351223233,0.0017459258904459955,0.01901102718385266,-0.014044562216822825,-0.018340896433122558,-0.015866591843040838,0.026422066896204993,-0.01187785238183707,0.014964640818648853,0.003141726289920861,-0.0003938930850756656,0.00047816243428778913,-0.0028031580438742524,0.0007096445850091792,0.013788725687323049,0.008227869044375467
C:\RA-CLIP\test_set\LINE_HW\A0039309_00126.jpg,2,TEXT,0.06588431294658445,0.07272383644602028,0.13249843177034468,-0.09766296255128327,-0.10545588125517248,0.2276332327907498,0.030366383444984997,0.01506373145282063,-0.06782063152340131,0.07842067789370846,-0.042535351637295056,-0.024122579337274932,0.17922700773105188,0.05606739562528319,-0.06606106367619202,-0.05116011519082034,-0.013312246313523537,0.0651853017571057,0.0016053941735584872,0.007419107035516041,0.02035992127945112,-0.04244736469716422,0.03838161818933124,-0.021652335153070208,0.037816331999587935,0.011625972475938865,-0.08000915470095639,0.0034103530063703336,-0.020230619424537428,-0.02076749096435478,0.03994804688269419,-0.002850243343408194,0.014011037289062925,0.023357316263863316,0.016307759916740574,-0.04458872375870586,0.040238560584994386,-0.00437418873287378,-0.006676274469965753,-0.0289528091937176,-0.05028542464110115,-0.08995162874740285,0.01225523028824157,0.023544594153672518,0.02122183838530292,-0.034245060527201054,-0.036994727404022834,-0.0012874778423095574,-0.012711604913958768,0.009388504073124932
C:\RA-CLIP\test_set\LINE_HW\A0039309_00149.jpg,0,PHOTO,-0.09391200917899208,-0.4749873130026146,-0.06620728508527851,-0.07631791149436927,0.047394357306512556,0.0490418738315468,-0.015368331837582903,0.0008007829597495298,-0.08658292749002608,-0.11901754081716989,0.01416508066641235,0.0008000809101488354,-0.006546810564643743,0.029714533893932416,-0.10241371987024381,0.05502312365059315,-0.027873347132034904,0.04207257941852195,0.1283009371155765,0.012119396457716198,-0.0675254090392052,0.0729072900869655,0.016280359193724617,0.0771978399142214,0.07952370030501084,-0.08977985118396839,0.1421614864492825,0.035680500662564126,-0.010360249494571193,-0.017659212280488903,0.07885161727981913,-0.0035577393734532183,-0.07582497356006507,0.06288051218055213,0.03230647025624048,0.03183998669426311,0.027604178395835663,0.029351405515533162,-0.027922841974657896,-0.05866223209175687,-0.07899638903554125,0.07085191662045277,0.025301351080728108,0.0860563790105361,0.04382143826408669,-0.04121199430751069,-0.037547424856406546,0.06608197410368752,-0.02405305260689267,-0.027345563508278534
C:\RA-CLIP\test_set\LINE_HW\A0039309_00152.jpg,5,MISC,0.27695414096308385,-0.05321099111943358,0.008151377655188039,0.23054940142019759,0.11450376184882163,-0.09202776944761994,0.12027743969666156,0.4669331036534922,-0.024848678424322288,-0.04010048704203386,-0.13182722244010248,0.15923478131208157,0.019967558399536987,-0.038553774570130886,0.03820427122990301,-0.03118823186886284,0.0018759313273521347,-0.023505609812603207,0.029924106075156637,-0.21195257675256932,0.08299852941817397,0.04207641957069434,0.01836361002461828,-0.018429088806050296,0.004423380586037185,-0.023101839151740786,-0.03350408856050673,0.004957604220402862,-0.014078453635192842,-0.019951752400837904,0.00038340997242428343,-0.004142620977179906,-0.01698607804291154,0.0272055798015183,-0.005588214681419293,-0.008438497880051044,-0.031835894401361246,-0.004242302617623543,-0.01935427300125558,0.004067270189066394,0.0011724431377820833,0.027539811860598513,-0.0009335584645298338,-0.005329824341808583,-0.02538208299704626,0.024649760117566467,-0.009719605483479226,0.0017606173308208457,0.0036810229559191988,-0.03717137399688437
C:\RA-CLIP\test_set\LINE_HW\A0039309_00156.jpg,2,TEXT,-0.01002951452015317,0.16428737490013323,-0.017338677414548347,-0.030536296603911665,0.004848589608853333,0.1718882218719846,0.03490786270372864,0.017399534636314096,-0.08642677217854046,0.09175189790970685,0.123137584786345,0.026775550089666762,0.0201565044013466,-0.020278821217537286,0.07180384641005691,-0.05365186678506029,0.06315287627448822,0.07736793714044482,-0.05593129811045161,-0.05639056775733451,-0.03896421970609483,0.04355110901622358,0.05185100025187722,-0.06077624665453836,0.012021367008819941,-0.06658573564579057,0.02334913384727279,0.0283382826506644,0.028588646949815878,0.03125219843115872,0.04441949144777671,-0.00777833079596362,0.008840571254600473,0.014433619543619958,0.013617872046026325,0.001898504634203326,-0.020063667928417635,0.01889908113079105,-0.016398558559739033,-0.020366021111961938,-0.037301592638233176,-0.02871820124666664,-0.020703751231170447,0.002341157774782432,-0.01793933948435636,0.02813910673275433,0.03474170007292895,0.0014041004189069765,-0.012037586365799246,-0.018765282113492772
C:\RA-CLIP\test_set\LINE_HW\A0039310_00035.jpg,0,PHOTO,-0.053372897649945114,-0.6379246034454873,-0.08540912618789238,-0.06269309583297451,0.041844156676657855,0.05680880685705904,-0.02940647146868849,-0.017891335967130526,-0.15837650392113778,-0.13600395459956308,-0.016595192001707185,0.06439347665533338,-0.05065316434600906,0.024847276938602503,-0.021220286564634518,0.12312678860484762,-0.027156692940963196,-0.0033498580573312143,0.022423019760425964,0.035646880192744965,0.022280826914502387,0.021013092969774542,-0.009112603040625328,0.08830059085367131,0.01742618945822296,0.06909906441948327,-0.06550176539716696,0.18603457595060013,0.029637857458784743,-0.02814316765478095,0.07069679856757609,-0.06859829498070759,0.0438592060775643,-0.0840331323799769,0.04573623207346093,-0.016506000040777156,-0.0038046868303061756,-0.03434190542478791,0.026994515897570504,0.02607976551273701,0.013819689079937813,-0.03316079102607717,-0.049060684686665364,-0.07016423129753672,-0.06662348467630765,0.016923485866693722,0.004376940053884608,-0.053005609383573696,0.04575948621181282,0.0036679890488901974
C:\RA-CLIP\test_set\LINE_HW\A0039310_00051.jpg,3,LINE_MIX,-0.2753818682251171,0.08829194425089429,-0.24801958543553446,0.04233010275816823,-0.03768523314161683,-0.15267316434991932,0.07948234022904534,-0.018370772692326672,-0.011486824145413632,0.008279578045434997,0.029661125071226303,0.03472637317815876,-0.028293585261776413,0.0204576506166853,-0.012013387930746976,0.02502529046464434,0.028490294224861226,0.027409892193706282,0.009167371454146863,0.0045652984350132465,-0.00297246612934236,0.008925308255938878,-0.05179235871970538,-0.02508248199511188,-0.01923641325137107,-0.0012267348188719435,0.0067541913665009915,-0.0054487769558949324,-0.02223956352345115,0.003076949087018686,0.00020527110944475855,-0.0016641350658642105,0.00291114541339244,-0.00042276201814922277,0.009231565351223233,0.0017459258904459955,0.01901102718385266,-0.014044562216822825,-0.018340896433122558,-0.015866591843040838,0.026422066896204993,-0.01187785238183707,0.014964640818648853,0.003141726289920861,-0.0003938930850756656,0.00047816243428778913,-0.0028031580438742524,0.0007096445850091792,0.013788725687323049,0.008227869044375467
C:\RA-CLIP\test_set\LINE_HW\A0039310_00103.jpg,2,DRAW,-0.02065786743094635,-0.00013364606698437382,0.22414395745215382,-0.05073747359872021,-0.1339924092895186,0.08474426506060394,0.12855192429585524,-0.018978281906960683,-0.006829059007603371,0.0711736253143989,-0.0974376288714457,-0.015315948273625847,0.023852993201013546,-0.01329668535438784,-0.060144344563407635,0.014507786813879807,0.07605111877009106,-0.0021662227078239195,-0.01266488750212968,0.015589250721356774,0.06453010341468214,0.007633072554312644,-0.09688513701133232,0.038638402099905135,-0.016506544552060843,0.016696308961756143,0.06156112607341566,-0.004338375478354301,0.07023985526939527,0.0944096238736514,0.007727984671284993,-0.02152195309500076,0.006968603943905016,0.05535962811879474,0.03686043469162013,0.023206223197524637,0.09938718318989631,0.010441305016709052,-0.017902212429824347,-0.005595568487050937,-0.009860096642061235,0.006362662179120636,0.0014928151129415658,-0.0558631227860968,0.05975637435240825,0.04730420480892098,-0.032907144063849494,-0.06341759044360361,-0.03690939601512158,-0.0390093206163196
C:\RA-CLIP\test_set\LINE_HW\A0039310_00112.jpg,4,LINE_TP,0.5319691536097114,0.07547328711519312,-0.21252359792939446,-0.2604900455436563,-0.16132692189196207,-0.05692357516847546,-0.1357496455662741,-0.13369601338408665,0.004444062075315159,0.024940330412013653,-0.06905539628189965,0.09009006573314501,-0.03577052294937064,-0.16516091260355945,-0.18123621795123018,0.14628843175822318,0.03002437699308862,0.0503408568597269,-0.19349499702965206,-0.16628271135736591,-0.09614992403001583,-0.039799547214965245,0.0025058217422392346,0.12283599074840208,0.037355841896033234,-0.022164752034091042,0.011149910676640446,-0.04861734265242341,-0.007477207112276525,-0.0283587705821261,0.007047439068330647,0.02490867906539021,0.020326676411486774,0.006297534499965324,0.010704418263134025,-0.06223618182910136,-0.01860784180610253,-0.030817209699429086,-0.008866127276603485,0.03308620573678951,0.0026091688346656476,-0.010394544364462676,-0.008259678115639163,-0.009769064364084262,-0.009516046323666023,-0.01468457890945109,-0.0015868670282370991,0.004037481501535175,-0.005357392496512426,0.0071848468032344355
C:\RA-CLIP\test_set\LINE_HW\A0039310_00129.jpg,4,TEXT_TP,0.5990320828005288,0.14322628265394838,-0.14956918556058585,-0.2737755284447344,-0.14092860625806955,0.0024506947211882044,-0.029927444710658776,-0.00932442053431527,0.04679996027514798,-0.05361406157912761,0.05612977283999675,0.09184928982214151,0.03652507327627231,-0.05233210198633214,-0.04176395195212971,-0.016833399061996258,-0.048054739535712446,-0.05674108434496485,0.02660005984410779,0.006673393830558088,-0.04277703840499417,0.033458056911389464,-0.03623064983471147,-0.06959773002215232,0.0016041659986270312,0.028162562941856643,-0.06372477622827163,-0.018589987479116363,0.06163276722562172,-0.009159029792085535,-0.055027607119961984,-0.055986307251434136,-0.05134816918430347,-0.025843026824461844,-0.033657783155776465,0.011050499741201857,0.07005070643629636,0.011492494841464234,0.024674111810156107,-0.021445919138000116,-0.005319928636005819,-0.04033088576876009,-0.03329340294124597,0.07204075860095628,-0.06587185418251756,0.08715926622649667,-0.009008191105423884,0.046000227963932584,0.03517139556621129,-0.02812791721328607
C:\RA-CLIP\test_set\LINE_HW\A0039310_00141.jpg,2,TEXT_HW,-0.12075877765557566,0.0054555944569134795,0.18774011674252833,-0.04092585853700722,-0.09416585443309788,0.12466229500254272,0.07281793980233126,0.03188393983421534,0.07814819112144222,-0.06850102992006475,-0.016641196714981488,-0.0132888252602209,-0.034284405200377094,-0.026840139091605732,-0.023662873829976873,0.028622783846692992,0.04032668464558667,-0.0013934670200886395,0.023665164538020828,0.0063335448394773765,0.02323132088419894,0.03184963448443829,0.003837013904695067,0.03672287684057265,-0.046207607485029514,0.04387252669334422,0.04355262016519491,-0.03808487365990361,0.05219521795774495,-0.02067081012534242,0.014772808291843098,-0.001998715680716944,-0.019574789773980746,-0.01945169262201029,0.0026174332838236163,0.0009079807255167443,-0.05352072376009359,0.009202309404021126,-0.02564370413699927,-0.02203203856520026,-0.008106609080784925,-0.033322513896706374,0.06711612473983632,-0.014481222018677053,-0.060189050237893865,0.002139433667967934,-0.01656238840626119,-0.013914715223695888,-0.007316556763638909,0.02059732642886006
C:\RA-CLIP\test_set\LINE_HW\A0039313_00056.jpg,2,LINE_HW,-0.10970696600197648,0.1918160510029682,-0.012607317725862745,0.09454783756702335,0.006572934884349466,0.05262895451746227,-0.03207681649428005,0.01872401595779738,0.013543918186512993,-0.04902700110843623,0.05238654915095022,-0.05478890541660204,0.010002936089033012,-0.0662835108118644,0.005356792121993604,-0.041463143151484846,-0.012423190380933737,-0.02579464724799155,-0.021728508613449094,-0.039144646761493505,-0.03852709376480544,-0.01431711992671572,-0.04497103049165785,-0.06815244359038188,0.07652108013143637,0.027452383493978504,0.002203946312056065,-0.00509722353098612,0.008837200707217439,-0.0029709772824848945,0.031289025690767684,-0.0466293171777547,0.02775995531611295,0.00630180997482575,0.04223638357806174,0.03323663145618543,0.05105618556719463,0.020201232387801145,0.012323791181407357,0.046323933348956986,0.026137914117326928,-0.03404064681635637,0.017966774733372895,-0.021599264112211844,0.017410928540978594,-0.03418885505066301,-0.010037172338813204,0.04031712925911661,-0.0003346232490862844,0.00034209425859893587
C:\RA-CLIP\test_set\LINE_HW\A0039313_00079.jpg,6,MISC,0.09282857596026235,-0.08135309698519785,0.1545385641187283,0.0376812852718872,0.08918257107284379,-0.10996730620366764,0.13791964921321848,0.04320491657366321,0.10692063238340843,-0.09343923172119964,0.009106968592752934,-0.16209349644926543,0.058210197761895836,0.09747594087088272,-0.08442052984100026,0.11500452792879959,0.008789850235959486,-0.047246136229374625,0.002048275760750326,0.0533236625032413,0.042288600782312266,0.07405731702181194,0.019111844371994736,0.059540107211335125,-0.09461050516461048,-0.07199884994184369,-0.0013256681079717575,-0.08158065611217197,0.09581493291193144,0.00527992020893993,-0.005306474784014449,-0.030722175815904328,0.029692881581065506,0.03368740624601444,0.030354064681686176,-0.01455840245994304,0.012175239531407787,0.00887372730612808,0.0765310430110834,-0.009571372956225047,0.042947652715402025,-0.014067696667646465,-0.055878979650484405,0.006780839327819598,-0.023517026493545402,0.02060485786436114,-0.09326694876200316,0.003176085907884137,-0.06513585916009688,0.010321269423850225
C:\RA-CLIP\test_set\LINE_HW\A0039313_00091.jpg,0,PHOTO,-0.08414259085480928,-0.5701101920152941,-0.12712628500770767,-0.0027206950343359316,0.040549294222367006,0.057027465418013235,0.012983516329011246,0.004091992224779116,0.24337617459600933,0.17962571066357516,0.01915872448693855,-0.03634435929800351,-0.016118263728580447,-0.0489135405029735,0.023979135307908114,-0.012312991283258077,0.024871747919157246,0.01897011331377888,-0.01728585636454035,-0.02119605351686281,0.01447912809369663,0.035377945581272496,0.025262536682050283,0.016350269009998575,0.014759147062895725,0.050224956546048506,-0.062212857551988784,0.031324428504535706,0.03347708976870057,0.033414346560573016,-0.011513850166147315,-0.01683584759186718,0.04515382189148815,-0.0034397298592558287,-0.04603335633737602,-0.0005879662667399617,-0.017433094759017255,0.00987207819556919,-0.027824384274374486,0.03912216934495613,0.029229644436776416,-0.0001748347127008841,-0.028707670187548988,0.0040603392805544005,0.018650128771092945,0.007787243112651713,0.018566752131961354,-0.027867089778470692,0.02549126173650607,0.003840644734006555
C:\RA-CLIP\test_set\LINE_HW\A0039313_00119.jpg,5,MISC,0.44581836227060845,-0.028577951693253927,0.02117146501912347,0.5004145964556664,-0.09986497526852842,0.04951146310876641,0.04335704445624499,-0.28532267277279477,-0.0475836786133192,0.03430351174183153,-0.012403577887218633,0.0563570149487718,0.013766143976952451,-0.021123323251432707,0.005229912474327212,-0.06683777769051452,0.026564878919564907,-0.01653814208908512,0.019610177203269814,-0.034058453134527454,-0.02918868069059578,0.009718666757260562,0.010581962369252776,0.0555736761231989,-0.004509707997197595,-0.019094064346103334,0.008422240462044714,0.01022486415882748,0.007188761440583213,0.009152535139123423,0.011475804020704005,-0.010993693297324287,-0.04698650760630155,-0.019771662372644782,-0.005995056547449555,0.03582972682737814,-0.0379453223832613,0.03239109460233152,-0.0006973801997322203,0.02632392243568105,-0.015264752416806224,0.018977351792982402,-0.017275350989009713,0.026668434631712687,-0.03534456575947542,0.03170324302170385,-0.010252556049189364,0.012862755954307236,0.025229236699670213,0.0659736742040796
C:\RA-CLIP\test_set\LINE_HW\A0039313_00120.jpg,3,LINE_MIX,-0.25719932158828,0.07030627265164754,-0.21019589196202607,0.028802034592872408,-0.03212870710330202,-0.16571809473266114,0.09447287386299849,-0.03418917434634171,-0.026462280439882354,0.013962100442758267,-7.950233192044184e-05,-0.004971315538639459,0.09301217922873119,-0.00772673228271973,-0.02502464616898533,-0.009752069784358329,-0.017344974003295793,-0.006485249082170822,-0.009784100653933573,0.008011849754166966,0.02973553459548391,-0.008976597247240318,0.03872445106798605,0.021462537718960045,-0.011731494424804853,0.02304266484732805,0.007719386364663504,0.007270609722116995,0.016209048668128508,-0.004977506201518189,0.008352660673330936,0.009486409198891214,-0.020659023862842067,-0.015437964738504664,-0.00818479007498291,-0.003068798095420823,-0.008884883713793501,0.01691745097223547,0.014403184470263113,0.01978041972654537,-0.015049039774269302,0.0035250583288286533,-0.013824608267769005,-0.010320803467009164,0.0016030931912362637,-0.0005809652246616025,0.0052065857208137495,0.0006231768562410349,-0.010113985577358115,-0.019142884650773954
C:\RA-CLIP\test_set\LINE_HW\A0039313_00142.jpg,1,LINE_TP,-0.023252068302250548,0.19193505961032148,-0.06485898108431536,-0.030762393768701022,0.25770632794105847,0.0420308533720757,-0.17010697680994402,-0.023708724867096794,-0.03200938150996802,0.04716223437637591,-0.04884022510741809,-0.042622434844014095,0.048420691753754456,0.010433018290299138,0.06711791787081593,0.03357849915459585,0.005033309758237564,0.023712873046473824,0.009053017243904615,0.0015577052230835641,0.05003632573191555,0.009944044701650579,0.027935812687986387,-0.0010197723442262748,0.02142094801021745,-0.01927804551756326,-0.015449248448977224,-0.01450702919732452,-0.007101589982809115,-0.003240892453102364,-0.0030276631529746758,0.009490722778004503,-0.032479029033623465,-0.0023288491458297693,0.004934223227018579,0.05309165181317233,-0.0020297212802854693,-0.000777151736944509,-0.015731292669219514,0.0075334660358125066,0.03864323370855351,0.009064059001824425,0.023675724662573897,0.02188424406639461,-0.0025473378148218183,-0.013071947380068775,0.0064614677368654795,-0.015091795274482128,-0.0007626832792782879,-0.010010006556795499
C:\RA-CLIP\test_set\LINE_HW\A0039314_00007.jpg,3,TEXT_HW,-0.2669054051936743,0.17304977815848935,-0.11560645212565548,0.026445257173932247,-0.0230001960834413,0.02474778144704971,-0.030145292435739632,-0.05168160826285443,0.061440974728314036,-0.09089956781284157,-0.03350620417245796,0.02591097967677579,-0.06021413238295988,-0.01880620260896438,0.043966273320810774,-0.01966489904297719,-0.04696741487726338,-0.07429040499180323,-0.0016395703123070666,-0.003100967479512681,-0.015164074540138761,0.0506707238140786,0.0023485049435418796,0.002718899634209752,0.06712228378127345,0.03310104851666744,-0.003426503479925992,-0.030393955410167373,-0.012048938883312273,-0.024671539818453898,-0.05461734396595515,-0.017454883103120662,0.06739365768934724,-0.01923295270866382,0.01728752662475927,-0.044974308897758566,0.022803868947888686,0.0074831334503761325,-0.039287246829709625,-0.04347671706324415,-0.008384347409208293,0.023145943305556353,-0.034162528261255105,0.019894702387194915,0.026536745309600523,0.021545114405021635,0.001164614240389018,-0.047421229310488436,-0.03244786196437053,-0.004958921115867484
C:\RA-CLIP\test_set\LINE_HW\A0039314_00010.jpg,2,TEXT,-0.08788209306170296,0.051367876286854644,0.09252587970945639,-0.08558245611481591,-0.10312309244145676,0.2364412080399026,0.061416027376456586,0.04152102962823115,-0.06259070210158833,0.062495374189159916,0.017691244184910457,0.055726908596401135,0.0313740770081243,0.053102133333912255,-0.020084294637970665,0.0429011334426682,-0.07097374463176954,0.019007893595537752,0.02063568034575002,0.028250615408754752,-0.021898097096021283,-0.029765462681929897,0.028279369009136184,-0.004856777075975713,-0.029322725620904593,0.0030620148547079906,-0.022625028254289848,0.004096231922254167,-0.06681536655133506,-0.002953176884094754,-0.028609046271073316,0.0026020959882592683,0.0013548675279519873,0.007875127958902956,-0.005868626484922017,0.004441158116810222,-0.02324413036706462,0.008910248405653173,0.02342086556835975,0.01487946092708483,0.02989113362906459,-0.024106116011017822,-0.05940541512309579,-0.011305174462340715,0.012230220783094955,-0.01843538364466401,-0.03611888960014148,0.05559306586650847,0.03496067921443963,-0.029042926325566463
C:\RA-CLIP\test_set\LINE_HW\A0039314_00033.jpg,6,TEXT_TP,0.11942792887537003,0.06753317140825367,0.17574875346625007,-0.14439151843843806,0.24498762688771855,-0.037893452955888064,0.1538190513338857,-0.07500044863873656,-0.01443366664272443,0.030482878967103496,-0.05132605239315706,0.027797924271410177,-0.02133310963462369,0.007230419785038751,-0.0020664908306320907,-0.0290947096343699,0.009679321421799591,-0.008845768272061315,-0.008586433648719988,-0.013639488685497775,0.0029154901479036405,-0.009916269660534693,-0.02245053723892185,-0.012725409305288683,0.037820403221039946,0.027329589792589162,-0.007522924812073194,-0.035230078256211106,-0.010100943091350956,0.008840811118925072,0.0281230636651428,-0.015500645331116465,0.031125230302221384,-0.0011098000983436266,0.012492622365512764,-0.003581174368509671,0.0028408331049581607,0.002071019164670545,-0.029527243312732775,0.012298084505802534,0.01969016739041094,0.010760875895710946,0.029802976484760126,-0.029857644656822422,0.007690275654049735,0.005549133448143373,-0.035938276720875774,0.033439626478688755,0.029327693671712517,-0.02415141660959851
C:\RA-CLIP\test_set\LINE_HW\A0039314_00068.jpg,7,DRAW,-0.09590581145683139,-0.15084996498275974,0.2781626087703095,0.018825201640944145,-0.07610287328435185,-0.2359682718216425,-0.16412760259320383,-0.028172728255223326,-0.00979152037783031,0.0723955366791977,0.0395905340496073,0.06652154673480447,-0.00827219751831298,0.06447749779285339,-0.004269038685928803,-0.0050279166508977605,-0.06434539712991003,-0.02073952348541601,0.0818132932495571,-0.04169604569933866,-0.06623436577427744,0.07342293035631722,0.08040804709897699,0.11291178972132562,0.030538085613129807,0.04641862330689069,0.058673982088818646,-0.03656906241732529,0.006436688874881966,0.05318373868799994,-0.070571041264776,0.0529160159798479,-0.05687118397949303,0.09854545355111258,0.029362939323245005,0.09032731368365378,-0.007121128748203666,-0.09735465158897062,-0.06691851950030744,-0.041708748090895226,0.11007877566740724,-0.1323537114055006,-0.03675085684171863,0.036917566482944614,0.097966036478689,0.005513338734266661,0.02770220799578652,-0.02893156088976182,0.002897778391715262,-0.013459472331536913
C:\RA-CLIP\test_set\LINE_HW\A0039314_00085.jpg,3,LINE_HW,-0.27519173873062436,0.11155908381858329,-0.11301198329413643,0.047351194081472,-0.04886033773737738,-0.023135517790247345,-0.012383497475245451,-0.016051445756528844,0.03567205869418133,-0.07731176324253182,-0.0004420127185814716,-0.0003116684949142215,-0.03466937508461691,-0.01393138657241309,0.006107994520412633,-0.03538165852963184,-0.037824118801097276,0.0068258265632749875,-0.025366602287074366,-0.003953261655697018,0.0040262777359308995,0.00019560598498150864,0.036068632943421074,-0.028095253087487844,0.03620506173802749,-0.01673032127602734,-0.04715541443554901,-0.018811238310349386,0.01933572549393216,-0.03149787865168905,0.0146241830497454,-0.005016811990496096,0.010643551904651188,0.022501698764161228,0.03935948300887422,-0.003122358077659431,0.006198522192029316,-0.00526276465265513,0.013391248831852462,0.002684149668204895,-0.0016194741164397887,0.024303424721978134,0.014971336707873055,0.024763514256433538,0.0069808856359815435,-0.019408163748794886,0.0027960386755185294,-0.006394908532993074,-0.006055004941879558,0.034902019952576906
C:\RA-CLIP\test_set\LINE_HW\A0039314_00134.jpg,4,LINE_TP,0.5431670856002935,0.12627956402103155,-0.13873145014288835,-0.19946852974267373,-0.032215907049919466,-0.01587195968084832,-0.09017428152927882,-0.00924200191770547,0.16033390935610078,-0.10994449495951009,0.033943325987575365,0.08832312285048394,0.21562161244472414,-0.007566935622412841,-0.010448499442016423,0.008825157072298605,0.08764196423365016,-0.06681935987224513,0.09048606012936283,0.11641444280247275,-0.0077137126496465,0.0885066003784247,0.017849863633498695,-0.014548863978156927,0.012243819128882031,-0.004438936071909613,0.0016645722723615892,-0.06031887463216497,-0.05466156281140168,0.017219629036144483,0.043244925552578174,-0.011772574861062342,0.09529025334542983,0.060860203480765256,0.010338763954153557,0.05605562393735786,-0.06702409547153618,-0.04154334930826784,-0.010212480618521315,0.023325318760917244,-0.04269901992716487,0.023560030860751632,0.0025991136682649487,-0.05454541985797164,0.008328097853471838,-0.017307141730430586,0.025435594138097355,-0.004968321237238854,0.016671462349420647,0.03188526939481211
C:\RA-CLIP\test_set\LINE_HW\A0039314_00140.jpg,5,MISC,0.34341167410335627,-0.015906663963204518,-0.0759209050139617,0.2457305916215234,0.1394915289567036,-0.08876485539504093,0.06174216801419869,0.46155730053254584,0.022676237003926663,-0.0882925548003658,-0.08186782775832216,0.21625820113153346,-0.011723073743765963,0.02156064112565145,0.026333534847126486,-0.007491368282924587,-0.04033407397585752,-0.03240905841691247,0.004622401623788413,-0.13712670507963431,0.07646028776985185,-0.0008724688533637518,-5.650193968939939e-06,0.03867015510176077,-0.03575264900884883,-0.009407621416995804,-0.0024282232734159715,0.04522843325068667,0.0031153012911448036,-0.06221170817419007,-0.016088355577814878,0.001305335504750035,0.00569778922662359,-0.007054508567863574,-0.029622060226713494,-0.0015282684664792154,-0.0166877638681055,0.07955041117664843,0.10012630408097493,-0.037387461015867506,-0.0003980993130084563,-0.07692961978348137,0.06621452213010634,-0.06161990429795451,0.1420547804218619,-0.04023973622275057,-0.006589209181774537,0.004866484592532325,-0.018988647382099082,0.10532271901026187
C:\RA-CLIP\test_set\LINE_HW\A0039314_00208.jpg,2,TEXT_HW,-0.1537946176476364,0.056986628142548075,0.05331953545028938,-0.043429277893291415,0.005047363431368012,0.10137208868085006,0.10503025967623882,-0.005134290999804188,0.05689722650816699,-0.0659040923696749,0.046691007707186406,0.019724521514595056,-0.05349666111994077,0.012927106446560716,-0.010333982789344826,0.07610352706655371,-0.10292406381707704,-0.03617531399327172,-0.0032744585643818083,0.019559422059430967,-0.03017973268430048,0.07356156338335874,0.04980812150611071,-0.0036155462114361783,-0.007354019754235064,-0.014169832570908621,-0.00629621264314075,-0.028373760295766312,-0.04955120235489205,0.003195320871747655,0.024783134578643663,0.02797059063170927,-0.04752286334121152,-0.007623992276544754,-0.02774733841812941,0.018856827990682383,0.003856355026968105,0.014044878937306604,-0.006510704338631263,0.01656465215976464,0.006873402805992222,0.013569218301514375,0.0023141417879807185,0.0027271454107223353,0.016279575380018403,-0.008614319952799513,0.013518913681130717,0.01869895589748317,0.012437016953612353,0.01733777620705268
C:\RA-CLIP\test_set\LINE_HW\A0039314_00227.jpg,3,LINE_HW,-0.23930840486212887,0.14708363467706137,-0.0809488337723521,0.047731359330363224,-0.04754139065579926,0.006747953178618886,0.00801185239049797,-0.02170901980598834,-0.01738984727766907,-0.04114395695738869,0.017167699186074456,-0.04855833387348125,-0.00949372280608861,-0.01943493724566346,0.038500660450456886,-0.04445369212861737,-0.04198155592390023,-0.012379697554589038,-0.04555977948462789,-0.03880173996477237,0.014689627585817646,0.013845404365441403,0.03745301286398194,-0.020345359956010566,0.06687929751307042,0.004768702248950852,-0.045914191139041514,-0.016873607658998906,0.03169775219753697,-0.02999173735771904,-0.01599910187324244,-0.02923919189611732,0.011261091122391785,0.012860392660601913,0.034179748033886306,0.0069180871294356044,0.00024193224893108675,0.010306663979946453,-0.005876977240013639,-0.005105435557006739,-0.00926138685135625,0.0008201570870550476,0.04010281535620948,0.02956944619904074,0.015447788780626004,-0.01085276718182846,0.0024394603955485957,-0.011096276372601114,-0.006774315552013417,0.01017797586011198
C:\RA-CLIP\test_set\LINE_HW\A0039314_00254.jpg,7,DRAW,0.05275196918086961,-0.14486268310840858,0.20934707115179757,0.0038740147542331593,-0.075813122406464,-0.2306988542164216,-0.28145249451382665,-0.004862874352583736,-0.06499442808785132,0.1210137762726494,0.14469397544460083,0.12359089906758515,-0.07409531488762514,0.04994384236366573,-0.026292651403574157,0.005670747547517164,-0.0733653720554207,0.05430821408160897,-0.05967730141304306,0.07071733360287528,0.026373943221585965,0.00564310927284716,0.06610468356171514,0.04042918828614408,-0.12678636199409613,0.01169157284295297,-0.05008757170564754,-0.02711320081541321,-0.05229690641585871,-0.05351351113358999,-0.020107642496468014,-0.036586101763605855,0.029572324048050387,0.04364503221238887,0.025892679589963934,0.0165402412779983,0.04374497332196374,0.04324768165632945,0.006374204120924811,0.06706830603223259,-0.02562965377245023,0.028884407379479535,0.04709089459252372,-0.04482304786837541,-0.06074917674187149,0.02092073095112402,-0.055110854892344296,0.022012430463485444,-0.04125461303192121,-0.00691981696598852
C:\RA-CLIP\test_set\LINE_HW\A0039314_00272.jpg,6,TEXT_TP,0.10778923415184635,-0.003380027359415119,0.16377216959837454,-0.1454369638943223,0.2993785813523907,-0.11516689412622634,0.1508364149454767,-0.0864310694177683,-0.006006863433269026,0.007367840001802972,-0.019703165536290285,0.03184954173725917,-0.08686958928496567,0.04655679396000583,-0.06498493886657047,-0.05533446821400376,-0.0554739085774774,0.016798228069787136,-0.008693124820215828,-0.009792628894103763,-0.049409091729293975,-0.03341260529131625,0.012730757707470272,-0.026264976033789966,0.012338369267824723,-0.013276254858159215,-0.017250276258730275,0.032418312625514,-0.016184627163284827,0.0011043611482797156,-0.01833062803080108,-0.01495416243565075,-0.013062323791260369,0.026102037080575295,-0.020851103236420185,0.011271454449501166,0.005720643881798349,0.017368002804701115,0.009194329948409503,-0.009994509859380333,-0.028982255637737365,-0.024329614948367093,-0.023071618555979705,-0.00958128655078622,0.005660364108720956,-0.008665584497724602,0.033812545528823686,-0.03043232197401926,-0.02021678556919611,-0.01486140048217175
C:\RA-CLIP\test_set\LINE_HW\A0039314_00275.jpg,3,LINE_MIX,-0.25719932158828,0.07030627265164754,-0.21019589196202607,0.028802034592872408,-0.03212870710330202,-0.16571809473266114,0.09447287386299849,-0.03418917434634171,-0.026462280439882354,0.013962100442758267,-7.950233192044184e-05,-0.004971315538639459,0.09301217922873119,-0.00772673228271973,-0.02502464616898533,-0.009752069784358329,-0.017344974003295793,-0.006485249082170822,-0.009784100653933573,0.008011849754166966,0.02973553459548391,-0.008976597247240318,0.03872445106798605,0.021462537718960045,-0.011731494424804853,0.02304266484732805,0.007719386364663504,0.007270609722116995,0.016209048668128508,-0.004977506201518189,0.008352660673330936,0.009486409198891214,-0.020659023862842067,-0.015437964738504664,-0.00818479007498291,-0.003068798095420823,-0.008884883713793501,0.01691745097223547,0.014403184470263113,0.01978041972654537,-0.015049039774269302,0.0035250583288286533,-0.013824608267769005,-0.010320803467009164,0.0016030931912362637,-0.0005809652246616025,0.0052065857208137495,0.0006231768562410349,-0.010113985577358115,-0.019142884650773954
C:\RA-CLIP\test_set\LINE_HW\A0039316_00209.jpg,2,TEXT,-0.100651096050163,0.08938088449463799,0.1501846819461712,-0.0711708951363103,-0.08201873414858073,0.21571500723752346,0.0702392822129056,0.035357177756005706,-0.017437790677199937,0.01598973990862283,0.03908027874798784,0.042563181589487596,-0.031193202781266742,0.029354873975168207,-0.024234195906861614,0.04235603079653589,-0.006997480843085447,0.0001332358568550224,-0.013537673641166183,0.015919028163728748,-0.011220925510546705,0.002704270626193057,-0.055556000040062,-0.02056421880366821,0.010421898197827262,0.04617218066115008,-0.011984886490999037,-0.010932830675354468,-0.07598445013965051,0.005865472161679794,0.024614709526913817,0.022938383487358195,-0.045045900774491075,-0.0061025324123959584,-0.022284650400601572,-0.031014401373996234,-0.03343189594160312,0.007043049926104334,-0.015426406051290809,0.028357075524922844,0.009106657514708015,0.016384233337173846,-0.01780771931689974,0.011155854631878032,0.009869203926886628,-0.009909056858716164,0.0273095583394749,-0.0048321265565616995,-0.022830604555266205,0.005541872702645371
C:\RA-CLIP\test_set\LINE_HW\A0039316_00215.jpg,0,PHOTO,-0.023816960934545748,-0.4943461576975813,-0.07583897830267237,-0.04221288541644165,0.03935822304999369,0.010453531860659126,-0.02916477231605193,-0.04813783692382705,-0.1905036462455076,-0.06979017862319035,-0.0018870735432151974,0.007037456264843856,0.022491165179321218,0.026243172113899062,0.008297634899448129,-0.03640387667818637,-0.0742124650561077,-0.02947745816386409,-0.03955284974354512,-0.004261675515713275,0.06359736905652051,-0.06038574249395325,-0.032587119593374715,-0.06656955770105354,-0.06152790534143495,-0.10400756323423148,-0.021457684113216198,-0.14652282383748197,0.012547572410673578,0.08604172971390445,0.020970082887103073,-0.13674121922184862,0.020272145313931605,-0.13361657598176394,0.03685933075386322,0.01624415214030179,-0.0650639639610816,-0.06984734405642415,-0.03699322350666879,-0.0747791466638982,-0.036578011428867296,-0.02235929771713174,-0.002397184487138175,0.028873100423595456,0.004091703542058801,-0.0029314147798544087,0.0010411998877736688,-0.012939839473761063,-0.012751543241792722,0.005515164882403242
C:\RA-CLIP\test_set\LINE_HW\A0039316_00231.jpg,6,TEXT_TP,0.14287518324632795,0.05057413341816911,0.15923118133005093,-0.14595848490782473,0.3067804300207927,-0.138353987166202,0.14356898763474957,-0.07427155211224698,-0.015216329093632032,0.03568883032050555,-0.04231394756875929,0.025077115100437336,-0.04834652459253779,0.039555083929226874,-0.03005142049716087,-0.075349531086027,-0.0024318422786583785,0.00626503456330291,0.03208721411542988,-0.0023845226201022335,-0.01187697728028611,-0.01538451509002597,-0.010407192341172126,0.0170481138648237,0.023851238451378244,-0.0010371793826063438,-0.01224066080563397,0.005477785712904179,0.021914568137668986,-0.019995505721884178,-0.024440354701940163,-0.0002149227243166891,0.01480895881608711,-0.011287556047996364,-0.009946734178571405,0.005951312260808345,-0.017065026978863897,-0.014261948855530608,0.01430204969006475,0.0015532145060766815,-0.028738977744598243,0.013742529319733437,0.00324190419851917,0.0010183845799733532,-0.015657966947889106,-0.007822848547343463,0.017069195183474325,0.0064932942747154545,-0.01513477269777534,0.01791609057855944
C:\RA-CLIP\test_set\LINE_HW\A0039316_00233.jpg,5,MISC,0.26500830141605697,-0.0564587052613058,-0.019574247383499683,0.25449245541675247,0.12282625379260999,-0.03867766100732307,0.041395854354340934,0.3508145714587846,-0.03145323178634806,-0.06741997606206233,-0.15440050908675018,0.054103764496759986,0.033395024660372585,-0.09838213739334493,0.060329169189895164,-0.10908246694941728,-0.15265156152573398,0.2722220753653437,-0.1672372136205428,0.26275916028041846,-0.07978771315561736,0.06558156957848102,-0.06575538407601134,0.13227910405957907,0.029369400000546615,0.022249838572442865,0.05262467329048732,-0.03185768429858056,-0.006360058019364155,0.007655762201861697,-0.0541806524289683,-0.008773376485500814,0.005646049057696553,-0.05294022787377373,-0.025185360039660543,0.02996989016761632,0.03309168922798306,0.037064626170786076,0.04781374175680803,0.006786107285970924,-0.01632347421485866,-0.06922843199911248,0.025362928267369262,-0.01746456003370545,0.04584696301515585,-0.00037345085104072275,0.005016994241973132,-0.01728560998330935,-0.02029459811821042,0.10442049124375133
C:\RA-CLIP\test_set\LINE_HW\A0039317_00042.jpg,2,TEXT,-0.06386789158702227,0.11395133958105506,0.09019864752924746,-0.028389991293137615,-0.13113372738033852,0.18704740156034172,0.10061545434769495,0.05674443908603812,-0.09754557449728235,0.11380890589644536,0.06243834373715439,-0.04491384902073749,0.05702757018077388,0.061308688146256965,-0.0364932656496235,0.05119232979975483,-0.06659682186988311,-0.019293470799873924,-0.045229136344930906,0.004673828199825611,0.04179504040255096,-0.013634313951916619,-0.11280567346797934,-0.024006327815577707,0.04723194007438673,0.025330015964673398,0.022322526119555108,0.012090031921576587,-0.03848863904094795,0.03269955215277521,0.019437294763501697,0.002582723516109394,0.007740043432734564,0.03877064135868565,0.016434107785349497,-0.039442285387738744,-0.05243671360205562,-0.02308213347764251,0.018344083180058663,0.016515143288851408,0.02065133691934769,0.044323519642247386,-0.016269237451352468,0.030914824886546295,-0.03421378855560804,-0.027985031007349354,-0.0021409095261827908,-0.05419931156968594,0.0042739333333945044,0.03406514424674635
C:\RA-CLIP\test_set\LINE_HW\A0039317_00073.jpg,7,DRAW,-0.08334884445279028,-0.024334536157658376,0.27134209834634165,0.06128251323331172,-0.11052673736330265,-0.28160238369866564,-0.09130748305838486,-0.05246137829811652,-0.07757769454022426,0.026223551656517095,-0.014890008024075103,-0.014433826204463455,0.029021285095297777,-0.017542113881650254,0.08141474372360882,0.016420989850928165,-0.06852484367860845,-0.10558811607255729,-0.03467773697742177,0.005318127043363763,0.016266006906352964,-0.027577825653949527,-0.008186592435743335,0.017722760059454296,0.10584380942293749,-0.06456221368966024,-0.013639313578512157,0.03177497194444058,-0.08939889353968934,-0.01925504405805976,0.012639269867024261,0.05882344995492472,0.0624921717067146,-0.0027248497366868644,-0.12354620928687535,0.008861590084715976,-0.029115497058702165,0.028359885829971877,-0.027574386696862633,-0.0015433547082053366,-0.013362472785148113,-0.013354045563827499,0.025706783125071145,0.020259801343937307,-0.02270104752855294,0.07067244779383956,-0.0415457572710352,0.01070732627488864,0.017119566272476235,0.014995791859283175
C:\RA-CLIP\test_set\LINE_HW\A0039317_00156.jpg,0,PHOTO,0.003995401157901757,-0.531947785386212,-0.14489110611767544,-0.06931416140796835,0.07406032378397305,0.036152057253569875,-0.03560504880750151,-0.035340153742959846,-0.1933631630258934,-0.12242794407999279,0.0334113917187838,0.01624507964636823,0.030301341398533722,0.007653690918510953,0.049721314435360806,-0.05441249534631332,0.04107837728350213,-0.039766772896167306,-0.046947623796888945,-0.0225488613490341,-0.07624825458580052,-0.026784313147211688,-0.003988551444336957,-0.06844073632431234,-0.041724357082010145,-0.046429881704825336,0.11098952566546379,-0.13269757376482647,-0.03440645583974975,-0.00181988926414362,-0.06871543894417977,0.009343701272345342,-0.0578985376584257,0.031747900272312855,-0.13418632583102813,0.0036317891782007977,-0.01448912338455727,0.00794929266565835,-0.002460650848352343,0.00771737147587313,-0.013453839049199242,0.06636325087456406,-0.0015541597836022786,0.02956012672758924,0.06158859876238727,-0.09104180369856069,-0.04706581564913173,0.04634457900883314,-0.06490199263314878,-0.02786248164906387
C:\RA-CLIP\test_set\LINE_HW\A0039320_00053.jpg,1,LINE_TP,0.04015175449027284,0.22149967086148634,-0.04141526041298904,0.020437091112447372,0.26809581130397037,0.10494201872151067,-0.18489344129436555,0.016252705374630843,0.015096392650157386,0.025473228817236848,-0.023271092904016324,-0.007811656196268317,0.030303811006035,-0.019045406091653335,0.005184226046687738,0.06567173145129973,-0.015098003428648258,-0.018243612114570838,0.023615589322182096,0.005163824235833023,0.02486785645599256,-0.004243764323049368,-0.024853607452316157,-0.03658909712490794,0.009273262641935065,-0.0045667533018781785,0.014706997417763271,-0.003807973301163742,0.0041375061179854756,0.00619925979317379,0.012593377788238897,-0.013241021619888261,-0.011287079195532497,-0.026675871999695195,0.022521630626257127,-0.0005070080938277499,0.04629444687182084,0.01933234885514047,-0.024139018576807017,0.010718392085620289,0.023821179325063325,-0.02619327050429364,-0.020876250211393336,-0.016597532720261283,0.008600305541182955,-0.01176162219028535,-0.013764845602520486,0.025673089110550364,0.009656784328258994,-0.012288149242272001
C:\RA-CLIP\test_set\LINE_HW\A0039320_00099.jpg,2,TEXT_HW,-0.16678525569374048,0.07336195322010379,0.05994321390601393,-0.048815377527308364,-0.054739068220518765,0.10850098058223201,0.07314821953610472,0.01448324465493151,-0.01786715709251511,-0.033801037511534134,0.017824858528711914,-0.04020624881863779,-0.054102662096829984,-0.00020761126681091168,0.02760300955378033,0.08532852871853266,-0.06483661183922765,0.02345694264704634,-0.02559480083819252,-0.023673562342693442,0.03684549967835834,0.07001480393017227,0.046272993770251104,-0.018271143045575505,0.011745189162097668,0.027878871284646414,-0.021871099931948617,-0.033033381520142915,0.008315179008333557,-0.02790415289903617,0.0004037775895955531,0.006476521669105786,0.0065308712275282425,0.01153148199989884,-0.01897441059303462,0.023590884993045548,0.0003488731242384114,0.018446351791156508,0.04327789760111425,-0.0465795279329222,-0.0098566602878412,0.02682448761820615,0.005852880428387547,-0.038121592996034466,-0.006300118480543181,-0.014566601771788203,0.0442067911924817,0.01783224237630917,0.010868709725487832,-0.003046481977006055
C:\RA-CLIP\test_set\LINE_HW\A0039320_00120.jpg,3,LINE_MIX,-0.2753818682251171,0.08829194425089429,-0.24801958543553446,0.04233010275816823,-0.03768523314161683,-0.15267316434991932,0.07948234022904534,-0.018370772692326672,-0.011486824145413632,0.008279578045434997,0.029661125071226303,0.03472637317815876,-0.028293585261776413,0.0204576506166853,-0.012013387930746976,0.02502529046464434,0.028490294224861226,0.027409892193706282,0.009167371454146863,0.0045652984350132465,-0.00297246612934236,0.008925308255938878,-0.05179235871970538,-0.02508248199511188,-0.01923641325137107,-0.0012267348188719435,0.0067541913665009915,-0.0054487769558949324,-0.02223956352345115,0.003076949087018686,0.00020527110944475855,-0.0016641350658642105,0.00291114541339244,-0.00042276201814922277,0.009231565351223233,0.0017459258904459955,0.01901102718385266,-0.014044562216822825,-0.018340896433122558,-0.015866591843040838,0.026422066896204993,-0.01187785238183707,0.014964640818648853,0.003141726289920861,-0.0003938930850756656,0.00047816243428778913,-0.0028031580438742524,0.0007096445850091792,0.013788725687323049,0.008227869044375467
C:\RA-CLIP\test_set\LINE_HW\A0039320_00134.jpg,2,LINE_HW,-0.283810817140675,0.14809346972518464,-0.039438303379805355,0.028731554146790003,-0.06864228579332735,0.022738463885005243,-0.06687975138689875,0.019768574642245816,0.07031152162129245,-0.04215302935969555,-0.061979839422414564,0.03439111045952434,-0.05801728033808067,0.018024225442011023,-0.03987628506171487,-0.04688194701952915,-0.01710201637743129,-0.012491972363462266,0.05576176341019182,0.015815761790476005,-0.03634476348686995,-0.032821991691911676,-0.004411511570286747,0.023610011506915538,0.025284723928071358,-0.022676544550916302,-0.00433506815457237,-0.0038086534272482823,-0.015530157036830297,-0.0032177417184400185,-0.008736934074619765,0.0072271865772934735,0.011806887461307074,0.006513596224901851,-0.018434181919246815,-0.044372390324997964,0.020497955451853303,-0.027177165015597034,-0.002708206801208263,-0.051941359786892655,-0.01851952161285097,0.043565647956572584,-0.022969158391983307,0.01170039141704507,0.009155984269883162,0.009074524496924917,0.01787208021166256,-0.03307686104735607,0.009394448952115497,0.0322133026977058
C:\RA-CLIP\test_set\LINE_HW\A0039320_00229.jpg,3,LINE_MIX,-0.25719932158828,0.07030627265164754,-0.21019589196202607,0.028802034592872408,-0.03212870710330202,-0.16571809473266114,0.09447287386299849,-0.03418917434634171,-0.026462280439882354,0.013962100442758267,-7.950233192044184e-05,-0.004971315538639459,0.09301217922873119,-0.00772673228271973,-0.02502464616898533,-0.009752069784358329,-0.017344974003295793,-0.006485249082170822,-0.009784100653933573,0.008011849754166966,0.02973553459548391,-0.008976597247240318,0.03872445106798605,0.021462537718960045,-0.011731494424804853,0.02304266484732805,0.007719386364663504,0.007270609722116995,0.016209048668128508,-0.004977506201518189,0.008352660673330936,0.009486409198891214,-0.020659023862842067,-0.015437964738504664,-0.00818479007498291,-0.003068798095420823,-0.008884883713793501,0.01691745097223547,0.014403184470263113,0.01978041972654537,-0.015049039774269302,0.0035250583288286533,-0.013824608267769005,-0.010320803467009164,0.0016030931912362637,-0.0005809652246616025,0.0052065857208137495,0.0006231768562410349,-0.010113985577358115,-0.019142884650773954
C:\RA-CLIP\test_set\LINE_HW\A0039320_00247.jpg,3,LINE_HW,-0.23936407702711454,0.15216880101789337,-0.1026277414234148,0.03779676542992989,-0.03286690964007392,-0.021756441809419026,-0.07630482581994323,-0.022240898811686522,0.04911139410402194,-0.07818228590961764,-0.04016255850787373,0.0009371733631585113,-0.016667665087728944,-0.01452251266925042,0.018917484419175554,-0.032935454749304684,-0.0029499840191842715,-0.005272487517758019,-0.0043944118416894065,-0.009333095182234356,-0.034772163715826435,-0.001048138932799758,-0.00561322924260221,-0.010227245634579486,0.015972724315604363,-0.026990544315956752,-0.023857626920512104,0.004963297050858046,-0.013289038439370114,0.004303137108996279,-0.026605337771522044,-0.012994102474556053,0.01665156943418527,0.03258793318881833,0.015923321672859116,-0.037756522348004154,-0.016564085067430557,0.019482299622095606,-0.004331998448519964,-0.013252370982359618,-0.022686697453221032,-0.03755287715610725,0.013232243971737728,-0.007213301659252065,-0.009085928609570556,0.001967002021068598,-0.01890022732710038,-0.015909107101160273,-0.007171953110713684,-0.02188015766165339
C:\RA-CLIP\test_set\LINE_HW\A0039323_00065.jpg,0,PHOTO,-0.08319100891432869,-0.5669082613721773,-0.0644730639507588,-0.10059452977676442,0.004818048644083108,0.07066696283669137,-0.06276729860520769,-0.010429639376876952,-0.13306357093679877,-0.11260476271269035,-0.01606144157383395,-0.0001751909278773044,-0.024468080016360763,0.0403086968444464,-0.08793505804584154,0.028461766588033215,-0.024254869105473812,0.04856928445206852,0.08786349957474977,0.005590416135396987,0.03549753897491734,0.03217469717015779,0.03836438221247114,0.05842257354194719,0.04390699362844092,0.00458136216954392,-0.051555123377450336,0.03642250475479028,0.03351563904479463,0.0605684301913692,0.030932473595663524,-0.030348219191285924,-0.01741957283523963,-0.005255466947844615,-0.009288075692500888,-0.006219502542478175,-0.0032082729185322983,0.020258828531056736,-0.012876856363576356,-0.007814586087031086,-0.048511022312081604,0.011019254605865635,0.011027174740947193,0.019552656356581054,0.034046770896774776,-0.014067034248566179,0.0292176155329888,0.004406856362931373,0.05964155239544279,-0.005737966935536058
C:\RA-CLIP\test_set\LINE_HW\A0039323_00106.jpg,4,LINE_TP,0.5431670856002935,0.12627956402103155,-0.13873145014288835,-0.19946852974267373,-0.032215907049919466,-0.01587195968084832,-0.09017428152927882,-0.00924200191770547,0.16033390935610078,-0.10994449495951009,0.033943325987575365,0.08832312285048394,0.21562161244472414,-0.007566935622412841,-0.010448499442016423,0.008825157072298605,0.08764196423365016,-0.06681935987224513,0.09048606012936283,0.11641444280247275,-0.0077137126496465,0.0885066003784247,0.017849863633498695,-0.014548863978156927,0.012243819128882031,-0.004438936071909613,0.0016645722723615892,-0.06031887463216497,-0.05466156281140168,0.017219629036144483,0.043244925552578174,-0.011772574861062342,0.09529025334542983,0.060860203480765256,0.010338763954153557,0.05605562393735786,-0.06702409547153618,-0.04154334930826784,-0.010212480618521315,0.023325318760917244,-0.04269901992716487,0.023560030860751632,0.0025991136682649487,-0.05454541985797164,0.008328097853471838,-0.017307141730430586,0.025435594138097355,-0.004968321237238854,0.016671462349420647,0.03188526939481211
C:\RA-CLIP\test_set\LINE_HW\A0039323_00127.jpg,6,TEXT_TP,0.11538942398411918,0.052142928858458136,0.1810187491787201,-0.12819456234691856,0.23943215789071576,-0.08325377316823213,0.17294741629504753,-0.10631530860548291,-0.025602078161818472,0.03265539615301029,-0.0624506382487679,-0.00547101106613377,0.003890656324642474,0.005705416725621918,0.008774556445265034,-0.043067381855046716,-0.009240957151061267,-0.038734867305343125,-0.0053876956047490135,-0.026751551667860064,-0.0028850861597687805,-0.011343484588821472,-0.00956906741381219,0.023001442621919558,0.038230958627080855,0.023405764998128114,-0.006785707771862796,-0.027270362464062104,0.008177651313053128,-0.007565067682532919,-0.0019510677724520406,-0.005074402715580303,0.03771092131790429,-0.010055779833049809,-0.00012984115904891884,0.01221016070421803,-0.03455684930772245,0.006807942131985347,-0.023870452480547682,0.012904390897324576,0.015506394040617476,0.01184173509560494,0.03948693460729469,0.017081976773537375,0.023484361769273144,0.024854445140924566,-0.020173044454209584,0.02745173110101044,0.01923540418663157,-0.0020830000569041175
C:\RA-CLIP\test_set\LINE_HW\A0039323_00147.jpg,2,TEXT_HW,-0.18831394017228917,0.16674290155479277,0.017145909464461727,0.0278088471086151,-0.035300540623220016,0.060883326029656674,-0.08468761653688932,-0.014363757825795784,0.09304411428261947,-0.10629863205775314,-0.06738322972172672,0.004828573830087405,-0.006425184457249866,-0.030749763865301663,-0.010284964152333688,-0.04873577291033366,0.014541934519777484,-0.0011612982893602127,0.0018078745774522734,0.009529499408612647,-0.0030877688322766906,0.009621627260933314,-0.007743411474060134,-0.007836949123757484,0.027384572165076847,0.007906335341858101,-0.023375984716767825,0.013526632876006797,0.013208211186541549,-0.023584407760204547,-0.013712588130778731,-0.010726936272382944,0.01802107303372897,0.006611451463514202,0.021476444533930397,-0.037767368320943503,0.033896435140958886,0.012345284141618883,0.004114494210526517,-0.026929291053894664,-0.024560702102741222,-0.03988809066125664,0.022586554636036416,-0.008099546846351256,-0.026772306278338206,-0.018860100226856233,0.010442262534310076,-0.00887487273450165,-0.031910281931693894,-0.0003599180657649961
C:\RA-CLIP\test_set\LINE_HW\A0039323_00166.jpg,5,MISC,0.29042187080721626,-0.030131210383212155,0.006121589342168807,0.24216313106840062,0.0779868840811513,-0.05192500999428284,0.0751833861096873,0.3614982076776602,-0.04861183948783391,-0.04060887449842751,-0.14177722774562587,0.027038858711456497,0.06384071254789021,-0.1278263041918914,0.054115332256509226,-0.11914988871706648,-0.10001716897844079,0.2362811961188395,-0.13726375059121845,0.18912944987491478,-0.10410177581841346,0.08011947490810785,-0.05659040429842749,0.09858405249865428,0.034523074359383364,0.018318944210991485,0.04023821354043124,-0.029891681211361272,-0.010674212636107634,0.06613452625978766,-0.02580037541521635,0.0039467718841760995,-0.022032580890330087,-0.039398745370842814,-0.021948200227145297,0.029587157544748447,0.007008127314926484,-0.00875051806349123,-0.03223238929984416,0.027519375172126145,-0.016103694208484624,0.022576002049398827,-0.014475001626662827,0.006442975681727542,-0.06587989242922876,0.04256194864586419,0.015091590975635642,0.0006956787284129038,0.008507908786277232,-0.01622254579135218
C:\RA-CLIP\test_set\LINE_HW\A0039323_00204.jpg,1,TEXT,-0.02625943508530015,0.11079482083264199,0.005911983287279506,-0.025139169268216924,0.0837203333686959,0.03716750007663696,0.05151843276034752,0.09567547783127521,-0.1624164698480721,0.13539762921494505,0.17523904416064395,0.032984058160940154,-0.010556248138521306,-0.17702891413818742,0.13592008745007703,0.026281336747814424,0.04365281503349411,-0.10208514822092021,0.07866084141366943,0.09890084795491251,-0.0661914783000441,-0.09916669078496194,-0.07318139577122053,0.15464608989322678,0.04092435974363485,-0.019599819444501457,-0.08490414374254687,-0.02694755498428059,0.053332841169435166,0.006561064726847711,-0.01125420416359336,-0.011936205902524973,-0.07247679283560714,0.04559661004739037,0.004568556222126482,-0.03983515527819,-0.040624712510846955,0.011918795109860904,0.028148553936413495,-0.07372486719210862,0.009933586840517528,0.01898534415221112,0.004983397490913548,-0.03519269459206642,0.011108808465863738,-0.012738076452406212,-0.029619098424751078,-0.010872176433767408,0.009306884340109997,-0.019770872400745522
C:\RA-CLIP\test_set\LINE_HW\A0075616_00048.jpg,7,DRAW,0.01805520975822764,-0.13256190409938748,0.17906621230510245,0.05842544189692835,0.004387643336436271,-0.17793119741350727,-0.010681752309290606,0.09803618083978125,0.033972558674860986,-0.059914961986529236,0.04427463674478546,-0.1027508544095653,0.015327348934900505,-0.024125523990081055,0.032010378304445315,0.11603611318111895,-0.010950149661864583,0.16911195963718,0.20100216014306785,-0.11592634169843007,-0.2583540554762613,-0.048080670595886416,0.0003841891631475304,-0.07111388536815719,-0.03764911030296704,0.040915761435294115,-0.005741094024302928,-0.07282645780602842,0.036947931670902046,0.005348251201178901,0.08690443959477526,-0.032246897343380716,-0.016197373790614686,-0.0031222547607280236,0.0043261906246334254,-0.009064924165203443,-0.01325165095711145,0.08234736055115244,-0.009099498841442653,0.011822937317271383,-0.02005820350397872,0.04129761520577396,-0.0073074120129835085,0.0364462591414259,0.07479352830234849,0.0711598255950547,0.028241935047698907,-0.01133502648293969,-0.020047437877272332,0.008902334682887534
C:\RA-CLIP\test_set\LINE_HW\A0075616_00143.jpg,4,MISC,0.4082950412199975,0.07837035635311695,-0.2457715860726504,-0.002066735830436405,-0.19155826635455778,-0.015368715901799633,-0.053821865133130586,0.08994591127870183,-0.19810940308137528,0.2799157850610636,-0.15267106267282535,-0.06322060887137237,-0.13556742492076096,-0.17214713971513335,-0.05679465073122476,-0.033186604644749214,-0.0001836090909499198,-0.13206926451238413,0.10469810890822694,0.028754626430483682,0.021075171174913983,-0.02775996815291104,0.0976125462178636,-0.04727798714337864,-0.03823530802503831,0.06765520527897442,0.08768784167262217,-0.036459031820780405,-0.08104659742867142,0.14020310643978626,0.04590805168664769,-0.08383750510584578,0.0416024168665504,-0.004795907967428946,0.0076845555608885405,0.017658392687635173,0.12684775016416183,0.06112362012442554,0.13833829869516093,0.0534736992214483,-0.007354326454116474,-0.0030271122965473338,0.05131876064315583,0.053744090588114496,0.013008298038988347,-0.02994521477256346,0.030639659669299414,0.006626434473693241,-0.016697761062856566,0.06615283591801699
C:\RA-CLIP\test_set\LINE_HW\A0075616_00266.jpg,2,TEXT,-0.15717594471962906,0.14528274442721673,-0.030642011919274806,-0.009573762966465778,-0.012782062341005252,0.14749449493531983,0.057105253865463515,0.009917309087910024,-0.048059510119151445,0.021647511588258155,0.07888039204832512,0.02985393765351326,-0.01607412865588268,0.026964327033366882,0.08288179974061546,-0.0013060837107082158,0.017496160631608727,-0.04479129750827871,-0.00203006767042505,-0.00920609917007454,-0.04201522206570165,0.04559704827045245,0.05714960361610087,0.031363313089989964,0.019153502061213686,0.041250750011272735,0.03368445441225648,-0.00950262435260923,0.008040399564777959,-0.044278028699791895,-0.036762001468795075,0.03587223103525482,0.07958153028738993,-0.059265253541282495,-0.019277245297552977,-0.05031685868292057,0.010532549325014634,-0.011808719297915823,-0.0096227631952216,-0.03228278560924678,-0.017832750009431766,0.00989417112278169,0.005882328224139455,0.006096807240812479,-0.02094642460548564,0.0035684476982887976,0.02195445981364515,-0.0030633811361769556,-0.022737020002204122,0.008239233517899406
C:\RA-CLIP\test_set\LINE_HW\A0075617_00094.jpg,3,LINE_MIX,-0.2753818682251171,0.08829194425089429,-0.24801958543553446,0.04233010275816823,-0.03768523314161683,-0.15267316434991932,0.07948234022904534,-0.018370772692326672,-0.011486824145413632,0.008279578045434997,0.029661125071226303,0.03472637317815876,-0.028293585261776413,0.0204576506166853,-0.012013387930746976,0.02502529046464434,0.028490294224861226,0.027409892193706282,0.009167371454146863,0.0045652984350132465,-0.00297246612934236,0.008925308255938878,-0.05179235871970538,-0.02508248199511188,-0.01923641325137107,-0.0012267348188719435,0.0067541913665009915,-0.0054487769558949324,-0.02223956352345115,0.003076949087018686,0.00020527110944475855,-0.0016641350658642105,0.00291114541339244,-0.00042276201814922277,0.009231565351223233,0.0017459258904459955,0.01901102718385266,-0.014044562216822825,-0.018340896433122558,-0.015866591843040838,0.026422066896204993,-0.01187785238183707,0.014964640818648853,0.003141726289920861,-0.0003938930850756656,0.00047816243428778913,-0.0028031580438742524,0.0007096445850091792,0.013788725687323049,0.008227869044375467
C:\RA-CLIP\test_set\LINE_HW\A0075617_00119.jpg,2,LINE_HW,-0.22720815000929542,0.12291902383305224,-0.030020167077697626,0.015246123976758497,-0.12356427603303172,0.03591860949276633,-0.07990647679473846,-0.05090961779595709,0.04465092847588882,-0.034199484401504415,-0.0852881560553109,-0.023699885936345932,-0.0007067220634146886,0.013886369066908157,-0.017085996808862625,-0.07337379112574607,-0.009880924169770502,-0.018271301274058543,0.024526314006550913,-0.03167094170444378,-0.046426005719121886,-0.03210377299351635,-0.02701931047290984,0.053310462860874645,-0.012028901764615742,0.031679935203328576,-0.015364883403011002,0.03128423813046895,-0.019452562773638802,0.02817037481509247,-0.03364506578754393,0.006219156748408829,0.0006552025312792323,0.029532122790662686,-0.03759403350410975,0.01248665610936364,-0.014251002499250143,-0.00814237593249058,0.04009919475573955,-0.00811677655779516,-0.0023962630801350306,-0.023851087800854254,0.01593679061952605,0.010826179282021392,-0.023447932803840027,0.010816269553384416,-0.01017123288247813,-0.019592778236663826,0.008544525144460968,-0.016154909057060386
C:\RA-CLIP\test_set\LINE_HW\A0075617_00247.jpg,4,LINE_TP,0.5319691536097114,0.07547328711519312,-0.21252359792939446,-0.2604900455436563,-0.16132692189196207,-0.05692357516847546,-0.1357496455662741,-0.13369601338408665,0.004444062075315159,0.024940330412013653,-0.06905539628189965,0.09009006573314501,-0.03577052294937064,-0.16516091260355945,-0.18123621795123018,0.14628843175822318,0.03002437699308862,0.0503408568597269,-0.19349499702965206,-0.16628271135736591,-0.09614992403001583,-0.039799547214965245,0.0025058217422392346,0.12283599074840208,0.037355841896033234,-0.022164752034091042,0.011149910676640446,-0.04861734265242341,-0.007477207112276525,-0.0283587705821261,0.007047439068330647,0.02490867906539021,0.020326676411486774,0.006297534499965324,0.010704418263134025,-0.06223618182910136,-0.01860784180610253,-0.030817209699429086,-0.008866127276603485,0.03308620573678951,0.0026091688346656476,-0.010394544364462676,-0.008259678115639163,-0.009769064364084262,-0.009516046323666023,-0.01468457890945109,-0.0015868670282370991,0.004037481501535175,-0.005357392496512426,0.0071848468032344355
C:\RA-CLIP\test_set\LINE_HW\A0076601_00411.jpg,0,PHOTO,-0.08171628339954164,-0.589081646418847,-0.12314212536855675,-0.017391099223013365,0.029725865535468594,0.06975237338475283,0.011925268283823504,0.025537444816347354,0.24419833823079587,0.14419064143277824,0.005571011738865983,-0.028210377749745455,0.01938379453726169,0.0019780861224065953,0.02190568118907944,-0.0017005330231089257,-0.07780972807024765,-0.033366391423394225,0.037006541609126975,-0.01766561568651277,-0.02067014902850817,-0.007236690812634413,-0.04089174362899587,0.027169269977390182,0.027986698660683776,-0.05814202174090118,0.007191289764507914,-0.015564812700477054,-0.011675241235217614,-0.01217372611890182,0.0069480774597519175,0.06463403150558603,-0.016277113788291678,-0.017372503871510212,0.058119680559843886,-0.01162482679771195,0.037142371189707264,0.017112341307837415,0.017948799293995066,-0.014737535878255516,-0.04137436431453546,-0.021946157061768622,0.009403562588413817,-0.023046828698051348,-0.02412354923759373,0.0009870774959725018,0.001423135114447655,-0.003217589665295489,0.05381474665934473,0.011181018903703053
C:\RA-CLIP\test_set\LINE_HW\A0076643_00007.jpg,6,TEXT_TP,0.10778923415184635,-0.003380027359415119,0.16377216959837454,-0.1454369638943223,0.2993785813523907,-0.11516689412622634,0.1508364149454767,-0.0864310694177683,-0.006006863433269026,0.007367840001802972,-0.019703165536290285,0.03184954173725917,-0.08686958928496567,0.04655679396000583,-0.06498493886657047,-0.05533446821400376,-0.0554739085774774,0.016798228069787136,-0.008693124820215828,-0.009792628894103763,-0.049409091729293975,-0.03341260529131625,0.012730757707470272,-0.026264976033789966,0.012338369267824723,-0.013276254858159215,-0.017250276258730275,0.032418312625514,-0.016184627163284827,0.0011043611482797156,-0.01833062803080108,-0.01495416243565075,-0.013062323791260369,0.026102037080575295,-0.020851103236420185,0.011271454449501166,0.005720643881798349,0.017368002804701115,0.009194329948409503,-0.009994509859380333,-0.028982255637737365,-0.024329614948367093,-0.023071618555979705,-0.00958128655078622,0.005660364108720956,-0.008665584497724602,0.033812545528823686,-0.03043232197401926,-0.02021678556919611,-0.01486140048217175
C:\RA-CLIP\test_set\LINE_HW\A0076643_00366.jpg,7,DRAW,-0.042749267321622555,-0.15846191724128628,0.34966567491258743,0.029857108744267717,-0.11853932239819283,-0.2384843944781319,-0.17952443451342354,-0.02447956606775372,-0.011681925672737757,0.018561151489823857,0.07570148855673761,0.07579292405351361,-0.06676180355564329,-0.01613040543026402,0.01614101673665834,0.055206155813561524,0.005300233870567109,0.07820487197520026,-0.019084442540899228,-0.0018806644316384702,0.0323465127945483,0.02151975762123985,0.022451335342824414,-0.020211386659887507,-0.0034832501921087462,-0.009902733784267953,-0.04374376019888517,-0.015526679143163837,-0.03646045897240264,-0.07414090012107163,0.036463283898957824,0.015253231912079132,0.047674910561192226,-0.03342533270478077,0.014994266576863534,0.05527351947472467,0.042881888269264486,0.009944520329948144,0.010360124338052485,-0.04538354679037266,0.028570705381057788,0.05796366177433241,0.01843384859414627,-0.0008303098636243701,-0.04538745236954638,-0.01341050643628549,-0.06874819762116915,0.03495969531107902,0.02629572045123476,-0.027793051366021053
C:\RA-CLIP\test_set\LINE_HW\A0076643_00540.jpg,2,TEXT_HW,-0.18715881964215433,0.17699757616934372,-0.11038758577132272,0.006322408382269772,0.056454131578862685,0.029728285341920724,-0.05832326316150173,-0.031706193618770744,0.0482007114602943,-0.07492674012962439,0.021069852785284067,0.06494762052292705,-0.03559340955501935,-0.029469247845215686,0.04955924465609829,-0.025178008526141167,-0.03800304567516218,-0.05785586856795379,-0.008119585636439353,0.005089962250127702,-0.023597132364638864,0.0324854655544212,0.016014230839871486,0.02012570269608888,0.0074424183658110795,-0.011577523328393659,-0.042451246818038184,-0.011105360324450976,-0.05658150681320172,0.00013098140330915407,-0.03308360153991307,-0.024514477805041873,0.005890675898340333,-0.0003220405836687838,0.010158018591890007,0.013013940488793502,0.012158323288726512,0.024491311300714653,-0.022604203626471742,-0.009075854514619772,-0.011926550067619519,-0.01946230368138075,-0.05349832629506885,0.007981662068142482,0.00221820545687333,0.019385032555505628,0.0034061464298942115,-0.01546636577745371,-0.013073750289711574,0.01848951904597616
C:\RA-CLIP\test_set\LINE_HW\A0076647_00191.jpg,0,PHOTO,-0.04538531888090902,-0.5281441938762556,-0.1065131370324783,-0.05526201337124431,0.012280171435887654,-0.028183635418698578,-0.045003566372199225,-0.023821116974887452,-0.15568357798290086,-0.10293484163048104,0.02026251329544492,0.04418975968715364,-0.02705296444949632,0.05295186321385233,-0.0001697328445480319,0.03831129775657175,-0.11887010151515008,-0.030587164355390377,0.01195435012156343,-0.0351967939245734,0.06834445105833314,-0.05414248758539833,-0.04538890947543906,0.044137501351066526,-0.0182605064374689,-0.1316247917450077,-0.0489672222700623,-0.10703370471352038,0.02271698181551079,0.11238296733711503,0.034844971169476824,-0.21497967784989266,0.03791832298593324,-0.19826256545184798,-0.02888417125257666,0.024464496282046715,-0.11040252383167025,-0.11353665824690534,-0.024068981376523184,-0.0033157702097730375,-0.04163551300443131,-0.02078545174801111,-0.010146732195368182,0.037540826491821416,0.02924138929489582,-0.013145508859790144,0.02212750773624163,-0.0036259208493516523,-0.04389894080848838,0.011919851629102435
C:\RA-CLIP\test_set\LINE_HW\A0076647_00703.jpg,3,LINE_MIX,-0.25719932158828,0.07030627265164754,-0.21019589196202607,0.028802034592872408,-0.03212870710330202,-0.16571809473266114,0.09447287386299849,-0.03418917434634171,-0.026462280439882354,0.013962100442758267,-7.950233192044184e-05,-0.004971315538639459,0.09301217922873119,-0.00772673228271973,-0.02502464616898533,-0.009752069784358329,-0.017344974003295793,-0.006485249082170822,-0.009784100653933573,0.008011849754166966,0.02973553459548391,-0.008976597247240318,0.03872445106798605,0.021462537718960045,-0.011731494424804853,0.02304266484732805,0.007719386364663504,0.007270609722116995,0.016209048668128508,-0.004977506201518189,0.008352660673330936,0.009486409198891214,-0.020659023862842067,-0.015437964738504664,-0.00818479007498291,-0.003068798095420823,-0.008884883713793501,0.01691745097223547,0.014403184470263113,0.01978041972654537,-0.015049039774269302,0.0035250583288286533,-0.013824608267769005,-0.010320803467009164,0.0016030931912362637,-0.0005809652246616025,0.0052065857208137495,0.0006231768562410349,-0.010113985577358115,-0.019142884650773954
C:\RA-CLIP\test_set\LINE_HW\A0076647_00757.jpg,5,MISC,0.34637006871358,-0.03758354148879905,0.007981216683673036,0.5495013472207589,-0.0024624279514547285,0.08766549862482655,0.04932230874382117,-0.25714159436009437,-0.03650984216096741,0.01184403713600127,-0.0046358191366904,0.03607136367783718,-0.014799342162155386,-0.031783959032657065,0.043461901465655074,-0.010329839921302516,-0.02447444168717995,-0.0030844200931687605,0.023233336418563046,0.011138570747287005,-0.018519922777770183,0.010536228073345963,-0.01806345366231391,-0.0023849076676637645,-0.029770544934830067,-0.026647710237310492,-0.02547498139854471,0.013008838725814873,0.012846248628725807,-0.011527503705995914,0.013682843491119796,0.0011107994868165142,-0.021045414201461582,0.020894893965992777,0.006692081842812031,-0.005640274473779769,0.02867699970287507,-0.005146547104960571,-0.018094503104600763,0.04659335329938007,-0.03750447518403183,-0.022171753990770173,-0.01959629413813762,0.023301287441971234,-0.0021006600997493393,-0.01149718278592477,-0.05188737752285763,-0.00100522048924126,-0.0230419619667639,-0.0004401638576748086
C:\RA-CLIP\test_set\LINE_HW\A0076702_00213.jpg,2,TEXT_HW,-0.16175626688776823,-0.11824919757543671,0.1762204142897196,-0.10851411614412076,-0.09895257673501007,0.03769338025434055,0.10405003449166607,-0.04002666867507134,0.030890020304596123,-0.05880095253839239,-0.11106420709285045,-0.03887299876093343,-0.0566497950400215,0.023608296659362732,0.04109565749498432,0.14452181514985626,-0.08763865415679838,0.05837010134347531,0.06795828022813774,0.0044542966144739925,0.05739338306099659,0.025641263911569078,0.08532647154181067,0.08327708931892237,-0.054795422543441524,-0.10432717180633723,-0.009822842987053043,-0.0611471886569691,0.08368338596262438,0.006793157763927075,-0.01627490052028701,-0.0239384372010768,-0.005584164605324903,0.05703906081225886,-0.021692614935492658,0.018287373385098643,0.06646235733180483,0.0034864742033374075,0.004663259768905806,-0.012512869128963778,0.03834904278134802,-0.006550197356186782,-0.0027334426962139,-0.01381922273855151,-0.067898999531991,-0.008493582767484898,0.028833349726576606,-0.0032910798804233815,0.006657611906353642,0.03430385843996959
C:\RA-CLIP\test_set\LINE_HW\A0076702_00351.jpg,2,LINE_HW,-0.11966590046734049,0.17446079610920884,0.07141462390768824,0.0570114321116107,-0.11617857387397036,0.09371543110802583,-0.003975973638778945,0.03412241492045772,0.022350667101024,-0.02410241211472593,0.01896093549735811,-0.024632428863302292,-0.030425062947172704,-6.0948503346548815e-05,-0.021129130881391362,-0.08657866555157505,0.020870375152685493,-0.01851311637923086,-0.021546077283414122,-0.027334376711670955,-0.0029349376513707706,-0.03373606545804439,-0.0684013873915109,-0.018190816522275742,0.03194854616893677,0.014536672108452196,0.031220406190643434,-0.0003797495447492126,0.0564092041909166,0.019358521689793757,0.0470230055320085,-0.02582229945198795,0.014876117920958339,0.01672489633560545,0.009920424413110817,0.03927231486287387,6.318225070881918e-05,0.014810686713561151,-0.019076978489134474,0.05111753603272075,0.015108905592034969,-0.0038368654315435336,0.028122193244446893,-0.01990279820201949,-0.002169235581482206,-0.012864077142741527,-0.005778556763589967,0.02663733267216112,0.016195441500771585,-0.017153063740976013
C:\RA-CLIP\test_set\LINE_HW\A0076702_00450.jpg,7,DRAW,-0.12648987336358716,-0.06139189063850199,0.27876567889897164,-0.03291651178694068,-0.14236157416276526,-0.08474865374682389,0.07452730393857582,0.0022019484057799864,-0.02909203214611556,-0.00817062933211106,-0.02813472634853071,-0.014225508560667819,0.04628478839470559,-0.03752624548844745,0.06523124727471018,0.06168166019740884,-0.007920757059930098,-0.030518902922772654,0.046568808309651655,0.013438122832239436,0.009200684833973,-1.8499213351654462e-05,-0.02925267314891084,0.0075553626619301074,0.042830126895753204,-0.02969838778103032,0.012867717784405238,0.0004335999630765711,0.02508332579242945,-0.0006973595283587109,-0.03627621844672682,0.01928763238440631,-0.020332177363136084,-0.013580255584803655,-0.00354207584466604,-0.024283845709048422,0.010184858979648777,-0.016844999084349693,-0.030128976708539243,0.05681535475521154,0.01723589935509273,-0.04350507749053871,0.010482820499719442,0.03213322729690523,-0.007650760834891016,-0.03376702894480603,0.034885270295582464,0.032474841286886956,-0.0060318486836377075,-0.008490709320469459
C:\RA-CLIP\test_set\LINE_HW\R0002488_00008.jpg,2,TEXT,-0.10967095380670144,0.1180289592167279,0.061124820203641086,-0.043473553942035066,-0.07086402317104286,0.14988452262215718,0.022760345063848844,0.04846397150265278,-0.07577698957437715,0.09021246517666119,0.07426621566752928,0.040241364851388274,-0.018923418301250397,0.0699578651412104,-0.08030118758265847,0.007142011802604548,0.08604660012499961,0.07058127421678959,0.055921792585129124,-0.0058195694854452145,0.061675517844133006,0.019181132702391322,-0.06398972201708665,0.012307237168695908,0.06429075892454521,-0.016769680360545144,-0.06223504726213065,-0.053058255795402624,-0.025701899816264813,-0.018826126765200412,-0.013028005447657084,0.00023972404087437994,-0.005253908430042623,-0.006702098465386304,-0.03342778021296705,0.016674771969394167,0.05055877554772463,-0.061352902826692673,0.04913989263679302,0.0402558905839626,0.018246504265599647,0.03109656133974795,0.02076452984020651,-0.02259335282967507,0.018998037325636957,0.049192985534892875,-0.023033256519227854,-0.018242731394838216,-0.03222482401585553,0.012675535238511114
C:\RA-CLIP\test_set\LINE_HW\R0003687_00070.jpg,1,LINE_TP,-0.04583629987152584,0.16189652841202387,-0.05364062489235668,0.03770822704203668,0.2555361401643312,0.009100861939258388,-0.20249617704532624,-0.022169705542910652,-0.004639333299810351,0.037324124105244647,-0.05761310509166512,-0.06198953549971159,0.049233883390832414,-0.004005334618706255,-0.01460914532919736,0.027133168274837485,0.011956385676949321,0.03951331719763049,-0.0011731711754913122,-0.010109108089021985,0.02592879956829702,-0.003841050685952879,0.007952320960384897,0.0186450569003607,-0.036843962755291844,-0.0028883100921846395,0.025768664058711265,-0.0036350366050451745,0.004540846702575012,0.002162452695566859,-0.0152389248816017,0.02249959064958629,0.034109156977054564,0.03674469310290921,0.025801434764127648,-0.037043328708360565,-0.042400219394422525,0.02504634843858929,0.029671588383241732,-0.04304329095943609,0.014434514249501653,0.006745576135341111,0.021750128516267415,0.04806243314684336,-0.0023282651143017394,0.05992410448263968,0.007191645856219511,0.01485535154438887,-0.028768466893705654,0.013450852253255591
C:\RA-CLIP\test_set\LINE_MIX\71000720_00435.jpg,4,TEXT_TP,0.5990320828005288,0.14322628265394838,-0.14956918556058585,-0.2737755284447344,-0.14092860625806955,0.0024506947211882044,-0.029927444710658776,-0.00932442053431527,0.04679996027514798,-0.05361406157912761,0.05612977283999675,0.09184928982214151,0.03652507327627231,-0.05233210198633214,-0.04176395195212971,-0.016833399061996258,-0.048054739535712446,-0.05674108434496485,0.02660005984410779,0.006673393830558088,-0.04277703840499417,0.033458056911389464,-0.03623064983471147,-0.06959773002215232,0.0016041659986270312,0.028162562941856643,-0.06372477622827163,-0.018589987479116363,0.06163276722562172,-0.009159029792085535,-0.055027607119961984,-0.055986307251434136,-0.05134816918430347,-0.025843026824461844,-0.033657783155776465,0.011050499741201857,0.07005070643629636,0.011492494841464234,0.024674111810156107,-0.021445919138000116,-0.005319928636005819,-0.04033088576876009,-0.03329340294124597,0.07204075860095628,-0.06587185418251756,0.08715926622649667,-0.009008191105423884,0.046000227963932584,0.03517139556621129,-0.02812791721328607
C:\RA-CLIP\test_set\LINE_MIX\71000720_00491.jpg,2,TEXT,-0.05994480022716926,0.15541794084188396,0.007532226595388754,0.045453911359729295,0.0026414831691517703,0.09977344735540758,0.047034246158792606,0.06765624540189248,-0.06928566623656322,0.05266436292303489,0.2002767634342733,-0.0017330194485272498,-0.03694999962260337,-0.0317076901837375,0.008905387535373944,-0.021611154045178636,0.054734154594252515,-0.013887937480100695,-0.010694648769258385,-0.03868299830191255,-0.03154929317289708,0.0607921651991552,0.016049489234625618,0.002206117031919502,0.022961773536667167,-0.03116895365501898,0.06200521711299119,0.027379543954646566,0.02675665462682932,0.01511396198538269,-0.0002403320416038971,0.01660855581288356,0.015526473080559914,-0.029400094378365518,-0.0162720315901684,0.0037664287972007295,-0.011604127161259137,-0.002084568037416816,0.01934306934474268,0.017290422605018847,-0.02352698199606753,-0.04032246212352491,0.04337396957787602,0.0037466442178764755,-0.03206922136708209,-0.013875945983973315,0.011346844278619745,0.0008132543124749208,0.010486644116847214,-0.008632455314505223
C:\RA-CLIP\test_set\LINE_TP\A0039239_00012.jpg,2,TEXT_HW,-0.1385782001014822,0.10412749120663975,0.12332531849978313,-0.016764213904745535,-0.13091199148788377,0.18958726460858893,0.05591004485930912,-0.0004018417189015212,0.0513341563806722,-0.059179746007109825,-0.025470502534339474,-0.02583842566375355,-0.055043540984057004,0.030991990163498056,-0.00578082843994124,-0.03888350174071211,-0.04684424597623971,-0.007586983320283007,-0.014110379325136493,-0.01474934909063176,-0.0034017441931278375,0.015891288404362207,0.009774205770991754,0.0059565813603492555,-0.004181300914295098,0.01998532819877016,0.03300588701367295,-0.01728834650966155,0.0055284325004145655,0.017814905109860085,0.031168195775595642,0.004565296488900363,-0.015411223129042811,-0.013529674724490293,-0.0312894615415222,-0.00779421256537159,-0.012668124619590299,0.008192992744357308,-0.012469087345714462,0.00748188568618411,0.014398838805114195,0.021955909516303523,0.02118374647237585,0.0026785050993004627,0.0017773451334307346,0.004604012823895477,0.024475244052957753,0.012005836005525308,0.014754473015038445,-0.00505039841394024
C:\RA-CLIP\test_set\LINE_TP\A0039239_00053.jpg,2,LINE_HW,-0.14726732918241342,0.22339292296038632,-0.04053623693392587,0.07714704602967007,0.004580705814737454,0.06665517069695444,-0.13976814466982013,0.002451112340851527,0.061346033216984897,-0.035664671151929755,-0.012642937477836123,-0.011157838390353933,-0.03827101516731573,-0.018309967163837836,0.002371873057851215,-0.09173824532160205,0.06604397136949042,-0.044633563132216676,0.0001768243662929637,-0.0013859670053739473,-0.031688779474546694,-0.02668987370812507,-0.0027291585241556787,0.000338330309007673,0.03465106961521355,-0.008748381216128587,0.04432707026971715,0.011996249110371488,0.025114010059009557,0.0373082060843901,0.05170764503870766,-0.013958873266983295,0.007293817258631191,-0.014406253927399157,-0.020192606763296032,0.005795524807115316,-0.020801431917999828,0.03228454598379991,-0.02696475271900935,-0.025897020913256318,-0.032507461256678166,-0.03382412680750235,-0.018968018559541965,-0.01763587071861757,-0.014564263453034706,0.006904543326176261,-0.028210112875632184,-0.0326757463140289,0.0013598263847981876,-0.009686132627088959
C:\RA-CLIP\test_set\LINE_TP\A0039239_00290.jpg,5,MISC,0.13019247610755633,-0.00016208659712887475,0.10621339573357466,0.1299228257257497,0.046902959145406674,0.019623628423136214,-0.035422626339542886,0.10716855863034751,-0.012519474692002078,-0.044765953658975406,0.07395382820780187,-0.3421631367789447,0.008871644217809393,-0.034943575015067556,-0.14976819300614985,-0.06304858703575884,0.02956537100752427,-0.02887467524157214,-0.004642585636415398,0.007802839069540957,0.01360801262788806,-0.01350083064290644,-0.0449227403394566,0.08929962831102817,-0.09157991928092392,0.054396468357847436,-0.02197777263191736,0.018898982862438168,-0.14547985534453545,-0.020469041415042275,-0.07100573959196141,-0.02639209187902091,-0.021889452299246416,-0.025572367631423454,0.028361131497000033,0.006037411266107055,-0.004604779720198785,-0.012621089139285063,-0.1341908417399651,0.0574447204456131,-0.043686407003889746,0.05816906771820858,0.02062971150750976,0.029424967241045135,-0.0021769319061656234,0.05125178160532047,-0.033046428800288255,-0.04893895234152608,0.0473751100126321,-0.12919182538349888
C:\RA-CLIP\test_set\LINE_TP\A0039240_00034.jpg,7,DRAW,-0.0627509008137169,-0.06921668232320836,0.3662618877709568,-0.017525730999351934,-0.22566354095198707,-0.16556480567687296,-0.14718104477012742,0.0003053470302467662,0.010244965071762337,0.03005650989746351,-0.041098145868915394,0.1005059631455795,0.020070962528879795,-0.02738541090188081,0.03553164120154565,-0.06368337024272418,0.04998053138972665,0.03121996352413362,0.029245869740628556,0.044568477966960916,0.028532916291705776,-0.01207745899522981,-0.005481690024064567,-0.037842142128951435,-0.009451428926357657,0.020272716912198868,0.012637440778359335,-0.010389685271729858,-0.015438617217575789,-0.026079303970393333,0.00537435298741942,-0.01502155467045528,-0.028853328348402492,-0.05237976294446435,0.01248990794373558,-0.027142498157056726,-0.004640720330060502,-0.005080037125918256,-0.0028641756400986573,-0.011686632550451668,-0.02061116454343875,0.014129411226864737,-0.01880925818514332,0.01947542190963392,-0.004296174055057102,-0.028826377639666653,0.0032058203956048005,0.025653227551692005,0.029995196063368135,0.005817804791631845
C:\RA-CLIP\test_set\LINE_TP\A0039240_00076.jpg,0,PHOTO,0.016702768983220918,-0.5821279898337761,-0.12312752888720258,-0.11181197868120782,0.03842896931112518,0.09846800672745579,-0.05896718256053507,-0.03208109388297315,-0.2052531815175072,-0.11738678679903682,-0.03288332573704066,-0.014602506181313965,0.0394644829285703,0.022774296168900147,0.01756740119971683,-0.036674576025827375,0.03506619006509003,-0.01796310616109597,0.008911965036757381,0.00115885162077118,-0.011040631058728453,0.007095167673877043,-0.021128895519631232,0.010265155596851393,0.07263000536385694,0.01825229879386282,0.06925275085790486,0.07146002761292022,-0.027908553759223503,-0.12690074448030736,0.08826550595859302,-0.0011779469898813531,-0.03384442465821364,0.03540658571978346,0.12914748337411514,0.03194883506189855,0.015770672125034198,-0.02943561623371011,0.0563842834895633,-0.008488521933758816,0.02897121077166473,-0.030747392706371845,0.021992934919045568,-0.05133476715718978,-0.023874823368762982,0.12871118557899838,0.04603217484823694,-0.0034976143358129703,-0.04039284384473302,-0.002006128410636994
C:\RA-CLIP\test_set\LINE_TP\A0039240_00090.jpg,6,TEXT_TP,0.13485748762511618,0.05759149692816285,0.16954157875637688,-0.14276434704931557,0.28149505273444364,-0.08602676852918768,0.15383117184964482,-0.09013160596527604,-0.010998032007714246,0.03881817694135828,-0.06846042383897172,0.01742018052394064,-0.010302206387219393,-0.004411735069307918,0.00033598682820114756,-0.04276490102774434,0.008711186188416013,-0.01609974860566427,-0.012367684909987055,0.0017352643599482858,-0.005674483379286813,-0.01855053900545509,-0.0007759130993335902,0.0015158417355945445,0.02197167583048731,0.022685558865804492,0.0018030721478497287,0.004368460634187257,-0.0015155231220799624,-0.011867333663112099,-0.005394328884558071,0.014462832910585439,0.024018046747886775,-0.006714110651863521,0.012477682280738736,0.014145680162377404,-0.025684270114765106,-0.008770608309368383,-0.008493185347058776,0.006353737288963897,0.001463459326697168,0.008655778526383646,0.011633339881446624,0.009752724719932698,-0.01322996912923362,-0.005504894947012532,-0.00039072005318908215,0.017958939708689538,0.012868283595269574,0.008135348192668809
C:\RA-CLIP\test_set\LINE_TP\A0039243_00057.jpg,1,LINE_TP,-0.023252068302250548,0.19193505961032148,-0.06485898108431536,-0.030762393768701022,0.25770632794105847,0.0420308533720757,-0.17010697680994402,-0.023708724867096794,-0.03200938150996802,0.04716223437637591,-0.04884022510741809,-0.042622434844014095,0.048420691753754456,0.010433018290299138,0.06711791787081593,0.03357849915459585,0.005033309758237564,0.023712873046473824,0.009053017243904615,0.0015577052230835641,0.05003632573191555,0.009944044701650579,0.027935812687986387,-0.0010197723442262748,0.02142094801021745,-0.01927804551756326,-0.015449248448977224,-0.01450702919732452,-0.007101589982809115,-0.003240892453102364,-0.0030276631529746758,0.009490722778004503,-0.032479029033623465,-0.0023288491458297693,0.004934223227018579,0.05309165181317233,-0.0020297212802854693,-0.000777151736944509,-0.015731292669219514,0.0075334660358125066,0.03864323370855351,0.009064059001824425,0.023675724662573897,0.02188424406639461,-0.0025473378148218183,-0.013071947380068775,0.0064614677368654795,-0.015091795274482128,-0.0007626832792782879,-0.010010006556795499
C:\RA-CLIP\test_set\LINE_TP\A0039243_00176.jpg,3,LINE_MIX,-0.2753818682251171,0.08829194425089429,-0.24801958543553446,0.04233010275816823,-0.03768523314161683,-0.15267316434991932,0.07948234022904534,-0.018370772692326672,-0.011486824145413632,0.008279578045434997,0.029661125071226303,0.03472637317815876,-0.028293585261776413,0.0204576506166853,-0.012013387930746976,0.02502529046464434,0.028490294224861226,0.027409892193706282,0.009167371454146863,0.0045652984350132465,-0.00297246612934236,0.008925308255938878,-0.05179235871970538,-0.02508248199511188,-0.01923641325137107,-0.0012267348188719435,0.0067541913665009915,-0.0054487769558949324,-0.02223956352345115,0.003076949087018686,0.00020527110944475855,-0.0016641350658642105,0.00291114541339244,-0.00042276201814922277,0.009231565351223233,0.0017459258904459955,0.01901102718385266,-0.014044562216822825,-0.018340896433122558,-0.015866591843040838,0.026422066896204993,-0.01187785238183707,0.014964640818648853,0.003141726289920861,-0.0003938930850756656,0.00047816243428778913,-0.0028031580438742524,0.0007096445850091792,0.013788725687323049,0.008227869044375467
C:\RA-CLIP\test_set\LINE_TP\A0039243_00250.jpg,0,PHOTO,-0.041468086126402716,-0.5876169077386612,-0.13393450439010296,0.0016985709260126547,0.019172385052589384,0.06706158985460628,0.04907866060658487,0.033361593025200746,0.2636654406442492,0.16167512507248422,0.010880934903135473,-0.003933225261383313,0.02245044950584404,-0.021402624281942766,0.04439420305919196,0.027549211758308243,-0.06703647296394534,-0.06245137414891697,0.01622617523233659,0.02705273762073123,-0.013208549248992505,-0.021145368658668413,-0.04236030117515982,0.018633876637529093,0.002082944367300648,-0.0059843925048808635,0.060216214173550345,0.07762400483117866,-0.05521210687980065,-0.054770918836208916,0.05907802594371456,-0.0411501264676228,-0.007688876237720523,-0.014691960585375691,-0.006184338087586429,0.035146240881395244,-0.01831781408564207,-0.06963245260339691,-0.025362432755095147,-0.035001209204908,0.015878014747523574,-0.02380593033819819,-0.008463382970242832,0.004731088852228552,-0.02834935467166123,0.03874955972806888,0.002701996858198018,-0.002205425557461749,-0.05896813860273839,0.011597343429206297
C:\RA-CLIP\test_set\LINE_TP\ES004494_00001.jpg,2,DRAW,-0.1544178910254251,-0.04224028137192357,0.160775803601799,-0.032692303929278424,-0.1472762800284549,0.02597867272551228,0.0032165073536463357,0.015906612261638847,-0.0671728891100372,0.03429157508684092,-0.013520168765767653,0.06062310954271375,-0.008975084883175725,-0.09926894731836428,-0.009041366089903151,0.07786162403339958,0.06460095505738525,-0.0038146375237381037,0.04539129429068259,0.06223937705552574,0.09486253293496333,-0.11318168644770205,-0.02040115805940195,-0.02645609747170237,-0.043275526879989666,-0.16511781844041254,-0.008782077614595981,0.06342147332730809,-0.03987944545762297,-0.06669462129430699,-0.1377590121790118,-0.030721413592418232,0.03134311578815347,0.036044530030501655,0.037167793383522316,0.012261153326801274,0.012119433434405328,0.09772630942194283,-0.1328099167966143,0.08684878262212936,-0.021463299779776134,0.03739773032537917,0.016693485685381662,-0.047445956388549954,0.022591105892899074,0.029226892745207095,0.06956433271549568,-0.010068312060534565,-0.04462782012486212,0.058902803338129424
C:\RA-CLIP\test_set\LINE_TP\ES005443_00001.jpg,2,TEXT,-0.17529509772128815,0.11685474279748513,-0.028683045949092854,-0.04028184572581413,-0.09817406865050463,0.11779938952108845,0.06855842894828154,0.019542926936285697,-0.04971830231332955,0.07291109017058928,0.0029501650180732745,0.03650970076536721,0.03262463437401015,0.06169200073115768,-0.01830176433475653,-0.00043832669473027326,0.0002952874912931208,0.0915397172068674,0.005438438465694041,-0.01363757824194519,-0.0002523188945593004,0.014869833360661756,0.01200307456958043,-0.027832017873297362,-0.010090220866174357,-0.05025856737689408,-0.008581141384677336,0.0016259963980032892,0.015587466475687711,0.0046275044381805285,0.007046383198065771,0.007898287892587634,-0.01680689492315574,0.050564889258351044,0.019361584287120138,0.010564079198936914,0.003938468005875651,-0.04195191205172825,0.010919763647694978,-0.014495057899282168,-0.022097300175905027,0.03477527115732288,-0.028900935767082594,0.04014350118272162,0.0002019221921680394,-0.0006419465708592997,0.03038767310859357,0.004639679836138084,0.011194033222110555,0.02251395713482618
C:\RA-CLIP\test_set\LINE_TP\ES006705_00005.jpg,6,TEXT_TP,0.14287518324632795,0.05057413341816911,0.15923118133005093,-0.14595848490782473,0.3067804300207927,-0.138353987166202,0.14356898763474957,-0.07427155211224698,-0.015216329093632032,0.03568883032050555,-0.04231394756875929,0.025077115100437336,-0.04834652459253779,0.039555083929226874,-0.03005142049716087,-0.075349531086027,-0.0024318422786583785,0.00626503456330291,0.03208721411542988,-0.0023845226201022335,-0.01187697728028611,-0.01538451509002597,-0.010407192341172126,0.0170481138648237,0.023851238451378244,-0.0010371793826063438,-0.01224066080563397,0.005477785712904179,0.021914568137668986,-0.019995505721884178,-0.024440354701940163,-0.0002149227243166891,0.01480895881608711,-0.011287556047996364,-0.009946734178571405,0.005951312260808345,-0.017065026978863897,-0.014261948855530608,0.01430204969006475,0.0015532145060766815,-0.028738977744598243,0.013742529319733437,0.00324190419851917,0.0010183845799733532,-0.015657966947889106,-0.007822848547343463,0.017069195183474325,0.0064932942747154545,-0.01513477269777534,0.01791609057855944
C:\RA-CLIP\test_set\MISC\30003515_00121.jpg,2,TEXT_HW,-0.18533363738152991,0.14974149265252715,-0.05974761479724633,-0.00011570950848616397,0.006850834540715683,0.07851801282650503,-0.07818285291263158,-0.02754917750438745,0.07767995378923141,-0.10879978142543179,-0.060645181349644695,0.03566469929748419,-0.07178549729353813,0.019838902004486316,0.03651545117118023,-0.008102435884668224,-0.039949422183082575,-0.05202777792652959,0.006460963690925055,0.02539672689872925,-0.039145006726280164,0.01026597410163537,-0.0015402247128088503,-0.0036503238237916968,-0.027870921472885515,-0.008911301894072047,-0.028468885993314617,0.052989305357938055,-0.049788990005792434,-0.0008486901278678498,-0.02357877078143714,0.0031957396496257308,0.0009429878311103822,0.0003230662569623154,-0.01746119095152552,-0.016072015274727222,-0.023738301549711807,0.011072640060881815,-0.007289683458633483,0.02396001483104595,-0.040730267231187216,-0.036320029439639516,-0.04583079028070986,0.033254772231301,-0.012192471614841358,-0.020190520271922256,-0.056610717602604346,-0.037443047278810926,-0.00852750937301462,-0.01831330261799738
C:\RA-CLIP\test_set\MISC\30003515_00177.jpg,2,LINE_HW,-0.24287152022596042,0.1433330669017596,-0.07484715464752376,0.03142384023272908,-0.06580013604661429,0.024519980288860908,-0.05205297535060094,-0.022532133851649514,0.05123692341960783,-0.05758638929484352,-0.012713486703959572,-0.008316938870074056,-0.021256650769345575,0.020430189906823642,0.0034403621602521034,-0.06883732067795709,-0.0011430827926814924,-0.025116251924718946,0.026878202880483565,0.010545224183236885,-0.036912745007139015,-0.03189270711205911,0.004219710634883085,0.03552204017888098,-0.010301613908614534,-0.01238198404882344,0.006375259827555587,0.011958142043652123,0.009881786766620703,0.004859549738004612,0.03439350758274226,0.008366896091753988,-0.0066851128750296624,0.005700882552544328,-0.0328833744162836,0.006564530708258611,-0.015000649038442471,0.0021856461630577607,-0.013146761012149994,0.018307878645648302,-0.0015396472734851287,-0.019943960804827656,0.021032863532691903,0.025128884574043966,-0.02647685871604793,-0.007458058543116245,0.0024053934879548593,-0.005147759217962612,0.022923474105807175,0.014201137162392501
C:\RA-CLIP\test_set\MISC\71000556_00144.jpg,5,MISC,0.5298186137324385,-0.0009507726021134521,-0.03810013523628644,0.5482277661419125,0.005837691272898522,0.1050599358465693,0.024905445768761497,-0.2064164571702873,0.0031815462964306126,-0.007571976097826026,-0.021639198541486628,0.036989665327899796,-0.009733182735963327,-0.010337243381335322,0.014389145832240382,0.01862669960570727,-0.022943810103564707,0.01772123230420366,0.015367707756019741,0.01728647937247427,0.03278535081512869,0.018773016317091693,-0.0065696916289427676,-0.032063498630565096,0.028185343605290254,0.022218646588644926,0.01053262071595952,-0.015015602518209163,-0.005374138239087763,-0.01730678367030363,-0.009132151194477259,0.0025913267876486756,0.04863947911437848,0.003988950516365708,0.0026827768504799525,-0.02068676742098891,0.011366920941934597,0.0013045425201808744,-0.004625987912741732,-0.05292769078044844,0.009553680853247202,-0.02225970385561095,0.004276130371543922,-0.020010701556642287,0.004450649455826944,-0.027324195782307856,0.01325950748583035,-0.0038306541539246436,-0.009602803441510186,-0.0399914923645748
C:\RA-CLIP\test_set\MISC\71000590_00416.jpg,1,LINE_TP,0.0022105555619327246,0.19276881908524274,-0.05877041150285166,0.050567971384443224,0.2878355276909281,0.03948786988511661,-0.175406608816814,-0.00390873009925859,0.0008527104963133835,0.026648995234415437,-0.033877576526448135,-0.03548707280526075,0.02231358815965187,-0.0069756542378678985,0.0054633529181961306,0.035818102318109196,0.04467826308291011,0.0030406856572938643,0.001745393247719267,0.012397553821105698,0.025858241836298052,-0.0004910155697199004,-0.0037709651981658347,-0.014554355331068336,0.0010946117799147616,-0.02309100514253165,0.03202871262066355,0.024518741360333895,-0.006287340952971012,0.012466464708077862,-0.00672538396032993,0.026907217177352002,-0.014981201454863072,-0.04775820995865636,-0.02168935650486961,-0.008037197442550818,-0.009051736542587967,-0.022570122204093573,0.02349115789622408,0.016447519001481566,0.014227437245028791,0.0008750229602998018,0.01651026047790218,0.0056289656540726525,-0.009509257972695235,-0.037207182022474444,0.002231123094193346,-0.020402461541602038,0.010012015502466175,-0.006963765036398606
C:\RA-CLIP\test_set\MISC\90002985_00003.jpg,3,LINE_MIX,-0.25719932158828,0.07030627265164754,-0.21019589196202607,0.028802034592872408,-0.03212870710330202,-0.16571809473266114,0.09447287386299849,-0.03418917434634171,-0.026462280439882354,0.013962100442758267,-7.950233192044184e-05,-0.004971315538639459,0.09301217922873119,-0.00772673228271973,-0.02502464616898533,-0.009752069784358329,-0.017344974003295793,-0.006485249082170822,-0.009784100653933573,0.008011849754166966,0.02973553459548391,-0.008976597247240318,0.03872445106798605,0.021462537718960045,-0.011731494424804853,0.02304266484732805,0.007719386364663504,0.007270609722116995,0.016209048668128508,-0.004977506201518189,0.008352660673330936,0.009486409198891214,-0.020659023862842067,-0.015437964738504664,-0.00818479007498291,-0.003068798095420823,-0.008884883713793501,0.01691745097223547,0.014403184470263113,0.01978041972654537,-0.015049039774269302,0.0035250583288286533,-0.013824608267769005,-0.010320803467009164,0.0016030931912362637,-0.0005809652246616025,0.0052065857208137495,0.0006231768562410349,-0.010113985577358115,-0.019142884650773954
C:\RA-CLIP\test_set\MISC\90003019_00038.jpg,1,LINE_TP,-0.03371298578349374,0.20950196660951836,-0.10122303228499684,0.03688311992535995,0.2524318092136881,-0.005475868773614112,-0.21467333652560594,-0.0025931217325011217,-0.007685149666730707,0.017112505882883256,-0.06901265257642816,-0.07523522543404727,-0.02274782454992699,-0.002111000725659642,0.0429679556431648,0.028320626827043945,0.0401466548538828,0.04336042614099426,-0.021710092779070628,-0.014542688169945677,0.054496697702279315,0.016681162218816062,0.03305400849785085,-0.017597888194096818,0.02505442424742752,-0.03065458388701915,0.014467179228458435,-0.012807485717861347,0.0037188463207450772,0.03516739607463093,0.038562462994554535,0.007533291057160541,-0.05505016981770725,-0.017839078296139364,-0.011299880188590994,-0.015367420321721975,-0.01840579428207211,-0.024417678052685566,-0.0025395855092802057,-0.00840206096479275,-0.011144545052981363,0.008508210631977618,0.04082240471404114,0.026172645975075116,-0.019246733818608856,-0.009550232417828389,-0.018576184514441974,-0.03485995457480267,0.004684943217405957,-0.018704563372882448
C:\RA-CLIP\test_set\MISC\A0039204_00004.jpg,2,TEXT_HW,-0.03320065881763563,-0.03601104457478651,0.13667281839939138,-0.12962007966030084,-0.1547937878583968,0.13876190020342002,0.12063756450909971,-0.05845814327248289,-0.056193436061363594,0.05565592401666332,-0.1870918861705334,-0.06471617253877818,0.08628230004845945,-0.003390345094942068,0.11330037373828696,0.08165907260776568,-0.08183065936917944,0.037379193212761015,-0.07722071037359075,-0.019110714467068683,0.023954616187281213,-0.0183445975435251,0.05783590240342812,0.023390238125014385,-0.08812638852500258,-0.09692755299915669,0.012034060903988657,-0.014071827426043538,0.0513794668706973,0.0464098765143734,0.014241315132436209,-0.050791689004037126,0.06415465293051395,0.10043433236965973,0.05196899078836655,0.023566030221927065,-0.004160679369052251,0.035244582303015436,0.006452201207793865,-0.03807267854941897,0.06537417276185409,0.005227965316202491,-0.0023069520143242997,0.014760026801179302,-0.011869015836270362,0.0022860519734032403,0.012283546074378511,-0.04553430839464675,0.02077446678354677,-0.05257639293411418
C:\RA-CLIP\test_set\MISC\A0039204_00043.jpg,7,DRAW,0.08737601638432839,-0.08875575101974476,0.30739166155125774,0.0653493524376148,-0.1523261556871504,-0.10979155594482826,-0.1434745501417888,0.0854646156686087,0.01122361357326764,0.0626521531451146,0.07575122261835954,0.08659198463152172,-0.08964660266083696,0.012187104219130196,-0.16538559770380612,-0.050490060415056895,0.09176697117678792,-0.040277742226718434,-0.09142421721343123,0.06925758932494072,0.10327865097314004,-5.563171484476591e-05,-0.0941002643582628,0.009974839884739007,-0.056283593155982505,-0.020002589098855415,0.0664575014688746,-0.07007389818440043,0.04136423035262904,-0.07452073802454381,0.07990577371109514,-0.0015970351054860703,-0.005436192214884583,-0.027764152592919367,-0.02732614875211085,0.0786675462337925,-0.07446692128154078,0.11476954632941092,-0.04199360743731451,-0.09190168220148646,0.043125055537924555,-0.06196202633487012,-0.07546584137260473,0.020582078689518238,-0.01337408084081777,-0.036442400682540343,0.06034041426222577,-0.01335281815607818,0.03495969886751555,-0.03298519303573153
C:\RA-CLIP\test_set\MISC\A0039204_00072.jpg,2,LINE_HW,-0.1497856616367173,0.19783443301669773,-0.032042404390465726,0.04426482881939131,-0.03923221634467022,0.0334992789298917,-0.009591835069888588,-0.005823267136886699,0.022110164369903453,-0.049933049383843055,-0.007668570575686547,-0.04238026622911731,0.031041559288785752,-0.05913211209609804,0.042586348932820976,-0.057862694058329764,-0.008677679819171093,-0.04886436880613765,-0.0641074932772113,-0.027408741421366623,-0.026417222920422437,-0.0152302987118075,-0.035253609798884825,-0.05651647762301881,0.044910387195783774,0.02545235765993984,-0.03400710766428995,-0.006835320078459943,0.028445171681611325,-0.016557062857402858,0.03704305752583075,-0.047397144057647195,0.040563692523095024,0.00937816540037002,0.06547998131164037,0.017933141352004946,0.004056211014619401,0.022267628555741114,0.001372690170086637,0.008922247822543953,0.024277467120436377,0.02056790168710243,0.03448733858048497,0.010998425627474474,0.026960234647580003,-0.020290779344949095,0.007529889590263158,0.011778873488823324,0.004664652093321018,-0.010251959376065422
C:\RA-CLIP\test_set\MISC\A0039204_00243.jpg,0,PHOTO,-0.07715092048777904,-0.5675765759181084,-0.1432298311408286,-0.020154736274305324,0.038407299817716026,0.06514282889734475,0.028785119505633488,0.01080268309205388,0.2402179885738525,0.15781953024239817,0.006814465096949909,-0.03488347267442742,0.04075245568258214,-0.010550081640378796,0.04351798070902959,-0.043621260427056816,-0.028963332609360255,-0.031091024573286517,-0.02335737130811796,-0.025819919902983844,-0.039678482320570106,0.004317090025815998,-0.03191542251043753,-0.03293853230406996,-0.009999188485364754,-0.026024334171204557,0.039604773001788225,-0.07417622755283558,-0.00986177983188316,-0.030929932953286624,-0.018877704556270566,0.043535916704461865,-0.025616641831958213,0.02732438322375739,-0.01575090962586887,-0.0034616081547064687,0.023358504695501263,0.019445121662532334,-0.0132940205103417,0.0075019424399971266,-0.02013100595729336,0.003454624112066374,-0.005798738059887857,0.011079220988825177,0.013190132716537503,-0.026596010732491657,-0.014713385759033228,-0.013853256111599663,0.023346275185047935,0.0018292923111233753
C:\RA-CLIP\test_set\MISC\A0039205_00001.jpg,2,TEXT,-0.030782059928576928,0.08256259539949722,0.08234658200514006,-0.003471782889837095,-0.008013310282772815,0.18531412865728655,0.03318732964602481,0.04079214425109157,-0.07028654303734594,0.08170590171166885,0.17643805823641878,0.007047686601993607,0.01027756341201234,0.028550207022964874,0.002155826520178548,-0.023870565336901347,0.05056001203675071,0.03516119528868252,0.026548720358868357,-0.03545351808901508,-0.038706611595513196,0.027968496599580648,0.06828888048012194,0.028890243733651635,-0.006708454423303356,-0.04847480054230831,0.034243657763497144,0.02141389751562511,0.0403563111658325,-0.016951332253345976,-0.04469764623255292,0.00928013872925799,0.05281176037851733,-0.05067600025818943,-0.04306572340210417,0.04415670098780676,-0.006165771529774044,0.0005953136919478387,0.0033820555795031136,0.04199469570176074,0.010975438795434332,-0.026195926163868778,0.011072607195600447,0.006972516062242742,-0.012932361032882535,0.014731484813403948,-0.028240792468982177,-0.0015991515404314436,-0.010167730691725023,-0.010810338710088314
C:\RA-CLIP\test_set\MISC\A0039205_00020.jpg,5,MISC,0.38068005300092855,-0.0379308030607569,0.008687459624105836,0.2680123303104988,0.058461205610584835,-0.07824308616806037,0.11588803938880626,0.4653508339057157,0.0011785252096152827,-0.06640301223284312,-0.08700662001343264,0.14183862332204966,0.06561441382215717,0.012879951815400179,0.03637149737666078,-0.005756005724979698,0.038241080059032415,-0.11405953015368904,0.08168023250299727,-0.18276682779835066,0.03980170497674914,-0.0060579862067487176,0.046961370476309036,0.023082328339982097,-0.005419521964390144,-0.040226222054687434,-0.05322728252144298,0.03444821036453875,0.030178793855012022,-0.023413127004757357,0.030668140628619278,0.04685127986748022,-0.019511468163275165,0.01722360053003035,0.004071020456051265,0.006555995494459232,0.02046809495073275,-0.0617293182870826,-0.050214689558013205,0.08681602125692293,0.022388264500273314,0.011120587972058239,-0.04829948995209899,0.10187885182089249,-0.05884549709296195,0.0020326308679980126,-0.031384854484442996,-0.021099856355409095,-0.0049189692283011606,-0.009095997029652933
C:\RA-CLIP\test_set\MISC\A0039226_00029.jpg,4,TEXT_TP,0.6161360345712954,0.15056918017820892,-0.16632913771564037,-0.2846381784153564,-0.16100633805787198,-0.04587803022294365,-0.04906094502800671,-0.041296689019342796,0.06682714199622043,-0.028895252211885294,0.06979450339434176,0.04333504874570529,0.03650777432602876,-0.009860107582279813,-0.03639312558199005,-0.03158962504404409,-0.07284865754575162,-0.036794904060631815,0.051826433587173225,0.005928772698958146,-0.025613529417751222,0.04432265723322762,-0.04166328299607309,-0.03835290579028668,0.008012428199773446,-0.017256793392088594,-0.019344954390952955,0.01491431440628801,-0.0067194757419949324,0.02579344130019293,-0.039624647796170614,-0.03270870330714891,-0.026654049531325275,-0.00981182976527256,-0.005561592490785538,0.012865762614581088,0.01392152413958046,0.034645419592233204,0.037739469314452025,-0.003802013239219396,0.0137059396805343,0.01467856171036529,0.06494367650667582,0.01738801899108474,0.006158695068435943,0.017124987316713337,0.015022341036550148,-0.05613363233829484,-0.02154662175604281,-0.0015850864757569166
C:\RA-CLIP\test_set\MISC\A0039236_00004.jpg,3,LINE_MIX,-0.2753818682251171,0.08829194425089429,-0.24801958543553446,0.04233010275816823,-0.03768523314161683,-0.15267316434991932,0.07948234022904534,-0.018370772692326672,-0.011486824145413632,0.008279578045434997,0.029661125071226303,0.03472637317815876,-0.028293585261776413,0.0204576506166853,-0.012013387930746976,0.02502529046464434,0.028490294224861226,0.027409892193706282,0.009167371454146863,0.0045652984350132465,-0.00297246612934236,0.008925308255938878,-0.05179235871970538,-0.02508248199511188,-0.01923641325137107,-0.0012267348188719435,0.0067541913665009915,-0.0054487769558949324,-0.02223956352345115,0.003076949087018686,0.00020527110944475855,-0.0016641350658642105,0.00291114541339244,-0.00042276201814922277,0.009231565351223233,0.0017459258904459955,0.01901102718385266,-0.014044562216822825,-0.018340896433122558,-0.015866591843040838,0.026422066896204993,-0.01187785238183707,0.014964640818648853,0.003141726289920861,-0.0003938930850756656,0.00047816243428778913,-0.0028031580438742524,0.0007096445850091792,0.013788725687323049,0.008227869044375467
C:\RA-CLIP\test_set\MISC\A0039244_00001.jpg,3,LINE_MIX,-0.25719932158828,0.07030627265164754,-0.21019589196202607,0.028802034592872408,-0.03212870710330202,-0.16571809473266114,0.09447287386299849,-0.03418917434634171,-0.026462280439882354,0.013962100442758267,-7.950233192044184e-05,-0.004971315538639459,0.09301217922873119,-0.00772673228271973,-0.02502464616898533,-0.009752069784358329,-0.017344974003295793,-0.006485249082170822,-0.009784100653933573,0.008011849754166966,0.02973553459548391,-0.008976597247240318,0.03872445106798605,0.021462537718960045,-0.011731494424804853,0.02304266484732805,0.007719386364663504,0.007270609722116995,0.016209048668128508,-0.004977506201518189,0.008352660673330936,0.009486409198891214,-0.020659023862842067,-0.015437964738504664,-0.00818479007498291,-0.003068798095420823,-0.008884883713793501,0.01691745097223547,0.014403184470263113,0.01978041972654537,-0.015049039774269302,0.0035250583288286533,-0.013824608267769005,-0.010320803467009164,0.0016030931912362637,-0.0005809652246616025,0.0052065857208137495,0.0006231768562410349,-0.010113985577358115,-0.019142884650773954
C:\RA-CLIP\test_set\MISC\A0039244_00004.jpg,0,PHOTO,-0.05293955848135108,-0.4679779730293954,-0.10732314647928222,-0.04356349060707271,0.03194089234544914,0.04025011914521492,-0.017821469533658037,0.007535312115916807,0.054851809510689284,0.037793249217882276,0.01796130737637994,-0.019626492099102926,0.002034021661262828,-0.026176264909597173,-0.01574711494086464,-0.04550653880185125,0.03976140507811739,0.07192476242140469,-0.01703642943035499,0.01132080229294173,0.02940320266748483,0.002480410798176601,0.059121588148939815,-0.06369243237895675,-0.011595622968809822,-0.05922171183098746,-0.03056902539967018,-0.018962956301840746,0.014488944438715321,0.053237941751491595,-0.023140818349503572,0.028931936358570595,0.036371876411629034,0.05098631938614369,0.015552037930685124,-0.07142322048871047,-0.05012177458318048,0.027941640608183,0.043264019135937026,-0.02301691732360099,-0.0031505488065862327,0.0012153179704474878,0.017061137602214213,0.016183579891566876,0.028528313308684806,0.027669482473644265,0.011312697050995288,0.04776442196514855,0.0905793348912921,-0.0012332980979009734
C:\RA-CLIP\test_set\MISC\A0039247_00580.jpg,7,DRAW,-0.025102715200231475,-0.07971095115443039,0.31998761503017,-0.006633762395489389,-0.10685627233322051,-0.06618329114264679,0.09819945899006931,0.013819479977191755,0.0530054851369913,-0.03933838158180981,-0.0913711400946357,-0.12780184220384963,0.048877835348858555,0.006923907403315651,-0.010886005958245366,0.06675598530975058,0.03405933002619457,-0.036791548885740266,-0.025876205169356466,0.0004688884517178191,0.0747099575595539,0.05052159458657622,-0.015454557508763185,-0.022220938381334324,-0.0018166833704695246,0.01022646082211905,0.050703887988827315,0.0045808021037093425,0.07054920050600927,0.019444935643606182,-0.04498246801051766,0.003662339973566684,0.0038265241083129823,-0.006916299225984458,0.015906773051180396,-0.024538291557140712,0.012675458956726917,-0.03877542581815674,0.047791140349718465,-0.009392309024916962,-0.029457058748739606,-0.013567192956494273,-0.006228014090876368,0.01102172469102298,0.06410670510291183,0.012578226316644875,-0.018699375875916618,0.01897724217527737,-0.03211369911151748,-0.031180495714473264
C:\RA-CLIP\test_set\MISC\A0039248_00003.jpg,5,MISC,0.5532553460210962,-0.03658376771388856,-0.025724489797486167,0.5684839242689171,-0.04426085775140532,0.09612686504913431,0.0656680284689958,-0.2394151147651284,0.010254113157024946,-0.009703666751425673,-0.01737013608976221,0.02460636449075021,-0.00478410364973416,0.02126478413403308,0.020744000358424955,-0.008002736227306064,0.02296178254081389,-0.0020201035554453955,0.05614690922875503,0.0010345114497576535,0.010918813368738216,0.01116962735572311,0.004119001902340454,0.04586490765716502,0.008337832170526707,0.0072936191430391095,-0.008244861217641149,-0.019603296457060288,0.02172868692413644,-0.027031887653878615,-0.0033116443967293224,0.01788244450947841,-0.02706161458862958,-0.014838276999439202,-0.008964605890893368,0.010926324368718408,-0.006121497926886796,-0.018365513627034247,-0.004425588682096158,0.00830483432892914,0.022155899667644977,0.006550406183364157,0.008628100635017712,0.026617243729491022,-0.025182727651750537,-0.0023534707798699745,0.011124915706557943,-0.01827142324635131,0.013533314802533532,0.030195953450032398
C:\RA-CLIP\test_set\MISC\A0039252_00072.jpg,2,LINE_HW,-0.2629447200270255,0.13540141047943738,-0.06313837292733558,0.03067808370883542,-0.04014200969516495,0.004821354251821554,-0.0694466190489188,-0.03695662532489168,0.06747159815261625,-0.07490552249233992,-0.052946214193130815,0.01632738862321575,0.008046988300905274,-0.01428521030233314,0.031429927866943604,-0.022941916522854894,-0.0534576255172636,-0.05553682908435281,-0.006730427053425999,0.012729728512763888,-0.014562191195673455,-0.03490237244602459,0.0002241089462631792,0.0030940140094433953,0.015939378076367566,-0.00017957850923525076,-0.019675562077875523,0.01988639765947842,0.02207847303938171,-0.009202456444811687,-0.005314210160501315,-0.004477703402077042,-0.003835786581611239,-0.012562271441759485,-0.021679904470113216,-0.00240878478295193,0.0014965634521147,0.00026791377660410155,-0.0031611380339681386,-0.010986322311296879,-0.03228167445840932,0.006887604079859337,-0.02856823848535308,-0.00029278381091680264,0.014240168137837295,-0.028399973053282283,0.010879951002965954,-0.028766145110353233,0.009708991030553296,-0.003163726463622767
C:\RA-CLIP\test_set\MISC\A0039262_00002.jpg,2,TEXT,-0.15717594471962906,0.14528274442721673,-0.030642011919274806,-0.009573762966465778,-0.012782062341005252,0.14749449493531983,0.057105253865463515,0.009917309087910024,-0.048059510119151445,0.021647511588258155,0.07888039204832512,0.02985393765351326,-0.01607412865588268,0.026964327033366882,0.08288179974061546,-0.0013060837107082158,0.017496160631608727,-0.04479129750827871,-0.00203006767042505,-0.00920609917007454,-0.04201522206570165,0.04559704827045245,0.05714960361610087,0.031363313089989964,0.019153502061213686,0.041250750011272735,0.03368445441225648,-0.00950262435260923,0.008040399564777959,-0.044278028699791895,-0.036762001468795075,0.03587223103525482,0.07958153028738993,-0.059265253541282495,-0.019277245297552977,-0.05031685868292057,0.010532549325014634,-0.011808719297915823,-0.0096227631952216,-0.03228278560924678,-0.017832750009431766,0.00989417112278169,0.005882328224139455,0.006096807240812479,-0.02094642460548564,0.0035684476982887976,0.02195445981364515,-0.0030633811361769556,-0.022737020002204122,0.008239233517899406
C:\RA-CLIP\test_set\MISC\A0039262_00003.jpg,6,TEXT_TP,0.07498420745473994,0.048301780635998916,0.18793208994047542,-0.12117354502533063,0.2710255267303284,-0.05731876034922055,0.15332089098104454,-0.06950669819837019,-0.0010379561089290312,0.03367981123191618,-0.02989849322191786,0.005963029587541474,-0.03230797798912489,0.007128587119961332,-0.026028645155456463,-0.022560447985446933,0.006260161465647178,-0.020945662249721966,-0.0010590673948299041,-0.012672411009164632,-0.020537722156263694,0.002465035396822697,-0.023533720012790593,-0.002516955324022937,0.028380546208344404,0.017793153330725626,0.026070805526470422,-0.021309217392898434,-0.00776672538183366,0.020965126400872836,0.027778649851663624,-0.02246507403514496,-0.003787075693371827,0.028293827139209048,0.016208707792873242,-0.010603479046668612,0.002480690339816935,0.0186142914401321,-0.041242468117761354,0.011683436249693386,-0.012965898388058384,0.0029500540754672446,-0.031124209504775225,-0.03228791058591871,-0.015322804242157819,0.0017287901771526745,-0.025162281565760006,-0.002273281210329106,0.02169828894197353,0.030219683516874835
C:\RA-CLIP\test_set\MISC\A0039264_00002.jpg,2,TEXT_HW,-0.1385782001014822,0.10412749120663975,0.12332531849978313,-0.016764213904745535,-0.13091199148788377,0.18958726460858893,0.05591004485930912,-0.0004018417189015212,0.0513341563806722,-0.059179746007109825,-0.025470502534339474,-0.02583842566375355,-0.055043540984057004,0.030991990163498056,-0.00578082843994124,-0.03888350174071211,-0.04684424597623971,-0.007586983320283007,-0.014110379325136493,-0.01474934909063176,-0.0034017441931278375,0.015891288404362207,0.009774205770991754,0.0059565813603492555,-0.004181300914295098,0.01998532819877016,0.03300588701367295,-0.01728834650966155,0.0055284325004145655,0.017814905109860085,0.031168195775595642,0.004565296488900363,-0.015411223129042811,-0.013529674724490293,-0.0312894615415222,-0.00779421256537159,-0.012668124619590299,0.008192992744357308,-0.012469087345714462,0.00748188568618411,0.014398838805114195,0.021955909516303523,0.02118374647237585,0.0026785050993004627,0.0017773451334307346,0.004604012823895477,0.024475244052957753,0.012005836005525308,0.014754473015038445,-0.00505039841394024
C:\RA-CLIP\test_set\MISC\A0039279_00002.jpg,1,LINE_TP,-0.05711623457070614,0.16885462813713314,-0.042937720515184095,0.003218655872581826,0.21971461771969802,0.10297479763558914,-0.22690078388552876,0.023075511563745668,0.03315136949844734,0.017626495363742358,-0.001100832995356555,0.043115278601623556,-0.02931450712813918,0.0356228231986981,-0.032654468936839626,0.09126781741703902,-0.0594059384971255,0.007791041678966309,0.0662903997882242,0.008606078328773387,0.034326089958463375,0.017598752846479555,-0.041345159220874034,-0.00015851802308740676,-0.025104910325913974,-0.0011770599794285292,0.04808493645230716,-0.008734411472285944,0.05298377300682224,0.005927046006203986,-0.031531920753378614,-0.0086188647740557,-0.022831886319648973,0.010499470029303863,-0.03216083554239521,-0.02743253371949463,0.029077639470213572,0.011384836185617924,-0.027201727572774812,0.029908812976440446,-0.03563829473568733,-0.04787985284724396,-0.012327771058108982,-0.032073399369864135,0.005175395739846695,-0.013970653114458989,0.009629514278282845,-0.00747564393832513,-0.007408317733663191,-0.029251556675812543
C:\RA-CLIP\test_set\MISC\A0039281_00003.jpg,5,MISC,0.3144681863791145,0.007224129553553618,0.0380878926091379,0.28351548457894316,0.025813347131470727,-0.03432370449703691,0.026420309953340267,0.19624680541947737,0.05026805691061749,-0.11454902776061998,0.22017851688184126,-0.26278305890109943,0.00505583301946113,0.018042131394005158,-0.11990914252059802,0.0205949865602972,0.018407241963664337,-0.08188038958431258,-0.055493215786990194,-0.008553776431210618,-0.0717746691469331,-0.04293153135471562,-0.00423018082803003,-0.04999778880621872,-0.013034143377156204,-0.08975605196655999,-0.0304336305554134,0.048074540758580954,0.00543493006022064,0.04149275668838156,0.05630280621717422,0.06443170806250098,0.016677543220962515,-0.016828110106860396,-0.042640555400705285,-0.05422771090861611,0.08054346131470151,-0.03892571891592264,0.0206594681591532,-0.00777586426066737,0.06003591395265088,0.007378854902081182,-0.05159665215371619,0.027229313636331565,0.043699625106577274,-0.028803788216833406,0.08399977726531928,0.02741863466294993,0.03805094963401099,-0.012924281846449283
C:\RA-CLIP\test_set\MISC\A0039281_00146.jpg,6,TEXT_TP,0.13565018951669341,-0.005643420108516522,0.17819217444596494,-0.13098765594652642,0.3140383415123327,-0.12380274819944405,0.14476794290118683,-0.047074049788703165,0.0015955834224923963,0.02669063666918313,-0.006953970458749486,0.05311919521472644,-0.08838437636086993,0.03238485126987148,-0.08817638796206405,-0.048050397771011215,-0.023752669102318207,0.0068622751609754085,0.010854320541551858,0.020683322997111897,-0.04773490034503718,-0.04673247065470543,0.006702170896378521,-0.03137149132886899,-0.035289584378554485,-0.028970315422395806,-0.005902398978256354,0.04529710440441396,-0.015488336158026295,0.010616206745181178,-0.018455486971857983,-0.0038024110066550805,-0.00927772098836339,0.020115560001421187,-0.010391204615122848,0.007988062643098199,0.022028884228583425,0.0007981327424204504,0.024046067533867482,-0.009420039623327669,-0.01644802456525716,-0.022805725038645724,-0.027831444933033342,0.0004519157904338457,-0.014554861125175253,-0.017135823663640044,0.04114803187361692,-0.029956079857102073,-0.01253449101709933,0.005914367029823984
C:\RA-CLIP\test_set\MISC\A0039283_00045.jpg,1,LINE_TP,-0.06593997122087215,0.14114838309431113,-0.014963259590168646,-0.04894034976417037,0.2595700101053547,0.01876744248145205,-0.13501097842721071,-0.05492327028615065,-0.005252432123065161,0.004951322135482666,-0.04052519570271655,-0.009776672722512588,0.01660982038811936,-0.02891158452237251,0.0706443061701544,0.0512663241591895,0.025742916436755237,0.014113769164108126,-0.04893369000673221,0.009610967161693428,0.035977886527008854,0.024538083319865366,0.03911557707513291,-0.011112209663902691,0.03425777579280622,-0.00681407869603287,-0.0755600898436789,-0.010515747682137946,-0.03876934659760046,-0.00361252511353718,0.025178634460702082,0.0031767820587853494,-0.06813475795065889,-0.008777077324753397,0.008050380959774547,0.05230755415438973,0.03595207126595576,-0.013902333027545606,0.024538499676108754,0.025057020408395907,0.01993107151835775,0.004971940385695868,-0.007883993242340405,0.002688516492102216,-0.0071260041773725845,-0.01956074357385004,0.0053550970052091236,-0.012445413461339563,0.0011226276346237825,0.011447823871060383
C:\RA-CLIP\test_set\MISC\A0039283_00113.jpg,7,DRAW,0.0625907601855347,-0.06394831187453444,0.2059361440403318,0.0837570363347981,-0.008196067918537836,-0.23227056399177243,0.09199346126456862,0.00842040143389027,-0.022960383696519284,-0.06470666732392118,0.06731007974314589,-0.08708720995118199,0.04986697164695515,-0.11411411888874713,0.08990017780213154,0.14889687140815228,0.0631932076811917,-0.046143850510189086,-0.08701432405512782,0.022098075629151424,0.02521989039669028,0.02217472236842767,-0.05141375927115124,-0.09938810246938586,0.03373622079145627,-0.05304049393993103,0.0032210543294516184,0.04496173134738641,-0.05215620661098452,0.04717197039578394,0.009955391241834222,0.016311845589594975,0.035551223428140585,8.444390790428983e-05,-0.01189154408271516,-0.016745322134013384,-0.00030305154365994766,0.003065953256882553,-0.0033799883707544263,-0.00530976716480657,-0.07144470755822316,-0.01186352152041037,0.0263815327368097,0.02499633877574354,-0.05051626346816993,0.009082498707507134,-0.011363392790942471,0.025450528514605972,-0.007149882156519501,0.004788658694365556
C:\RA-CLIP\test_set\MISC\A0039285_00004.jpg,0,PHOTO,-0.11554552219714188,-0.558853280159624,-0.1723370812241674,-0.027607893588537498,0.05629840734399588,0.02984629952700842,-0.01617070610954872,0.008771946407911796,0.22988185615426018,0.13785936492543535,0.05399008592386358,-0.014782661376231711,-0.0286578453978093,-0.03190403416237042,0.012122030910526507,-0.015339731632179254,-0.02238778055463629,0.006487788986181792,0.019267802375364185,-0.023859655327159137,0.007046472641473421,0.036838516502920894,-0.00020558689938211672,0.015452309590686386,0.03517702333880424,-0.03794243892525408,0.013581810051796326,0.002386760960097398,-0.018546706577240665,0.0036135386491568176,0.013676183053960818,-0.0074381395285517534,-0.02402772433529665,-0.009057483111873524,-0.01600944244007682,-0.00417394846705182,0.03293273947019795,0.00696423554834385,0.0028888643765659725,0.011653915960358337,-0.029391181705574577,0.041466716951541256,0.0033082988927886727,0.007842831509241817,0.011197429550019039,0.01286678639003522,-0.0017190420773256492,-0.003034634233605661,-0.007958903012608999,0.0038498263795813227
C:\RA-CLIP\test_set\MISC\A0039288_00002.jpg,2,LINE_HW,-0.24491930829681036,0.1475623870192412,-0.05541955382099459,0.03748290195078831,-0.056587375657757205,-0.000603551083247067,-0.012857597455225364,-0.019766923360128204,0.051226260780152175,-0.07542753110123734,-0.015659598164376662,0.013291918209426797,0.006525705547551995,-0.03674684195534103,0.012272055450166837,-0.055589945822248396,0.01253784988066144,-0.028460644702515872,-0.013159603597542636,-0.002004698326616998,-0.024614665422409095,-0.019998002107167186,-0.007604731186578787,-0.03646160647679257,0.03130774287332155,0.024594650046236205,-0.02759966077764202,-0.001575532494396768,0.025937170520852437,-0.02660222469500877,0.006233058368153697,-0.0010822818894119439,0.02657886761544498,0.00199132860908504,0.05164253301137596,-0.0033082259766628696,0.029616876603669986,-0.0012115571756772354,-0.002744181307970387,0.00558641374370779,0.0275733383062893,0.01887168999341391,0.02454315949354083,0.009589755038893972,0.01614406762634309,-0.025831581669291927,0.007501085185748064,0.024237970315098802,-0.009431997807265998,0.014286729272266145
C:\RA-CLIP\test_set\MISC\A0039294_00163.jpg,2,TEXT,-0.030782059928576928,0.08256259539949722,0.08234658200514006,-0.003471782889837095,-0.008013310282772815,0.18531412865728655,0.03318732964602481,0.04079214425109157,-0.07028654303734594,0.08170590171166885,0.17643805823641878,0.007047686601993607,0.01027756341201234,0.028550207022964874,0.002155826520178548,-0.023870565336901347,0.05056001203675071,0.03516119528868252,0.026548720358868357,-0.03545351808901508,-0.038706611595513196,0.027968496599580648,0.06828888048012194,0.028890243733651635,-0.006708454423303356,-0.04847480054230831,0.034243657763497144,0.02141389751562511,0.0403563111658325,-0.016951332253345976,-0.04469764623255292,0.00928013872925799,0.05281176037851733,-0.05067600025818943,-0.04306572340210417,0.04415670098780676,-0.006165771529774044,0.0005953136919478387,0.0033820555795031136,0.04199469570176074,0.010975438795434332,-0.026195926163868778,0.011072607195600447,0.006972516062242742,-0.012932361032882535,0.014731484813403948,-0.028240792468982177,-0.0015991515404314436,-0.010167730691725023,-0.010810338710088314
C:\RA-CLIP\test_set\MISC\A0039296_00203.jpg,3,LINE_MIX,-0.2753818682251171,0.08829194425089429,-0.24801958543553446,0.04233010275816823,-0.03768523314161683,-0.15267316434991932,0.07948234022904534,-0.018370772692326672,-0.011486824145413632,0.008279578045434997,0.029661125071226303,0.03472637317815876,-0.028293585261776413,0.0204576506166853,-0.012013387930746976,0.02502529046464434,0.028490294224861226,0.027409892193706282,0.009167371454146863,0.0045652984350132465,-0.00297246612934236,0.008925308255938878,-0.05179235871970538,-0.02508248199511188,-0.01923641325137107,-0.0012267348188719435,0.0067541913665009915,-0.0054487769558949324,-0.02223956352345115,0.003076949087018686,0.00020527110944475855,-0.0016641350658642105,0.00291114541339244,-0.00042276201814922277,0.009231565351223233,0.0017459258904459955,0.01901102718385266,-0.014044562216822825,-0.018340896433122558,-0.015866591843040838,0.026422066896204993,-0.01187785238183707,0.014964640818648853,0.003141726289920861,-0.0003938930850756656,0.00047816243428778913,-0.0028031580438742524,0.0007096445850091792,0.013788725687323049,0.008227869044375467
C:\RA-CLIP\test_set\MISC\A0039297_00002.jpg,2,TEXT_HW,-0.037339318852564515,0.030005395929536736,0.21247220417146037,-0.04300336560327912,-0.12282447437953271,0.16836364183727284,0.06226949253841186,-0.005591492183987609,0.1105001290496169,-0.03808433476434519,-0.10969670459084653,0.09468820785244367,-0.05245986242064412,-0.04283151146315822,0.019982516260730707,-0.013513250956317835,0.07166117369705859,0.013305697494089726,-0.06371212029089345,0.05485405932658488,-0.01324262582597746,-0.053170921547187604,0.028416948246725155,-0.013461319841789549,-0.09672561232265992,-0.05101981577805949,-0.009195117899980117,0.03458746468716228,-0.05635529675089324,0.049802147274958505,0.018265320418089946,0.022366994509363344,-0.018477687065646592,-0.03608003370641967,-0.006086948025934525,0.0036878816225307228,-0.00968583172336075,-0.05228833964641865,0.06346318910294498,0.01183559201376847,0.0548082885699865,0.014400563514963381,0.024361933786643634,-0.028902191523146208,0.0421303721813368,0.029495500147832535,0.011048132080370553,0.004897060327674883,0.004811596591612786,-0.06579535006220857
C:\RA-CLIP\test_set\MISC\A0039298_00184.jpg,7,DRAW,-0.07714116688238852,-0.021068844626514618,0.22286423167574715,0.05009635234400358,-0.09883950837549965,-0.2514713713628694,-0.13164833659117575,-0.05695520402106022,-0.025502708938090386,0.03321750979161524,-0.014391309826926503,-0.05353885500707103,0.03581832755087995,0.008384646975841872,0.032470470175270265,0.03801411770467632,-0.09855586099954286,-0.06519031793164648,-0.024664192342701573,-0.000577425342239923,0.019568417956054397,0.01165776919668087,0.013118432006219762,0.001767664580107293,0.08490871482041115,-0.07972029952743673,0.020348750646203922,0.06207996750250402,-0.10983117356838583,0.08113891101963568,0.03137280359453273,0.05889850058579132,0.004552668245862794,0.034682287861922546,-0.13693618148402573,0.009753892917547009,0.013128006751314973,-0.01604862100566468,0.027077801330384274,-0.010163035622985511,-0.006180232234583397,-0.02740294042748712,-0.01581911294900877,-0.06111625122947702,-0.002205024082587723,0.08238090153028638,-0.025807795871297924,-0.014480496605139786,0.008242259083020866,0.010472091767805712
C:\RA-CLIP\test_set\MISC\A0039299_00030.jpg,5,MISC,0.5343710718671127,-0.09705984042842448,0.032104915778718296,0.5844967170675859,-0.08537380372669583,0.08350377430289074,0.08759421351368453,-0.24714072654283978,-0.018462948965042435,0.0009363496435052868,-0.018295091242011688,0.02696728324687351,0.011477718379793486,0.06622272160468455,0.010908061533137137,-0.0036633123065279646,-0.0007210262719754483,0.012277269338703538,0.06877813034222045,-0.002883576803293361,-0.036108761346842586,-0.0003753619574883042,0.011765444189619561,0.027773000176457053,-0.03294961439592536,-0.053549264869398636,-0.024384009431971422,-0.013999448540689864,0.04658091717964527,-0.0277349641866844,0.02613212770342228,0.02952983047414861,-0.05009582271498093,-0.034187923706533924,-0.004223412363721667,-0.04044198322994289,0.024612334779308093,-0.013285999631231286,-0.0033402431736314206,0.04443630062694267,0.017279444053310472,0.07863813664648739,-0.05892348082011894,0.060807953920545076,-0.020691826317152544,0.025184592983136408,0.010029129622400344,-0.026760320634946176,0.009612411661581876,0.07769891568673792
C:\RA-CLIP\test_set\MISC\A0039299_00275.jpg,4,LINE_TP,0.4500620440289364,0.19701365868023418,-0.146574567638399,-0.2309536250285389,-0.1317086024212492,-0.05142926703932653,-0.004987895658725426,-0.03785056717548032,0.05027530424053221,-0.04148347359449913,-0.059122247248487275,-0.1765264111025001,0.003084517058869394,0.1658818432079707,0.1916334366544855,-0.04590312268765579,0.1154642746560567,0.05929589805154779,0.023314117149047704,-0.09327858629630144,-0.024136906080020337,0.05866133428071598,-0.12075885429352072,0.13435945069598162,-0.0775406057115497,0.005655177749229747,-0.008628653647993397,0.025070192775173545,-0.08596370023942304,-0.015751510774835404,-0.002205000527323655,-0.055902392358674925,0.008093124919660761,0.0006409559158378637,-0.02792376963662717,-0.00472062245223862,0.018747535179847445,0.03711823230325316,0.028016027505414043,-0.0014670952354898313,-0.003739924220455144,-0.023530687568531352,-0.027707679823662925,-0.010703961651162943,-0.01914083803773194,-0.04818627410657936,0.024399940781315882,0.026144366203949575,-0.005408900331884374,-0.02200572479255828
C:\RA-CLIP\test_set\MISC\A0039300_00150.jpg,2,LINE_HW,-0.22033785809501796,0.11120163525938792,0.031489358770557335,0.016416229199800292,-0.06987585927469825,0.04691015411015096,-0.010999993831831775,-0.005965358982565595,0.06589729241358705,-0.0939830528741713,-0.05815263094361837,-0.009716613970913139,-0.02383489851488814,-0.0061466981035405285,0.025711357565272867,-0.02206304407021394,-0.05312480741061339,-0.026955339738027658,-0.006778893038919578,-0.00858534100628368,-0.03758434081846963,-0.005343461361100454,-0.028287504232036437,-0.02534328760996182,0.03699045140716667,0.013766059070948472,-0.04095639549773093,0.009264117106146325,0.009556263671024546,-0.012306079070170919,-0.006346191909011495,0.005080421018440515,0.004979541914664848,0.012429220609936061,-0.002651026498179593,0.004201661481414239,-0.01011403760275737,-0.019682498106239513,0.015855315853772478,0.026968807688768966,-0.022747342876947695,0.026651361489022238,0.007937058908835755,0.02147075665837885,0.013919877510351376,-0.033884060518766586,0.006431844111645809,0.001749431435284669,0.0052146532530516305,-0.02073186338641216
C:\RA-CLIP\test_set\MISC\A0039300_00151.jpg,4,TEXT_TP,0.5126138630941401,0.09658263454537036,-0.18165778265805063,-0.2555218984580757,-0.1329338206154194,-0.017325361609098762,0.059637442109512995,0.01345563224887325,0.005840899198227989,-0.0822003720315765,0.14510209278160494,-0.06278291214495939,-0.1722675272691684,-0.13789840797040154,0.13019562078994154,0.011006917326957749,-0.047998640848721325,0.09678746825716103,0.028333255472702795,0.019866615285746028,0.16798166317748456,-0.12376743626941611,-0.004450674972801188,-0.0030790525943057414,-0.06342887707052075,0.09034321021111806,0.034472653235084305,0.025594636696612834,0.025929143521018997,-0.015441973223212507,0.0467895578009057,0.07688331013609366,0.04130775424607011,0.04828632984364802,-0.009959423260850772,0.0728161802880454,-0.010830644233474015,-0.08193841669075035,-0.017823152023302057,0.021242128186378065,-0.07220677935284861,-0.025214281416430496,-0.0311923003378724,0.049609188593984124,0.04322743501361744,0.015805369843059306,-0.02531732015749478,0.002841879706534569,-0.004591005698790232,0.01099623712322755
C:\RA-CLIP\test_set\MISC\A0039303_00204.jpg,3,LINE_MIX,-0.2753818682251171,0.08829194425089429,-0.24801958543553446,0.04233010275816823,-0.03768523314161683,-0.15267316434991932,0.07948234022904534,-0.018370772692326672,-0.011486824145413632,0.008279578045434997,0.029661125071226303,0.03472637317815876,-0.028293585261776413,0.0204576506166853,-0.012013387930746976,0.02502529046464434,0.028490294224861226,0.027409892193706282,0.009167371454146863,0.0045652984350132465,-0.00297246612934236,0.008925308255938878,-0.05179235871970538,-0.02508248199511188,-0.01923641325137107,-0.0012267348188719435,0.0067541913665009915,-0.0054487769558949324,-0.02223956352345115,0.003076949087018686,0.00020527110944475855,-0.0016641350658642105,0.00291114541339244,-0.00042276201814922277,0.009231565351223233,0.0017459258904459955,0.01901102718385266,-0.014044562216822825,-0.018340896433122558,-0.015866591843040838,0.026422066896204993,-0.01187785238183707,0.014964640818648853,0.003141726289920861,-0.0003938930850756656,0.00047816243428778913,-0.0028031580438742524,0.0007096445850091792,0.013788725687323049,0.008227869044375467
C:\RA-CLIP\test_set\MISC\A0039304_00002.jpg,2,TEXT,-0.17529509772128815,0.11685474279748513,-0.028683045949092854,-0.04028184572581413,-0.09817406865050463,0.11779938952108845,0.06855842894828154,0.019542926936285697,-0.04971830231332955,0.07291109017058928,0.0029501650180732745,0.03650970076536721,0.03262463437401015,0.06169200073115768,-0.01830176433475653,-0.00043832669473027326,0.0002952874912931208,0.0915397172068674,0.005438438465694041,-0.01363757824194519,-0.0002523188945593004,0.014869833360661756,0.01200307456958043,-0.027832017873297362,-0.010090220866174357,-0.05025856737689408,-0.008581141384677336,0.0016259963980032892,0.015587466475687711,0.0046275044381805285,0.007046383198065771,0.007898287892587634,-0.01680689492315574,0.050564889258351044,0.019361584287120138,0.010564079198936914,0.003938468005875651,-0.04195191205172825,0.010919763647694978,-0.014495057899282168,-0.022097300175905027,0.03477527115732288,-0.028900935767082594,0.04014350118272162,0.0002019221921680394,-0.0006419465708592997,0.03038767310859357,0.004639679836138084,0.011194033222110555,0.02251395713482618
C:\RA-CLIP\test_set\MISC\A0039305_00256.jpg,0,PHOTO,-0.05104524432133763,-0.5937680927006891,-0.1316199208214963,-0.03138790136148648,0.055072958105984816,0.05878238842609985,0.00839940373684864,-0.015542398741525711,0.16733774393083714,0.15640411816675817,-0.004568738902706249,-0.01127605879744085,0.023283063770608833,-0.049612945724589186,0.07302352901284015,-0.04290881273259055,0.023744949207626678,-0.007262756958584636,-0.07072057732177897,-0.01875238168960855,0.008167821054203262,-0.009947047642570796,-0.010504520079740327,-0.04844074665670786,0.01784525416947806,0.03530477190782511,0.02038695187027389,0.010031723089635295,-0.025030162679679308,-0.07979586525282491,0.01482704079770775,-0.027866666715279823,-0.033141928623554195,0.007365859276147162,-0.019109723297196023,0.004360503683300866,-0.006306763311821971,-0.04531109676428327,0.02293399840042118,0.017503203880272978,0.02139998429015694,0.0023672017570357654,-0.01014023665537014,-0.01627105886683435,0.015831273117186163,0.03530703690840522,0.034309007600080786,-0.007319979204287379,-0.05563528447479933,-0.01734460487510972
C:\RA-CLIP\test_set\MISC\A0039306_00005.jpg,2,TEXT_HW,-0.12075877765557566,0.0054555944569134795,0.18774011674252833,-0.04092585853700722,-0.09416585443309788,0.12466229500254272,0.07281793980233126,0.03188393983421534,0.07814819112144222,-0.06850102992006475,-0.016641196714981488,-0.0132888252602209,-0.034284405200377094,-0.026840139091605732,-0.023662873829976873,0.028622783846692992,0.04032668464558667,-0.0013934670200886395,0.023665164538020828,0.0063335448394773765,0.02323132088419894,0.03184963448443829,0.003837013904695067,0.03672287684057265,-0.046207607485029514,0.04387252669334422,0.04355262016519491,-0.03808487365990361,0.05219521795774495,-0.02067081012534242,0.014772808291843098,-0.001998715680716944,-0.019574789773980746,-0.01945169262201029,0.0026174332838236163,0.0009079807255167443,-0.05352072376009359,0.009202309404021126,-0.02564370413699927,-0.02203203856520026,-0.008106609080784925,-0.033322513896706374,0.06711612473983632,-0.014481222018677053,-0.060189050237893865,0.002139433667967934,-0.01656238840626119,-0.013914715223695888,-0.007316556763638909,0.02059732642886006
C:\RA-CLIP\test_set\MISC\A0039306_00019.jpg,2,TEXT,-0.05994480022716926,0.15541794084188396,0.007532226595388754,0.045453911359729295,0.0026414831691517703,0.09977344735540758,0.047034246158792606,0.06765624540189248,-0.06928566623656322,0.05266436292303489,0.2002767634342733,-0.0017330194485272498,-0.03694999962260337,-0.0317076901837375,0.008905387535373944,-0.021611154045178636,0.054734154594252515,-0.013887937480100695,-0.010694648769258385,-0.03868299830191255,-0.03154929317289708,0.0607921651991552,0.016049489234625618,0.002206117031919502,0.022961773536667167,-0.03116895365501898,0.06200521711299119,0.027379543954646566,0.02675665462682932,0.01511396198538269,-0.0002403320416038971,0.01660855581288356,0.015526473080559914,-0.029400094378365518,-0.0162720315901684,0.0037664287972007295,-0.011604127161259137,-0.002084568037416816,0.01934306934474268,0.017290422605018847,-0.02352698199606753,-0.04032246212352491,0.04337396957787602,0.0037466442178764755,-0.03206922136708209,-0.013875945983973315,0.011346844278619745,0.0008132543124749208,0.010486644116847214,-0.008632455314505223
C:\RA-CLIP\test_set\MISC\A0039307_00005.jpg,1,LINE_TP,0.04015175449027284,0.22149967086148634,-0.04141526041298904,0.020437091112447372,0.26809581130397037,0.10494201872151067,-0.18489344129436555,0.016252705374630843,0.015096392650157386,0.025473228817236848,-0.023271092904016324,-0.007811656196268317,0.030303811006035,-0.019045406091653335,0.005184226046687738,0.06567173145129973,-0.015098003428648258,-0.018243612114570838,0.023615589322182096,0.005163824235833023,0.02486785645599256,-0.004243764323049368,-0.024853607452316157,-0.03658909712490794,0.009273262641935065,-0.0045667533018781785,0.014706997417763271,-0.003807973301163742,0.0041375061179854756,0.00619925979317379,0.012593377788238897,-0.013241021619888261,-0.011287079195532497,-0.026675871999695195,0.022521630626257127,-0.0005070080938277499,0.04629444687182084,0.01933234885514047,-0.024139018576807017,0.010718392085620289,0.023821179325063325,-0.02619327050429364,-0.020876250211393336,-0.016597532720261283,0.008600305541182955,-0.01176162219028535,-0.013764845602520486,0.025673089110550364,0.009656784328258994,-0.012288149242272001
C:\RA-CLIP\test_set\MISC\A0039307_00310.jpg,3,LINE_MIX,-0.25719932158828,0.07030627265164754,-0.21019589196202607,0.028802034592872408,-0.03212870710330202,-0.16571809473266114,0.09447287386299849,-0.03418917434634171,-0.026462280439882354,0.013962100442758267,-7.950233192044184e-05,-0.004971315538639459,0.09301217922873119,-0.00772673228271973,-0.02502464616898533,-0.009752069784358329,-0.017344974003295793,-0.006485249082170822,-0.009784100653933573,0.008011849754166966,0.02973553459548391,-0.008976597247240318,0.03872445106798605,0.021462537718960045,-0.011731494424804853,0.02304266484732805,0.007719386364663504,0.007270609722116995,0.016209048668128508,-0.004977506201518189,0.008352660673330936,0.009486409198891214,-0.020659023862842067,-0.015437964738504664,-0.00818479007498291,-0.003068798095420823,-0.008884883713793501,0.01691745097223547,0.014403184470263113,0.01978041972654537,-0.015049039774269302,0.0035250583288286533,-0.013824608267769005,-0.010320803467009164,0.0016030931912362637,-0.0005809652246616025,0.0052065857208137495,0.0006231768562410349,-0.010113985577358115,-0.019142884650773954
C:\RA-CLIP\test_set\MISC\A0039308_00088.jpg,4,TEXT_TP,0.5138780135838781,0.14256447706510786,-0.021078768223031636,-0.2439897258598098,-0.12555235234328618,0.03934908002777143,0.03263104529724101,-0.06918183351213003,-0.0339448433728338,0.00847662338809997,-0.011323670285259676,-0.035608625165718985,0.11520282823344376,0.03296754300199399,0.046073586632385484,-0.06429624193942121,-0.08903761213000927,0.0675588453084147,-0.07134504509122998,-0.08628586144534484,0.06281801235061105,-0.08352528656632154,0.010253585497072823,-0.002148362411683041,0.008538823746594279,-0.049352872843937814,0.03964954617942401,0.10506881003702694,0.04961945888611972,0.0031982978723154214,-0.02291983733973604,0.014012420471760115,-0.04784842234594726,-0.059259956207921426,-0.023453280354551128,0.04844861332342687,0.05028269714894813,0.03187391880095917,-0.0768077630004362,-0.08541400036697172,0.044787690666114016,0.07454057529273014,0.00029689297186527927,-0.04588702203107911,0.009686856802548322,-0.015588138230735151,-0.04418755624165255,-0.007820218746580112,0.016036167437384462,0.06133192337405
C:\RA-CLIP\test_set\MISC\A0039316_00007.jpg,3,LINE_HW,-0.22612162428458676,0.16434210070098887,-0.0636013319455524,0.051121728022533175,-0.03964996673208415,-0.029016019560967405,-0.03077807947199113,-0.021516371547351597,0.04149254772970201,-0.0652833142980336,-0.05263215403538265,-0.011384183402666108,-0.0029595628222431913,-0.03258358500879727,0.03104676472240649,-0.03773094076267845,-0.010177739083964847,-0.0503221641712515,-0.0722717227688803,-0.0183837650425726,-0.026023536685687063,-0.022675945857786383,0.009205056186474814,-0.02929489181359728,0.021114424969668776,0.019958820064088903,-0.0337180315489594,0.03212194898050783,0.026361215709685016,-0.028594538834901397,-0.009026002428023603,0.013390059144403766,0.04266911918368809,-0.006267510595954195,0.037085541583577,-0.006217601265754967,-0.02344661915937896,0.006364248447342916,0.016662785090928483,-0.022205632360244455,-0.003088240901474152,0.029368750294659116,0.022963639794540035,0.032677826934743526,0.012905526380112149,-0.01292533053944003,-0.005965756846016818,-0.001471643626356801,-0.009718769286325504,-0.003612483859592339
C:\RA-CLIP\test_set\MISC\A0039316_00057.jpg,4,MISC,0.4958039828247996,0.13439253108137836,-0.33320326749104456,-0.0962817249985532,-0.27865818376020324,-0.11184403836328452,-0.009181299681877848,0.12669017324650172,-0.12211313540221681,0.18032730255884266,-0.23019144093216837,-0.1752116930639263,-0.20231682837036136,0.13904931081389654,-0.0036614679836851826,0.07293629034125765,0.0376316937971078,-0.058843979159246745,-0.032068760903691845,0.09704428757194297,-0.08480385257346101,0.060316317114040195,0.026108831477854786,-0.09097090990305243,0.04078882987725675,-0.04293562116937773,-0.07731457067517164,0.025223532648527027,0.08248097722036178,-0.05730349201066439,0.004119977998762017,0.04683789418703909,-0.04792107238858826,-0.021895462297643806,0.01605565324547987,0.023117809691853317,-0.0822115134232758,0.0043751748500727855,-0.02976246685966765,0.002331097912925767,-0.030239205533917776,-0.026711724070532697,0.013227914653683611,-0.02651077239717693,0.0444755934285788,0.0032930809483722695,-0.02421339487412258,0.01257650256956096,-0.004927365653244654,0.013710939619215304
C:\RA-CLIP\test_set\MISC\A0039319_00001.jpg,0,PHOTO,0.04794427709352506,-0.5645019536837196,-0.11364873745071742,-0.0819160862155899,0.018645650927147202,0.11914521954860455,-0.0492433746391049,-0.005557133591538252,-0.21683673758346728,-0.1278606972187502,-0.005771762801237696,-0.03413832630495788,0.0760005971694162,0.04545155501471244,0.0582053467932097,-0.05564775663895525,-0.019302657818864175,-0.08434806105914898,-0.02672189544561692,0.010421532105139198,-0.030173528290142974,-0.0071211484174593985,-0.013361271382628383,-0.034989750460978644,0.011524010081779789,-0.035786878005380156,0.07762469933009997,0.026681786401624663,-0.02940032322639153,-0.0828403362081218,0.042167005827391406,0.04289171422629044,-0.03311832568635778,0.031139836188595574,0.057191757950815846,-0.05160344695830303,0.055270466693770226,0.039094141315031354,0.01908737163498239,0.0014788423846623295,-0.037383594165728756,-0.030857868035485254,0.01710963070256422,0.021514335860482563,-0.004002165060811236,0.020666745188358645,-0.024559749077984715,-0.05105713455983083,0.15249828686267852,-0.0035984631911739604
C:\RA-CLIP\test_set\PHOTO\Z0000191_00001.jpg,2,DRAW,-0.15307133469376633,-0.014390575815030312,0.2401423416867637,-0.030360847714459106,-0.1729857248347022,-0.01986096645970911,0.13001952305298267,-0.01405345759919651,0.029009270523466933,-0.04834350863926953,-0.13678915796003024,-0.0221961981444249,0.013930286218722209,-0.031614926804570835,0.020033591194095028,0.04597339521488128,0.012604065834197922,-0.034954761183837744,0.04619721923879858,0.02157521784353177,0.045849434244070286,0.0024384385773648107,-0.07682538205688845,-0.0012007462209591218,0.022561406520784835,0.026660659222718864,0.029670814778171364,-0.004822433185145799,0.07785946090874767,0.0088060633372792,-0.04306026296467917,0.018184309967410377,-0.02174306863793193,0.00523306642401508,-0.013458026009700436,-0.049719826688415264,0.01871337580911086,-0.029223673129876553,0.004756703643158657,0.037456060668950505,-0.009444861195166715,-0.01773385729495083,0.04370140925891943,0.00499161088034906,-0.01370516060876177,-0.008293466628811195,0.043058175011712586,-1.3109706634717184e-05,-0.004089082949711256,-0.009299344605256353
C:\RA-CLIP\test_set\PHOTO\Z0000199_00001.jpg,2,TEXT_HW,-0.16678525569374048,0.07336195322010379,0.05994321390601393,-0.048815377527308364,-0.054739068220518765,0.10850098058223201,0.07314821953610472,0.01448324465493151,-0.01786715709251511,-0.033801037511534134,0.017824858528711914,-0.04020624881863779,-0.054102662096829984,-0.00020761126681091168,0.02760300955378033,0.08532852871853266,-0.06483661183922765,0.02345694264704634,-0.02559480083819252,-0.023673562342693442,0.03684549967835834,0.07001480393017227,0.046272993770251104,-0.018271143045575505,0.011745189162097668,0.027878871284646414,-0.021871099931948617,-0.033033381520142915,0.008315179008333557,-0.02790415289903617,0.0004037775895955531,0.006476521669105786,0.0065308712275282425,0.01153148199989884,-0.01897441059303462,0.023590884993045548,0.0003488731242384114,0.018446351791156508,0.04327789760111425,-0.0465795279329222,-0.0098566602878412,0.02682448761820615,0.005852880428387547,-0.038121592996034466,-0.006300118480543181,-0.014566601771788203,0.0442067911924817,0.01783224237630917,0.010868709725487832,-0.003046481977006055
C:\RA-CLIP\test_set\PHOTO\Z0000209_00001.jpg,2,LINE_HW,-0.13816308675470815,0.16099453349967138,0.08272235380147383,-0.007852576708972749,-0.09246844536662234,0.13433569749110053,-0.0165252766749962,0.026954988570026987,0.08403255433482969,-0.05089741824661201,-0.007063210434358097,0.03247268177422694,-0.04232106949546497,0.014093561978244459,-0.005659327586105684,-0.011700783538701536,-0.028947397327694146,-0.019577875527733157,-0.03521593008100104,-0.018127003694442916,0.02086073034956022,0.020614357603403077,-0.037583312868184254,0.008199287491382327,-0.009018483216242434,0.015652358892510734,0.025415893628519343,-0.0068920599675364284,0.06706713440419379,0.00929736190095123,0.06325200202453585,-0.010344623206118873,-0.03660938882751143,-0.012369697860439578,-0.024941961350223564,0.00962597150257751,-0.009534667097143122,0.008878750173814877,0.0120313347434959,0.005126456186611765,-0.024647349280165057,0.030501115820452115,0.03157849879263034,0.0020774201800396047,0.037836405709974784,-0.004388534135206952,0.04489731293638514,-0.04168516303219834,0.020524661928026405,-0.01140022537549286
C:\RA-CLIP\test_set\PHOTO\Z0000212_00001.jpg,2,TEXT_HW,-0.0748530769239532,0.06555506006019853,0.09007222737952969,-0.07548249837873995,0.07400810878198015,0.06269854638429442,0.0897263132041322,-0.02523542034640365,0.020278915455340447,-0.0741160861665512,0.030935445443215148,0.01691576038266537,-0.02878506988051546,-0.004981315208012045,0.016195885503977957,0.06890742636948376,-0.07962750298548267,-0.029766417387256536,-0.030400461943302273,0.0047862227928911075,0.014717206048098527,0.06674354649871024,0.04252565008564234,-0.024428080893383525,0.007074036849950155,0.04506506092217436,-0.07975262061446382,-0.03739089667467294,-0.057548499674555824,-0.029260211040924418,0.029796249157571234,0.010927825744633366,-0.07087975960581114,-0.02258507703487143,-0.000983420638142853,-0.00898049051410895,0.023302196655569218,0.018075934471875672,-0.018084030096414582,-0.0004486596373180938,-0.019228260053032187,0.0030230851560469917,0.0010909075227936783,-0.0021355784706746095,0.0031045749155122764,0.003366183275038322,0.01893664511297548,0.016221199146467732,-0.01655763892376009,0.011939309299779509
C:\RA-CLIP\test_set\PHOTO\Z0000217_00001.jpg,6,TEXT_TP,0.11553238818162181,0.013572429404117198,0.19089864149143065,-0.10990236394599352,0.2895586007936204,-0.10206950142404068,0.16604328063014984,-0.06841959443155181,-0.009415118674994321,0.01366364027015489,-0.02852368778385925,-0.030834441179385056,-0.04901074125255621,0.040019401767053014,-0.030835940468464287,-0.042549759703850484,-0.00469472375750144,-0.003725293874043512,0.013796505498737495,0.005316943673585019,-0.00956842860019663,-0.0054246357198169505,0.015289207931064664,0.011993217747316164,0.02385463273868028,-0.0028317822966312427,-0.012206272809756408,-0.00702192955351539,-0.0025147513661752815,-0.037408123371200704,-0.011601364343242155,-0.002939039996574739,0.03850994709397039,0.012039069176376541,-0.010295761112981538,0.005248866689289111,-0.013695908930248631,-0.008443615964614348,0.03160177735078976,0.0004299282343430136,-0.000252460337889594,0.0021913754515415886,0.00949861592540156,0.03788925378733752,0.012533128389524164,0.0013135764933114183,0.005500636689716962,-0.009351463863445361,-0.01428139860500119,-0.024160302424359254
C:\RA-CLIP\test_set\PHOTO\Z0000220_00001.jpg,7,DRAW,0.07375392854033866,-0.08049583820885872,0.2978401627032728,0.015919114069885373,-0.10550223068138649,-0.2099924249449159,-0.19652811427755465,0.06874845900221513,-0.04004402574214563,0.09128660216638777,0.11328937117424996,0.08125881339816969,-0.03376424343415023,0.06293223701166446,-0.06798695268716264,-0.044419562171271174,-0.002001118259431794,0.01783440020743958,-0.04564032148422565,0.06271889347919508,0.0309830780263506,0.057027914734150385,-0.01897034669842519,0.008175588533418227,-0.06419213075816776,0.033223426432280254,-0.013011319492772143,-0.06988930496839416,0.029893918275523967,-0.10743803115370512,0.11043071252561579,0.008332099666952102,0.05901839681466011,0.011751086196491674,0.027423083850893752,0.022894080531030002,-0.02525060316145465,0.08251320462210221,0.04345953234460705,0.01551783911096903,0.023289522897927403,0.057995118713127375,-0.027173430411478922,0.05750141317943342,-0.009894591327385642,-0.05510168892595203,-0.013258421540894566,-0.09901290261743127,-0.00013640414095250817,-0.009118639184124382
C:\RA-CLIP\test_set\PHOTO\Z0000227_00001.jpg,1,TEXT,-0.02625943508530012,0.11079482083264196,0.005911983287279515,-0.025139169268216893,0.08372033336869593,0.03716750007663699,0.05151843276034756,0.0956754778312753,-0.16241646984807198,0.135397629214945,0.1752390441606439,0.03298405816094012,-0.010556248138521336,-0.17702891413818747,0.13592008745007716,0.026281336747814445,0.04365281503349393,-0.10208514822092046,0.07866084141366937,0.09890084795491261,-0.06619147830004392,-0.09916669078496207,-0.0731813957712207,0.15464608989322687,0.04092435974363462,-0.019599819444501423,-0.08490414374254703,-0.026947554984280763,0.05333284116943534,0.006561064726847814,-0.01125420416359297,-0.011936205902525176,-0.07247679283560718,0.04559661004739041,0.004568556222126524,-0.03983515527819004,-0.04062471251084671,0.011918795109860764,0.028148553936413336,-0.07372486719210848,0.009933586840517459,0.01898534415221126,0.004983397490913352,-0.0351926945920665,0.011108808465863729,-0.012738076452406077,-0.029619098424751165,-0.010872176433767358,0.009306884340109981,-0.019770872400745234
C:\RA-CLIP\test_set\PHOTO\Z0000233_00001.jpg,0,PHOTO,-0.044894418202076396,-0.5801140046190791,-0.08398143721241723,-0.019644590316391895,0.008316833984131612,0.0859605446288238,0.019301374047880918,0.008928237447275349,0.2089967365955208,0.14016961046369328,-0.02332671486499134,-0.039453813682189566,0.033999634110519976,-0.02717564997836439,0.026129393792517486,-0.045096544534355514,-0.06440144794927738,-0.01222325493451897,0.0006083630628158745,-0.014392276591418895,-0.028899514978614357,-0.04334701367711948,-0.03108903596469157,-0.033119457615636345,-0.00844579410089919,-0.06180902194861605,0.05493270906142804,-0.009108600087198293,-0.01973157706848319,-0.07613093099934795,-0.019184189268541502,0.012162284369917946,0.019109291967815762,-0.029059491297543094,0.0192403737234389,0.014604683542963843,-0.010304421604818093,-0.029067413076677498,0.04856582357289396,0.015785558889598074,0.008597429975875755,-0.01987738228371876,0.04455541776486798,0.005450737973432467,-0.020280425759975705,-0.027315656965544173,-0.04117318858746528,0.02122043423796622,0.0031982673709755154,-0.016924768372185806
C:\RA-CLIP\test_set\PHOTO\Z0000235_00001.jpg,3,LINE_MIX,-0.2753818682251171,0.08829194425089429,-0.24801958543553446,0.04233010275816823,-0.03768523314161683,-0.15267316434991932,0.07948234022904534,-0.018370772692326672,-0.011486824145413632,0.008279578045434997,0.029661125071226303,0.03472637317815876,-0.028293585261776413,0.0204576506166853,-0.012013387930746976,0.02502529046464434,0.028490294224861226,0.027409892193706282,0.009167371454146863,0.0045652984350132465,-0.00297246612934236,0.008925308255938878,-0.05179235871970538,-0.02508248199511188,-0.01923641325137107,-0.0012267348188719435,0.0067541913665009915,-0.0054487769558949324,-0.02223956352345115,0.003076949087018686,0.00020527110944475855,-0.0016641350658642105,0.00291114541339244,-0.00042276201814922277,0.009231565351223233,0.0017459258904459955,0.01901102718385266,-0.014044562216822825,-0.018340896433122558,-0.015866591843040838,0.026422066896204993,-0.01187785238183707,0.014964640818648853,0.003141726289920861,-0.0003938930850756656,0.00047816243428778913,-0.0028031580438742524,0.0007096445850091792,0.013788725687323049,0.008227869044375467
C:\RA-CLIP\test_set\PHOTO\Z0000249_00001.jpg,1,LINE_TP,-0.05336273969338854,0.2022457173979377,-0.058683281868921806,-0.015161874830750138,0.2120936110034864,0.12550944174060208,-0.19613401055102092,0.04505333093825195,0.00317156755434128,0.05361828153412948,-0.008202898511693027,0.028528361495091054,0.016599507348244943,0.05595901354090793,-0.02065932724977405,0.05714383775800386,-0.014583381794689657,0.012783758064013438,0.04215300409297642,0.0071876110811390555,0.006703968779961883,0.003536630960290039,-0.05373631225248106,-0.011414584201774679,-0.03908262206315915,0.04031764287783503,0.053730935130412195,0.020801774985972975,0.04624645938698469,-0.022182427631022125,-0.04207393030393123,0.018378586901187953,0.03181839888079305,-0.016540809531654918,0.0027489887190011845,-0.04273304032878219,0.01061654591465803,-0.014088199727825762,-0.0077762124388153,-0.008513672411007037,-0.012921777238414752,0.0316380501355922,-0.052077639709065926,-0.028157367740072426,-0.002854808197502144,0.028667882190155234,-0.003752960314471376,0.010555178817252705,-0.001649684073371134,0.020738326750025727
C:\RA-CLIP\test_set\PHOTO\Z0000251_00001.jpg,5,MISC,0.33944514558081856,0.02579569095380887,-0.027243203826297437,0.48230451868501023,0.006569348000923432,0.1336651639111096,-0.006139578364459847,-0.2498722782093589,-0.018592027575031794,0.02032505188556529,-0.03659101303521429,0.08936689995062537,-0.05310234489865418,-0.03881136239980013,0.03065234547200377,0.01704669563779799,-0.02964877103835901,-0.0009565945214020201,-0.03404916642169102,0.03181189364398719,0.011764124561554902,0.006863579536677828,-0.05152252185642111,-0.06091520115940301,-0.004194053821700721,0.009392607996593283,-0.0018311888581447754,0.016022481755102045,-0.016275742507711424,0.016911302261196654,-0.0026147302273954744,-0.023327644621050796,0.033792028518270796,0.03623784212604229,0.026007505701284173,-0.0203922252712408,0.007384826969696822,0.010280126123878715,-0.03420670400631419,-0.0010704465668256564,-0.05701881363655627,-0.060675492398687934,-0.0030499825450947967,-0.03602248923469495,0.026501958807817205,-0.007836388308678445,-0.06591653215126173,0.023799182744312312,-0.021794056078718423,-0.06297115951574317
C:\RA-CLIP\test_set\PHOTO\Z0000252_00001.jpg,5,MISC,0.29875731193085825,-0.0032772494962333715,-0.0014509099808218207,0.23235318385534137,0.09168631213777528,-0.03053066554114465,0.063260298961733,0.36903144574144414,-0.01815952153006804,-0.07301479208515074,-0.13560972516290684,0.04255402719761767,0.04634710348123174,-0.06257727479460817,0.01998915748729433,-0.073087624494763,-0.09125313036870875,0.2173422381721156,-0.1518215356022375,0.23810919328134766,-0.10398769318048662,0.09898637239992925,-0.08585971168889953,0.02294535060508908,0.048495148334768604,0.006163818772459668,0.0315783552793346,-0.03189436505327641,0.010221188138793559,0.056241888174119486,-0.03299653009867108,0.01839815655968183,0.018871765005767958,-0.006981180025664741,0.00395017138036979,0.004203425386573164,0.010333198961144631,-0.04612385088452791,-0.034451081786664416,0.0416587759449432,0.013273340935521835,0.036550812620961805,-0.019078705800786227,0.017518765905702487,-0.03667877665938368,0.03616278457932858,-0.004605895302274872,0.029986560860305274,0.01714344575375586,-0.05743834864161984
C:\RA-CLIP\test_set\PHOTO\Z0000254_00001.jpg,2,LINE_HW,-0.2285509129161056,0.17244432351402875,-0.10109177691141398,0.08115336715786677,-0.0065504419560956295,0.02759570056574998,-0.10322791419088691,0.005020853678169852,0.023662112810583655,-0.03878338940406348,-0.0018577981786015055,0.034842656609887494,-0.07042466849511056,-0.010640022787063011,0.0034281378804670287,-0.040729996318554305,-0.019252073863177226,-0.004229869650554744,-0.006933562053656087,-0.008632318324790493,-0.0288127401593863,-0.039180845238371155,-0.003313382972838258,-0.027035168561962405,0.027825843222019156,-0.045518725345520664,0.008415561492861814,0.01663725600206797,0.027260646046909677,0.014199153773328992,0.011364464598958983,-0.021975045939678958,0.027312394230325897,0.03511644398499333,0.004636454952919797,0.031112860972331458,-0.019705905474161397,-0.013101518801028599,-0.016718982331340955,0.017008537273109057,-0.0211046619945986,-0.01887155816352567,0.007732484198329563,-0.012912049718806749,-0.013843331757837552,-0.028901495263385646,-0.04690380058408352,-0.010556515272898062,0.01097792856036305,-0.017535777170661612
C:\RA-CLIP\test_set\PHOTO\Z0000264_00001.jpg,3,LINE_MIX,-0.25719932158828,0.07030627265164754,-0.21019589196202607,0.028802034592872408,-0.03212870710330202,-0.16571809473266114,0.09447287386299849,-0.03418917434634171,-0.026462280439882354,0.013962100442758267,-7.950233192044184e-05,-0.004971315538639459,0.09301217922873119,-0.00772673228271973,-0.02502464616898533,-0.009752069784358329,-0.017344974003295793,-0.006485249082170822,-0.009784100653933573,0.008011849754166966,0.02973553459548391,-0.008976597247240318,0.03872445106798605,0.021462537718960045,-0.011731494424804853,0.02304266484732805,0.007719386364663504,0.007270609722116995,0.016209048668128508,-0.004977506201518189,0.008352660673330936,0.009486409198891214,-0.020659023862842067,-0.015437964738504664,-0.00818479007498291,-0.003068798095420823,-0.008884883713793501,0.01691745097223547,0.014403184470263113,0.01978041972654537,-0.015049039774269302,0.0035250583288286533,-0.013824608267769005,-0.010320803467009164,0.0016030931912362637,-0.0005809652246616025,0.0052065857208137495,0.0006231768562410349,-0.010113985577358115,-0.019142884650773954
C:\RA-CLIP\test_set\PHOTO\Z0000266_00001.jpg,4,TEXT_TP,0.5803639263345906,0.1511488389866481,-0.12316639102815347,-0.2560420157759709,-0.08681937057783483,-0.011482230072413691,-0.031217714684842975,-0.008008007781171337,0.09387556416135924,-0.06771565780216998,0.06378349183653524,0.07191249736920545,0.10131182725851742,-0.024937865176533736,-0.07836319993235868,-0.004411242326169802,-0.05712626401675508,-0.03472637227619099,0.04241372197602459,0.040662630977644096,-0.028847055102007392,0.031245426842886448,-0.005927770166390082,-0.05797704107887462,-0.0019954270501851487,0.008180288918471636,-0.01597087322260006,0.06565632980228844,0.0445145817677932,0.003560628224711925,-0.06715695625579979,0.0386194336819457,-0.02613985158328192,-0.011703246599462177,-0.011041223435774258,0.02422617609772757,0.007428368266359763,-0.012169217461095908,-0.017220794449938032,-0.04143287285787824,0.037381640211905307,0.04051712093660948,0.050162243966974135,0.001660284886727154,-0.005500868607181707,-0.04535912467565622,0.010109943101919852,-0.04876286395354393,-0.021895245454529918,-0.039295342107881985
C:\RA-CLIP\test_set\PHOTO\Z0000272_00001.jpg,1,LINE_TP,0.03887643641306157,0.17226409197402792,-0.021548215269994613,-0.03586143693628956,0.26943684995206774,0.06697059090087502,-0.11053646369568824,-0.008408673881982708,-0.04763161516961807,0.05877224580547084,-0.011183164909829322,0.02851376275520035,0.09399270191245253,-0.03383613429590971,0.01622105724389583,0.04254626177617891,-0.0027306994198257367,-0.03997835314129429,-0.00871266228638146,0.007025864909576437,-0.005734831984334408,-0.06656755211970343,-0.0521142295183348,-0.015389827817212183,-0.07870386786068027,0.05724794628812431,-0.010754378506593673,0.02113450319901504,0.006081942980077475,-0.023631677110593167,0.010618075804675218,0.014829677223921964,0.009692638130654043,-0.01670896072215323,0.02070129315286026,0.02117707626227408,-0.03260577777146281,0.022074368616503984,0.010903686966560763,0.016180900582698575,0.017237652282290346,0.005431386164696471,-0.005754203817067992,0.06229177236221739,0.0362876175401691,0.030348958259604458,0.03480372958395815,0.060846527680912824,0.019970837360190202,0.019834392001087348
C:\RA-CLIP\test_set\PHOTO\Z0000285_00001.jpg,2,TEXT,-0.100651096050163,0.08938088449463799,0.1501846819461712,-0.0711708951363103,-0.08201873414858073,0.21571500723752346,0.0702392822129056,0.035357177756005706,-0.017437790677199937,0.01598973990862283,0.03908027874798784,0.042563181589487596,-0.031193202781266742,0.029354873975168207,-0.024234195906861614,0.04235603079653589,-0.006997480843085447,0.0001332358568550224,-0.013537673641166183,0.015919028163728748,-0.011220925510546705,0.002704270626193057,-0.055556000040062,-0.02056421880366821,0.010421898197827262,0.04617218066115008,-0.011984886490999037,-0.010932830675354468,-0.07598445013965051,0.005865472161679794,0.024614709526913817,0.022938383487358195,-0.045045900774491075,-0.0061025324123959584,-0.022284650400601572,-0.031014401373996234,-0.03343189594160312,0.007043049926104334,-0.015426406051290809,0.028357075524922844,0.009106657514708015,0.016384233337173846,-0.01780771931689974,0.011155854631878032,0.009869203926886628,-0.009909056858716164,0.0273095583394749,-0.0048321265565616995,-0.022830604555266205,0.005541872702645371
C:\RA-CLIP\test_set\PHOTO\Z0000286_00001.jpg,2,TEXT_HW,-0.06917967002435867,-0.028631125452034452,0.14316301906970694,-0.025988434832697537,0.006871522528889964,0.11885327256387473,0.09565150196365296,0.0035987712530163004,0.10208066353280242,-0.09333558224922064,0.0735881859276512,-0.014077785401191605,-0.0385221726328559,-0.04418807558619388,-0.03643464400984149,0.03357306119340488,0.05407559154123391,-0.0077096514411541485,-0.0332922660850724,0.011295209584531927,-0.007651469230292587,0.04973002094643371,0.08756271371621323,-0.020452595277985926,-0.031038451675389933,0.04473734700432187,0.014451602364375949,-0.004237966956799295,-0.056255895558538084,0.0027675459030058656,0.02225144289035697,-0.013420292022644768,-0.07539828290726314,-0.025949969213725277,0.037072354165956785,0.039785306453901624,0.0073196097452524365,0.04322048906934526,-0.0443033187439141,0.008462792274186,0.015062260155517232,-0.05090905312565749,0.01131852289996624,-0.015992219510959114,-0.027098945140752152,-0.012160535248305725,-0.04946953533992152,-0.02194874408546517,-0.05002233825644487,0.05707019659070054
C:\RA-CLIP\test_set\PHOTO\Z0000289_00001.jpg,0,PHOTO,-0.0671461340806946,-0.5859842583721319,-0.08936114533593721,-0.10034784034313027,0.04387657055246112,0.08955039298491924,-0.07107983829448059,-0.03323965310422642,-0.15605140497832706,-0.1372657751240471,-0.008844483058562386,0.00951041710431367,-0.035554697208362164,0.05153519621745845,-0.018738266736231447,-0.02694566714411891,-0.012115385908284794,0.0029587246757702586,0.04259655725796788,-0.06370024555236928,-0.011240873214330566,0.010160702266122272,-0.024815222727788477,0.042251388588793674,0.011631002848660768,0.010697089127370291,-0.046727899120900834,-0.032683761793604195,0.023251945218992577,0.02049346867806739,-0.04109997507294247,0.11135586647588727,0.011300962515519694,0.0003372743119361681,0.07767182045881614,0.036418153231909736,0.009991632477728553,0.028595164637444194,0.03849825271706148,0.04724134868936724,-0.02577436016099256,-0.0019475523391120552,-0.01845385150186435,-0.05435912221260882,-0.005989741912114624,0.03451267225059937,0.0286287201762137,-0.03807367127351551,0.05187150505345196,0.002572199378134742
C:\RA-CLIP\test_set\PHOTO\Z0000291_00001.jpg,7,DRAW,-0.042749267321622555,-0.15846191724128628,0.34966567491258743,0.029857108744267717,-0.11853932239819283,-0.2384843944781319,-0.17952443451342354,-0.02447956606775372,-0.011681925672737757,0.018561151489823857,0.07570148855673761,0.07579292405351361,-0.06676180355564329,-0.01613040543026402,0.01614101673665834,0.055206155813561524,0.005300233870567109,0.07820487197520026,-0.019084442540899228,-0.0018806644316384702,0.0323465127945483,0.02151975762123985,0.022451335342824414,-0.020211386659887507,-0.0034832501921087462,-0.009902733784267953,-0.04374376019888517,-0.015526679143163837,-0.03646045897240264,-0.07414090012107163,0.036463283898957824,0.015253231912079132,0.047674910561192226,-0.03342533270478077,0.014994266576863534,0.05527351947472467,0.042881888269264486,0.009944520329948144,0.010360124338052485,-0.04538354679037266,0.028570705381057788,0.05796366177433241,0.01843384859414627,-0.0008303098636243701,-0.04538745236954638,-0.01341050643628549,-0.06874819762116915,0.03495969531107902,0.02629572045123476,-0.027793051366021053
C:\RA-CLIP\test_set\PHOTO\Z0000293_00001.jpg,2,TEXT,-0.01002951452015317,0.16428737490013323,-0.017338677414548347,-0.030536296603911665,0.004848589608853333,0.1718882218719846,0.03490786270372864,0.017399534636314096,-0.08642677217854046,0.09175189790970685,0.123137584786345,0.026775550089666762,0.0201565044013466,-0.020278821217537286,0.07180384641005691,-0.05365186678506029,0.06315287627448822,0.07736793714044482,-0.05593129811045161,-0.05639056775733451,-0.03896421970609483,0.04355110901622358,0.05185100025187722,-0.06077624665453836,0.012021367008819941,-0.06658573564579057,0.02334913384727279,0.0283382826506644,0.028588646949815878,0.03125219843115872,0.04441949144777671,-0.00777833079596362,0.008840571254600473,0.014433619543619958,0.013617872046026325,0.001898504634203326,-0.020063667928417635,0.01889908113079105,-0.016398558559739033,-0.020366021111961938,-0.037301592638233176,-0.02871820124666664,-0.020703751231170447,0.002341157774782432,-0.01793933948435636,0.02813910673275433,0.03474170007292895,0.0014041004189069765,-0.012037586365799246,-0.018765282113492772
C:\RA-CLIP\test_set\PHOTO\Z0000295_00001.jpg,1,LINE_TP,-0.05336273969338854,0.2022457173979377,-0.058683281868921806,-0.015161874830750138,0.2120936110034864,0.12550944174060208,-0.19613401055102092,0.04505333093825195,0.00317156755434128,0.05361828153412948,-0.008202898511693027,0.028528361495091054,0.016599507348244943,0.05595901354090793,-0.02065932724977405,0.05714383775800386,-0.014583381794689657,0.012783758064013438,0.04215300409297642,0.0071876110811390555,0.006703968779961883,0.003536630960290039,-0.05373631225248106,-0.011414584201774679,-0.03908262206315915,0.04031764287783503,0.053730935130412195,0.020801774985972975,0.04624645938698469,-0.022182427631022125,-0.04207393030393123,0.018378586901187953,0.03181839888079305,-0.016540809531654918,0.0027489887190011845,-0.04273304032878219,0.01061654591465803,-0.014088199727825762,-0.0077762124388153,-0.008513672411007037,-0.012921777238414752,0.0316380501355922,-0.052077639709065926,-0.028157367740072426,-0.002854808197502144,0.028667882190155234,-0.003752960314471376,0.010555178817252705,-0.001649684073371134,0.020738326750025727
C:\RA-CLIP\test_set\PHOTO\Z0000297_00001.jpg,2,DRAW,-0.15307133469376633,-0.014390575815030312,0.2401423416867637,-0.030360847714459106,-0.1729857248347022,-0.01986096645970911,0.13001952305298267,-0.01405345759919651,0.029009270523466933,-0.04834350863926953,-0.13678915796003024,-0.0221961981444249,0.013930286218722209,-0.031614926804570835,0.020033591194095028,0.04597339521488128,0.012604065834197922,-0.034954761183837744,0.04619721923879858,0.02157521784353177,0.045849434244070286,0.0024384385773648107,-0.07682538205688845,-0.0012007462209591218,0.022561406520784835,0.026660659222718864,0.029670814778171364,-0.004822433185145799,0.07785946090874767,0.0088060633372792,-0.04306026296467917,0.018184309967410377,-0.02174306863793193,0.00523306642401508,-0.013458026009700436,-0.049719826688415264,0.01871337580911086,-0.029223673129876553,0.004756703643158657,0.037456060668950505,-0.009444861195166715,-0.01773385729495083,0.04370140925891943,0.00499161088034906,-0.01370516060876177,-0.008293466628811195,0.043058175011712586,-1.3109706634717184e-05,-0.004089082949711256,-0.009299344605256353
C:\RA-CLIP\test_set\PHOTO\Z0000302_00001.jpg,0,PHOTO,0.017761498218756944,-0.4681003243564257,-0.05936719353084429,-0.03243997374575732,0.06734136640085579,-0.034276765375571436,-0.03642506978309775,-0.011800777084461372,-0.12370405160918718,-0.09389926251893785,-0.022293713716663062,-0.016455480386430958,0.023276005543800913,-0.04462242845500521,0.027232328429547738,-0.04400621082332945,0.2214313167817633,0.06348688424651651,-0.07739491777375382,0.037518748849153405,0.03108887685472345,0.019027812499586398,0.06931751760405509,-0.16953645437986864,-0.07399279511678589,0.09050428398701706,-0.04839952642400136,-0.0566770942311656,0.06898956317316911,0.04757124686467734,-0.075781067575574,-0.03705683380465293,0.011886080718500771,0.12048618017339462,-0.15454044024934685,-0.1109631286484172,-0.009044122282697305,0.024728453962800392,-0.045027445499611934,-0.04307087253875777,0.040866257610612695,-0.02089933747109921,0.015190040993497207,0.029448224956954677,-0.019616346231722315,0.006103128512226789,-0.042419574940879536,-0.036112575995603156,0.07148757382761305,0.05580150762008213
C:\RA-CLIP\test_set\PHOTO\Z0000302_00002.jpg,6,TEXT_TP,0.11942792887537003,0.06753317140825367,0.17574875346625007,-0.14439151843843806,0.24498762688771855,-0.037893452955888064,0.1538190513338857,-0.07500044863873656,-0.01443366664272443,0.030482878967103496,-0.05132605239315706,0.027797924271410177,-0.02133310963462369,0.007230419785038751,-0.0020664908306320907,-0.0290947096343699,0.009679321421799591,-0.008845768272061315,-0.008586433648719988,-0.013639488685497775,0.0029154901479036405,-0.009916269660534693,-0.02245053723892185,-0.012725409305288683,0.037820403221039946,0.027329589792589162,-0.007522924812073194,-0.035230078256211106,-0.010100943091350956,0.008840811118925072,0.0281230636651428,-0.015500645331116465,0.031125230302221384,-0.0011098000983436266,0.012492622365512764,-0.003581174368509671,0.0028408331049581607,0.002071019164670545,-0.029527243312732775,0.012298084505802534,0.01969016739041094,0.010760875895710946,0.029802976484760126,-0.029857644656822422,0.007690275654049735,0.005549133448143373,-0.035938276720875774,0.033439626478688755,0.029327693671712517,-0.02415141660959851
C:\RA-CLIP\test_set\PHOTO\Z0000307_00001.jpg,3,LINE_MIX,-0.25719932158828,0.07030627265164754,-0.21019589196202607,0.028802034592872408,-0.03212870710330202,-0.16571809473266114,0.09447287386299849,-0.03418917434634171,-0.026462280439882354,0.013962100442758267,-7.950233192044184e-05,-0.004971315538639459,0.09301217922873119,-0.00772673228271973,-0.02502464616898533,-0.009752069784358329,-0.017344974003295793,-0.006485249082170822,-0.009784100653933573,0.008011849754166966,0.02973553459548391,-0.008976597247240318,0.03872445106798605,0.021462537718960045,-0.011731494424804853,0.02304266484732805,0.007719386364663504,0.007270609722116995,0.016209048668128508,-0.004977506201518189,0.008352660673330936,0.009486409198891214,-0.020659023862842067,-0.015437964738504664,-0.00818479007498291,-0.003068798095420823,-0.008884883713793501,0.01691745097223547,0.014403184470263113,0.01978041972654537,-0.015049039774269302,0.0035250583288286533,-0.013824608267769005,-0.010320803467009164,0.0016030931912362637,-0.0005809652246616025,0.0052065857208137495,0.0006231768562410349,-0.010113985577358115,-0.019142884650773954
C:\RA-CLIP\test_set\PHOTO\Z0000311_00001.jpg,2,TEXT_HW,-0.18113086213763738,0.11154167467742168,0.02510930017875706,-0.04751848955157347,-0.037692501790237705,0.12382229455303191,0.06607385768429688,-0.002610436203905742,0.004113005424011953,-0.052450962758341546,-0.011095452871440583,-0.019312384009779693,-0.058070716605941444,0.025760424621277,0.05117651355325217,0.0343581911171314,-0.08868496022638428,-0.00492691964546387,-0.0376745846431699,-0.034731819033394146,0.02495583626904369,0.08452899483848361,0.03018706328790067,-0.014206661805416224,0.030831606573742856,0.051413167983279724,0.008555128894178301,-0.03837705633203747,0.0006534057605268991,-0.038879161161346217,-0.025825053927532156,-0.006896263856046318,0.025958667274106704,-0.0011327549022603,-0.005935601404548566,-0.022092057744141486,-0.010384165951870944,0.01901357498734616,0.002548986453964367,-0.061255756797416634,-0.04019413295991548,0.05647510404563972,-0.0038226279343711424,-0.006816575689349064,0.016544155199045226,-0.005208555555898061,0.03153064773309705,-0.011686312936300068,-0.004592106701910057,-0.001611930004575563
C:\RA-CLIP\test_set\PHOTO\Z0000314_00001.jpg,4,MISC,0.46037842981394944,0.12079922086754608,-0.31479401017007047,-0.06525938258297864,-0.2887910346791245,-0.10506608139746415,-0.0058802487068709336,0.1279094094544671,-0.15261380538623245,0.20928640301580206,-0.2365615671757887,-0.20524593035627856,-0.1560504425912496,0.17512698560507062,-0.002783612492704426,0.04555724760291559,0.06778107476905572,-0.06433880769862982,-0.0022120631769889532,0.12619799545846186,-0.09599042873252656,0.0652490660502446,0.035133269856508505,-0.10160034007543496,0.03735505460171334,-0.05214579666066603,-0.06549522691838994,0.02545812246260247,0.06931853570775667,-0.07876910926281497,-0.0007871481791222849,0.05475376275540864,-0.015983974902333865,-0.044053678279207385,0.010773244086492266,0.011150264813702597,-0.08296178473025663,-0.006408165553428686,-0.04219110882815428,0.03622486465819369,-0.012467074677285332,0.008272532159552017,0.013294107726012683,-0.0253634786535174,0.05492823535535878,0.0282587279411337,-0.025430010001393194,0.030248163204772596,0.0018440920728313315,0.0019102608270766437
C:\RA-CLIP\test_set\PHOTO\Z0000316_00001.jpg,3,LINE_HW,-0.2818302278901188,0.12491845024377977,-0.10613582580625046,0.025898544354864213,-0.020126923407289422,-0.006652081376274297,-0.09112917158890611,-0.004195903546844447,0.05396636891004908,-0.08297428057059839,-0.025720756128104285,0.01912240657939763,-0.10327506669487757,0.008407836071388041,0.02332534248960825,-0.011689033122460704,-0.03429395921709277,0.007936799314043435,0.014061871014328578,-0.007824211847310969,-0.03884164296003146,-0.00024153739663858862,0.031013586793817847,0.011444130128862959,0.02093213856317788,-0.058997051195546914,-0.047375415023999265,0.001991618710024221,-0.022445895037008005,0.0032552017165411455,-0.025158353152632026,-0.018366256093733605,-0.015732327564870505,0.04395206810767075,-0.011915001860333943,0.010697692707722091,-0.004833845473250328,-0.008456121406904235,0.0046997127930984055,-0.011029636009980335,-0.026019789662727336,-0.016474174449513056,-0.027235516890578137,0.009354878025450526,-0.018937158984894936,-0.0059766957389636895,-0.006167688713052872,-0.04584071029375776,-0.0011561335494311368,0.008551129407376859
C:\RA-CLIP\test_set\PHOTO\Z0000327_00001.jpg,4,MISC,0.3560225650702943,0.0512335325334026,-0.19643904616019311,0.042360462118718634,-0.2042524120920702,0.012234474207686755,-0.05845413032433482,0.1879352735970354,-0.2843503166513541,0.24847130800223796,-0.22367914726627583,-0.0985938206816042,-0.08297199911267217,-0.1303024110511507,-0.05290311220786206,-0.07777884445112028,-0.049362151774789066,-0.0941943343469396,0.17264061993548768,0.03943779569205473,0.014525600990447701,0.003943330080668085,0.18621544585202168,-0.03978109819613263,0.01762048895668633,0.06256602655308421,0.08187415864918576,-0.05395382624044823,-0.09693257545405615,-0.018741484166742737,-0.00638105016489963,-0.008183875822126792,0.0819635669613278,-0.02903165896110544,0.04476212727626207,-0.01040529440563602,0.04120184307814131,-0.04783870455638785,-0.08286291016987413,-0.07126548933924096,0.04694592377183414,0.04138801975455445,-0.11328025562954246,-0.052088982182408004,-0.07225387072837385,-0.02407534568350512,0.03822161121558362,-0.02609616808623882,-0.02558750218537459,-0.06240669213998133
C:\RA-CLIP\test_set\PHOTO\Z0000329_00001.jpg,0,PHOTO,0.05347467908880753,-0.5710015415678988,-0.12404078113183273,-0.09053322317394155,0.03384607496851088,0.09249524296546961,-0.04350247650149634,-0.04983573857017739,-0.26176132544115677,-0.11978233332288742,-0.019100137032666862,-0.0035621348629312926,0.04667647759214111,-0.036006569891515516,0.08733011564785197,-0.0754218111502795,0.07213577612170254,-0.06075113306307711,-0.11046257265152522,0.023030901536671772,-0.0534158977864458,-0.06365411930056124,0.032597088243253004,-0.11771879202274714,-0.0447901327473802,0.04179399197408241,0.08939350883015419,-0.05043359093033841,-0.018583894489125556,-0.11802218633349067,-0.03514635499069373,-0.06159400668373952,-0.04690436676175701,0.09059281528289422,-0.14707968169339497,-0.027264098202795437,0.022585934737314566,-0.061054453894313666,-0.0038047834257329016,0.03248917288817116,0.05208257529494588,0.022406182026835284,-0.009641025710016701,-0.025429093061499826,0.014228049684017537,-0.027404617952433347,-0.011689676298807024,-0.014661753067025728,-0.059387494765590174,-0.00619364531339747
C:\RA-CLIP\test_set\PHOTO\Z0000333_00001.jpg,7,DRAW,0.019376607768016602,0.007435989081401529,0.2872718392463662,0.055234786913568354,-0.05712299942470853,-0.12100672697873731,-0.07370827392038913,0.006263063618314706,0.030074866919905196,0.011871683086430893,0.08762783498249084,-0.03367453004838246,0.021530983462089377,-0.022530239519904058,-0.02631181969027308,-0.00919177343930645,0.08290268939384692,-0.05068210932360965,-0.06713362889197023,-0.061265760225585116,-0.014024499919821218,0.0834341488701655,-0.024814985720746217,-0.03435679751798524,-0.038326020176072985,0.006645666856583592,0.06569331746458018,0.06919942361018912,-0.023925535315143447,0.08652510616378983,-0.09326081382985,-0.03890261895558135,-0.031990764146778414,-0.04270694468312595,0.051431636589996534,0.0008064897501431078,-0.0066927270801659415,-0.04815472521010537,0.06978082058269762,-0.0419169373512049,-0.046931123895307,0.04302185710662912,-0.04496928204410852,-0.04521268801050253,0.10611113546205667,0.034290946364132865,-0.04854681400681859,0.002057813480754593,0.03618527068950598,0.01995799335211111
C:\RA-CLIP\test_set\PHOTO\Z0000336_00001.jpg,2,TEXT_HW,-0.18715881964215433,0.17699757616934372,-0.11038758577132272,0.006322408382269772,0.056454131578862685,0.029728285341920724,-0.05832326316150173,-0.031706193618770744,0.0482007114602943,-0.07492674012962439,0.021069852785284067,0.06494762052292705,-0.03559340955501935,-0.029469247845215686,0.04955924465609829,-0.025178008526141167,-0.03800304567516218,-0.05785586856795379,-0.008119585636439353,0.005089962250127702,-0.023597132364638864,0.0324854655544212,0.016014230839871486,0.02012570269608888,0.0074424183658110795,-0.011577523328393659,-0.042451246818038184,-0.011105360324450976,-0.05658150681320172,0.00013098140330915407,-0.03308360153991307,-0.024514477805041873,0.005890675898340333,-0.0003220405836687838,0.010158018591890007,0.013013940488793502,0.012158323288726512,0.024491311300714653,-0.022604203626471742,-0.009075854514619772,-0.011926550067619519,-0.01946230368138075,-0.05349832629506885,0.007981662068142482,0.00221820545687333,0.019385032555505628,0.0034061464298942115,-0.01546636577745371,-0.013073750289711574,0.01848951904597616
C:\RA-CLIP\test_set\PHOTO\Z0000353_00001.jpg,2,LINE_HW,-0.24943738697899698,0.13866722931386702,0.0020022881531132986,0.04801121886692152,-0.09668263030370834,0.04972538345993454,-0.020894952659302118,-0.0001600184316408528,0.03452501498872189,-0.05738211649895342,-0.017407671745671694,-0.01288974751273863,-0.06456204833351283,-0.010589034915292905,-0.005657065966431338,-0.05596615353867368,-0.01163063822832543,0.00753308912721651,-0.03047111040292252,-0.026251640815373012,-0.013187915793305756,-0.014364015076360438,-0.014054176641317731,-0.033478283843103224,0.04129661359001974,0.02561396666474814,-0.015999472083894767,-0.015478411342858966,0.029865383105060195,0.00878547737286895,0.0005518662435948921,-0.02528881984636996,0.029261333245543933,5.860359354870004e-05,0.02577101619348252,0.004166987660871095,-0.007466398273042612,0.008602216129270871,0.01852226912758382,-0.0008230246358045449,0.010229929099763023,0.03036404083219886,-0.002561220521452552,0.00844988262634242,0.012745842356835164,0.012439507202290458,-0.011832324824147852,0.009839876408433793,-0.006783700516714197,-0.00898054461580654
C:\RA-CLIP\test_set\PHOTO\Z0000362_00001.jpg,3,LINE_MIX,-0.2753818682251171,0.08829194425089429,-0.24801958543553446,0.04233010275816823,-0.03768523314161683,-0.15267316434991932,0.07948234022904534,-0.018370772692326672,-0.011486824145413632,0.008279578045434997,0.029661125071226303,0.03472637317815876,-0.028293585261776413,0.0204576506166853,-0.012013387930746976,0.02502529046464434,0.028490294224861226,0.027409892193706282,0.009167371454146863,0.0045652984350132465,-0.00297246612934236,0.008925308255938878,-0.05179235871970538,-0.02508248199511188,-0.01923641325137107,-0.0012267348188719435,0.0067541913665009915,-0.0054487769558949324,-0.02223956352345115,0.003076949087018686,0.00020527110944475855,-0.0016641350658642105,0.00291114541339244,-0.00042276201814922277,0.009231565351223233,0.0017459258904459955,0.01901102718385266,-0.014044562216822825,-0.018340896433122558,-0.015866591843040838,0.026422066896204993,-0.01187785238183707,0.014964640818648853,0.003141726289920861,-0.0003938930850756656,0.00047816243428778913,-0.0028031580438742524,0.0007096445850091792,0.013788725687323049,0.008227869044375467
C:\RA-CLIP\test_set\PHOTO\Z0000367_00001.jpg,4,TEXT_TP,0.4921560908565383,0.12117801072115734,-0.055300583974689996,-0.18550362449878413,-0.04176224858767391,-0.11982996826321332,-0.0038683905941760298,-0.007794111595695225,0.1162722713223991,-0.14191183323626408,0.16854301392395543,-0.04390600480089258,-0.09087429561181438,0.025231513436230407,0.04016026063342289,-0.10208348639684774,-0.053704539424436835,0.06501346484929457,0.0549975044978754,0.048612471451489656,0.11990099320497946,0.0022879062912441648,0.07455302080319112,-0.0107256432570984,0.0628540134159911,-0.07108428178307852,0.04736506749453865,-0.03789251118440227,-0.018722778314313574,0.011316497371632738,0.020805935480871562,0.014706445244984141,-0.04362064370821147,-0.011776690499957845,0.05395946669621334,-0.16244341321374114,-0.05259480887652691,0.04007790421585924,0.016389364647490957,0.04638235296334722,0.09011472280380604,-0.009968665041023263,-0.02462879536618839,-0.01935256352268707,0.023185167172536714,0.02317110158864306,-0.012566263913329106,0.012597801288971042,-0.015897192511688685,-0.011366948623531567
C:\RA-CLIP\test_set\PHOTO\Z0000379_00001.jpg,2,TEXT,-0.08788209306170296,0.051367876286854644,0.09252587970945639,-0.08558245611481591,-0.10312309244145676,0.2364412080399026,0.061416027376456586,0.04152102962823115,-0.06259070210158833,0.062495374189159916,0.017691244184910457,0.055726908596401135,0.0313740770081243,0.053102133333912255,-0.020084294637970665,0.0429011334426682,-0.07097374463176954,0.019007893595537752,0.02063568034575002,0.028250615408754752,-0.021898097096021283,-0.029765462681929897,0.028279369009136184,-0.004856777075975713,-0.029322725620904593,0.0030620148547079906,-0.022625028254289848,0.004096231922254167,-0.06681536655133506,-0.002953176884094754,-0.028609046271073316,0.0026020959882592683,0.0013548675279519873,0.007875127958902956,-0.005868626484922017,0.004441158116810222,-0.02324413036706462,0.008910248405653173,0.02342086556835975,0.01487946092708483,0.02989113362906459,-0.024106116011017822,-0.05940541512309579,-0.011305174462340715,0.012230220783094955,-0.01843538364466401,-0.03611888960014148,0.05559306586650847,0.03496067921443963,-0.029042926325566463
C:\RA-CLIP\test_set\PHOTO\Z0000391_00001.jpg,1,LINE_TP,-0.04583629987152584,0.16189652841202387,-0.05364062489235668,0.03770822704203668,0.2555361401643312,0.009100861939258388,-0.20249617704532624,-0.022169705542910652,-0.004639333299810351,0.037324124105244647,-0.05761310509166512,-0.06198953549971159,0.049233883390832414,-0.004005334618706255,-0.01460914532919736,0.027133168274837485,0.011956385676949321,0.03951331719763049,-0.0011731711754913122,-0.010109108089021985,0.02592879956829702,-0.003841050685952879,0.007952320960384897,0.0186450569003607,-0.036843962755291844,-0.0028883100921846395,0.025768664058711265,-0.0036350366050451745,0.004540846702575012,0.002162452695566859,-0.0152389248816017,0.02249959064958629,0.034109156977054564,0.03674469310290921,0.025801434764127648,-0.037043328708360565,-0.042400219394422525,0.02504634843858929,0.029671588383241732,-0.04304329095943609,0.014434514249501653,0.006745576135341111,0.021750128516267415,0.04806243314684336,-0.0023282651143017394,0.05992410448263968,0.007191645856219511,0.01485535154438887,-0.028768466893705654,0.013450852253255591
C:\RA-CLIP\test_set\PHOTO\Z0000397_00001.jpg,1,LINE_TP,-0.06593997122087215,0.14114838309431113,-0.014963259590168646,-0.04894034976417037,0.2595700101053547,0.01876744248145205,-0.13501097842721071,-0.05492327028615065,-0.005252432123065161,0.004951322135482666,-0.04052519570271655,-0.009776672722512588,0.01660982038811936,-0.02891158452237251,0.0706443061701544,0.0512663241591895,0.025742916436755237,0.014113769164108126,-0.04893369000673221,0.009610967161693428,0.035977886527008854,0.024538083319865366,0.03911557707513291,-0.011112209663902691,0.03425777579280622,-0.00681407869603287,-0.0755600898436789,-0.010515747682137946,-0.03876934659760046,-0.00361252511353718,0.025178634460702082,0.0031767820587853494,-0.06813475795065889,-0.008777077324753397,0.008050380959774547,0.05230755415438973,0.03595207126595576,-0.013902333027545606,0.024538499676108754,0.025057020408395907,0.01993107151835775,0.004971940385695868,-0.007883993242340405,0.002688516492102216,-0.0071260041773725845,-0.01956074357385004,0.0053550970052091236,-0.012445413461339563,0.0011226276346237825,0.011447823871060383
C:\RA-CLIP\test_set\PHOTO\Z0000402_00001.jpg,2,TEXT,-0.06386789158702227,0.11395133958105506,0.09019864752924746,-0.028389991293137615,-0.13113372738033852,0.18704740156034172,0.10061545434769495,0.05674443908603812,-0.09754557449728235,0.11380890589644536,0.06243834373715439,-0.04491384902073749,0.05702757018077388,0.061308688146256965,-0.0364932656496235,0.05119232979975483,-0.06659682186988311,-0.019293470799873924,-0.045229136344930906,0.004673828199825611,0.04179504040255096,-0.013634313951916619,-0.11280567346797934,-0.024006327815577707,0.04723194007438673,0.025330015964673398,0.022322526119555108,0.012090031921576587,-0.03848863904094795,0.03269955215277521,0.019437294763501697,0.002582723516109394,0.007740043432734564,0.03877064135868565,0.016434107785349497,-0.039442285387738744,-0.05243671360205562,-0.02308213347764251,0.018344083180058663,0.016515143288851408,0.02065133691934769,0.044323519642247386,-0.016269237451352468,0.030914824886546295,-0.03421378855560804,-0.027985031007349354,-0.0021409095261827908,-0.05419931156968594,0.0042739333333945044,0.03406514424674635
C:\RA-CLIP\test_set\PHOTO\Z0000405_00001.jpg,2,LINE_HW,-0.22962097582030863,0.08729021112588288,0.06361502585172261,-0.00440178979482028,-0.07762303318609126,-0.013064890602644727,0.066002709667879,-0.05121847481017049,0.0762906525001015,-0.05639129364714809,-0.12345780749292681,0.04055624265410108,-0.02941486517196101,-0.05410314198897195,0.03898208834771423,-0.018109267968061768,0.049868786118997595,-0.0690698061408455,0.032548002229665474,0.048838045162934766,-0.07525089404983787,-0.02373170112619711,0.007261394177213852,0.053900880213386626,-0.055902773124733844,-0.09040468087740434,-0.03531586271959542,0.058769826799011805,-0.05024850572254398,-0.006590875138241786,-0.0310352373654223,0.032285304406712734,0.008780541343336255,0.02100929987201394,0.017970146944058973,-0.018905768618425696,-5.714819381181002e-05,0.0007052651648497355,0.037623297149598035,0.016343774450302682,0.02466213025161485,-0.00880518670501557,0.020364991161956014,0.06924222728383057,-0.0062084341972715555,-0.007119025464241649,0.0008994615249524927,-0.03248426713230986,-0.01968067492977298,0.0032611147821368486
C:\RA-CLIP\test_set\PHOTO\Z0000406_00001.jpg,7,DRAW,-0.06690522091510956,-0.008202608866061242,0.3290920671827951,0.026925453834874,-0.10476726629852007,-0.1314765452145608,0.0029365413536741273,0.007750765025410221,0.06454068076743563,-0.04303776784799045,-0.020805407534259343,-0.0735352968497102,0.005957908364750794,-0.039066087501389006,-0.007330017415577412,0.027899193373705885,0.061882804155292105,-0.0765485747426796,-0.036222119055024246,0.008319910487909202,0.030757188434486573,0.058510434601206904,-0.03798341449632927,0.01182063508602716,0.027921174785853473,-0.04201822246848044,0.05340183927219131,0.013803234236835481,0.05331435843602034,-0.017025357300366674,-0.07189701208796655,-0.007123183236970178,-0.030454455094660143,-0.02985546714004595,0.014263675923335249,0.036578419321974455,-0.034644548256212604,0.00265665072620654,0.044222315223659145,0.02348759898337103,-0.0004687403852421324,0.005825427199780005,-0.04366033015595369,0.04777722943185817,-0.0063402507639561895,0.0002584976560058964,-0.021732828697363673,-0.009428285494393611,-0.012327669329328885,0.017583865356542463
C:\RA-CLIP\test_set\PHOTO\Z0000409_00001.jpg,0,PHOTO,-0.051450870608942975,-0.5834191417719462,-0.11352800250592401,-0.016879994300969484,0.00946099589313711,0.09133605126757932,-0.019278233409662265,0.022021424717507655,0.20196519721059217,0.13490585788009812,-0.007709115689800155,-0.04801525169655672,0.030011771129117557,0.0008175454012594489,0.03967033147861471,-0.037682778957369566,-0.02841058291898767,-0.04242854481006152,-0.013427028764500299,-0.003314490922768702,0.019850197989463882,-0.0065655505418942455,-0.041548491646950896,-0.028477352823046427,-0.01420080244461262,-0.042727308975458234,0.0018958247129285588,-0.03184738989139908,-0.011663499283773084,-0.006684916499137937,-0.054558134065617964,0.0818863740057646,0.005998398875248836,-0.0014798608955989628,0.05603338078719538,-0.024333222205458555,0.01743548081628808,0.029304234646715412,0.018467962640824315,0.011628946633367575,-0.0026237767552705696,-0.050928843310709196,0.0029638823133259027,-0.007505721808837313,-0.031456263656466366,0.004747431847665016,-0.013112546703861345,-0.010251343217342088,0.04271718001692861,0.02967324243095265
C:\RA-CLIP\test_set\PHOTO\Z0000414_00001.jpg,5,MISC,0.5040459008667526,-0.01383821729105107,-0.012193025209091152,0.5594895582957997,-0.007859840612332502,0.08398601204913718,0.05306849482445262,-0.20466493654740914,-0.013693762602411385,0.013774859310080993,-0.00357499879831841,0.034554898058871485,-0.010899656860176469,-0.0023338358416739357,-0.0017936952548402011,0.02547290453359979,-0.023554003123961262,0.022721478253711184,0.024057068597996292,-0.001751534678463131,0.02369419061127439,0.0015611160032544097,-0.013931864517749536,-0.018586041378774378,-0.010479807757627692,0.026731538542266852,-0.013622434805607035,-0.007832709119116661,-0.007709753575165911,-0.01852046035239541,-0.022630847562021914,-0.0050270289982054924,0.020099293849809182,0.010697135552775273,0.009310430022555986,0.001528797782946375,-0.004631800900295563,0.001558091591015993,0.02124629827858293,-0.028703879459431515,0.010322903103765754,0.006851328223528434,0.009102970153616925,-0.02209741785285015,0.02761024985800407,-0.001768617336028742,0.017846210771381776,0.025537963094671306,0.010784704212523486,-0.021961575656564834
C:\RA-CLIP\test_set\PHOTO\Z0000421_00001.jpg,6,TEXT_TP,0.1839260866864514,0.035925329371514686,0.1874806587320909,-0.11645106999877539,0.2959897418603841,-0.10527941176756556,0.14196031296924544,-0.02050857586159663,0.007614675653206105,0.01783145755964745,-0.0043442021830681935,0.015716688471877793,-0.08141906132355856,0.03226643934492178,-0.06911869623699256,-0.04786777550875087,0.022637465259814055,0.009486257089996099,0.018380851017682418,0.020331098617296685,-0.0156317837043475,-0.02680723829077284,-0.0021834739622395532,-0.026620679582247335,-0.0192844641552582,-0.015065856524921152,0.02951470736066702,0.02987809231888441,-0.004290238835679123,0.007269694037348227,0.011729158160412968,0.006193361988853925,0.021580181956644635,0.00173067076663059,-0.003643114916836879,-0.0016114785045284916,0.016295517004522662,-0.025864429594730936,0.01549631423400475,-0.006350646986603277,-0.009469294893007707,0.0016105334782750855,-0.007999226873176113,-0.014171569363023873,-0.021115370262606924,-0.01906244901745467,0.006095331594862065,-0.002901511765834058,0.0074979716664037525,0.0019806789024099975
C:\RA-CLIP\test_set\PHOTO\Z0000422_00001.jpg,3,LINE_MIX,-0.25719932158828,0.07030627265164754,-0.21019589196202607,0.028802034592872408,-0.03212870710330202,-0.16571809473266114,0.09447287386299849,-0.03418917434634171,-0.026462280439882354,0.013962100442758267,-7.950233192044184e-05,-0.004971315538639459,0.09301217922873119,-0.00772673228271973,-0.02502464616898533,-0.009752069784358329,-0.017344974003295793,-0.006485249082170822,-0.009784100653933573,0.008011849754166966,0.02973553459548391,-0.008976597247240318,0.03872445106798605,0.021462537718960045,-0.011731494424804853,0.02304266484732805,0.007719386364663504,0.007270609722116995,0.016209048668128508,-0.004977506201518189,0.008352660673330936,0.009486409198891214,-0.020659023862842067,-0.015437964738504664,-0.00818479007498291,-0.003068798095420823,-0.008884883713793501,0.01691745097223547,0.014403184470263113,0.01978041972654537,-0.015049039774269302,0.0035250583288286533,-0.013824608267769005,-0.010320803467009164,0.0016030931912362637,-0.0005809652246616025,0.0052065857208137495,0.0006231768562410349,-0.010113985577358115,-0.019142884650773954
C:\RA-CLIP\test_set\PHOTO\Z0000426_00001.jpg,2,TEXT_HW,-0.24582510459821053,0.04862396630392088,0.02580151842554128,0.025877557638868783,-0.09417740518874038,-0.04687408226167436,0.0006103101544514444,0.006561265421405297,0.057423842312191074,-0.05698641341854686,-0.05587163950482681,-0.0027223370019766537,0.005772663127723325,-0.0075210815272849394,-0.049293234914262005,0.03570123868541549,-0.03428052305207223,0.004943831201601756,0.05901647431729118,-0.014156528849581074,-0.01749109511581132,-0.017412890627020627,0.008829998063823868,0.020925539978805287,-0.008895346892065429,-0.023180129298163366,-0.002634526040618375,-0.03532239205415098,0.0189393649391534,0.009218579902064872,-0.0035305917803508894,0.01565411373797443,0.008045423617915028,0.05596404956075943,-0.03260198757143673,-0.0023143316582487383,-0.051241294942630876,-0.021085989491799625,0.009847478759625038,-0.0037746161257080396,-0.03127187343270572,-0.0015392044723118326,0.04102097497183671,0.008974963002699654,-0.01228924459323555,-0.0048479192837636255,0.03820053924585604,0.05126006167035766,0.019842685327381468,-0.005759044171741511
C:\RA-CLIP\test_set\PHOTO\Z0000428_00001.jpg,0,PHOTO,-0.058298566042429445,-0.5452244163056005,-0.1050986914444493,-0.06832294678118343,0.09769782078381176,0.02423715054618208,-0.04812180561328735,-0.01903249667680676,-0.13517573470051525,-0.08621338171163874,0.022617616471541396,0.04101130000670356,-0.04640082139215867,-0.04806711718613965,-0.04140533067413048,0.03841093081245434,0.10272753048453705,0.04001908027902692,0.015853159566284476,0.05400769046119856,0.0014781532985723394,0.09395473209767885,0.05312727699451853,0.039718735703272216,0.03689071490328202,0.036067793295643996,0.0035500657504457162,0.14066488734117324,0.02716480764392894,-0.01910952625969127,0.04709617174159014,-0.10998053607481151,0.008515286902139783,0.04632299595096697,-0.06925114608118152,-0.02824626686492991,0.010797607631905789,0.012436114136101292,-0.02280194060382452,-0.0010624583566077941,0.03667867876889592,0.003702881925770861,0.005882056922088529,0.02661447533704098,0.040279082327426836,0.012810150217160664,0.002146837455491886,-0.027050702897212685,0.05225710323493906,0.018278517373932667
C:\RA-CLIP\test_set\PHOTO\Z0000432_00001.jpg,2,TEXT,-0.10967095380670144,0.1180289592167279,0.061124820203641086,-0.043473553942035066,-0.07086402317104286,0.14988452262215718,0.022760345063848844,0.04846397150265278,-0.07577698957437715,0.09021246517666119,0.07426621566752928,0.040241364851388274,-0.018923418301250397,0.0699578651412104,-0.08030118758265847,0.007142011802604548,0.08604660012499961,0.07058127421678959,0.055921792585129124,-0.0058195694854452145,0.061675517844133006,0.019181132702391322,-0.06398972201708665,0.012307237168695908,0.06429075892454521,-0.016769680360545144,-0.06223504726213065,-0.053058255795402624,-0.025701899816264813,-0.018826126765200412,-0.013028005447657084,0.00023972404087437994,-0.005253908430042623,-0.006702098465386304,-0.03342778021296705,0.016674771969394167,0.05055877554772463,-0.061352902826692673,0.04913989263679302,0.0402558905839626,0.018246504265599647,0.03109656133974795,0.02076452984020651,-0.02259335282967507,0.018998037325636957,0.049192985534892875,-0.023033256519227854,-0.018242731394838216,-0.03222482401585553,0.012675535238511114
C:\RA-CLIP\test_set\PHOTO\Z0000437_00001.jpg,1,LINE_TP,-0.03371298578349374,0.20950196660951836,-0.10122303228499684,0.03688311992535995,0.2524318092136881,-0.005475868773614112,-0.21467333652560594,-0.0025931217325011217,-0.007685149666730707,0.017112505882883256,-0.06901265257642816,-0.07523522543404727,-0.02274782454992699,-0.002111000725659642,0.0429679556431648,0.028320626827043945,0.0401466548538828,0.04336042614099426,-0.021710092779070628,-0.014542688169945677,0.054496697702279315,0.016681162218816062,0.03305400849785085,-0.017597888194096818,0.02505442424742752,-0.03065458388701915,0.014467179228458435,-0.012807485717861347,0.0037188463207450772,0.03516739607463093,0.038562462994554535,0.007533291057160541,-0.05505016981770725,-0.017839078296139364,-0.011299880188590994,-0.015367420321721975,-0.01840579428207211,-0.024417678052685566,-0.0025395855092802057,-0.00840206096479275,-0.011144545052981363,0.008508210631977618,0.04082240471404114,0.026172645975075116,-0.019246733818608856,-0.009550232417828389,-0.018576184514441974,-0.03485995457480267,0.004684943217405957,-0.018704563372882448
C:\RA-CLIP\test_set\TEXT\A0075813_00159.jpg,7,DRAW,-0.09590581145683139,-0.15084996498275974,0.2781626087703095,0.018825201640944145,-0.07610287328435185,-0.2359682718216425,-0.16412760259320383,-0.028172728255223326,-0.00979152037783031,0.0723955366791977,0.0395905340496073,0.06652154673480447,-0.00827219751831298,0.06447749779285339,-0.004269038685928803,-0.0050279166508977605,-0.06434539712991003,-0.02073952348541601,0.0818132932495571,-0.04169604569933866,-0.06623436577427744,0.07342293035631722,0.08040804709897699,0.11291178972132562,0.030538085613129807,0.04641862330689069,0.058673982088818646,-0.03656906241732529,0.006436688874881966,0.05318373868799994,-0.070571041264776,0.0529160159798479,-0.05687118397949303,0.09854545355111258,0.029362939323245005,0.09032731368365378,-0.007121128748203666,-0.09735465158897062,-0.06691851950030744,-0.041708748090895226,0.11007877566740724,-0.1323537114055006,-0.03675085684171863,0.036917566482944614,0.097966036478689,0.005513338734266661,0.02770220799578652,-0.02893156088976182,0.002897778391715262,-0.013459472331536913
C:\RA-CLIP\test_set\TEXT\A0075813_00175.jpg,3,LINE_MIX,-0.2753818682251171,0.08829194425089429,-0.24801958543553446,0.04233010275816823,-0.03768523314161683,-0.15267316434991932,0.07948234022904534,-0.018370772692326672,-0.011486824145413632,0.008279578045434997,0.029661125071226303,0.03472637317815876,-0.028293585261776413,0.0204576506166853,-0.012013387930746976,0.02502529046464434,0.028490294224861226,0.027409892193706282,0.009167371454146863,0.0045652984350132465,-0.00297246612934236,0.008925308255938878,-0.05179235871970538,-0.02508248199511188,-0.01923641325137107,-0.0012267348188719435,0.0067541913665009915,-0.0054487769558949324,-0.02223956352345115,0.003076949087018686,0.00020527110944475855,-0.0016641350658642105,0.00291114541339244,-0.00042276201814922277,0.009231565351223233,0.0017459258904459955,0.01901102718385266,-0.014044562216822825,-0.018340896433122558,-0.015866591843040838,0.026422066896204993,-0.01187785238183707,0.014964640818648853,0.003141726289920861,-0.0003938930850756656,0.00047816243428778913,-0.0028031580438742524,0.0007096445850091792,0.013788725687323049,0.008227869044375467
C:\RA-CLIP\test_set\TEXT\A0075813_00217.jpg,5,MISC,0.5194983803329871,0.011407528481292247,-0.037115936905349194,0.5133332321368946,-0.0545821453198849,0.06397265337166856,0.03815916283539439,-0.21071195133002218,-0.014077999259241124,-0.0046161857307404335,-0.004863792419225868,0.018783041317711538,0.006737390195620495,-0.021781802669240586,0.009629330625306005,-0.03487404854179805,-0.016333700794834018,0.011811693375210033,0.021291756054034865,-0.028292071865694986,-6.141968067116413e-05,0.001665226481296623,0.00178064813191534,0.013184526159103038,0.026530582580528202,0.00032973975293300317,0.013667634307264401,0.01657575764273795,0.01074170684855873,0.0027901519868098732,-0.004429182002147949,-0.0062027539419482365,0.002270402009588862,0.011026541796990428,-0.0195195344512122,0.02237918128318938,-0.041262921613781214,0.025311972009555005,0.05148220640955461,-0.0022583271565029066,0.00040563322279269155,0.004145624668202656,0.014046269722496991,-0.0033552641310707673,-0.006406137816156596,0.005346119878447123,0.043102632535759265,0.01413806645689728,0.02359800764818932,0.006047726272869694
C:\RA-CLIP\test_set\TEXT\A0075813_00256.jpg,3,LINE_HW,-0.1905152851238301,0.15802894112663324,-0.1425100823186428,0.0496674338319675,0.046682423113105824,-0.10597377945418868,-0.05704673944688942,0.017755372090001543,0.045631014000111526,-0.06553553976149849,-0.020058663400144356,-0.012342447408169845,-0.033380533740202105,-0.04655975383521053,0.040019461276646136,0.006972105838614984,0.056217337337522794,0.0006195940699545347,-0.0012566220163830566,0.004637546272061413,-0.054076490468486456,-0.021057806698744373,-0.01173555027608726,-0.014365958023731917,-0.02362834138408029,0.029158724495258442,0.02573448571050487,0.0154229615389051,-0.04141973076776602,-0.04424866066821965,0.013796962284628627,0.006793425020949616,0.014965245620571613,-0.022557390850626625,0.019921979136463264,-0.05021956377491522,0.014514819046329754,-0.0027088981232295433,0.0001987447420343308,-0.05997420890192287,-0.01749186188364003,-0.009494064283958787,-0.04908774245995643,-0.03248412221654494,-0.039920233165956186,-0.02811658543974731,-0.030419793206948955,0.001340914873610257,-0.02178768270746534,0.06451614157393609
C:\RA-CLIP\test_set\TEXT\A0075813_00295.jpg,6,TEXT_TP,0.07498420745473994,0.048301780635998916,0.18793208994047542,-0.12117354502533063,0.2710255267303284,-0.05731876034922055,0.15332089098104454,-0.06950669819837019,-0.0010379561089290312,0.03367981123191618,-0.02989849322191786,0.005963029587541474,-0.03230797798912489,0.007128587119961332,-0.026028645155456463,-0.022560447985446933,0.006260161465647178,-0.020945662249721966,-0.0010590673948299041,-0.012672411009164632,-0.020537722156263694,0.002465035396822697,-0.023533720012790593,-0.002516955324022937,0.028380546208344404,0.017793153330725626,0.026070805526470422,-0.021309217392898434,-0.00776672538183366,0.020965126400872836,0.027778649851663624,-0.02246507403514496,-0.003787075693371827,0.028293827139209048,0.016208707792873242,-0.010603479046668612,0.002480690339816935,0.0186142914401321,-0.041242468117761354,0.011683436249693386,-0.012965898388058384,0.0029500540754672446,-0.031124209504775225,-0.03228791058591871,-0.015322804242157819,0.0017287901771526745,-0.025162281565760006,-0.002273281210329106,0.02169828894197353,0.030219683516874835
C:\RA-CLIP\test_set\TEXT\A0075813_00334.jpg,2,TEXT_HW,-0.08063140855704791,0.040983957505960664,0.1576807114901576,-0.06831602747109002,0.01867250228116901,0.07360318181101615,0.055805948519488995,-0.018703754668281194,0.07831103013941955,-0.0877976901660451,-0.02833318388375125,0.12231855054680468,-0.048518441733512475,-0.08542940658186975,0.05304788728468391,0.033032173650036134,0.12758516442410625,0.00767382725048252,-0.07105940602397191,0.062384777974122334,-0.030855456265998577,-0.014522191350102737,0.09688963203032028,-0.037589903505591785,-0.06665522108600848,-0.05489195132320941,-0.05725190144076766,0.052802458679035165,-0.026330194984322028,0.003492376727751778,0.030084036678254815,0.032709193872047515,-0.00745411107367883,-0.05015862565188218,0.022843961587212063,-0.01731277703467168,0.051294045447896494,-0.029446248074754634,0.04847846505392122,-0.014013457575383786,-0.011307712382698606,0.03070321405255202,-0.014179204276853001,-0.008300055945569266,0.018957704631193187,-0.013524143739066448,0.044893935567282606,-0.016591605806269286,-0.01740253218663774,-0.03859144784211009
C:\RA-CLIP\test_set\TEXT\A0075999_00086.jpg,5,MISC,0.5029226876351546,0.03109129450808947,-0.030924614529116545,0.5235715913998238,-0.016277131347748025,0.09056793978921852,0.0240452796527145,-0.18515909645881115,0.003057153787198613,0.006130929524558062,0.032003777249393774,0.022632956736990718,-0.021656567616108006,0.002521256174749694,-0.005052194361250991,0.02711986912830882,-0.026481035946040902,0.030133943574213784,0.020211492072771488,-0.03196596864014503,0.020013502476829318,0.018942513555860938,-0.0069646645761540366,-0.031961796877575444,0.02914899050148561,0.0275058280613366,0.005966955803056971,-0.01223917181949839,0.0047580544702059665,-0.02414556656638029,-0.054021843691769496,-0.022220603159356728,0.04612858476415008,-0.004031795177415779,-0.0046005809806426165,-0.02349973849461744,-0.017395368257529582,0.01310179788009058,0.028761039148485757,-0.053407517837185864,0.002986258911455727,0.008101922207694956,0.004999634329610073,-0.060278727832555834,0.0446503772759643,0.015137665105920066,0.055337198228342196,0.015371919400044747,-0.001251686947900458,-0.05433511064834051
C:\RA-CLIP\test_set\TEXT\A0075999_00112.jpg,2,DRAW,-0.1544178910254251,-0.04224028137192357,0.160775803601799,-0.032692303929278424,-0.1472762800284549,0.02597867272551228,0.0032165073536463357,0.015906612261638847,-0.0671728891100372,0.03429157508684092,-0.013520168765767653,0.06062310954271375,-0.008975084883175725,-0.09926894731836428,-0.009041366089903151,0.07786162403339958,0.06460095505738525,-0.0038146375237381037,0.04539129429068259,0.06223937705552574,0.09486253293496333,-0.11318168644770205,-0.02040115805940195,-0.02645609747170237,-0.043275526879989666,-0.16511781844041254,-0.008782077614595981,0.06342147332730809,-0.03987944545762297,-0.06669462129430699,-0.1377590121790118,-0.030721413592418232,0.03134311578815347,0.036044530030501655,0.037167793383522316,0.012261153326801274,0.012119433434405328,0.09772630942194283,-0.1328099167966143,0.08684878262212936,-0.021463299779776134,0.03739773032537917,0.016693485685381662,-0.047445956388549954,0.022591105892899074,0.029226892745207095,0.06956433271549568,-0.010068312060534565,-0.04462782012486212,0.058902803338129424
C:\RA-CLIP\test_set\TEXT\A0075999_00238.jpg,2,TEXT,0.06588431294658445,0.07272383644602028,0.13249843177034468,-0.09766296255128327,-0.10545588125517248,0.2276332327907498,0.030366383444984997,0.01506373145282063,-0.06782063152340131,0.07842067789370846,-0.042535351637295056,-0.024122579337274932,0.17922700773105188,0.05606739562528319,-0.06606106367619202,-0.05116011519082034,-0.013312246313523537,0.0651853017571057,0.0016053941735584872,0.007419107035516041,0.02035992127945112,-0.04244736469716422,0.03838161818933124,-0.021652335153070208,0.037816331999587935,0.011625972475938865,-0.08000915470095639,0.0034103530063703336,-0.020230619424537428,-0.02076749096435478,0.03994804688269419,-0.002850243343408194,0.014011037289062925,0.023357316263863316,0.016307759916740574,-0.04458872375870586,0.040238560584994386,-0.00437418873287378,-0.006676274469965753,-0.0289528091937176,-0.05028542464110115,-0.08995162874740285,0.01225523028824157,0.023544594153672518,0.02122183838530292,-0.034245060527201054,-0.036994727404022834,-0.0012874778423095574,-0.012711604913958768,0.009388504073124932
C:\RA-CLIP\test_set\TEXT\A0075999_00247.jpg,3,TEXT_HW,-0.22963783927972792,0.14216897240956675,-0.12963551095176418,-0.003932335928703318,0.06908159106086431,0.01186202306222795,-0.04190976887450787,-0.03246134626974555,0.0366221111469218,-0.06713295334626268,0.022168088789482857,0.04773944415805147,-0.05958925488509954,-0.006929725058310621,0.04614351584498894,-0.016804286210116783,-0.07675386922542708,-0.046329215912038486,-0.00010016518283809324,0.00032019657863352024,-0.041085514924059874,0.010794620591050273,0.04846523679947713,0.01757843945709742,-0.005592363620638179,-0.023984025165736982,-0.03178925289997508,-0.021692188075780744,-0.077124863014985,-0.009199201720218129,-0.02186579921254477,-0.03639019752622862,0.009891542847971101,0.002115966821143298,0.00670788108759552,0.00658366193601136,0.03287465429622692,0.03127863538990844,-0.030207763846417546,-0.02780466719046489,0.008299485646418431,0.0036084606232214,-0.06936233559123715,0.01671830348561192,0.02294389750665176,0.021803261768494227,0.007723337184432265,-0.013680111167838918,-0.002273567698054982,0.042166377895645035
C:\RA-CLIP\test_set\TEXT\A0075999_00251.jpg,0,PHOTO,0.007926302094054176,-0.5679669674937518,-0.0809870635397931,-0.05676286175337136,0.07297180564785494,0.08492313661428565,-0.01440142117567139,-0.010966603560129197,-0.1713559550978488,-0.12585637848455153,-0.012301595461204825,0.007253129087361194,0.011217756778670903,0.006222518759810477,-0.017310699899352213,0.08318188306062962,-0.002762386063879837,-0.01393340711059069,-0.005565722310599895,0.08067089024029016,-0.026192240778928982,0.03600446358473365,0.02329006652469857,0.007155559323902465,0.01589977301187815,0.01675751276039628,0.11228490471742325,0.1359910905652877,-0.03207203443157357,-0.12682239649422994,0.03456282687411436,-0.15199958953459017,-0.0032540845429962855,0.07162718677485536,-0.07356965625349333,-0.04218231651587151,-0.015319058440116981,-0.04652217185381218,-0.0035451171944933767,0.010048510728612872,0.08774733641998808,0.005610118189584969,0.04562549488494026,0.017427904951461563,0.009790573506871214,0.008295055923519791,-0.024897030739149874,0.04548759244538687,-0.05026636975849939,0.0037358895824539944
C:\RA-CLIP\test_set\TEXT_HW\30003535_00096.jpg,3,LINE_MIX,-0.25719932158828,0.07030627265164754,-0.21019589196202607,0.028802034592872408,-0.03212870710330202,-0.16571809473266114,0.09447287386299849,-0.03418917434634171,-0.026462280439882354,0.013962100442758267,-7.950233192044184e-05,-0.004971315538639459,0.09301217922873119,-0.00772673228271973,-0.02502464616898533,-0.009752069784358329,-0.017344974003295793,-0.006485249082170822,-0.009784100653933573,0.008011849754166966,0.02973553459548391,-0.008976597247240318,0.03872445106798605,0.021462537718960045,-0.011731494424804853,0.02304266484732805,0.007719386364663504,0.007270609722116995,0.016209048668128508,-0.004977506201518189,0.008352660673330936,0.009486409198891214,-0.020659023862842067,-0.015437964738504664,-0.00818479007498291,-0.003068798095420823,-0.008884883713793501,0.01691745097223547,0.014403184470263113,0.01978041972654537,-0.015049039774269302,0.0035250583288286533,-0.013824608267769005,-0.010320803467009164,0.0016030931912362637,-0.0005809652246616025,0.0052065857208137495,0.0006231768562410349,-0.010113985577358115,-0.019142884650773954
C:\RA-CLIP\test_set\TEXT_HW\40008947_00546.jpg,2,LINE_HW,-0.24450936434986012,0.1445266085456492,-0.018365505950367737,0.027055616685807884,-0.10037107807307385,0.03319192856093197,-0.05750481591287729,-0.0071784654472067996,0.07950483834839796,-0.08599968731126972,-0.05640246870558745,0.006862100432109852,-0.016757589324854907,0.01722213878558657,-0.021621039041666495,-0.06781805039581891,-0.0033870549142854174,-0.010815407900062246,0.04781116538832609,0.01551077114870293,-0.00824079202804335,-0.04225481579920392,0.0016511365684086273,0.023906625549068118,0.01419455304365892,0.00010810503004254535,-0.013902193046591817,0.005728323848622937,0.014752495758445621,-0.004220431702722036,-0.002999921027339801,0.01561187620418404,0.005035976519251018,0.0051138397871891665,-0.0157611433449037,-0.03291921351071822,-0.002391660909687333,-0.02822502944098508,-0.007164996226578463,-0.0018694547942831013,-0.01239329867568993,-0.0030761813555884973,0.011312630858235263,0.016221256123417262,-0.015835408885174932,-0.0011636410666906504,0.006375437660590033,-0.004494778083382741,-0.008955076607742602,0.029570198087701945
C:\RA-CLIP\test_set\TEXT_HW\40008947_00580.jpg,4,TEXT_TP,0.4921560908565383,0.12117801072115734,-0.055300583974689996,-0.18550362449878413,-0.04176224858767391,-0.11982996826321332,-0.0038683905941760298,-0.007794111595695225,0.1162722713223991,-0.14191183323626408,0.16854301392395543,-0.04390600480089258,-0.09087429561181438,0.025231513436230407,0.04016026063342289,-0.10208348639684774,-0.053704539424436835,0.06501346484929457,0.0549975044978754,0.048612471451489656,0.11990099320497946,0.0022879062912441648,0.07455302080319112,-0.0107256432570984,0.0628540134159911,-0.07108428178307852,0.04736506749453865,-0.03789251118440227,-0.018722778314313574,0.011316497371632738,0.020805935480871562,0.014706445244984141,-0.04362064370821147,-0.011776690499957845,0.05395946669621334,-0.16244341321374114,-0.05259480887652691,0.04007790421585924,0.016389364647490957,0.04638235296334722,0.09011472280380604,-0.009968665041023263,-0.02462879536618839,-0.01935256352268707,0.023185167172536714,0.02317110158864306,-0.012566263913329106,0.012597801288971042,-0.015897192511688685,-0.011366948623531567
C:\RA-CLIP\test_set\TEXT_HW\40008950_00040.jpg,4,LINE_TP,0.5431670856002935,0.12627956402103155,-0.13873145014288835,-0.19946852974267373,-0.032215907049919466,-0.01587195968084832,-0.09017428152927882,-0.00924200191770547,0.16033390935610078,-0.10994449495951009,0.033943325987575365,0.08832312285048394,0.21562161244472414,-0.007566935622412841,-0.010448499442016423,0.008825157072298605,0.08764196423365016,-0.06681935987224513,0.09048606012936283,0.11641444280247275,-0.0077137126496465,0.0885066003784247,0.017849863633498695,-0.014548863978156927,0.012243819128882031,-0.004438936071909613,0.0016645722723615892,-0.06031887463216497,-0.05466156281140168,0.017219629036144483,0.043244925552578174,-0.011772574861062342,0.09529025334542983,0.060860203480765256,0.010338763954153557,0.05605562393735786,-0.06702409547153618,-0.04154334930826784,-0.010212480618521315,0.023325318760917244,-0.04269901992716487,0.023560030860751632,0.0025991136682649487,-0.05454541985797164,0.008328097853471838,-0.017307141730430586,0.025435594138097355,-0.004968321237238854,0.016671462349420647,0.03188526939481211
C:\RA-CLIP\test_set\TEXT_HW\40008950_00071.jpg,1,LINE_TP,-0.05711623457070614,0.16885462813713314,-0.042937720515184095,0.003218655872581826,0.21971461771969802,0.10297479763558914,-0.22690078388552876,0.023075511563745668,0.03315136949844734,0.017626495363742358,-0.001100832995356555,0.043115278601623556,-0.02931450712813918,0.0356228231986981,-0.032654468936839626,0.09126781741703902,-0.0594059384971255,0.007791041678966309,0.0662903997882242,0.008606078328773387,0.034326089958463375,0.017598752846479555,-0.041345159220874034,-0.00015851802308740676,-0.025104910325913974,-0.0011770599794285292,0.04808493645230716,-0.008734411472285944,0.05298377300682224,0.005927046006203986,-0.031531920753378614,-0.0086188647740557,-0.022831886319648973,0.010499470029303863,-0.03216083554239521,-0.02743253371949463,0.029077639470213572,0.011384836185617924,-0.027201727572774812,0.029908812976440446,-0.03563829473568733,-0.04787985284724396,-0.012327771058108982,-0.032073399369864135,0.005175395739846695,-0.013970653114458989,0.009629514278282845,-0.00747564393832513,-0.007408317733663191,-0.029251556675812543
C:\RA-CLIP\test_set\TEXT_HW\40008950_00744.jpg,3,LINE_MIX,-0.2753818682251171,0.08829194425089429,-0.24801958543553446,0.04233010275816823,-0.03768523314161683,-0.15267316434991932,0.07948234022904534,-0.018370772692326672,-0.011486824145413632,0.008279578045434997,0.029661125071226303,0.03472637317815876,-0.028293585261776413,0.0204576506166853,-0.012013387930746976,0.02502529046464434,0.028490294224861226,0.027409892193706282,0.009167371454146863,0.0045652984350132465,-0.00297246612934236,0.008925308255938878,-0.05179235871970538,-0.02508248199511188,-0.01923641325137107,-0.0012267348188719435,0.0067541913665009915,-0.0054487769558949324,-0.02223956352345115,0.003076949087018686,0.00020527110944475855,-0.0016641350658642105,0.00291114541339244,-0.00042276201814922277,0.009231565351223233,0.0017459258904459955,0.01901102718385266,-0.014044562216822825,-0.018340896433122558,-0.015866591843040838,0.026422066896204993,-0.01187785238183707,0.014964640818648853,0.003141726289920861,-0.0003938930850756656,0.00047816243428778913,-0.0028031580438742524,0.0007096445850091792,0.013788725687323049,0.008227869044375467
C:\RA-CLIP\test_set\TEXT_HW\40008952_00382.jpg,2,TEXT,0.06588431294658445,0.07272383644602028,0.13249843177034468,-0.09766296255128327,-0.10545588125517248,0.2276332327907498,0.030366383444984997,0.01506373145282063,-0.06782063152340131,0.07842067789370846,-0.042535351637295056,-0.024122579337274932,0.17922700773105188,0.05606739562528319,-0.06606106367619202,-0.05116011519082034,-0.013312246313523537,0.0651853017571057,0.0016053941735584872,0.007419107035516041,0.02035992127945112,-0.04244736469716422,0.03838161818933124,-0.021652335153070208,0.037816331999587935,0.011625972475938865,-0.08000915470095639,0.0034103530063703336,-0.020230619424537428,-0.02076749096435478,0.03994804688269419,-0.002850243343408194,0.014011037289062925,0.023357316263863316,0.016307759916740574,-0.04458872375870586,0.040238560584994386,-0.00437418873287378,-0.006676274469965753,-0.0289528091937176,-0.05028542464110115,-0.08995162874740285,0.01225523028824157,0.023544594153672518,0.02122183838530292,-0.034245060527201054,-0.036994727404022834,-0.0012874778423095574,-0.012711604913958768,0.009388504073124932
C:\RA-CLIP\test_set\TEXT_HW\90002996_00095.jpg,2,LINE_HW,-0.20195609709272785,0.13869959462278533,-0.035082214572857845,0.05224124742083019,-0.04357609812476239,0.05599984362155203,-0.07657427818389675,-0.009135555699417494,0.023455281279570972,-0.048841898143330634,0.008710840543969344,0.006039195270171587,-0.019668171946540105,0.007294874700785366,-0.00017840863332287398,-0.057586603991964844,0.030363669148050998,0.007508607093377066,0.04731186858740532,-0.008762205651711775,-0.032281503956655445,-0.05324827736211532,0.04004114917549367,0.01719706947789039,0.013265253232711426,-0.05037548974461999,-0.024318287365433573,-0.004081674709461073,0.023624710320069145,-0.005719024548184032,0.0022018459622068403,-0.004295350318534318,0.03927331728311427,-0.008433034679898069,-0.0007678414925398256,0.04948502897274629,-0.007472696216205459,-0.008713082591994112,-0.039902271087520536,0.042159375647673386,0.03390107619945607,-0.006959792799193052,0.06531266993250677,-0.019255439297029484,0.01357497585827104,0.012898906913584826,-0.02507818219726242,0.0179798056732072,0.019769238257329628,-0.02956978408256295
C:\RA-CLIP\test_set\TEXT_HW\90003019_00005.jpg,0,PHOTO,-0.0920510514135872,-0.5581128338925829,-0.15167333044669062,-0.013985286302471278,0.04570874995848301,0.04479500034773415,-0.017157720474381497,-0.0031553305047261324,0.20874088261008608,0.1538720804240173,0.02251698644350571,-0.02197706549417204,-0.026467399965776784,-0.021881483130141065,0.02013254925647568,-0.013059037376681123,0.014486317758647877,0.021279406000851327,-0.014468200592094034,-0.011597941232182296,0.03562168567189903,0.032183998779609216,0.007007933691675807,-0.03045568045893022,0.011447510795729341,0.025683712775667264,-0.03958719038139106,-0.006819134824316371,0.020799424906220255,0.03685768832464021,-0.03947084699519021,-0.0025288057356354287,0.02324894634254956,-0.005028683724021432,-0.01660211196384487,-0.02775837097071585,0.006817461827209368,0.01762741699502479,0.0013509056365472694,0.031308883166638886,-0.00688859215905518,0.00395335670702721,-0.007496309878492123,-0.00034455777142664256,0.01398914364149547,0.009222109931067512,-0.017262703899899926,-0.017808741274512117,0.05565374189222368,0.013225001594930178
C:\RA-CLIP\test_set\TEXT_HW\90003027_00173.jpg,7,DRAW,0.01805520975822764,-0.13256190409938748,0.17906621230510245,0.05842544189692835,0.004387643336436271,-0.17793119741350727,-0.010681752309290606,0.09803618083978125,0.033972558674860986,-0.059914961986529236,0.04427463674478546,-0.1027508544095653,0.015327348934900505,-0.024125523990081055,0.032010378304445315,0.11603611318111895,-0.010950149661864583,0.16911195963718,0.20100216014306785,-0.11592634169843007,-0.2583540554762613,-0.048080670595886416,0.0003841891631475304,-0.07111388536815719,-0.03764911030296704,0.040915761435294115,-0.005741094024302928,-0.07282645780602842,0.036947931670902046,0.005348251201178901,0.08690443959477526,-0.032246897343380716,-0.016197373790614686,-0.0031222547607280236,0.0043261906246334254,-0.009064924165203443,-0.01325165095711145,0.08234736055115244,-0.009099498841442653,0.011822937317271383,-0.02005820350397872,0.04129761520577396,-0.0073074120129835085,0.0364462591414259,0.07479352830234849,0.0711598255950547,0.028241935047698907,-0.01133502648293969,-0.020047437877272332,0.008902334682887534
C:\RA-CLIP\test_set\TEXT_HW\90003027_00364.jpg,2,MISC,-0.1044346209956592,0.13152155247205272,0.07802225216967612,0.05268387482547276,-0.04334746155564705,0.09184539116003237,-0.0049324181610943645,0.0430974621669144,-0.06523171647766851,0.010851755991507514,0.029335389810282206,-0.10994794235332322,-0.008421792286914717,-0.040457304254562426,0.02617112922429216,-0.03445450432385652,-0.03456299063530527,0.003022239514964016,-0.037919754425141686,-0.08271638924460117,0.0190841330660132,0.013009670867447086,-0.03684998957844916,0.004038635902888924,0.06746451125360295,0.1016852582379726,0.0045216015744357,-0.024284941718850716,0.01463411443044203,-0.02468422368704767,-0.07283623623267181,-0.05854492361750953,0.04557476913761101,0.00665758330624534,0.05710471441692722,0.035507966498163075,0.03239825511561236,0.026810302946174463,0.0025130014056204747,0.0493958989123023,-0.0020010391767869787,0.0385665870296048,0.03096051653604456,-0.0025257149152186987,0.05905598677296849,0.05006602828464159,0.004553001321051047,-0.04609383201620411,-0.013816046072591294,-0.03857874422085645
C:\RA-CLIP\test_set\TEXT_HW\90003027_00368.jpg,6,TEXT_HW,0.03090049196046492,0.041315044591888575,0.11056969720708963,-0.08712975263259272,0.09199269357702701,-0.0782182929813749,0.22114552472316287,-0.053707465461744,0.034717553276087616,-0.044102196324789955,0.0050243974598530436,-0.02988211532678372,-0.006350161687443319,-0.08346416995605233,0.10204659124407849,0.0988967822793773,0.06442169601198933,-0.037236981437169865,-0.0002432363261780574,0.029202252006990823,0.004325839672002289,0.08922613836294359,0.061869830435545205,0.03523607618259975,-0.013348485675778317,-0.04211491359476971,0.013652761507977037,-0.05655445946023551,0.04674045996891716,0.02121988936696948,0.07350506810180585,0.004832751405990883,0.010609115957776718,-0.018577938626417226,0.022728321714075395,-0.005325539743136961,0.07969344296242015,-0.011670267032491756,-0.04334871161354792,-0.02431449664980642,-0.0429971218638003,0.03472627915252207,-0.0315213608495392,-0.0413585900612455,-0.012356064462774008,0.00890307416547579,-0.04309054984421692,0.023192399845269995,0.016819947658807826,0.028812413166432977
C:\RA-CLIP\test_set\TEXT_HW\A0039198_00179.jpg,4,TEXT_TP,0.5990320828005288,0.14322628265394838,-0.14956918556058585,-0.2737755284447344,-0.14092860625806955,0.0024506947211882044,-0.029927444710658776,-0.00932442053431527,0.04679996027514798,-0.05361406157912761,0.05612977283999675,0.09184928982214151,0.03652507327627231,-0.05233210198633214,-0.04176395195212971,-0.016833399061996258,-0.048054739535712446,-0.05674108434496485,0.02660005984410779,0.006673393830558088,-0.04277703840499417,0.033458056911389464,-0.03623064983471147,-0.06959773002215232,0.0016041659986270312,0.028162562941856643,-0.06372477622827163,-0.018589987479116363,0.06163276722562172,-0.009159029792085535,-0.055027607119961984,-0.055986307251434136,-0.05134816918430347,-0.025843026824461844,-0.033657783155776465,0.011050499741201857,0.07005070643629636,0.011492494841464234,0.024674111810156107,-0.021445919138000116,-0.005319928636005819,-0.04033088576876009,-0.03329340294124597,0.07204075860095628,-0.06587185418251756,0.08715926622649667,-0.009008191105423884,0.046000227963932584,0.03517139556621129,-0.02812791721328607
C:\RA-CLIP\test_set\TEXT_HW\A0039206_00090.jpg,3,LINE_MIX,-0.2753818682251171,0.08829194425089429,-0.24801958543553446,0.04233010275816823,-0.03768523314161683,-0.15267316434991932,0.07948234022904534,-0.018370772692326672,-0.011486824145413632,0.008279578045434997,0.029661125071226303,0.03472637317815876,-0.028293585261776413,0.0204576506166853,-0.012013387930746976,0.02502529046464434,0.028490294224861226,0.027409892193706282,0.009167371454146863,0.0045652984350132465,-0.00297246612934236,0.008925308255938878,-0.05179235871970538,-0.02508248199511188,-0.01923641325137107,-0.0012267348188719435,0.0067541913665009915,-0.0054487769558949324,-0.02223956352345115,0.003076949087018686,0.00020527110944475855,-0.0016641350658642105,0.00291114541339244,-0.00042276201814922277,0.009231565351223233,0.0017459258904459955,0.01901102718385266,-0.014044562216822825,-0.018340896433122558,-0.015866591843040838,0.026422066896204993,-0.01187785238183707,0.014964640818648853,0.003141726289920861,-0.0003938930850756656,0.00047816243428778913,-0.0028031580438742524,0.0007096445850091792,0.013788725687323049,0.008227869044375467
C:\RA-CLIP\test_set\TEXT_HW\A0039206_00177.jpg,6,TEXT_TP,0.11942792887537003,0.06753317140825367,0.17574875346625007,-0.14439151843843806,0.24498762688771855,-0.037893452955888064,0.1538190513338857,-0.07500044863873656,-0.01443366664272443,0.030482878967103496,-0.05132605239315706,0.027797924271410177,-0.02133310963462369,0.007230419785038751,-0.0020664908306320907,-0.0290947096343699,0.009679321421799591,-0.008845768272061315,-0.008586433648719988,-0.013639488685497775,0.0029154901479036405,-0.009916269660534693,-0.02245053723892185,-0.012725409305288683,0.037820403221039946,0.027329589792589162,-0.007522924812073194,-0.035230078256211106,-0.010100943091350956,0.008840811118925072,0.0281230636651428,-0.015500645331116465,0.031125230302221384,-0.0011098000983436266,0.012492622365512764,-0.003581174368509671,0.0028408331049581607,0.002071019164670545,-0.029527243312732775,0.012298084505802534,0.01969016739041094,0.010760875895710946,0.029802976484760126,-0.029857644656822422,0.007690275654049735,0.005549133448143373,-0.035938276720875774,0.033439626478688755,0.029327693671712517,-0.02415141660959851
C:\RA-CLIP\test_set\TEXT_HW\A0039206_00183.jpg,2,TEXT_HW,-0.04164886653966427,0.10705715273406302,0.0890728071156164,0.00330346194595749,-0.039669827651020735,0.07296565015756731,0.011348697678242236,0.0521708663210751,0.03616255359701936,-0.010011586668980768,0.028490552969260376,-0.009296151957102006,-0.004979580746925762,-0.006788207518461069,-0.08263258958971832,-0.04461359594187858,0.04370339773252785,-0.004166616573923229,-0.0007873957655007459,-0.01802325185917815,0.006434315811275944,0.016560044432143536,-0.010897858812601222,-0.04941645984742317,-0.017432547725236138,-0.006716471199508003,0.034201706709566924,0.03559276443413881,-0.010091923829699532,0.09147106482903554,0.007091985728906805,0.0007860535687085397,-0.09882132511021888,0.011988525148376204,-0.007392987188584757,-0.010906686619201402,-0.06998741586804767,-0.009241557666062925,-0.035509622336902434,-0.013785521298773501,-0.029055320840462546,0.009904165661977314,0.018429252567222918,-0.09288167480643962,-0.05979234901247643,-0.009238804905332415,0.00633411144427224,0.04061872874227606,0.020546922703940478,0.028120293066946665
C:\RA-CLIP\test_set\TEXT_HW\A0039226_00265.jpg,5,MISC,0.10244187785013388,0.05389283817002997,0.032100231527936944,0.230231316497356,0.09904362610887457,-0.040096184252691874,-0.022350109120705838,0.14990620927765136,-0.0007991547905876885,-0.116471302021612,0.12730851587087919,-0.27661579215327314,-0.015398092570189852,-0.06715841449360406,-0.08303247477715302,0.025902835772852507,-0.13015641504138084,-0.07963479594354492,-0.08095675366906473,-0.004281562294752086,0.004714916694914583,-0.04115388130555187,-0.07176600154665616,-0.047366560933946464,0.028825726993515998,-0.013110317183654874,-0.05499635716654502,0.04198101917213516,0.04741014560187594,-0.02250504337845253,-0.011103409243223061,-0.02504854467171553,0.031966958760604104,0.04615469913816882,-0.031002884622011447,0.06462486489080625,0.01153133636994691,-0.017919120849144283,0.057919429653979816,0.0140469855249274,0.06420971416794531,0.019341458661021244,-0.03747936412541601,-0.03316211323661053,-0.0229505699126366,-0.06882644428584453,0.010727941091986371,0.05460121976069086,-0.001103658080580357,0.02245418975314265
C:\RA-CLIP\test_set\TEXT_HW\A0039298_00032.jpg,4,LINE_TP,0.5319691536097114,0.07547328711519312,-0.21252359792939446,-0.2604900455436563,-0.16132692189196207,-0.05692357516847546,-0.1357496455662741,-0.13369601338408665,0.004444062075315159,0.024940330412013653,-0.06905539628189965,0.09009006573314501,-0.03577052294937064,-0.16516091260355945,-0.18123621795123018,0.14628843175822318,0.03002437699308862,0.0503408568597269,-0.19349499702965206,-0.16628271135736591,-0.09614992403001583,-0.039799547214965245,0.0025058217422392346,0.12283599074840208,0.037355841896033234,-0.022164752034091042,0.011149910676640446,-0.04861734265242341,-0.007477207112276525,-0.0283587705821261,0.007047439068330647,0.02490867906539021,0.020326676411486774,0.006297534499965324,0.010704418263134025,-0.06223618182910136,-0.01860784180610253,-0.030817209699429086,-0.008866127276603485,0.03308620573678951,0.0026091688346656476,-0.010394544364462676,-0.008259678115639163,-0.009769064364084262,-0.009516046323666023,-0.01468457890945109,-0.0015868670282370991,0.004037481501535175,-0.005357392496512426,0.0071848468032344355
C:\RA-CLIP\test_set\TEXT_HW\A0039318_00079.jpg,0,PHOTO,-0.07066168797994853,-0.5852180120460942,-0.12350621222900407,-0.04742152651721569,0.03667528656844497,0.03740505887175812,0.001697618177305484,-0.005754500107285883,0.21210000414242805,0.17511988533248668,0.012954099479633312,-0.03885743429513156,-0.021925339160126487,-0.05347615805263605,0.047705593983925786,-0.04433454608532405,0.04599027006778526,0.038523336428094385,-0.036610216969780604,-0.02734026212440675,-0.0003300484501406048,-0.009553424009658824,0.0517806824767034,-0.03467600794068346,-0.02185998044688834,0.04778161657061118,-0.06425709655766274,-0.05939202452254506,0.05059433201041906,-0.02348829918984036,-0.04968182590665019,-0.05953544227815817,0.005111256953981075,0.022477057817729955,-0.12853197053411025,-0.001098521617944743,-0.008717450021249929,-0.021429953418138175,-0.014200161438731953,0.04917999439218761,0.02456078483355915,0.004597281192311819,-0.03536711803533093,-0.02618144337999778,0.012226578838213627,-0.022785742250968834,0.007407016482126619,-0.028383180397306966,0.0020325585880273545,-0.0059856792141320765
C:\RA-CLIP\test_set\TEXT_HW\A0039318_00085.jpg,2,LINE_HW,-0.17003149444671584,0.16925727146226524,0.01784279965680362,0.06676593331064724,-0.06213289122651618,0.02914174658982384,-0.0705675003563829,0.001920010406970961,0.07280279099973633,-0.08229324359968333,-0.028796627499627105,0.0015534352948412455,0.048971919835486453,-0.057742967345476265,-0.02351841484243815,-0.086724149220023,0.0360810376700381,-0.030627452029533098,-0.002986594045781258,0.003691631639535112,-0.015388530168829769,-0.05060757014460224,-0.0377934433478889,-0.03775556302249158,0.023581091550523903,0.026662931471540405,0.009178404929526198,0.0004118135871084715,0.04020178030598063,-0.011721378166571431,0.031219798499880092,-0.026271700099260355,0.03338913217016344,0.0046774440529330896,0.04217587452091896,-0.012629936135724688,0.02045564195128868,0.027772983508423447,-0.004199167415985485,-0.009885156489465101,0.018826282804811665,-0.01330268327630528,0.026420599638068424,-0.046047112332034394,0.002937789941929774,-0.014036938923592573,-0.0017199855972371996,0.03430127184194119,-0.02327025233506545,-0.0017578947905665912
C:\RA-CLIP\test_set\TEXT_HW\A0039318_00130.jpg,7,DRAW,-0.07714116688238852,-0.021068844626514618,0.22286423167574715,0.05009635234400358,-0.09883950837549965,-0.2514713713628694,-0.13164833659117575,-0.05695520402106022,-0.025502708938090386,0.03321750979161524,-0.014391309826926503,-0.05353885500707103,0.03581832755087995,0.008384646975841872,0.032470470175270265,0.03801411770467632,-0.09855586099954286,-0.06519031793164648,-0.024664192342701573,-0.000577425342239923,0.019568417956054397,0.01165776919668087,0.013118432006219762,0.001767664580107293,0.08490871482041115,-0.07972029952743673,0.020348750646203922,0.06207996750250402,-0.10983117356838583,0.08113891101963568,0.03137280359453273,0.05889850058579132,0.004552668245862794,0.034682287861922546,-0.13693618148402573,0.009753892917547009,0.013128006751314973,-0.01604862100566468,0.027077801330384274,-0.010163035622985511,-0.006180232234583397,-0.02740294042748712,-0.01581911294900877,-0.06111625122947702,-0.002205024082587723,0.08238090153028638,-0.025807795871297924,-0.014480496605139786,0.008242259083020866,0.010472091767805712
C:\RA-CLIP\test_set\TEXT_HW\A0039319_00092.jpg,2,TEXT,-0.15717594471962906,0.14528274442721673,-0.030642011919274806,-0.009573762966465778,-0.012782062341005252,0.14749449493531983,0.057105253865463515,0.009917309087910024,-0.048059510119151445,0.021647511588258155,0.07888039204832512,0.02985393765351326,-0.01607412865588268,0.026964327033366882,0.08288179974061546,-0.0013060837107082158,0.017496160631608727,-0.04479129750827871,-0.00203006767042505,-0.00920609917007454,-0.04201522206570165,0.04559704827045245,0.05714960361610087,0.031363313089989964,0.019153502061213686,0.041250750011272735,0.03368445441225648,-0.00950262435260923,0.008040399564777959,-0.044278028699791895,-0.036762001468795075,0.03587223103525482,0.07958153028738993,-0.059265253541282495,-0.019277245297552977,-0.05031685868292057,0.010532549325014634,-0.011808719297915823,-0.0096227631952216,-0.03228278560924678,-0.017832750009431766,0.00989417112278169,0.005882328224139455,0.006096807240812479,-0.02094642460548564,0.0035684476982887976,0.02195445981364515,-0.0030633811361769556,-0.022737020002204122,0.008239233517899406
C:\RA-CLIP\test_set\TEXT_HW\A0039319_00155.jpg,3,LINE_MIX,-0.25719932158828,0.07030627265164754,-0.21019589196202607,0.028802034592872408,-0.03212870710330202,-0.16571809473266114,0.09447287386299849,-0.03418917434634171,-0.026462280439882354,0.013962100442758267,-7.950233192044184e-05,-0.004971315538639459,0.09301217922873119,-0.00772673228271973,-0.02502464616898533,-0.009752069784358329,-0.017344974003295793,-0.006485249082170822,-0.009784100653933573,0.008011849754166966,0.02973553459548391,-0.008976597247240318,0.03872445106798605,0.021462537718960045,-0.011731494424804853,0.02304266484732805,0.007719386364663504,0.007270609722116995,0.016209048668128508,-0.004977506201518189,0.008352660673330936,0.009486409198891214,-0.020659023862842067,-0.015437964738504664,-0.00818479007498291,-0.003068798095420823,-0.008884883713793501,0.01691745097223547,0.014403184470263113,0.01978041972654537,-0.015049039774269302,0.0035250583288286533,-0.013824608267769005,-0.010320803467009164,0.0016030931912362637,-0.0005809652246616025,0.0052065857208137495,0.0006231768562410349,-0.010113985577358115,-0.019142884650773954
C:\RA-CLIP\test_set\TEXT_HW\A0070150_00016.jpg,4,TEXT_TP,0.5126138630941401,0.09658263454537036,-0.18165778265805063,-0.2555218984580757,-0.1329338206154194,-0.017325361609098762,0.059637442109512995,0.01345563224887325,0.005840899198227989,-0.0822003720315765,0.14510209278160494,-0.06278291214495939,-0.1722675272691684,-0.13789840797040154,0.13019562078994154,0.011006917326957749,-0.047998640848721325,0.09678746825716103,0.028333255472702795,0.019866615285746028,0.16798166317748456,-0.12376743626941611,-0.004450674972801188,-0.0030790525943057414,-0.06342887707052075,0.09034321021111806,0.034472653235084305,0.025594636696612834,0.025929143521018997,-0.015441973223212507,0.0467895578009057,0.07688331013609366,0.04130775424607011,0.04828632984364802,-0.009959423260850772,0.0728161802880454,-0.010830644233474015,-0.08193841669075035,-0.017823152023302057,0.021242128186378065,-0.07220677935284861,-0.025214281416430496,-0.0311923003378724,0.049609188593984124,0.04322743501361744,0.015805369843059306,-0.02531732015749478,0.002841879706534569,-0.004591005698790232,0.01099623712322755
C:\RA-CLIP\test_set\TEXT_HW\A0070150_00027.jpg,7,DRAW,0.08737601638432839,-0.08875575101974476,0.30739166155125774,0.0653493524376148,-0.1523261556871504,-0.10979155594482826,-0.1434745501417888,0.0854646156686087,0.01122361357326764,0.0626521531451146,0.07575122261835954,0.08659198463152172,-0.08964660266083696,0.012187104219130196,-0.16538559770380612,-0.050490060415056895,0.09176697117678792,-0.040277742226718434,-0.09142421721343123,0.06925758932494072,0.10327865097314004,-5.563171484476591e-05,-0.0941002643582628,0.009974839884739007,-0.056283593155982505,-0.020002589098855415,0.0664575014688746,-0.07007389818440043,0.04136423035262904,-0.07452073802454381,0.07990577371109514,-0.0015970351054860703,-0.005436192214884583,-0.027764152592919367,-0.02732614875211085,0.0786675462337925,-0.07446692128154078,0.11476954632941092,-0.04199360743731451,-0.09190168220148646,0.043125055537924555,-0.06196202633487012,-0.07546584137260473,0.020582078689518238,-0.01337408084081777,-0.036442400682540343,0.06034041426222577,-0.01335281815607818,0.03495969886751555,-0.03298519303573153
C:\RA-CLIP\test_set\TEXT_HW\A0070150_00109.jpg,2,LINE_HW,-0.15595763284044717,0.18416215784521062,-0.019527413496310052,0.0633623156182636,-0.025359074802136495,0.09402345859422082,-0.11597183785761002,0.024545240953673723,0.05507161467539739,-0.04602661910227334,0.0010965647638588598,0.0038542219302409733,-0.014889148959849113,0.004587727887910473,-0.012533115059016173,-0.05973803131752895,0.0021561903022511587,-0.023105854447782313,-0.015184645101727222,-0.015819235049154837,-0.024901278590518,-0.02665394330498241,-0.03131132180044915,-0.03324679584799505,0.017666849835583268,-0.005190004669610161,0.02184406784232225,0.028037405774277987,0.026225511450317596,0.009526297417225977,0.021889976789934297,-0.0315993851567383,0.037041138912543736,0.02820228285079593,0.01897408004967312,0.041206001911205985,-0.029287091534613553,0.01563558903683772,-0.014456323556653087,0.009549128079041585,-0.009181583929113809,0.004244636022703354,-0.00045187550860171014,-0.021180557400820553,-0.0010524040761441657,0.004288271281946059,-0.026363198860011663,0.011720720280335493,0.0002565103332938698,-0.016985260936943344
C:\RA-CLIP\test_set\TEXT_HW\A0076601_00478.jpg,2,TEXT_HW,-0.17400180326671483,0.10761999672438809,0.0882777378825793,-0.008181556654318665,-0.07733767521114687,0.16747692076955598,0.01403682373928885,0.02763966435117899,0.04483756498767493,-0.06105705811211947,-0.03659274714643991,-0.03637520199078566,-0.06833238699892728,0.013001894971205631,-0.022814540000144497,-0.007951925403687101,-0.038275267211586625,-0.01885298143641542,-0.0038584212234976396,-0.006329068809507256,-0.017344118259772147,0.007837876293585852,0.004230610664974372,0.011340725642635082,-0.009236622256881117,0.035361589424776,0.030875437179439767,-0.0056193989602649356,0.006800103527079502,0.006557175049493834,0.02563700490048411,0.017951938133837577,-0.011456002477617922,-0.003037546851903721,-0.040968908217061686,0.006310503157663594,0.00019019805584151634,0.0034594875077865925,0.004539826598232031,0.022494514829405354,0.00806924989614324,0.02212825475397078,-0.006192389821259369,-0.010117326827583841,-0.006114632604900238,-0.0009468927778302565,0.012982241778774486,0.030926315394643952,0.016519087379530954,0.028886738003599262
C:\RA-CLIP\test_set\TEXT_HW\A0076601_00496.jpg,2,TEXT,-0.08788209306170296,0.051367876286854644,0.09252587970945639,-0.08558245611481591,-0.10312309244145676,0.2364412080399026,0.061416027376456586,0.04152102962823115,-0.06259070210158833,0.06249537418915991,0.017691244184910457,0.055726908596401135,0.0313740770081243,0.05310213333391227,-0.020084294637970648,0.0429011334426682,-0.07097374463176954,0.019007893595537746,0.020635680345750012,0.02825061540875474,-0.021898097096021273,-0.029765462681929894,0.02827936900913619,-0.004856777075975714,-0.02932272562090458,0.0030620148547079906,-0.02262502825428984,0.004096231922254164,-0.06681536655133506,-0.002953176884094749,-0.0286090462710733,0.0026020959882592787,0.001354867527951998,0.007875127958902953,-0.005868626484922029,0.004441158116810212,-0.02324413036706464,0.008910248405653175,0.023420865568359744,0.014879460927084816,0.029891133629064582,-0.02410611601101783,-0.05940541512309575,-0.01130517446234072,0.012230220783094926,-0.018435383644664006,-0.036118889600141486,0.055593065866508515,0.034960679214439655,-0.029042926325566473
C:\RA-CLIP\test_set\TEXT_HW\R0002398_00001.jpg,1,LINE_TP,-0.023252068302250548,0.19193505961032148,-0.06485898108431536,-0.030762393768701022,0.25770632794105847,0.0420308533720757,-0.17010697680994402,-0.023708724867096794,-0.03200938150996802,0.047162234376375914,-0.048840225107418096,-0.04262243484401409,0.048420691753754484,0.010433018290299145,0.0671179178708159,0.03357849915459584,0.00503330975823758,0.023712873046473824,0.009053017243904634,0.0015577052230835694,0.05003632573191554,0.009944044701650598,0.027935812687986377,-0.0010197723442262605,0.021420948010217458,-0.019278045517563232,-0.015449248448977212,-0.014507029197324514,-0.007101589982809122,-0.0032408924531023733,-0.0030276631529746836,0.00949072277800451,-0.03247902903362348,-0.0023288491458297784,0.0049342232270185625,0.053091651813172325,-0.0020297212802855014,-0.0007771517369445049,-0.015731292669219517,0.007533466035812496,0.03864323370855353,0.00906405900182443,0.02367572466257393,0.021884244066394592,-0.002547337814821799,-0.013071947380068777,0.0064614677368654665,-0.0150917952744821,-0.0007626832792782569,-0.010010006556795518
C:\RA-CLIP\test_set\TEXT_HW\R0002398_00002.jpg,0,PHOTO,-0.010989317941643744,-0.5878135043230865,-0.10920856610634053,-0.12340121380318952,0.0492430562675203,0.08403091814058085,-0.08234267078359593,-0.0166332161736015,-0.18816617950959716,-0.1584199996926926,-0.001501353993602244,0.012370596460420167,-0.02418114262859751,0.061469886728273276,0.015284792325348039,-0.054251098365018104,0.023930851699597844,-0.039943309609879726,-0.013022856250370932,-0.02020380143132582,-0.05313618820922048,-0.04794731424165939,-0.008952066490937986,-0.013263493906781165,-0.05581960590395753,-0.0004387444508778359,0.025265992246861886,-0.1316671700398121,0.0163662243598223,-0.08001158841456665,-0.050865277269556725,0.08549827712840069,-0.07411384665853585,0.03198795596427465,0.03028764171640765,0.04221940567896589,0.05837933024529306,-0.0013902781101768037,0.03235225981240768,0.0319056240340997,-0.0416778938762521,-0.013807869742061139,-0.011419601982157142,-0.07180084637851471,-0.028972140587313993,0.01915755530894567,0.01698476576790268,-0.02483830059863356,0.0377452034864506,-0.020414142198014594
C:\RA-CLIP\test_set\TEXT_HW\R0003687_00148.jpg,5,MISC,0.0784431763495779,-0.08249952660146173,0.09270667614295382,0.15039190046055634,0.09090604829222124,-0.008396481929027755,0.009996218164870386,0.12739217551489912,0.00908328620686001,-0.07085551715939571,0.08425161015998955,-0.3004209363029071,0.01607040042925846,-0.044507870509956825,-0.12727396450784878,-0.02867691801444007,-0.007149205071304284,0.006495800752823412,0.0005723855358538731,-0.017602976299428894,0.026719653670892445,-0.027299596063586257,0.05389859964078529,0.015525871389265445,-0.08731980217204564,0.04860162892612999,-0.07036353358495287,0.015585517823175172,-0.04275825041944268,-0.06859729477131145,-0.0739392429125181,-0.032786569445998386,-0.07160601893199431,0.048492609085765415,0.025433017687308296,-0.007948975811510767,-0.049576475325622836,-0.00856872786279058,-0.02258863678247705,-0.04375483386612303,-0.04974251171117856,-0.001735473185233655,0.03759356249164905,-0.014411098885367776,-0.09794760705653402,0.03138427688891931,0.019205966950678333,-0.017859164500382406,-0.007705630355863431,0.013344414772093834
C:\RA-CLIP\test_set\TEXT_HW\R0003687_00166.jpg,2,TEXT,-0.17529509772128815,0.11685474279748513,-0.028683045949092854,-0.04028184572581413,-0.09817406865050463,0.11779938952108845,0.06855842894828154,0.019542926936285697,-0.04971830231332955,0.07291109017058929,0.0029501650180732628,0.03650970076536721,0.0326246343740102,0.061692000731157715,-0.018301764334756557,-0.00043832669473027266,0.00029528749129317615,0.0915397172068674,0.005438438465694074,-0.013637578241945178,-0.0002523188945593047,0.014869833360661796,0.01200307456958039,-0.02783201787329734,-0.01009022086617433,-0.05025856737689405,-0.008581141384677313,0.0016259963980032582,0.015587466475687702,0.004627504438180509,0.007046383198065757,0.007898287892587643,-0.016806894923155753,0.05056488925835106,0.01936158428712017,0.010564079198936892,0.003938468005875679,-0.041951912051728275,0.010919763647694931,-0.014495057899282167,-0.022097300175905013,0.03477527115732295,-0.02890093576708256,0.04014350118272159,0.00020192219216806984,-0.0006419465708592962,0.030387673108593534,0.004639679836138038,0.01119403322211054,0.022513957134826186
C:\RA-CLIP\test_set\TEXT_TP\30004267_00184.jpg,5,MISC,0.5610047628606989,-0.054338194859109644,-0.04522101732913523,0.5567974201874206,-0.02983639818026477,0.08324490741031351,0.05756616393998035,-0.22201125953106415,0.007923187613206858,0.008660539308198552,-0.0005902345273466632,0.0618644885291992,-0.019391246618550375,0.020047786654135345,0.001977476813031801,0.011870976269998617,0.008423970363629392,0.005990062722428789,0.017901218421175383,0.014233713994678248,0.01940687581566492,0.005184048213421917,-0.00599347906426859,0.019446119477900908,-0.020145156516423658,0.0033553805022896914,-0.004992648956615412,0.0014792232656351421,0.0030160372183429826,0.003920592646103864,0.021326912051902774,0.03317494337990981,-0.019395511403854922,0.027220700324661718,-0.01655308620452007,-0.013234648489246678,-0.0037886735509503875,-0.018354159759191597,0.001210948606851383,-0.0042832937611350635,-0.022129462336163638,-0.017551813454536224,0.04359437783240986,-0.006822093910965909,-0.014111768010540319,-0.040734354654035146,0.006464939251285615,-0.0004302899725768771,0.009762047560526206,-0.01948900776350053
C:\RA-CLIP\test_set\TEXT_TP\30004267_00187.jpg,3,LINE_MIX,-0.25719932158828,0.07030627265164754,-0.21019589196202607,0.02880203459287242,-0.03212870710330202,-0.16571809473266114,0.09447287386299849,-0.03418917434634171,-0.02646228043988234,0.01396210044275826,-7.950233192042453e-05,-0.00497131553863947,0.09301217922873116,-0.007726732282719754,-0.025024646168985337,-0.009752069784358325,-0.0173449740032958,-0.006485249082170894,-0.009784100653933618,0.008011849754167048,0.029735534595484028,-0.008976597247240358,0.03872445106798599,0.021462537718960027,-0.01173149442480488,0.02304266484732806,0.007719386364663445,0.007270609722116959,0.016209048668128532,-0.004977506201518181,0.008352660673330979,0.009486409198891186,-0.02065902386284207,-0.015437964738504622,-0.008184790074982877,-0.0030687980954208363,-0.008884883713793429,0.016917450972235435,0.014403184470263146,0.01978041972654545,-0.015049039774269326,0.003525058328828734,-0.013824608267769089,-0.01032080346700918,0.0016030931912362086,-0.0005809652246616087,0.005206585720813746,0.0006231768562410763,-0.010113985577358167,-0.019142884650773923
C:\RA-CLIP\test_set\TEXT_TP\30004267_00287.jpg,6,TEXT_TP,0.14287518324632795,0.05057413341816911,0.15923118133005093,-0.14595848490782473,0.3067804300207927,-0.138353987166202,0.1435689876347496,-0.074271552112247,-0.015216329093632049,0.03568883032050554,-0.042313947568759294,0.025077115100437343,-0.04834652459253773,0.039555083929226895,-0.030051420497160922,-0.07534953108602699,-0.0024318422786583334,0.0062650345633028705,0.03208721411542987,-0.002384522620102226,-0.011876977280286092,-0.015384515090025924,-0.01040719234117216,0.017048113864823706,0.023851238451378265,-0.0010371793826063297,-0.012240660805633966,0.005477785712904146,0.021914568137669007,-0.019995505721884185,-0.02444035470194013,-0.00021492272431670415,0.01480895881608707,-0.011287556047996361,-0.00994673417857138,0.005951312260808308,-0.0170650269788639,-0.014261948855530594,0.014302049690064683,0.0015532145060767478,-0.028738977744598326,0.013742529319733436,0.003241904198519222,0.0010183845799734202,-0.015657966947889134,-0.007822848547343398,0.017069195183474453,0.006493294274715503,-0.015134772697775375,0.0179160905785594
C:\RA-CLIP\test_set\TEXT_TP\30004270_00115.jpg,4,LINE_TP,0.4500620440289364,0.19701365868023418,-0.14657456763839896,-0.23095362502853892,-0.13170860242124918,-0.05142926703932654,-0.004987895658725424,-0.037850567175480326,0.050275304240532157,-0.04148347359449913,-0.05912224724848729,-0.17652641110250017,0.003084517058869321,0.16588184320797064,0.1916334366544855,-0.04590312268765584,0.11546427465605666,0.0592958980515478,0.023314117149047603,-0.09327858629630134,-0.024136906080020375,0.05866133428071585,-0.1207588542935207,0.13435945069598157,-0.0775406057115497,0.005655177749229755,-0.008628653647993487,0.02507019277517367,-0.08596370023942303,-0.01575151077483549,-0.002205000527323669,-0.05590239235867487,0.008093124919660735,0.0006409559158378148,-0.027923769636627255,-0.004720622452238572,0.01874753517984743,0.037118232303253215,0.028016027505414102,-0.0014670952354899436,-0.003739924220455143,-0.023530687568531505,-0.02770767982366303,-0.010703961651162794,-0.019140838037732012,-0.04818627410657946,0.024399940781315882,0.026144366203949575,-0.005408900331884228,-0.022005724792558298
C:\RA-CLIP\test_set\TEXT_TP\30004270_00187.jpg,2,TEXT_HW,-0.0972898904415546,0.043613985008793724,0.14955088231898606,-0.06818890346658431,-0.08323343259161176,0.16229858308299622,0.10714097937004134,-0.03857660034190893,0.06058769122712812,-0.06705725344070457,0.0008105398124526364,0.021277085702301565,-0.043324538024080025,0.003340345484899817,0.00032738237083168,0.0419204035451813,-0.08038354460929198,-0.02603516629895047,-0.027693076603081276,-0.0031749227107117366,-0.006016153458600014,0.023099386511304963,0.007888375937392245,0.007076688401072518,-0.03941405538863135,0.07575889040704412,0.013050835271237318,-0.02129715934755263,-0.017890433988186363,0.0027975623541619797,0.01575053062517752,0.009074120886985082,-0.04270317427419492,-0.039341189191191325,0.011684534474729684,-0.00962667223747331,-0.04897835867836796,0.031187406017172355,-0.029255147678134273,0.00879605617771267,0.04548404691898998,-0.04769625318803614,0.07663149264918383,0.026139093961232082,-0.009672625204011605,0.0239417026082691,-0.00848839186248206,-0.02212411695412256,0.01429742357169195,-0.007569150539633804
C:\RA-CLIP\test_set\TEXT_TP\30004270_00214.jpg,3,LINE_HW,-0.20340423009038033,0.1723258422700606,-0.11451581443338434,0.034005982240413186,0.00153509264615007,-0.0009721133473295713,-0.05403990315981504,-0.04076677424568848,0.021793496383793784,-0.03585530301249398,-0.02340258603119366,-0.008824978679274379,0.04162003322820646,-0.04214522006895467,0.055239752377408656,-0.0588043458441519,-0.016605478136876812,-0.04231812333320347,-0.03913052241756102,-0.017804737696514868,-0.046783134038423296,-0.01065817910288126,0.03188059765729496,-0.024722507619466656,0.050665096591614216,-0.005693378006981217,-0.042295807654518756,-0.031173409315176998,-0.0003382312506513844,-0.007058262868100844,0.0019030375609064539,-0.049693363700312014,0.03271334730575267,-0.005772984237628442,0.05556768633532513,0.0066855028771482285,0.016072082992897654,0.01304367073392413,-0.0027761089429062164,-0.017474587385986565,0.016207064963998173,0.0041894168855507435,-0.028740720115049696,0.004486080039027932,0.02131462175986238,0.008896596470681981,-0.00645963903081794,0.010368892477977528,-0.022028113322655075,0.023646649005578932
C:\RA-CLIP\test_set\TEXT_TP\30004274_00046.jpg,7,DRAW,-0.1235822436458199,-0.08513540993727074,0.3064157861474968,0.009746381698691922,-0.157869135886681,-0.16002524321222736,-0.09108143533378149,-0.02783634350360283,-0.01525201761214144,0.016864354727215366,-0.019125969298793077,0.0292909981266078,0.028854435798230386,0.023750771999457843,0.032733344422321,-0.024833826602844705,-0.0598886203579569,-0.0019018099629295512,0.023507856379442763,-0.02885049609575773,-0.0010962569762990885,0.01993955613671024,0.0007042583898355853,-0.0192482361154368,0.021104404046874314,0.022456101279009547,0.00922628671341304,0.01388448677635011,-0.02202550762879904,-0.004642406116423125,-0.04036178146909482,0.020627162351676907,-0.008765393058657128,-0.009445388996879208,0.015560272851142922,-0.017892467191246493,-0.05023395513212105,-0.02833629348857023,0.0024462938749490416,0.01630907153968301,0.014842413130223954,-0.009309259475182265,0.016807644817657206,0.007436658886175412,0.008184679256671976,-0.030214128783709795,0.021384821585758333,0.034454197118107974,0.025902412377936307,0.015618473635299477
C:\RA-CLIP\test_set\TEXT_TP\30004274_00148.jpg,0,PHOTO,-0.057504590422507086,-0.5735693960635558,-0.10984469244648037,-0.029932819725969135,0.019932908178135082,0.032976185107633414,-0.005404662393478178,0.024441814173515007,0.26357234819159386,0.18363247316218073,0.00019830358594746258,-0.005605914280205023,-0.03169430155507248,-0.04743103258215818,-0.008595301691558454,-0.00034817669095294694,0.04715966977894899,0.04100248334751847,0.009989638852739695,0.014552569731789571,0.03481608976182595,0.029407351139812462,0.025080299607273926,0.037796225531642316,0.027462121484672166,0.07323708141908636,-0.08453637041564029,0.09088765664579354,0.039569722828911004,0.048056315297328775,0.03384032778496865,-0.06285551580110832,0.010064704538906778,0.013158102636010038,-0.03779569030518238,-0.03016984925157859,-0.03415833799126115,0.0024327722462432373,-0.04726391817272599,-0.011105626220889188,0.03444892305843325,0.02201334515414492,-0.0056587133684563706,-0.014970077905520471,-0.004747947309978318,0.0002412706053659598,0.014594041926776683,0.007405979696486491,-0.03028593035060871,0.00962701955221018
